{
  "mode": "duty_sync",
  "days": 365.0,
  "hop_limit": 3,
  "n_renters": 0,
  "rental": {
    "walker_days": 18250,
    "served": 18250,
    "starved": 0,
    "availability": 1.0,
    "mean_checkout_soc": 1.0
  },
  "fleet_energy": {
    "mean_duty": 0.0619,
    "final_soc_std": 0.1048,
    "final_soc_min": 0.0564,
    "deaths_total": 1693,
    "relay_energy_gini": 0.3285,
    "soc_series_6h": [
      [
        0.25,
        0.99,
        0.99,
        0.99,
        0.0041
      ],
      [
        0.5,
        0.985,
        0.986,
        1.0,
        0.0106
      ],
      [
        0.75,
        1.0,
        1.0,
        1.0,
        0.0092
      ],
      [
        1.0,
        0.998,
        1.0,
        1.0,
        0.0106
      ],
      [
        1.25,
        0.988,
        0.989,
        0.99,
        0.0148
      ],
      [
        1.5,
        0.986,
        0.988,
        1.0,
        0.0201
      ],
      [
        1.75,
        1.0,
        1.0,
        1.0,
        0.0182
      ],
      [
        2.0,
        0.998,
        1.0,
        1.0,
        0.0185
      ],
      [
        2.25,
        0.987,
        0.989,
        0.99,
        0.0227
      ],
      [
        2.5,
        0.985,
        0.987,
        1.0,
        0.0279
      ],
      [
        2.75,
        1.0,
        1.0,
        1.0,
        0.0269
      ],
      [
        3.0,
        0.998,
        1.0,
        1.0,
        0.0276
      ],
      [
        3.25,
        0.988,
        0.989,
        0.99,
        0.0318
      ],
      [
        3.5,
        0.984,
        0.986,
        1.0,
        0.0369
      ],
      [
        3.75,
        1.0,
        1.0,
        1.0,
        0.0369
      ],
      [
        4.0,
        0.998,
        1.0,
        1.0,
        0.0382
      ],
      [
        4.25,
        0.988,
        0.989,
        0.99,
        0.0424
      ],
      [
        4.5,
        0.985,
        0.987,
        1.0,
        0.0473
      ],
      [
        4.75,
        1.0,
        1.0,
        1.0,
        0.0462
      ],
      [
        5.0,
        0.998,
        1.0,
        1.0,
        0.0467
      ],
      [
        5.25,
        0.988,
        0.989,
        0.99,
        0.0509
      ],
      [
        5.5,
        0.985,
        0.987,
        1.0,
        0.0557
      ],
      [
        5.75,
        1.0,
        1.0,
        1.0,
        0.0546
      ],
      [
        6.0,
        0.998,
        1.0,
        1.0,
        0.0551
      ],
      [
        6.25,
        0.988,
        0.989,
        0.99,
        0.0593
      ],
      [
        6.5,
        0.986,
        0.988,
        1.0,
        0.064
      ],
      [
        6.75,
        1.0,
        1.0,
        1.0,
        0.0621
      ],
      [
        7.0,
        0.998,
        1.0,
        1.0,
        0.062
      ],
      [
        7.25,
        0.987,
        0.989,
        0.99,
        0.0662
      ],
      [
        7.5,
        0.984,
        0.986,
        1.0,
        0.071
      ],
      [
        7.75,
        1.0,
        1.0,
        1.0,
        0.0708
      ],
      [
        8.0,
        0.998,
        1.0,
        1.0,
        0.0718
      ],
      [
        8.25,
        0.988,
        0.989,
        0.99,
        0.076
      ],
      [
        8.5,
        0.982,
        0.984,
        1.0,
        0.0809
      ],
      [
        8.75,
        1.0,
        1.0,
        1.0,
        0.0825
      ],
      [
        9.0,
        0.998,
        0.999,
        1.0,
        0.0845
      ],
      [
        9.25,
        0.988,
        0.989,
        0.99,
        0.0887
      ],
      [
        9.5,
        0.982,
        0.983,
        1.0,
        0.0937
      ],
      [
        9.75,
        1.0,
        1.0,
        1.0,
        0.0959
      ],
      [
        10.0,
        0.998,
        0.999,
        1.0,
        0.0983
      ],
      [
        10.25,
        0.988,
        0.989,
        0.99,
        0.1025
      ],
      [
        10.5,
        0.985,
        0.987,
        1.0,
        0.1072
      ],
      [
        10.75,
        1.0,
        1.0,
        1.0,
        0.106
      ],
      [
        11.0,
        0.998,
        1.0,
        1.0,
        0.1064
      ],
      [
        11.25,
        0.987,
        0.989,
        0.99,
        0.1093
      ],
      [
        11.5,
        0.985,
        0.987,
        1.0,
        0.1096
      ],
      [
        11.75,
        1.0,
        1.0,
        1.0,
        0.105
      ],
      [
        12.0,
        0.998,
        1.0,
        1.0,
        0.1057
      ],
      [
        12.25,
        0.988,
        0.989,
        0.99,
        0.1098
      ],
      [
        12.5,
        0.985,
        0.986,
        1.0,
        0.1096
      ],
      [
        12.75,
        1.0,
        1.0,
        1.0,
        0.1051
      ],
      [
        13.0,
        0.998,
        1.0,
        1.0,
        0.1058
      ],
      [
        13.25,
        0.988,
        0.989,
        0.99,
        0.11
      ],
      [
        13.5,
        0.981,
        0.983,
        1.0,
        0.1098
      ],
      [
        13.75,
        1.0,
        1.0,
        1.0,
        0.1067
      ],
      [
        14.0,
        0.998,
        0.999,
        1.0,
        0.1081
      ],
      [
        14.25,
        0.988,
        0.989,
        0.99,
        0.1102
      ],
      [
        14.5,
        0.986,
        0.988,
        1.0,
        0.1095
      ],
      [
        14.75,
        1.0,
        1.0,
        1.0,
        0.1037
      ],
      [
        15.0,
        0.998,
        1.0,
        1.0,
        0.1032
      ],
      [
        15.25,
        0.987,
        0.989,
        0.99,
        0.1074
      ],
      [
        15.5,
        0.986,
        0.988,
        1.0,
        0.1095
      ],
      [
        15.75,
        1.0,
        1.0,
        1.0,
        0.1041
      ],
      [
        16.0,
        0.998,
        1.0,
        1.0,
        0.1039
      ],
      [
        16.25,
        0.987,
        0.989,
        0.99,
        0.1081
      ],
      [
        16.5,
        0.984,
        0.986,
        1.0,
        0.1096
      ],
      [
        16.75,
        1.0,
        1.0,
        1.0,
        0.1051
      ],
      [
        17.0,
        0.998,
        1.0,
        1.0,
        0.1059
      ],
      [
        17.25,
        0.988,
        0.989,
        0.99,
        0.11
      ],
      [
        17.5,
        0.985,
        0.987,
        1.0,
        0.1095
      ],
      [
        17.75,
        1.0,
        1.0,
        1.0,
        0.1045
      ],
      [
        18.0,
        0.998,
        0.999,
        1.0,
        0.1047
      ],
      [
        18.25,
        0.987,
        0.989,
        0.99,
        0.1089
      ],
      [
        18.5,
        0.985,
        0.988,
        1.0,
        0.1095
      ],
      [
        18.75,
        1.0,
        1.0,
        1.0,
        0.1038
      ],
      [
        19.0,
        0.998,
        0.999,
        1.0,
        0.1033
      ],
      [
        19.25,
        0.987,
        0.989,
        0.99,
        0.1075
      ],
      [
        19.5,
        0.981,
        0.983,
        1.0,
        0.1098
      ],
      [
        19.75,
        1.0,
        1.0,
        1.0,
        0.1068
      ],
      [
        20.0,
        0.998,
        0.999,
        1.0,
        0.1081
      ],
      [
        20.25,
        0.988,
        0.989,
        0.99,
        0.1102
      ],
      [
        20.5,
        0.983,
        0.985,
        1.0,
        0.1096
      ],
      [
        20.75,
        1.0,
        1.0,
        1.0,
        0.1054
      ],
      [
        21.0,
        0.998,
        1.0,
        1.0,
        0.1066
      ],
      [
        21.25,
        0.988,
        0.989,
        0.99,
        0.1102
      ],
      [
        21.5,
        0.985,
        0.987,
        1.0,
        0.1095
      ],
      [
        21.75,
        1.0,
        1.0,
        1.0,
        0.1041
      ],
      [
        22.0,
        0.998,
        0.999,
        1.0,
        0.1038
      ],
      [
        22.25,
        0.987,
        0.989,
        0.99,
        0.108
      ],
      [
        22.5,
        0.985,
        0.988,
        1.0,
        0.1095
      ],
      [
        22.75,
        1.0,
        1.0,
        1.0,
        0.1037
      ],
      [
        23.0,
        0.998,
        0.999,
        1.0,
        0.1031
      ],
      [
        23.25,
        0.987,
        0.989,
        0.99,
        0.1073
      ],
      [
        23.5,
        0.985,
        0.988,
        1.0,
        0.1095
      ],
      [
        23.75,
        1.0,
        1.0,
        1.0,
        0.1037
      ],
      [
        24.0,
        0.998,
        0.999,
        1.0,
        0.1032
      ],
      [
        24.25,
        0.987,
        0.989,
        0.989,
        0.1074
      ],
      [
        24.5,
        0.981,
        0.983,
        1.0,
        0.1098
      ],
      [
        24.75,
        1.0,
        1.0,
        1.0,
        0.1064
      ],
      [
        25.0,
        0.998,
        0.999,
        1.0,
        0.1081
      ],
      [
        25.25,
        0.988,
        0.989,
        0.99,
        0.1102
      ],
      [
        25.5,
        0.985,
        0.987,
        1.0,
        0.1095
      ],
      [
        25.75,
        1.0,
        1.0,
        1.0,
        0.1037
      ],
      [
        26.0,
        0.998,
        0.999,
        1.0,
        0.1031
      ],
      [
        26.25,
        0.987,
        0.989,
        0.989,
        0.1073
      ],
      [
        26.5,
        0.981,
        0.983,
        1.0,
        0.1097
      ],
      [
        26.75,
        1.0,
        1.0,
        1.0,
        0.1058
      ],
      [
        27.0,
        0.998,
        0.999,
        1.0,
        0.1076
      ],
      [
        27.25,
        0.988,
        0.989,
        0.989,
        0.1102
      ],
      [
        27.5,
        0.984,
        0.986,
        1.0,
        0.1095
      ],
      [
        27.75,
        1.0,
        1.0,
        1.0,
        0.1044
      ],
      [
        28.0,
        0.997,
        0.999,
        1.0,
        0.1045
      ],
      [
        28.25,
        0.987,
        0.989,
        0.989,
        0.1087
      ],
      [
        28.5,
        0.984,
        0.986,
        1.0,
        0.1095
      ],
      [
        28.75,
        1.0,
        1.0,
        1.0,
        0.1044
      ],
      [
        29.0,
        0.997,
        0.999,
        1.0,
        0.1046
      ],
      [
        29.25,
        0.987,
        0.989,
        0.989,
        0.1087
      ],
      [
        29.5,
        0.983,
        0.985,
        1.0,
        0.1096
      ],
      [
        29.75,
        1.0,
        1.0,
        1.0,
        0.1048
      ],
      [
        30.0,
        0.997,
        0.999,
        1.0,
        0.1053
      ],
      [
        30.25,
        0.987,
        0.989,
        0.989,
        0.1095
      ],
      [
        30.5,
        0.978,
        0.98,
        0.992,
        0.1094
      ],
      [
        30.75,
        0.989,
        0.991,
        1.0,
        0.1082
      ],
      [
        31.0,
        0.992,
        0.994,
        1.0,
        0.1069
      ],
      [
        31.25,
        0.982,
        0.984,
        0.989,
        0.1057
      ],
      [
        31.5,
        0.978,
        0.981,
        1.0,
        0.1052
      ],
      [
        31.75,
        1.0,
        1.0,
        1.0,
        0.103
      ],
      [
        32.0,
        0.997,
        0.999,
        1.0,
        0.1032
      ],
      [
        32.25,
        0.987,
        0.989,
        0.989,
        0.1074
      ],
      [
        32.5,
        0.984,
        0.986,
        1.0,
        0.1095
      ],
      [
        32.75,
        1.0,
        1.0,
        1.0,
        0.1042
      ],
      [
        33.0,
        0.997,
        0.999,
        1.0,
        0.1042
      ],
      [
        33.25,
        0.987,
        0.989,
        0.989,
        0.1084
      ],
      [
        33.5,
        0.983,
        0.986,
        1.0,
        0.1096
      ],
      [
        33.75,
        1.0,
        1.0,
        1.0,
        0.1043
      ],
      [
        34.0,
        0.997,
        0.999,
        1.0,
        0.1044
      ],
      [
        34.25,
        0.987,
        0.989,
        0.989,
        0.1086
      ],
      [
        34.5,
        0.984,
        0.986,
        1.0,
        0.1095
      ],
      [
        34.75,
        1.0,
        1.0,
        1.0,
        0.1041
      ],
      [
        35.0,
        0.997,
        0.999,
        1.0,
        0.1041
      ],
      [
        35.25,
        0.987,
        0.989,
        0.989,
        0.1083
      ],
      [
        35.5,
        0.982,
        0.984,
        1.0,
        0.1097
      ],
      [
        35.75,
        1.0,
        1.0,
        1.0,
        0.1054
      ],
      [
        36.0,
        0.998,
        0.999,
        1.0,
        0.1067
      ],
      [
        36.25,
        0.987,
        0.989,
        0.989,
        0.1102
      ],
      [
        36.5,
        0.981,
        0.983,
        1.0,
        0.1097
      ],
      [
        36.75,
        1.0,
        1.0,
        1.0,
        0.1057
      ],
      [
        37.0,
        0.998,
        0.999,
        1.0,
        0.1074
      ],
      [
        37.25,
        0.987,
        0.989,
        0.989,
        0.1101
      ],
      [
        37.5,
        0.983,
        0.985,
        1.0,
        0.1096
      ],
      [
        37.75,
        1.0,
        1.0,
        1.0,
        0.1047
      ],
      [
        38.0,
        0.997,
        0.999,
        1.0,
        0.1052
      ],
      [
        38.25,
        0.987,
        0.988,
        0.989,
        0.1094
      ],
      [
        38.5,
        0.981,
        0.983,
        1.0,
        0.1097
      ],
      [
        38.75,
        1.0,
        1.0,
        1.0,
        0.1055
      ],
      [
        39.0,
        0.997,
        0.999,
        0.999,
        0.1069
      ],
      [
        39.25,
        0.987,
        0.989,
        0.989,
        0.1101
      ],
      [
        39.5,
        0.982,
        0.985,
        1.0,
        0.1096
      ],
      [
        39.75,
        1.0,
        1.0,
        1.0,
        0.1045
      ],
      [
        40.0,
        0.997,
        0.999,
        0.999,
        0.1049
      ],
      [
        40.25,
        0.987,
        0.988,
        0.989,
        0.1091
      ],
      [
        40.5,
        0.982,
        0.985,
        1.0,
        0.1096
      ],
      [
        40.75,
        1.0,
        1.0,
        1.0,
        0.1044
      ],
      [
        41.0,
        0.997,
        0.999,
        0.999,
        0.1047
      ],
      [
        41.25,
        0.987,
        0.988,
        0.989,
        0.1089
      ],
      [
        41.5,
        0.982,
        0.985,
        1.0,
        0.1096
      ],
      [
        41.75,
        1.0,
        1.0,
        1.0,
        0.1045
      ],
      [
        42.0,
        0.997,
        0.999,
        0.999,
        0.1049
      ],
      [
        42.25,
        0.987,
        0.988,
        0.989,
        0.109
      ],
      [
        42.5,
        0.982,
        0.984,
        1.0,
        0.1096
      ],
      [
        42.75,
        1.0,
        1.0,
        1.0,
        0.1047
      ],
      [
        43.0,
        0.997,
        0.999,
        0.999,
        0.1052
      ],
      [
        43.25,
        0.986,
        0.988,
        0.989,
        0.1094
      ],
      [
        43.5,
        0.982,
        0.984,
        1.0,
        0.1096
      ],
      [
        43.75,
        1.0,
        1.0,
        1.0,
        0.105
      ],
      [
        44.0,
        0.997,
        0.999,
        0.999,
        0.1058
      ],
      [
        44.25,
        0.986,
        0.988,
        0.989,
        0.1099
      ],
      [
        44.5,
        0.981,
        0.984,
        1.0,
        0.1096
      ],
      [
        44.75,
        1.0,
        1.0,
        1.0,
        0.105
      ],
      [
        45.0,
        0.997,
        0.999,
        0.999,
        0.1059
      ],
      [
        45.25,
        0.986,
        0.988,
        0.989,
        0.1099
      ],
      [
        45.5,
        0.982,
        0.985,
        1.0,
        0.1096
      ],
      [
        45.75,
        1.0,
        1.0,
        1.0,
        0.1043
      ],
      [
        46.0,
        0.997,
        0.999,
        0.999,
        0.1045
      ],
      [
        46.25,
        0.986,
        0.988,
        0.989,
        0.1087
      ],
      [
        46.5,
        0.982,
        0.984,
        1.0,
        0.1096
      ],
      [
        46.75,
        1.0,
        1.0,
        1.0,
        0.1042
      ],
      [
        47.0,
        0.997,
        0.999,
        0.999,
        0.1045
      ],
      [
        47.25,
        0.986,
        0.988,
        0.989,
        0.1087
      ],
      [
        47.5,
        0.981,
        0.983,
        1.0,
        0.1096
      ],
      [
        47.75,
        1.0,
        1.0,
        1.0,
        0.1052
      ],
      [
        48.0,
        0.997,
        0.999,
        0.999,
        0.1064
      ],
      [
        48.25,
        0.986,
        0.988,
        0.989,
        0.1101
      ],
      [
        48.5,
        0.982,
        0.984,
        1.0,
        0.1096
      ],
      [
        48.75,
        1.0,
        1.0,
        1.0,
        0.1042
      ],
      [
        49.0,
        0.997,
        0.999,
        0.999,
        0.1044
      ],
      [
        49.25,
        0.986,
        0.988,
        0.989,
        0.1086
      ],
      [
        49.5,
        0.981,
        0.983,
        1.0,
        0.1096
      ],
      [
        49.75,
        1.0,
        1.0,
        1.0,
        0.105
      ],
      [
        50.0,
        0.997,
        0.999,
        0.999,
        0.106
      ],
      [
        50.25,
        0.986,
        0.988,
        0.989,
        0.11
      ],
      [
        50.5,
        0.979,
        0.981,
        1.0,
        0.1097
      ],
      [
        50.75,
        1.0,
        1.0,
        1.0,
        0.1063
      ],
      [
        51.0,
        0.997,
        0.998,
        0.999,
        0.1081
      ],
      [
        51.25,
        0.987,
        0.988,
        0.988,
        0.1101
      ],
      [
        51.5,
        0.981,
        0.983,
        1.0,
        0.1096
      ],
      [
        51.75,
        1.0,
        1.0,
        1.0,
        0.1043
      ],
      [
        52.0,
        0.997,
        0.999,
        0.999,
        0.1047
      ],
      [
        52.25,
        0.986,
        0.988,
        0.988,
        0.1088
      ],
      [
        52.5,
        0.981,
        0.983,
        1.0,
        0.1096
      ],
      [
        52.75,
        1.0,
        1.0,
        1.0,
        0.1048
      ],
      [
        53.0,
        0.997,
        0.998,
        0.999,
        0.1056
      ],
      [
        53.25,
        0.986,
        0.988,
        0.988,
        0.1097
      ],
      [
        53.5,
        0.98,
        0.982,
        1.0,
        0.1096
      ],
      [
        53.75,
        1.0,
        1.0,
        1.0,
        0.1053
      ],
      [
        54.0,
        0.997,
        0.998,
        0.999,
        0.1067
      ],
      [
        54.25,
        0.986,
        0.988,
        0.988,
        0.1101
      ],
      [
        54.5,
        0.98,
        0.981,
        1.0,
        0.1096
      ],
      [
        54.75,
        1.0,
        1.0,
        1.0,
        0.1056
      ],
      [
        55.0,
        0.997,
        0.998,
        0.999,
        0.1073
      ],
      [
        55.25,
        0.986,
        0.988,
        0.988,
        0.1101
      ],
      [
        55.5,
        0.979,
        0.98,
        0.999,
        0.1096
      ],
      [
        55.75,
        1.0,
        1.0,
        1.0,
        0.1065
      ],
      [
        56.0,
        0.997,
        0.998,
        0.999,
        0.1082
      ],
      [
        56.25,
        0.986,
        0.988,
        0.988,
        0.1101
      ],
      [
        56.5,
        0.979,
        0.981,
        1.0,
        0.1097
      ],
      [
        56.75,
        1.0,
        1.0,
        1.0,
        0.1057
      ],
      [
        57.0,
        0.997,
        0.998,
        0.999,
        0.1077
      ],
      [
        57.25,
        0.986,
        0.988,
        0.988,
        0.1101
      ],
      [
        57.5,
        0.979,
        0.981,
        1.0,
        0.1096
      ],
      [
        57.75,
        1.0,
        1.0,
        1.0,
        0.1057
      ],
      [
        58.0,
        0.997,
        0.998,
        0.999,
        0.1075
      ],
      [
        58.25,
        0.986,
        0.988,
        0.988,
        0.11
      ],
      [
        58.5,
        0.98,
        0.982,
        1.0,
        0.1096
      ],
      [
        58.75,
        1.0,
        1.0,
        1.0,
        0.1048
      ],
      [
        59.0,
        0.996,
        0.998,
        0.999,
        0.1057
      ],
      [
        59.25,
        0.986,
        0.988,
        0.988,
        0.1097
      ],
      [
        59.5,
        0.978,
        0.98,
        0.995,
        0.1095
      ],
      [
        59.75,
        1.0,
        1.0,
        1.0,
        0.107
      ],
      [
        60.0,
        0.997,
        0.998,
        0.998,
        0.1082
      ],
      [
        60.25,
        0.986,
        0.987,
        0.988,
        0.11
      ],
      [
        60.5,
        0.978,
        0.979,
        0.994,
        0.1094
      ],
      [
        60.75,
        1.0,
        1.0,
        1.0,
        0.1071
      ],
      [
        61.0,
        0.997,
        0.998,
        0.998,
        0.1083
      ],
      [
        61.25,
        0.986,
        0.987,
        0.988,
        0.11
      ],
      [
        61.5,
        0.98,
        0.982,
        1.0,
        0.1096
      ],
      [
        61.75,
        1.0,
        1.0,
        1.0,
        0.1046
      ],
      [
        62.0,
        0.996,
        0.998,
        0.999,
        0.1055
      ],
      [
        62.25,
        0.986,
        0.987,
        0.988,
        0.1096
      ],
      [
        62.5,
        0.979,
        0.981,
        1.0,
        0.1096
      ],
      [
        62.75,
        1.0,
        1.0,
        1.0,
        0.1052
      ],
      [
        63.0,
        0.996,
        0.998,
        0.998,
        0.1066
      ],
      [
        63.25,
        0.986,
        0.987,
        0.988,
        0.11
      ],
      [
        63.5,
        0.979,
        0.981,
        1.0,
        0.1096
      ],
      [
        63.75,
        1.0,
        1.0,
        1.0,
        0.1054
      ],
      [
        64.0,
        0.996,
        0.998,
        0.998,
        0.107
      ],
      [
        64.25,
        0.986,
        0.987,
        0.988,
        0.11
      ],
      [
        64.5,
        0.979,
        0.981,
        1.0,
        0.1096
      ],
      [
        64.75,
        1.0,
        1.0,
        1.0,
        0.1053
      ],
      [
        65.0,
        0.996,
        0.998,
        0.998,
        0.1069
      ],
      [
        65.25,
        0.985,
        0.987,
        0.988,
        0.11
      ],
      [
        65.5,
        0.979,
        0.981,
        1.0,
        0.1096
      ],
      [
        65.75,
        1.0,
        1.0,
        1.0,
        0.1055
      ],
      [
        66.0,
        0.996,
        0.998,
        0.998,
        0.1072
      ],
      [
        66.25,
        0.985,
        0.987,
        0.988,
        0.11
      ],
      [
        66.5,
        0.978,
        0.98,
        0.998,
        0.1096
      ],
      [
        66.75,
        1.0,
        1.0,
        1.0,
        0.1059
      ],
      [
        67.0,
        0.996,
        0.998,
        0.998,
        0.108
      ],
      [
        67.25,
        0.986,
        0.987,
        0.988,
        0.11
      ],
      [
        67.5,
        0.977,
        0.978,
        0.987,
        0.1091
      ],
      [
        67.75,
        0.992,
        0.993,
        1.0,
        0.1079
      ],
      [
        68.0,
        0.995,
        0.997,
        0.998,
        0.1065
      ],
      [
        68.25,
        0.985,
        0.987,
        0.988,
        0.1054
      ],
      [
        68.5,
        0.976,
        0.978,
        0.991,
        0.1046
      ],
      [
        68.75,
        1.0,
        1.0,
        1.0,
        0.1064
      ],
      [
        69.0,
        0.996,
        0.997,
        0.998,
        0.1094
      ],
      [
        69.25,
        0.986,
        0.987,
        0.987,
        0.11
      ],
      [
        69.5,
        0.978,
        0.98,
        1.0,
        0.1096
      ],
      [
        69.75,
        1.0,
        1.0,
        1.0,
        0.105
      ],
      [
        70.0,
        0.996,
        0.998,
        0.998,
        0.1063
      ],
      [
        70.25,
        0.985,
        0.987,
        0.987,
        0.11
      ],
      [
        70.5,
        0.979,
        0.98,
        1.0,
        0.1096
      ],
      [
        70.75,
        1.0,
        1.0,
        1.0,
        0.1049
      ],
      [
        71.0,
        0.996,
        0.997,
        0.998,
        0.1061
      ],
      [
        71.25,
        0.985,
        0.987,
        0.987,
        0.1099
      ],
      [
        71.5,
        0.978,
        0.98,
        1.0,
        0.1096
      ],
      [
        71.75,
        1.0,
        1.0,
        1.0,
        0.105
      ],
      [
        72.0,
        0.996,
        0.997,
        0.998,
        0.1062
      ],
      [
        72.25,
        0.985,
        0.987,
        0.987,
        0.1099
      ],
      [
        72.5,
        0.978,
        0.98,
        1.0,
        0.1096
      ],
      [
        72.75,
        1.0,
        1.0,
        1.0,
        0.1053
      ],
      [
        73.0,
        0.996,
        0.997,
        0.998,
        0.1069
      ],
      [
        73.25,
        0.985,
        0.987,
        0.987,
        0.11
      ],
      [
        73.5,
        0.978,
        0.98,
        1.0,
        0.1096
      ],
      [
        73.75,
        1.0,
        1.0,
        1.0,
        0.105
      ],
      [
        74.0,
        0.996,
        0.997,
        0.998,
        0.1063
      ],
      [
        74.25,
        0.985,
        0.987,
        0.987,
        0.11
      ],
      [
        74.5,
        0.977,
        0.978,
        0.993,
        0.1093
      ],
      [
        74.75,
        1.0,
        1.0,
        1.0,
        0.1066
      ],
      [
        75.0,
        0.996,
        0.997,
        0.998,
        0.1084
      ],
      [
        75.25,
        0.985,
        0.987,
        0.987,
        0.1099
      ],
      [
        75.5,
        0.977,
        0.979,
        1.0,
        0.1096
      ],
      [
        75.75,
        1.0,
        1.0,
        1.0,
        0.1054
      ],
      [
        76.0,
        0.996,
        0.997,
        0.998,
        0.1072
      ],
      [
        76.25,
        0.985,
        0.987,
        0.987,
        0.1099
      ],
      [
        76.5,
        0.977,
        0.98,
        1.0,
        0.1096
      ],
      [
        76.75,
        1.0,
        1.0,
        1.0,
        0.1051
      ],
      [
        77.0,
        0.996,
        0.997,
        0.998,
        0.1066
      ],
      [
        77.25,
        0.985,
        0.987,
        0.987,
        0.1099
      ],
      [
        77.5,
        0.977,
        0.979,
        1.0,
        0.1096
      ],
      [
        77.75,
        1.0,
        1.0,
        1.0,
        0.1052
      ],
      [
        78.0,
        0.995,
        0.997,
        0.998,
        0.1067
      ],
      [
        78.25,
        0.985,
        0.987,
        0.987,
        0.1099
      ],
      [
        78.5,
        0.977,
        0.979,
        1.0,
        0.1096
      ],
      [
        78.75,
        1.0,
        1.0,
        1.0,
        0.1053
      ],
      [
        79.0,
        0.995,
        0.997,
        0.998,
        0.1069
      ],
      [
        79.25,
        0.985,
        0.987,
        0.987,
        0.1099
      ],
      [
        79.5,
        0.977,
        0.979,
        1.0,
        0.1096
      ],
      [
        79.75,
        1.0,
        1.0,
        1.0,
        0.1052
      ],
      [
        80.0,
        0.995,
        0.997,
        0.997,
        0.1069
      ],
      [
        80.25,
        0.985,
        0.987,
        0.987,
        0.1099
      ],
      [
        80.5,
        0.977,
        0.979,
        1.0,
        0.1096
      ],
      [
        80.75,
        1.0,
        1.0,
        1.0,
        0.1053
      ],
      [
        81.0,
        0.995,
        0.997,
        0.997,
        0.107
      ],
      [
        81.25,
        0.985,
        0.986,
        0.987,
        0.1099
      ],
      [
        81.5,
        0.977,
        0.979,
        1.0,
        0.1096
      ],
      [
        81.75,
        1.0,
        1.0,
        1.0,
        0.1052
      ],
      [
        82.0,
        0.995,
        0.997,
        0.997,
        0.107
      ],
      [
        82.25,
        0.985,
        0.986,
        0.987,
        0.1099
      ],
      [
        82.5,
        0.977,
        0.979,
        0.999,
        0.1095
      ],
      [
        82.75,
        1.0,
        1.0,
        1.0,
        0.1052
      ],
      [
        83.0,
        0.995,
        0.997,
        0.997,
        0.107
      ],
      [
        83.25,
        0.985,
        0.986,
        0.987,
        0.1099
      ],
      [
        83.5,
        0.976,
        0.979,
        0.998,
        0.1095
      ],
      [
        83.75,
        1.0,
        1.0,
        1.0,
        0.1053
      ],
      [
        84.0,
        0.995,
        0.997,
        0.997,
        0.1072
      ],
      [
        84.25,
        0.985,
        0.986,
        0.987,
        0.1099
      ],
      [
        84.5,
        0.975,
        0.976,
        0.98,
        0.1088
      ],
      [
        84.75,
        0.981,
        0.983,
        1.0,
        0.1084
      ],
      [
        85.0,
        0.979,
        0.981,
        0.997,
        0.1072
      ],
      [
        85.25,
        0.968,
        0.97,
        0.986,
        0.106
      ],
      [
        85.5,
        0.959,
        0.961,
        0.984,
        0.1053
      ],
      [
        85.75,
        0.977,
        0.98,
        1.0,
        0.1048
      ],
      [
        86.0,
        0.981,
        0.985,
        0.997,
        0.1086
      ],
      [
        86.25,
        0.971,
        0.974,
        0.987,
        0.1091
      ],
      [
        86.5,
        0.961,
        0.964,
        0.979,
        0.108
      ],
      [
        86.75,
        0.961,
        0.965,
        1.0,
        0.1085
      ],
      [
        87.0,
        0.956,
        0.96,
        0.997,
        0.1075
      ],
      [
        87.25,
        0.946,
        0.95,
        0.986,
        0.1064
      ],
      [
        87.5,
        0.937,
        0.941,
        0.989,
        0.1062
      ],
      [
        87.75,
        0.969,
        0.974,
        1.0,
        0.1043
      ],
      [
        88.0,
        0.977,
        0.986,
        0.997,
        0.1077
      ],
      [
        88.25,
        0.967,
        0.975,
        0.987,
        0.1091
      ],
      [
        88.5,
        0.958,
        0.967,
        0.995,
        0.1088
      ],
      [
        88.75,
        1.0,
        1.0,
        1.0,
        0.1055
      ],
      [
        89.0,
        0.995,
        0.997,
        0.997,
        0.1076
      ],
      [
        89.25,
        0.984,
        0.986,
        0.987,
        0.1099
      ],
      [
        89.5,
        0.976,
        0.978,
        0.993,
        0.1093
      ],
      [
        89.75,
        1.0,
        1.0,
        1.0,
        0.1056
      ],
      [
        90.0,
        0.995,
        0.996,
        0.997,
        0.1079
      ],
      [
        90.25,
        0.984,
        0.986,
        0.986,
        0.1099
      ],
      [
        90.5,
        0.976,
        0.978,
        0.994,
        0.1093
      ],
      [
        90.75,
        1.0,
        1.0,
        1.0,
        0.1055
      ],
      [
        91.0,
        0.995,
        0.996,
        0.997,
        0.1076
      ],
      [
        91.25,
        0.984,
        0.986,
        0.986,
        0.1098
      ],
      [
        91.5,
        0.976,
        0.977,
        0.993,
        0.1092
      ],
      [
        91.75,
        1.0,
        1.0,
        1.0,
        0.1055
      ],
      [
        92.0,
        0.995,
        0.996,
        0.997,
        0.1077
      ],
      [
        92.25,
        0.984,
        0.986,
        0.986,
        0.1098
      ],
      [
        92.5,
        0.976,
        0.977,
        0.992,
        0.1092
      ],
      [
        92.75,
        1.0,
        1.0,
        1.0,
        0.1056
      ],
      [
        93.0,
        0.995,
        0.996,
        0.997,
        0.1078
      ],
      [
        93.25,
        0.984,
        0.986,
        0.986,
        0.1098
      ],
      [
        93.5,
        0.976,
        0.977,
        0.992,
        0.1092
      ],
      [
        93.75,
        1.0,
        1.0,
        1.0,
        0.1056
      ],
      [
        94.0,
        0.995,
        0.996,
        0.997,
        0.1078
      ],
      [
        94.25,
        0.984,
        0.986,
        0.986,
        0.1098
      ],
      [
        94.5,
        0.975,
        0.977,
        0.991,
        0.1091
      ],
      [
        94.75,
        1.0,
        1.0,
        1.0,
        0.1056
      ],
      [
        95.0,
        0.995,
        0.996,
        0.997,
        0.1079
      ],
      [
        95.25,
        0.984,
        0.986,
        0.986,
        0.1098
      ],
      [
        95.5,
        0.975,
        0.977,
        0.991,
        0.1091
      ],
      [
        95.75,
        1.0,
        1.0,
        1.0,
        0.1055
      ],
      [
        96.0,
        0.994,
        0.996,
        0.997,
        0.1079
      ],
      [
        96.25,
        0.984,
        0.986,
        0.986,
        0.1098
      ],
      [
        96.5,
        0.975,
        0.977,
        0.99,
        0.1091
      ],
      [
        96.75,
        1.0,
        1.0,
        1.0,
        0.1056
      ],
      [
        97.0,
        0.994,
        0.996,
        0.997,
        0.108
      ],
      [
        97.25,
        0.984,
        0.986,
        0.986,
        0.1098
      ],
      [
        97.5,
        0.975,
        0.977,
        0.99,
        0.1091
      ],
      [
        97.75,
        1.0,
        1.0,
        1.0,
        0.1057
      ],
      [
        98.0,
        0.994,
        0.996,
        0.997,
        0.1081
      ],
      [
        98.25,
        0.984,
        0.985,
        0.986,
        0.1098
      ],
      [
        98.5,
        0.975,
        0.977,
        0.988,
        0.109
      ],
      [
        98.75,
        1.0,
        1.0,
        1.0,
        0.1057
      ],
      [
        99.0,
        0.994,
        0.996,
        0.997,
        0.1082
      ],
      [
        99.25,
        0.984,
        0.985,
        0.986,
        0.1098
      ],
      [
        99.5,
        0.974,
        0.976,
        0.982,
        0.1088
      ],
      [
        99.75,
        0.996,
        0.998,
        1.0,
        0.1076
      ],
      [
        100.0,
        0.995,
        0.996,
        0.996,
        0.1058
      ],
      [
        100.25,
        0.984,
        0.985,
        0.986,
        0.1047
      ],
      [
        100.5,
        0.975,
        0.976,
        0.985,
        0.1038
      ],
      [
        100.75,
        1.0,
        1.0,
        1.0,
        0.1059
      ],
      [
        101.0,
        0.994,
        0.996,
        0.996,
        0.1089
      ],
      [
        101.25,
        0.984,
        0.985,
        0.986,
        0.1098
      ],
      [
        101.5,
        0.975,
        0.976,
        0.987,
        0.109
      ],
      [
        101.75,
        1.0,
        1.0,
        1.0,
        0.1057
      ],
      [
        102.0,
        0.994,
        0.996,
        0.996,
        0.1083
      ],
      [
        102.25,
        0.984,
        0.985,
        0.986,
        0.1098
      ],
      [
        102.5,
        0.975,
        0.976,
        0.987,
        0.1089
      ],
      [
        102.75,
        1.0,
        1.0,
        1.0,
        0.1057
      ],
      [
        103.0,
        0.994,
        0.996,
        0.996,
        0.1083
      ],
      [
        103.25,
        0.984,
        0.985,
        0.986,
        0.1098
      ],
      [
        103.5,
        0.974,
        0.976,
        0.986,
        0.1089
      ],
      [
        103.75,
        1.0,
        1.0,
        1.0,
        0.106
      ],
      [
        104.0,
        0.994,
        0.996,
        0.996,
        0.1086
      ],
      [
        104.25,
        0.984,
        0.985,
        0.986,
        0.1098
      ],
      [
        104.5,
        0.973,
        0.975,
        0.976,
        0.1086
      ],
      [
        104.75,
        0.975,
        0.977,
        1.0,
        0.1087
      ],
      [
        105.0,
        0.97,
        0.972,
        0.996,
        0.1076
      ],
      [
        105.25,
        0.959,
        0.961,
        0.985,
        0.1065
      ],
      [
        105.5,
        0.949,
        0.951,
        0.976,
        0.1054
      ],
      [
        105.75,
        0.948,
        0.95,
        1.0,
        0.1068
      ],
      [
        106.0,
        0.941,
        0.943,
        0.996,
        0.106
      ],
      [
        106.25,
        0.93,
        0.933,
        0.985,
        0.1049
      ],
      [
        106.5,
        0.921,
        0.923,
        0.98,
        0.1042
      ],
      [
        106.75,
        0.941,
        0.944,
        1.0,
        0.1048
      ],
      [
        107.0,
        0.942,
        0.948,
        0.996,
        0.1081
      ],
      [
        107.25,
        0.932,
        0.938,
        0.985,
        0.1082
      ],
      [
        107.5,
        0.922,
        0.928,
        0.979,
        0.1074
      ],
      [
        107.75,
        0.938,
        0.945,
        1.0,
        0.107
      ],
      [
        108.0,
        0.937,
        0.946,
        0.996,
        0.1054
      ],
      [
        108.25,
        0.927,
        0.936,
        0.985,
        0.1042
      ],
      [
        108.5,
        0.918,
        0.926,
        0.983,
        0.1038
      ],
      [
        108.75,
        0.955,
        0.965,
        1.0,
        0.1037
      ],
      [
        109.0,
        0.961,
        0.976,
        0.996,
        0.107
      ],
      [
        109.25,
        0.951,
        0.966,
        0.985,
        0.1087
      ],
      [
        109.5,
        0.941,
        0.956,
        0.983,
        0.1079
      ],
      [
        109.75,
        0.978,
        0.994,
        1.0,
        0.1056
      ],
      [
        110.0,
        0.984,
        0.995,
        0.996,
        0.1087
      ],
      [
        110.25,
        0.974,
        0.985,
        0.985,
        0.1097
      ],
      [
        110.5,
        0.964,
        0.975,
        0.982,
        0.1087
      ],
      [
        110.75,
        1.0,
        1.0,
        1.0,
        0.1061
      ],
      [
        111.0,
        0.994,
        0.995,
        0.996,
        0.1086
      ],
      [
        111.25,
        0.983,
        0.985,
        0.985,
        0.1097
      ],
      [
        111.5,
        0.973,
        0.974,
        0.975,
        0.1085
      ],
      [
        111.75,
        0.967,
        0.969,
        0.996,
        0.109
      ],
      [
        112.0,
        0.958,
        0.96,
        0.995,
        0.1085
      ],
      [
        112.25,
        0.948,
        0.95,
        0.985,
        0.1074
      ],
      [
        112.5,
        0.938,
        0.94,
        0.977,
        0.1064
      ],
      [
        112.75,
        0.952,
        0.954,
        1.0,
        0.1063
      ],
      [
        113.0,
        0.951,
        0.955,
        0.996,
        0.1048
      ],
      [
        113.25,
        0.94,
        0.944,
        0.985,
        0.1037
      ],
      [
        113.5,
        0.93,
        0.934,
        0.976,
        0.1027
      ],
      [
        113.75,
        0.939,
        0.944,
        1.0,
        0.1057
      ],
      [
        114.0,
        0.936,
        0.943,
        0.996,
        0.1095
      ],
      [
        114.25,
        0.926,
        0.932,
        0.985,
        0.1084
      ],
      [
        114.5,
        0.916,
        0.922,
        0.978,
        0.1075
      ],
      [
        114.75,
        0.937,
        0.945,
        1.0,
        0.1066
      ],
      [
        115.0,
        0.938,
        0.948,
        0.996,
        0.1047
      ],
      [
        115.25,
        0.927,
        0.938,
        0.985,
        0.1036
      ],
      [
        115.5,
        0.917,
        0.927,
        0.975,
        0.1025
      ],
      [
        115.75,
        0.913,
        0.924,
        1.0,
        0.1065
      ],
      [
        116.0,
        0.905,
        0.917,
        0.995,
        0.1109
      ],
      [
        116.25,
        0.895,
        0.906,
        0.985,
        0.1098
      ],
      [
        116.5,
        0.885,
        0.896,
        0.977,
        0.1091
      ],
      [
        116.75,
        0.906,
        0.919,
        1.0,
        0.1083
      ],
      [
        117.0,
        0.907,
        0.923,
        0.996,
        0.1062
      ],
      [
        117.25,
        0.897,
        0.912,
        0.985,
        0.1051
      ],
      [
        117.5,
        0.887,
        0.902,
        0.977,
        0.1043
      ],
      [
        117.75,
        0.903,
        0.919,
        1.0,
        0.1078
      ],
      [
        118.0,
        0.902,
        0.921,
        0.995,
        0.111
      ],
      [
        118.25,
        0.891,
        0.91,
        0.985,
        0.1101
      ],
      [
        118.5,
        0.881,
        0.9,
        0.976,
        0.1092
      ],
      [
        118.75,
        0.894,
        0.913,
        1.0,
        0.1104
      ],
      [
        119.0,
        0.891,
        0.912,
        0.995,
        0.1088
      ],
      [
        119.25,
        0.881,
        0.902,
        0.985,
        0.1078
      ],
      [
        119.5,
        0.871,
        0.892,
        0.978,
        0.1071
      ],
      [
        119.75,
        0.903,
        0.926,
        1.0,
        0.1065
      ],
      [
        120.0,
        0.907,
        0.934,
        0.995,
        0.1091
      ],
      [
        120.25,
        0.896,
        0.924,
        0.985,
        0.11
      ],
      [
        120.5,
        0.886,
        0.914,
        0.977,
        0.1092
      ],
      [
        120.75,
        0.917,
        0.947,
        1.0,
        0.1069
      ],
      [
        121.0,
        0.921,
        0.956,
        0.995,
        0.1092
      ],
      [
        121.25,
        0.911,
        0.945,
        0.985,
        0.1098
      ],
      [
        121.5,
        0.9,
        0.935,
        0.975,
        0.1088
      ],
      [
        121.75,
        0.903,
        0.938,
        1.0,
        0.111
      ],
      [
        122.0,
        0.897,
        0.933,
        0.995,
        0.1101
      ],
      [
        122.25,
        0.887,
        0.922,
        0.985,
        0.109
      ],
      [
        122.5,
        0.876,
        0.912,
        0.975,
        0.108
      ],
      [
        122.75,
        0.879,
        0.915,
        1.0,
        0.1111
      ],
      [
        123.0,
        0.874,
        0.91,
        0.995,
        0.1102
      ],
      [
        123.25,
        0.863,
        0.9,
        0.985,
        0.1092
      ],
      [
        123.5,
        0.853,
        0.889,
        0.974,
        0.1082
      ],
      [
        123.75,
        0.845,
        0.882,
        0.983,
        0.1107
      ],
      [
        124.0,
        0.835,
        0.872,
        0.98,
        0.1112
      ],
      [
        124.25,
        0.825,
        0.862,
        0.969,
        0.1102
      ],
      [
        124.5,
        0.814,
        0.851,
        0.96,
        0.1094
      ],
      [
        124.75,
        0.841,
        0.881,
        1.0,
        0.1144
      ],
      [
        125.0,
        0.844,
        0.887,
        0.995,
        0.1163
      ],
      [
        125.25,
        0.833,
        0.877,
        0.985,
        0.1167
      ],
      [
        125.5,
        0.823,
        0.867,
        0.975,
        0.1159
      ],
      [
        125.75,
        0.852,
        0.898,
        1.0,
        0.1138
      ],
      [
        126.0,
        0.855,
        0.905,
        0.995,
        0.115
      ],
      [
        126.25,
        0.845,
        0.895,
        0.985,
        0.1155
      ],
      [
        126.5,
        0.834,
        0.884,
        0.974,
        0.1145
      ],
      [
        126.75,
        0.828,
        0.879,
        0.998,
        0.1201
      ],
      [
        127.0,
        0.82,
        0.87,
        0.995,
        0.1207
      ],
      [
        127.25,
        0.809,
        0.86,
        0.984,
        0.1198
      ],
      [
        127.5,
        0.799,
        0.849,
        0.974,
        0.1188
      ],
      [
        127.75,
        0.791,
        0.843,
        0.987,
        0.1234
      ],
      [
        128.0,
        0.782,
        0.833,
        0.986,
        0.1248
      ],
      [
        128.25,
        0.772,
        0.823,
        0.976,
        0.1239
      ],
      [
        128.5,
        0.761,
        0.812,
        0.965,
        0.123
      ],
      [
        128.75,
        0.758,
        0.81,
        1.0,
        0.1336
      ],
      [
        129.0,
        0.751,
        0.803,
        0.995,
        0.1338
      ],
      [
        129.25,
        0.74,
        0.793,
        0.984,
        0.133
      ],
      [
        129.5,
        0.73,
        0.782,
        0.974,
        0.1322
      ],
      [
        129.75,
        0.731,
        0.785,
        1.0,
        0.1402
      ],
      [
        130.0,
        0.725,
        0.78,
        0.995,
        0.14
      ],
      [
        130.25,
        0.715,
        0.769,
        0.984,
        0.1393
      ],
      [
        130.5,
        0.704,
        0.759,
        0.974,
        0.1386
      ],
      [
        130.75,
        0.722,
        0.779,
        1.0,
        0.1423
      ],
      [
        131.0,
        0.722,
        0.781,
        0.995,
        0.1435
      ],
      [
        131.25,
        0.711,
        0.77,
        0.984,
        0.1432
      ],
      [
        131.5,
        0.701,
        0.759,
        0.974,
        0.1425
      ],
      [
        131.75,
        0.692,
        0.751,
        0.976,
        0.1454
      ],
      [
        132.0,
        0.682,
        0.741,
        0.97,
        0.1461
      ],
      [
        132.25,
        0.672,
        0.731,
        0.959,
        0.1454
      ],
      [
        132.5,
        0.661,
        0.72,
        0.949,
        0.1447
      ],
      [
        132.75,
        0.664,
        0.724,
        1.0,
        0.1621
      ],
      [
        133.0,
        0.658,
        0.719,
        0.995,
        0.1618
      ],
      [
        133.25,
        0.648,
        0.708,
        0.984,
        0.1612
      ],
      [
        133.5,
        0.638,
        0.698,
        0.974,
        0.1606
      ],
      [
        133.75,
        0.63,
        0.69,
        0.982,
        0.1661
      ],
      [
        134.0,
        0.62,
        0.681,
        0.979,
        0.1678
      ],
      [
        134.25,
        0.61,
        0.67,
        0.968,
        0.1673
      ],
      [
        134.5,
        0.599,
        0.66,
        0.958,
        0.1667
      ],
      [
        134.75,
        0.606,
        0.668,
        1.0,
        0.1805
      ],
      [
        135.0,
        0.602,
        0.665,
        0.995,
        0.1798
      ],
      [
        135.25,
        0.592,
        0.655,
        0.984,
        0.1793
      ],
      [
        135.5,
        0.581,
        0.644,
        0.974,
        0.1788
      ],
      [
        135.75,
        0.573,
        0.637,
        0.983,
        0.1857
      ],
      [
        136.0,
        0.564,
        0.627,
        0.98,
        0.1893
      ],
      [
        136.25,
        0.553,
        0.617,
        0.969,
        0.1888
      ],
      [
        136.5,
        0.543,
        0.606,
        0.959,
        0.1884
      ],
      [
        136.75,
        0.536,
        0.6,
        0.974,
        0.1965
      ],
      [
        137.0,
        0.527,
        0.591,
        0.973,
        0.1992
      ],
      [
        137.25,
        0.516,
        0.58,
        0.962,
        0.1988
      ],
      [
        137.5,
        0.506,
        0.57,
        0.952,
        0.1983
      ],
      [
        137.75,
        0.519,
        0.585,
        1.0,
        0.213
      ],
      [
        138.0,
        0.517,
        0.585,
        0.995,
        0.2114
      ],
      [
        138.25,
        0.506,
        0.574,
        0.984,
        0.211
      ],
      [
        138.5,
        0.496,
        0.564,
        0.974,
        0.2106
      ],
      [
        138.75,
        0.487,
        0.555,
        0.976,
        0.2149
      ],
      [
        139.0,
        0.477,
        0.546,
        0.971,
        0.2162
      ],
      [
        139.25,
        0.467,
        0.535,
        0.96,
        0.2159
      ],
      [
        139.5,
        0.456,
        0.525,
        0.949,
        0.2155
      ],
      [
        139.75,
        0.448,
        0.516,
        0.953,
        0.2203
      ],
      [
        140.0,
        0.438,
        0.507,
        0.948,
        0.2218
      ],
      [
        140.25,
        0.428,
        0.496,
        0.938,
        0.2215
      ],
      [
        140.5,
        0.417,
        0.486,
        0.927,
        0.2211
      ],
      [
        140.75,
        0.417,
        0.486,
        0.991,
        0.2476
      ],
      [
        141.0,
        0.411,
        0.48,
        0.994,
        0.2537
      ],
      [
        141.25,
        0.4,
        0.47,
        0.984,
        0.2534
      ],
      [
        141.5,
        0.39,
        0.459,
        0.973,
        0.2531
      ],
      [
        141.75,
        0.412,
        0.485,
        1.0,
        0.2546
      ],
      [
        142.0,
        0.409,
        0.489,
        0.995,
        0.2517
      ],
      [
        142.25,
        0.399,
        0.479,
        0.984,
        0.2514
      ],
      [
        142.5,
        0.388,
        0.468,
        0.974,
        0.2512
      ],
      [
        142.75,
        0.412,
        0.493,
        1.0,
        0.2534
      ],
      [
        143.0,
        0.409,
        0.497,
        0.995,
        0.252
      ],
      [
        143.25,
        0.399,
        0.487,
        0.984,
        0.252
      ],
      [
        143.5,
        0.388,
        0.476,
        0.974,
        0.2516
      ],
      [
        143.75,
        0.382,
        0.47,
        0.992,
        0.2614
      ],
      [
        144.0,
        0.372,
        0.461,
        0.993,
        0.2648
      ],
      [
        144.25,
        0.362,
        0.451,
        0.982,
        0.2645
      ],
      [
        144.5,
        0.352,
        0.44,
        0.971,
        0.2642
      ],
      [
        144.75,
        0.362,
        0.452,
        1.0,
        0.2729
      ],
      [
        145.0,
        0.357,
        0.45,
        0.995,
        0.2719
      ],
      [
        145.25,
        0.347,
        0.44,
        0.984,
        0.2717
      ],
      [
        145.5,
        0.337,
        0.429,
        0.973,
        0.2714
      ],
      [
        145.75,
        0.347,
        0.441,
        1.0,
        0.2785
      ],
      [
        146.0,
        0.343,
        0.44,
        0.994,
        0.2787
      ],
      [
        146.25,
        0.332,
        0.429,
        0.984,
        0.2786
      ],
      [
        146.5,
        0.322,
        0.419,
        0.973,
        0.2783
      ],
      [
        146.75,
        0.313,
        0.411,
        0.978,
        0.2834
      ],
      [
        147.0,
        0.304,
        0.401,
        0.973,
        0.2852
      ],
      [
        147.25,
        0.293,
        0.391,
        0.963,
        0.2849
      ],
      [
        147.5,
        0.283,
        0.38,
        0.952,
        0.2847
      ],
      [
        147.75,
        0.297,
        0.397,
        1.0,
        0.2992
      ],
      [
        148.0,
        0.293,
        0.397,
        0.994,
        0.2976
      ],
      [
        148.25,
        0.283,
        0.386,
        0.984,
        0.2974
      ],
      [
        148.5,
        0.272,
        0.376,
        0.973,
        0.2972
      ],
      [
        148.75,
        0.282,
        0.387,
        1.0,
        0.3049
      ],
      [
        149.0,
        0.277,
        0.385,
        0.994,
        0.305
      ],
      [
        149.25,
        0.267,
        0.375,
        0.984,
        0.3049
      ],
      [
        149.5,
        0.257,
        0.364,
        0.973,
        0.3046
      ],
      [
        149.75,
        0.273,
        0.383,
        1.0,
        0.3094
      ],
      [
        150.0,
        0.269,
        0.384,
        0.994,
        0.3076
      ],
      [
        150.25,
        0.259,
        0.373,
        0.984,
        0.3074
      ],
      [
        150.5,
        0.248,
        0.363,
        0.973,
        0.3072
      ],
      [
        150.75,
        0.245,
        0.36,
        1.0,
        0.3193
      ],
      [
        151.0,
        0.236,
        0.352,
        0.994,
        0.32
      ],
      [
        151.25,
        0.225,
        0.342,
        0.984,
        0.3196
      ],
      [
        151.5,
        0.215,
        0.331,
        0.973,
        0.3192
      ],
      [
        151.75,
        0.207,
        0.324,
        0.984,
        0.3265
      ],
      [
        152.0,
        0.198,
        0.315,
        0.982,
        0.329
      ],
      [
        152.25,
        0.187,
        0.304,
        0.971,
        0.3285
      ],
      [
        152.5,
        0.177,
        0.294,
        0.961,
        0.3281
      ],
      [
        152.75,
        0.167,
        0.285,
        0.958,
        0.3305
      ],
      [
        153.0,
        0.157,
        0.275,
        0.95,
        0.331
      ],
      [
        153.25,
        0.147,
        0.264,
        0.94,
        0.3305
      ],
      [
        153.5,
        0.136,
        0.254,
        0.929,
        0.33
      ],
      [
        153.75,
        0.141,
        0.261,
        1.0,
        0.3582
      ],
      [
        154.0,
        0.134,
        0.257,
        0.994,
        0.3584
      ],
      [
        154.25,
        0.124,
        0.247,
        0.984,
        0.3576
      ],
      [
        154.5,
        0.114,
        0.236,
        0.973,
        0.3569
      ],
      [
        154.75,
        0.104,
        0.227,
        0.972,
        0.3596
      ],
      [
        155.0,
        0.094,
        0.217,
        0.965,
        0.3602
      ],
      [
        155.25,
        0.084,
        0.207,
        0.955,
        0.3595
      ],
      [
        155.5,
        0.073,
        0.197,
        0.944,
        0.3588
      ],
      [
        155.75,
        0.066,
        0.193,
        0.98,
        0.3739
      ],
      [
        156.0,
        0.058,
        0.186,
        0.988,
        0.3791
      ],
      [
        156.25,
        0.047,
        0.175,
        0.978,
        0.3784
      ],
      [
        156.5,
        0.037,
        0.165,
        0.967,
        0.3778
      ],
      [
        156.75,
        0.029,
        0.157,
        0.976,
        0.3842
      ],
      [
        157.0,
        0.027,
        0.148,
        0.973,
        0.3861
      ],
      [
        157.25,
        0.021,
        0.137,
        0.962,
        0.3853
      ],
      [
        157.5,
        0.014,
        0.127,
        0.952,
        0.3844
      ],
      [
        157.75,
        0.034,
        0.148,
        1.0,
        0.3989
      ],
      [
        158.0,
        0.037,
        0.15,
        0.994,
        0.3961
      ],
      [
        158.25,
        0.032,
        0.14,
        0.984,
        0.3954
      ],
      [
        158.5,
        0.025,
        0.129,
        0.973,
        0.3945
      ],
      [
        158.75,
        0.039,
        0.146,
        1.0,
        0.3998
      ],
      [
        159.0,
        0.034,
        0.147,
        0.994,
        0.3978
      ],
      [
        159.25,
        0.03,
        0.137,
        0.984,
        0.3973
      ],
      [
        159.5,
        0.025,
        0.126,
        0.973,
        0.3968
      ],
      [
        159.75,
        0.035,
        0.146,
        1.0,
        0.4007
      ],
      [
        160.0,
        0.035,
        0.148,
        0.994,
        0.3984
      ],
      [
        160.25,
        0.031,
        0.138,
        0.984,
        0.398
      ],
      [
        160.5,
        0.021,
        0.127,
        0.973,
        0.3975
      ],
      [
        160.75,
        0.016,
        0.124,
        1.0,
        0.4095
      ],
      [
        161.0,
        0.009,
        0.117,
        0.994,
        0.4096
      ],
      [
        161.25,
        0.005,
        0.106,
        0.984,
        0.4084
      ],
      [
        161.5,
        0.0,
        0.096,
        0.973,
        0.407
      ],
      [
        161.75,
        0.03,
        0.116,
        1.0,
        0.4103
      ],
      [
        162.0,
        0.035,
        0.118,
        0.994,
        0.4068
      ],
      [
        162.25,
        0.033,
        0.108,
        0.984,
        0.4053
      ],
      [
        162.5,
        0.029,
        0.097,
        0.973,
        0.4038
      ],
      [
        162.75,
        0.028,
        0.089,
        0.978,
        0.4079
      ],
      [
        163.0,
        0.02,
        0.079,
        0.973,
        0.4085
      ],
      [
        163.25,
        0.014,
        0.069,
        0.963,
        0.4069
      ],
      [
        163.5,
        0.004,
        0.058,
        0.952,
        0.405
      ],
      [
        163.75,
        0.003,
        0.051,
        0.96,
        0.4098
      ],
      [
        164.0,
        0.004,
        0.048,
        0.957,
        0.4102
      ],
      [
        164.25,
        0.002,
        0.044,
        0.947,
        0.4078
      ],
      [
        164.5,
        0.0,
        0.042,
        0.936,
        0.4051
      ],
      [
        164.75,
        0.003,
        0.04,
        0.942,
        0.4083
      ],
      [
        165.0,
        0.003,
        0.036,
        0.938,
        0.4077
      ],
      [
        165.25,
        0.001,
        0.028,
        0.928,
        0.4044
      ],
      [
        165.5,
        0.0,
        0.018,
        0.917,
        0.4008
      ],
      [
        165.75,
        0.021,
        0.029,
        1.0,
        0.4294
      ],
      [
        166.0,
        0.027,
        0.036,
        0.994,
        0.4261
      ],
      [
        166.25,
        0.018,
        0.035,
        0.984,
        0.4233
      ],
      [
        166.5,
        0.01,
        0.032,
        0.973,
        0.4202
      ],
      [
        166.75,
        0.006,
        0.035,
        0.98,
        0.4231
      ],
      [
        167.0,
        0.004,
        0.035,
        0.976,
        0.422
      ],
      [
        167.25,
        0.002,
        0.035,
        0.965,
        0.4182
      ],
      [
        167.5,
        0.0,
        0.035,
        0.955,
        0.414
      ],
      [
        167.75,
        0.017,
        0.051,
        1.0,
        0.4272
      ],
      [
        168.0,
        0.021,
        0.048,
        0.994,
        0.4251
      ],
      [
        168.25,
        0.021,
        0.037,
        0.984,
        0.4231
      ],
      [
        168.5,
        0.021,
        0.027,
        0.973,
        0.421
      ],
      [
        168.75,
        0.041,
        0.048,
        1.0,
        0.4241
      ],
      [
        169.0,
        0.042,
        0.048,
        0.994,
        0.4212
      ],
      [
        169.25,
        0.033,
        0.038,
        0.984,
        0.4206
      ],
      [
        169.5,
        0.023,
        0.028,
        0.973,
        0.4201
      ],
      [
        169.75,
        0.032,
        0.038,
        1.0,
        0.4278
      ],
      [
        170.0,
        0.028,
        0.036,
        0.994,
        0.4269
      ],
      [
        170.25,
        0.018,
        0.026,
        0.984,
        0.4266
      ],
      [
        170.5,
        0.008,
        0.016,
        0.973,
        0.4262
      ],
      [
        170.75,
        0.025,
        0.034,
        1.0,
        0.4301
      ],
      [
        171.0,
        0.024,
        0.036,
        0.994,
        0.4273
      ],
      [
        171.25,
        0.014,
        0.028,
        0.984,
        0.4268
      ],
      [
        171.5,
        0.003,
        0.021,
        0.973,
        0.4263
      ],
      [
        171.75,
        0.001,
        0.011,
        0.969,
        0.427
      ],
      [
        172.0,
        0.0,
        0.001,
        0.96,
        0.4248
      ],
      [
        172.25,
        0.0,
        0.001,
        0.95,
        0.4209
      ],
      [
        172.5,
        0.0,
        0.001,
        0.939,
        0.4162
      ],
      [
        172.75,
        0.007,
        0.008,
        0.977,
        0.4278
      ],
      [
        173.0,
        0.01,
        0.011,
        0.987,
        0.4296
      ],
      [
        173.25,
        0.01,
        0.011,
        0.976,
        0.4249
      ],
      [
        173.5,
        0.01,
        0.011,
        0.966,
        0.4202
      ],
      [
        173.75,
        0.028,
        0.03,
        1.0,
        0.4297
      ],
      [
        174.0,
        0.033,
        0.039,
        0.994,
        0.425
      ],
      [
        174.25,
        0.033,
        0.039,
        0.984,
        0.4205
      ],
      [
        174.5,
        0.032,
        0.039,
        0.973,
        0.416
      ],
      [
        174.75,
        0.048,
        0.06,
        1.0,
        0.4191
      ],
      [
        175.0,
        0.046,
        0.061,
        0.994,
        0.4167
      ],
      [
        175.25,
        0.04,
        0.051,
        0.984,
        0.4162
      ],
      [
        175.5,
        0.03,
        0.04,
        0.973,
        0.4156
      ],
      [
        175.75,
        0.024,
        0.035,
        0.992,
        0.4255
      ],
      [
        176.0,
        0.015,
        0.026,
        0.994,
        0.429
      ],
      [
        176.25,
        0.005,
        0.016,
        0.983,
        0.4285
      ],
      [
        176.5,
        0.0,
        0.005,
        0.973,
        0.4274
      ],
      [
        176.75,
        0.001,
        0.002,
        0.978,
        0.4299
      ],
      [
        177.0,
        0.002,
        0.003,
        0.974,
        0.4277
      ],
      [
        177.25,
        0.002,
        0.003,
        0.963,
        0.4232
      ],
      [
        177.5,
        0.002,
        0.003,
        0.953,
        0.4186
      ],
      [
        177.75,
        0.004,
        0.005,
        0.954,
        0.4182
      ],
      [
        178.0,
        0.004,
        0.006,
        0.948,
        0.4153
      ],
      [
        178.25,
        0.004,
        0.006,
        0.937,
        0.4106
      ],
      [
        178.5,
        0.004,
        0.006,
        0.927,
        0.406
      ],
      [
        178.75,
        0.03,
        0.034,
        1.0,
        0.4271
      ],
      [
        179.0,
        0.039,
        0.048,
        0.994,
        0.421
      ],
      [
        179.25,
        0.037,
        0.048,
        0.984,
        0.4166
      ],
      [
        179.5,
        0.036,
        0.048,
        0.974,
        0.4121
      ],
      [
        179.75,
        0.057,
        0.067,
        1.0,
        0.4161
      ],
      [
        180.0,
        0.051,
        0.068,
        0.994,
        0.4137
      ],
      [
        180.25,
        0.044,
        0.058,
        0.984,
        0.4132
      ],
      [
        180.5,
        0.035,
        0.047,
        0.973,
        0.4127
      ],
      [
        180.75,
        0.05,
        0.066,
        1.0,
        0.4173
      ],
      [
        181.0,
        0.047,
        0.069,
        0.994,
        0.4148
      ],
      [
        181.25,
        0.038,
        0.058,
        0.984,
        0.4145
      ],
      [
        181.5,
        0.028,
        0.048,
        0.973,
        0.4141
      ],
      [
        181.75,
        0.018,
        0.039,
        0.969,
        0.4161
      ],
      [
        182.0,
        0.008,
        0.029,
        0.962,
        0.4166
      ],
      [
        182.25,
        0.001,
        0.018,
        0.951,
        0.4159
      ],
      [
        182.5,
        0.0,
        0.008,
        0.941,
        0.4144
      ],
      [
        182.75,
        0.001,
        0.003,
        0.952,
        0.4197
      ],
      [
        183.0,
        0.0,
        0.004,
        0.951,
        0.419
      ],
      [
        183.25,
        0.0,
        0.004,
        0.941,
        0.4143
      ],
      [
        183.5,
        0.0,
        0.004,
        0.93,
        0.4097
      ],
      [
        183.75,
        0.029,
        0.032,
        1.0,
        0.4286
      ],
      [
        184.0,
        0.038,
        0.044,
        0.995,
        0.4219
      ],
      [
        184.25,
        0.038,
        0.044,
        0.984,
        0.4173
      ],
      [
        184.5,
        0.038,
        0.044,
        0.974,
        0.4128
      ],
      [
        184.75,
        0.042,
        0.049,
        0.99,
        0.4178
      ],
      [
        185.0,
        0.042,
        0.046,
        0.992,
        0.419
      ],
      [
        185.25,
        0.031,
        0.046,
        0.981,
        0.4166
      ],
      [
        185.5,
        0.021,
        0.046,
        0.971,
        0.4142
      ],
      [
        185.75,
        0.038,
        0.065,
        1.0,
        0.4207
      ],
      [
        186.0,
        0.039,
        0.063,
        0.995,
        0.4183
      ],
      [
        186.25,
        0.029,
        0.053,
        0.984,
        0.418
      ],
      [
        186.5,
        0.019,
        0.042,
        0.974,
        0.4176
      ],
      [
        186.75,
        0.026,
        0.049,
        1.0,
        0.4261
      ],
      [
        187.0,
        0.024,
        0.045,
        0.995,
        0.4248
      ],
      [
        187.25,
        0.014,
        0.034,
        0.984,
        0.4245
      ],
      [
        187.5,
        0.003,
        0.026,
        0.974,
        0.4242
      ],
      [
        187.75,
        0.02,
        0.038,
        1.0,
        0.4293
      ],
      [
        188.0,
        0.019,
        0.038,
        0.995,
        0.4268
      ],
      [
        188.25,
        0.009,
        0.03,
        0.984,
        0.4263
      ],
      [
        188.5,
        0.0,
        0.022,
        0.974,
        0.4254
      ],
      [
        188.75,
        0.016,
        0.031,
        1.0,
        0.4317
      ],
      [
        189.0,
        0.015,
        0.03,
        0.995,
        0.429
      ],
      [
        189.25,
        0.004,
        0.029,
        0.984,
        0.4276
      ],
      [
        189.5,
        0.0,
        0.024,
        0.974,
        0.4254
      ],
      [
        189.75,
        0.007,
        0.027,
        1.0,
        0.4347
      ],
      [
        190.0,
        0.009,
        0.021,
        0.995,
        0.4322
      ],
      [
        190.25,
        0.001,
        0.012,
        0.984,
        0.4283
      ],
      [
        190.5,
        0.0,
        0.012,
        0.974,
        0.424
      ],
      [
        190.75,
        0.002,
        0.014,
        0.976,
        0.4243
      ],
      [
        191.0,
        0.003,
        0.015,
        0.972,
        0.4219
      ],
      [
        191.25,
        0.003,
        0.015,
        0.961,
        0.4173
      ],
      [
        191.5,
        0.003,
        0.015,
        0.95,
        0.4127
      ],
      [
        191.75,
        0.016,
        0.029,
        1.0,
        0.4294
      ],
      [
        192.0,
        0.022,
        0.035,
        0.995,
        0.4263
      ],
      [
        192.25,
        0.022,
        0.035,
        0.984,
        0.4227
      ],
      [
        192.5,
        0.022,
        0.033,
        0.974,
        0.4191
      ],
      [
        192.75,
        0.042,
        0.055,
        1.0,
        0.4218
      ],
      [
        193.0,
        0.043,
        0.054,
        0.995,
        0.4189
      ],
      [
        193.25,
        0.033,
        0.044,
        0.984,
        0.4186
      ],
      [
        193.5,
        0.023,
        0.037,
        0.974,
        0.4182
      ],
      [
        193.75,
        0.035,
        0.048,
        1.0,
        0.4245
      ],
      [
        194.0,
        0.035,
        0.046,
        0.995,
        0.4226
      ],
      [
        194.25,
        0.024,
        0.038,
        0.984,
        0.4223
      ],
      [
        194.5,
        0.014,
        0.03,
        0.974,
        0.4218
      ],
      [
        194.75,
        0.009,
        0.025,
        1.0,
        0.4342
      ],
      [
        195.0,
        0.002,
        0.017,
        0.995,
        0.4354
      ],
      [
        195.25,
        0.0,
        0.007,
        0.984,
        0.4333
      ],
      [
        195.5,
        0.0,
        0.0,
        0.974,
        0.4299
      ],
      [
        195.75,
        0.004,
        0.005,
        0.993,
        0.4361
      ],
      [
        196.0,
        0.006,
        0.007,
        0.995,
        0.4358
      ],
      [
        196.25,
        0.006,
        0.007,
        0.984,
        0.4312
      ],
      [
        196.5,
        0.006,
        0.007,
        0.974,
        0.4266
      ],
      [
        196.75,
        0.033,
        0.037,
        1.0,
        0.4273
      ],
      [
        197.0,
        0.044,
        0.047,
        0.995,
        0.4211
      ],
      [
        197.25,
        0.034,
        0.044,
        0.985,
        0.4192
      ],
      [
        197.5,
        0.024,
        0.044,
        0.974,
        0.4173
      ],
      [
        197.75,
        0.028,
        0.054,
        1.0,
        0.4259
      ],
      [
        198.0,
        0.025,
        0.049,
        0.995,
        0.4251
      ],
      [
        198.25,
        0.015,
        0.039,
        0.984,
        0.4248
      ],
      [
        198.5,
        0.005,
        0.029,
        0.974,
        0.4246
      ],
      [
        198.75,
        0.001,
        0.021,
        0.98,
        0.4296
      ],
      [
        199.0,
        0.002,
        0.012,
        0.978,
        0.4297
      ],
      [
        199.25,
        0.001,
        0.003,
        0.967,
        0.4267
      ],
      [
        199.5,
        0.0,
        0.002,
        0.957,
        0.4225
      ],
      [
        199.75,
        0.012,
        0.015,
        1.0,
        0.4362
      ],
      [
        200.0,
        0.017,
        0.022,
        0.995,
        0.4317
      ],
      [
        200.25,
        0.017,
        0.022,
        0.985,
        0.4271
      ],
      [
        200.5,
        0.017,
        0.022,
        0.974,
        0.4225
      ],
      [
        200.75,
        0.019,
        0.024,
        0.98,
        0.4242
      ],
      [
        201.0,
        0.02,
        0.026,
        0.978,
        0.4226
      ],
      [
        201.25,
        0.02,
        0.026,
        0.968,
        0.418
      ],
      [
        201.5,
        0.02,
        0.026,
        0.957,
        0.4134
      ],
      [
        201.75,
        0.036,
        0.042,
        1.0,
        0.4257
      ],
      [
        202.0,
        0.042,
        0.045,
        0.995,
        0.4218
      ],
      [
        202.25,
        0.034,
        0.043,
        0.985,
        0.4196
      ],
      [
        202.5,
        0.024,
        0.043,
        0.974,
        0.4175
      ],
      [
        202.75,
        0.017,
        0.046,
        0.989,
        0.4248
      ],
      [
        203.0,
        0.009,
        0.042,
        0.992,
        0.4281
      ],
      [
        203.25,
        0.0,
        0.032,
        0.981,
        0.4265
      ],
      [
        203.5,
        0.0,
        0.021,
        0.971,
        0.4227
      ],
      [
        203.75,
        0.029,
        0.039,
        1.0,
        0.4258
      ],
      [
        204.0,
        0.041,
        0.046,
        0.995,
        0.4197
      ],
      [
        204.25,
        0.031,
        0.046,
        0.985,
        0.4171
      ],
      [
        204.5,
        0.021,
        0.045,
        0.974,
        0.4145
      ],
      [
        204.75,
        0.041,
        0.07,
        1.0,
        0.4163
      ],
      [
        205.0,
        0.045,
        0.077,
        0.995,
        0.4126
      ],
      [
        205.25,
        0.034,
        0.066,
        0.985,
        0.4125
      ],
      [
        205.5,
        0.024,
        0.056,
        0.974,
        0.4123
      ],
      [
        205.75,
        0.021,
        0.053,
        1.0,
        0.4246
      ],
      [
        206.0,
        0.014,
        0.047,
        0.995,
        0.4252
      ],
      [
        206.25,
        0.004,
        0.036,
        0.985,
        0.4249
      ],
      [
        206.5,
        0.0,
        0.026,
        0.974,
        0.424
      ],
      [
        206.75,
        0.005,
        0.02,
        0.995,
        0.4339
      ],
      [
        207.0,
        0.003,
        0.013,
        0.995,
        0.4362
      ],
      [
        207.25,
        0.0,
        0.006,
        0.985,
        0.4341
      ],
      [
        207.5,
        0.0,
        0.001,
        0.974,
        0.43
      ],
      [
        207.75,
        0.032,
        0.034,
        1.0,
        0.4285
      ],
      [
        208.0,
        0.043,
        0.047,
        0.995,
        0.4215
      ],
      [
        208.25,
        0.035,
        0.042,
        0.985,
        0.4197
      ],
      [
        208.5,
        0.025,
        0.042,
        0.974,
        0.4178
      ],
      [
        208.75,
        0.018,
        0.045,
        0.987,
        0.4248
      ],
      [
        209.0,
        0.009,
        0.038,
        0.989,
        0.428
      ],
      [
        209.25,
        0.0,
        0.028,
        0.978,
        0.4268
      ],
      [
        209.5,
        0.0,
        0.018,
        0.968,
        0.423
      ],
      [
        209.75,
        0.003,
        0.01,
        0.974,
        0.4255
      ],
      [
        210.0,
        0.003,
        0.004,
        0.973,
        0.4255
      ],
      [
        210.25,
        0.0,
        0.004,
        0.962,
        0.4217
      ],
      [
        210.5,
        0.0,
        0.004,
        0.952,
        0.4177
      ],
      [
        210.75,
        0.008,
        0.012,
        0.995,
        0.4327
      ],
      [
        211.0,
        0.01,
        0.017,
        0.995,
        0.433
      ],
      [
        211.25,
        0.0,
        0.017,
        0.985,
        0.4291
      ],
      [
        211.5,
        0.0,
        0.017,
        0.974,
        0.4247
      ],
      [
        211.75,
        0.025,
        0.042,
        1.0,
        0.4268
      ],
      [
        212.0,
        0.034,
        0.049,
        0.996,
        0.4222
      ],
      [
        212.25,
        0.034,
        0.038,
        0.985,
        0.4211
      ],
      [
        212.5,
        0.024,
        0.029,
        0.975,
        0.42
      ],
      [
        212.75,
        0.039,
        0.045,
        1.0,
        0.424
      ],
      [
        213.0,
        0.042,
        0.049,
        0.996,
        0.4209
      ],
      [
        213.25,
        0.031,
        0.039,
        0.985,
        0.4208
      ],
      [
        213.5,
        0.021,
        0.028,
        0.975,
        0.4206
      ],
      [
        213.75,
        0.043,
        0.053,
        1.0,
        0.4217
      ],
      [
        214.0,
        0.049,
        0.061,
        0.996,
        0.4169
      ],
      [
        214.25,
        0.04,
        0.05,
        0.985,
        0.4167
      ],
      [
        214.5,
        0.03,
        0.04,
        0.975,
        0.4164
      ],
      [
        214.75,
        0.052,
        0.065,
        1.0,
        0.4172
      ],
      [
        215.0,
        0.059,
        0.072,
        0.996,
        0.4121
      ],
      [
        215.25,
        0.048,
        0.062,
        0.985,
        0.412
      ],
      [
        215.5,
        0.039,
        0.051,
        0.975,
        0.4119
      ],
      [
        215.75,
        0.061,
        0.076,
        1.0,
        0.4129
      ],
      [
        216.0,
        0.066,
        0.085,
        0.996,
        0.4082
      ],
      [
        216.25,
        0.055,
        0.075,
        0.985,
        0.4082
      ],
      [
        216.5,
        0.045,
        0.064,
        0.975,
        0.4081
      ],
      [
        216.75,
        0.068,
        0.089,
        1.0,
        0.4086
      ],
      [
        217.0,
        0.074,
        0.099,
        0.996,
        0.4033
      ],
      [
        217.25,
        0.064,
        0.089,
        0.985,
        0.4031
      ],
      [
        217.5,
        0.053,
        0.078,
        0.975,
        0.4029
      ],
      [
        217.75,
        0.077,
        0.103,
        1.0,
        0.4035
      ],
      [
        218.0,
        0.082,
        0.114,
        0.996,
        0.3986
      ],
      [
        218.25,
        0.072,
        0.103,
        0.985,
        0.3986
      ],
      [
        218.5,
        0.061,
        0.093,
        0.975,
        0.3984
      ],
      [
        218.75,
        0.075,
        0.108,
        1.0,
        0.4027
      ],
      [
        219.0,
        0.078,
        0.112,
        0.996,
        0.3995
      ],
      [
        219.25,
        0.067,
        0.102,
        0.985,
        0.3994
      ],
      [
        219.5,
        0.057,
        0.091,
        0.975,
        0.3993
      ],
      [
        219.75,
        0.075,
        0.113,
        1.0,
        0.4012
      ],
      [
        220.0,
        0.081,
        0.121,
        0.996,
        0.397
      ],
      [
        220.25,
        0.07,
        0.111,
        0.985,
        0.397
      ],
      [
        220.5,
        0.06,
        0.1,
        0.975,
        0.3968
      ],
      [
        220.75,
        0.074,
        0.117,
        1.0,
        0.4005
      ],
      [
        221.0,
        0.077,
        0.122,
        0.996,
        0.397
      ],
      [
        221.25,
        0.067,
        0.112,
        0.985,
        0.3969
      ],
      [
        221.5,
        0.056,
        0.102,
        0.975,
        0.3968
      ],
      [
        221.75,
        0.05,
        0.095,
        0.992,
        0.4067
      ],
      [
        222.0,
        0.044,
        0.087,
        0.996,
        0.4115
      ],
      [
        222.25,
        0.033,
        0.077,
        0.985,
        0.4111
      ],
      [
        222.5,
        0.023,
        0.066,
        0.974,
        0.4106
      ],
      [
        222.75,
        0.05,
        0.093,
        1.0,
        0.4105
      ],
      [
        223.0,
        0.053,
        0.105,
        0.996,
        0.4049
      ],
      [
        223.25,
        0.045,
        0.094,
        0.986,
        0.4046
      ],
      [
        223.5,
        0.039,
        0.084,
        0.975,
        0.404
      ],
      [
        223.75,
        0.064,
        0.11,
        1.0,
        0.4032
      ],
      [
        224.0,
        0.072,
        0.122,
        0.996,
        0.3981
      ],
      [
        224.25,
        0.061,
        0.111,
        0.986,
        0.3982
      ],
      [
        224.5,
        0.051,
        0.101,
        0.975,
        0.3981
      ],
      [
        224.75,
        0.075,
        0.129,
        1.0,
        0.3975
      ],
      [
        225.0,
        0.078,
        0.141,
        0.996,
        0.3927
      ],
      [
        225.25,
        0.067,
        0.13,
        0.986,
        0.3928
      ],
      [
        225.5,
        0.057,
        0.12,
        0.975,
        0.3926
      ],
      [
        225.75,
        0.05,
        0.113,
        0.989,
        0.4017
      ],
      [
        226.0,
        0.041,
        0.104,
        0.993,
        0.4066
      ],
      [
        226.25,
        0.031,
        0.094,
        0.982,
        0.4065
      ],
      [
        226.5,
        0.02,
        0.083,
        0.972,
        0.4064
      ],
      [
        226.75,
        0.015,
        0.078,
        0.997,
        0.4192
      ],
      [
        227.0,
        0.01,
        0.071,
        0.996,
        0.4224
      ],
      [
        227.25,
        0.002,
        0.06,
        0.985,
        0.4218
      ],
      [
        227.5,
        0.0,
        0.05,
        0.975,
        0.4207
      ],
      [
        227.75,
        0.037,
        0.079,
        1.0,
        0.4188
      ],
      [
        228.0,
        0.048,
        0.091,
        0.996,
        0.4128
      ],
      [
        228.25,
        0.038,
        0.081,
        0.986,
        0.4126
      ],
      [
        228.5,
        0.028,
        0.07,
        0.975,
        0.4122
      ],
      [
        228.75,
        0.038,
        0.082,
        1.0,
        0.418
      ],
      [
        229.0,
        0.038,
        0.083,
        0.996,
        0.4157
      ],
      [
        229.25,
        0.028,
        0.073,
        0.986,
        0.4156
      ],
      [
        229.5,
        0.018,
        0.062,
        0.975,
        0.4155
      ],
      [
        229.75,
        0.047,
        0.093,
        1.0,
        0.4136
      ],
      [
        230.0,
        0.054,
        0.105,
        0.996,
        0.4074
      ],
      [
        230.25,
        0.044,
        0.095,
        0.986,
        0.4075
      ],
      [
        230.5,
        0.033,
        0.084,
        0.975,
        0.4074
      ],
      [
        230.75,
        0.05,
        0.102,
        1.0,
        0.4107
      ],
      [
        231.0,
        0.053,
        0.108,
        0.996,
        0.4069
      ],
      [
        231.25,
        0.042,
        0.097,
        0.986,
        0.4068
      ],
      [
        231.5,
        0.033,
        0.087,
        0.975,
        0.4067
      ],
      [
        231.75,
        0.047,
        0.102,
        1.0,
        0.4111
      ],
      [
        232.0,
        0.049,
        0.107,
        0.996,
        0.4083
      ],
      [
        232.25,
        0.039,
        0.096,
        0.986,
        0.4082
      ],
      [
        232.5,
        0.028,
        0.086,
        0.975,
        0.4081
      ],
      [
        232.75,
        0.053,
        0.111,
        1.0,
        0.4081
      ],
      [
        233.0,
        0.056,
        0.121,
        0.997,
        0.4028
      ],
      [
        233.25,
        0.046,
        0.111,
        0.986,
        0.403
      ],
      [
        233.5,
        0.036,
        0.1,
        0.976,
        0.4029
      ],
      [
        233.75,
        0.066,
        0.132,
        1.0,
        0.4
      ],
      [
        234.0,
        0.074,
        0.146,
        0.997,
        0.3933
      ],
      [
        234.25,
        0.064,
        0.136,
        0.986,
        0.3935
      ],
      [
        234.5,
        0.053,
        0.125,
        0.976,
        0.3933
      ],
      [
        234.75,
        0.065,
        0.137,
        1.0,
        0.399
      ],
      [
        235.0,
        0.065,
        0.139,
        0.997,
        0.3966
      ],
      [
        235.25,
        0.055,
        0.129,
        0.986,
        0.3965
      ],
      [
        235.5,
        0.044,
        0.118,
        0.976,
        0.3964
      ],
      [
        235.75,
        0.04,
        0.114,
        1.0,
        0.4089
      ],
      [
        236.0,
        0.034,
        0.108,
        0.996,
        0.4103
      ],
      [
        236.25,
        0.023,
        0.097,
        0.986,
        0.4102
      ],
      [
        236.5,
        0.013,
        0.087,
        0.975,
        0.4101
      ],
      [
        236.75,
        0.028,
        0.102,
        1.0,
        0.4143
      ],
      [
        237.0,
        0.031,
        0.107,
        0.997,
        0.4113
      ],
      [
        237.25,
        0.021,
        0.097,
        0.986,
        0.4111
      ],
      [
        237.5,
        0.01,
        0.086,
        0.976,
        0.4106
      ],
      [
        237.75,
        0.004,
        0.079,
        0.99,
        0.4196
      ],
      [
        238.0,
        0.006,
        0.071,
        0.995,
        0.424
      ],
      [
        238.25,
        0.001,
        0.061,
        0.984,
        0.4227
      ],
      [
        238.5,
        0.0,
        0.05,
        0.974,
        0.421
      ],
      [
        238.75,
        0.041,
        0.081,
        1.0,
        0.4182
      ],
      [
        239.0,
        0.052,
        0.094,
        0.997,
        0.4115
      ],
      [
        239.25,
        0.041,
        0.083,
        0.986,
        0.4116
      ],
      [
        239.5,
        0.031,
        0.073,
        0.976,
        0.4115
      ],
      [
        239.75,
        0.027,
        0.069,
        1.0,
        0.424
      ],
      [
        240.0,
        0.019,
        0.062,
        0.996,
        0.4255
      ],
      [
        240.25,
        0.009,
        0.051,
        0.986,
        0.4254
      ],
      [
        240.5,
        0.0,
        0.041,
        0.976,
        0.4252
      ],
      [
        240.75,
        0.038,
        0.072,
        1.0,
        0.422
      ],
      [
        241.0,
        0.047,
        0.085,
        0.997,
        0.4153
      ],
      [
        241.25,
        0.036,
        0.074,
        0.986,
        0.4155
      ],
      [
        241.5,
        0.026,
        0.064,
        0.976,
        0.4156
      ],
      [
        241.75,
        0.056,
        0.096,
        1.0,
        0.4136
      ],
      [
        242.0,
        0.066,
        0.11,
        0.997,
        0.4071
      ],
      [
        242.25,
        0.056,
        0.1,
        0.986,
        0.4072
      ],
      [
        242.5,
        0.045,
        0.089,
        0.976,
        0.4073
      ],
      [
        242.75,
        0.067,
        0.111,
        1.0,
        0.4083
      ],
      [
        243.0,
        0.073,
        0.12,
        0.997,
        0.4035
      ],
      [
        243.25,
        0.062,
        0.109,
        0.986,
        0.4034
      ],
      [
        243.5,
        0.052,
        0.099,
        0.977,
        0.4036
      ],
      [
        243.75,
        0.088,
        0.136,
        1.0,
        0.3982
      ],
      [
        244.0,
        0.102,
        0.153,
        0.997,
        0.3903
      ],
      [
        244.25,
        0.091,
        0.142,
        0.986,
        0.3905
      ],
      [
        244.5,
        0.081,
        0.132,
        0.977,
        0.3908
      ],
      [
        244.75,
        0.117,
        0.17,
        1.0,
        0.3846
      ],
      [
        245.0,
        0.131,
        0.187,
        0.997,
        0.3765
      ],
      [
        245.25,
        0.121,
        0.177,
        0.986,
        0.3767
      ],
      [
        245.5,
        0.111,
        0.166,
        0.978,
        0.3771
      ],
      [
        245.75,
        0.145,
        0.203,
        1.0,
        0.3712
      ],
      [
        246.0,
        0.158,
        0.22,
        0.997,
        0.3634
      ],
      [
        246.25,
        0.148,
        0.209,
        0.987,
        0.3636
      ],
      [
        246.5,
        0.137,
        0.199,
        0.976,
        0.3636
      ],
      [
        246.75,
        0.139,
        0.201,
        1.0,
        0.3733
      ],
      [
        247.0,
        0.134,
        0.197,
        0.997,
        0.3733
      ],
      [
        247.25,
        0.124,
        0.187,
        0.986,
        0.3732
      ],
      [
        247.5,
        0.114,
        0.176,
        0.978,
        0.3738
      ],
      [
        247.75,
        0.15,
        0.216,
        1.0,
        0.3669
      ],
      [
        248.0,
        0.165,
        0.234,
        0.997,
        0.3585
      ],
      [
        248.25,
        0.155,
        0.223,
        0.987,
        0.3588
      ],
      [
        248.5,
        0.144,
        0.213,
        0.976,
        0.3588
      ],
      [
        248.75,
        0.14,
        0.209,
        1.0,
        0.3712
      ],
      [
        249.0,
        0.133,
        0.202,
        0.997,
        0.3728
      ],
      [
        249.25,
        0.122,
        0.191,
        0.986,
        0.3726
      ],
      [
        249.5,
        0.112,
        0.181,
        0.977,
        0.373
      ],
      [
        249.75,
        0.13,
        0.201,
        1.0,
        0.3744
      ],
      [
        250.0,
        0.136,
        0.208,
        0.997,
        0.3706
      ],
      [
        250.25,
        0.126,
        0.198,
        0.987,
        0.3707
      ],
      [
        250.5,
        0.116,
        0.188,
        0.98,
        0.3715
      ],
      [
        250.75,
        0.143,
        0.219,
        1.0,
        0.3674
      ],
      [
        251.0,
        0.156,
        0.233,
        0.997,
        0.361
      ],
      [
        251.25,
        0.145,
        0.222,
        0.987,
        0.3612
      ],
      [
        251.5,
        0.135,
        0.212,
        0.981,
        0.3623
      ],
      [
        251.75,
        0.171,
        0.253,
        1.0,
        0.3536
      ],
      [
        252.0,
        0.189,
        0.273,
        0.997,
        0.3449
      ],
      [
        252.25,
        0.179,
        0.262,
        0.987,
        0.3452
      ],
      [
        252.5,
        0.169,
        0.252,
        0.982,
        0.3464
      ],
      [
        252.75,
        0.206,
        0.294,
        1.0,
        0.337
      ],
      [
        253.0,
        0.226,
        0.315,
        0.997,
        0.3281
      ],
      [
        253.25,
        0.215,
        0.304,
        0.987,
        0.3285
      ],
      [
        253.5,
        0.205,
        0.294,
        0.979,
        0.3292
      ],
      [
        253.75,
        0.225,
        0.316,
        1.0,
        0.3289
      ],
      [
        254.0,
        0.233,
        0.325,
        0.997,
        0.3243
      ],
      [
        254.25,
        0.222,
        0.314,
        0.987,
        0.3244
      ],
      [
        254.5,
        0.212,
        0.304,
        0.977,
        0.3245
      ],
      [
        254.75,
        0.212,
        0.304,
        1.0,
        0.3347
      ],
      [
        255.0,
        0.207,
        0.3,
        0.997,
        0.3355
      ],
      [
        255.25,
        0.197,
        0.29,
        0.987,
        0.3353
      ],
      [
        255.5,
        0.187,
        0.279,
        0.983,
        0.3368
      ],
      [
        255.75,
        0.221,
        0.318,
        1.0,
        0.3289
      ],
      [
        256.0,
        0.237,
        0.335,
        0.997,
        0.3211
      ],
      [
        256.25,
        0.227,
        0.325,
        0.987,
        0.3215
      ],
      [
        256.5,
        0.216,
        0.314,
        0.977,
        0.3215
      ],
      [
        256.75,
        0.213,
        0.311,
        1.0,
        0.333
      ],
      [
        257.0,
        0.206,
        0.305,
        0.997,
        0.3344
      ],
      [
        257.25,
        0.196,
        0.294,
        0.987,
        0.3342
      ],
      [
        257.5,
        0.185,
        0.284,
        0.978,
        0.3346
      ],
      [
        257.75,
        0.192,
        0.291,
        1.0,
        0.3414
      ],
      [
        258.0,
        0.191,
        0.291,
        0.997,
        0.3404
      ],
      [
        258.25,
        0.18,
        0.28,
        0.987,
        0.3402
      ],
      [
        258.5,
        0.17,
        0.27,
        0.977,
        0.3404
      ],
      [
        258.75,
        0.171,
        0.271,
        1.0,
        0.3499
      ],
      [
        259.0,
        0.166,
        0.267,
        0.997,
        0.351
      ],
      [
        259.25,
        0.156,
        0.257,
        0.987,
        0.351
      ],
      [
        259.5,
        0.147,
        0.247,
        0.986,
        0.3534
      ],
      [
        259.75,
        0.189,
        0.293,
        1.0,
        0.341
      ],
      [
        260.0,
        0.209,
        0.315,
        0.998,
        0.3313
      ],
      [
        260.25,
        0.198,
        0.305,
        0.987,
        0.3316
      ],
      [
        260.5,
        0.189,
        0.295,
        0.987,
        0.3343
      ],
      [
        260.75,
        0.232,
        0.342,
        1.0,
        0.3211
      ],
      [
        261.0,
        0.253,
        0.365,
        0.998,
        0.3113
      ],
      [
        261.25,
        0.242,
        0.354,
        0.987,
        0.3118
      ],
      [
        261.5,
        0.233,
        0.345,
        0.985,
        0.3138
      ],
      [
        261.75,
        0.264,
        0.377,
        1.0,
        0.3071
      ],
      [
        262.0,
        0.276,
        0.393,
        0.998,
        0.3007
      ],
      [
        262.25,
        0.266,
        0.382,
        0.987,
        0.301
      ],
      [
        262.5,
        0.255,
        0.372,
        0.977,
        0.3011
      ],
      [
        262.75,
        0.251,
        0.367,
        1.0,
        0.3127
      ],
      [
        263.0,
        0.243,
        0.36,
        0.997,
        0.3144
      ],
      [
        263.25,
        0.233,
        0.35,
        0.987,
        0.3142
      ],
      [
        263.5,
        0.223,
        0.34,
        0.98,
        0.3152
      ],
      [
        263.75,
        0.234,
        0.351,
        1.0,
        0.3193
      ],
      [
        264.0,
        0.235,
        0.353,
        0.998,
        0.3173
      ],
      [
        264.25,
        0.224,
        0.343,
        0.987,
        0.3171
      ],
      [
        264.5,
        0.214,
        0.332,
        0.977,
        0.317
      ],
      [
        264.75,
        0.205,
        0.324,
        0.98,
        0.3218
      ],
      [
        265.0,
        0.196,
        0.314,
        0.977,
        0.3246
      ],
      [
        265.25,
        0.185,
        0.304,
        0.967,
        0.3244
      ],
      [
        265.5,
        0.175,
        0.293,
        0.958,
        0.3249
      ],
      [
        265.75,
        0.176,
        0.294,
        1.0,
        0.3435
      ],
      [
        266.0,
        0.171,
        0.291,
        0.997,
        0.3446
      ],
      [
        266.25,
        0.161,
        0.28,
        0.987,
        0.3444
      ],
      [
        266.5,
        0.151,
        0.27,
        0.979,
        0.3451
      ],
      [
        266.75,
        0.152,
        0.271,
        1.0,
        0.3539
      ],
      [
        267.0,
        0.147,
        0.267,
        0.998,
        0.3543
      ],
      [
        267.25,
        0.137,
        0.257,
        0.987,
        0.3541
      ],
      [
        267.5,
        0.128,
        0.247,
        0.986,
        0.3567
      ],
      [
        267.75,
        0.152,
        0.273,
        1.0,
        0.3528
      ],
      [
        268.0,
        0.16,
        0.284,
        0.998,
        0.348
      ],
      [
        268.25,
        0.15,
        0.273,
        0.987,
        0.3482
      ],
      [
        268.5,
        0.14,
        0.263,
        0.979,
        0.3489
      ],
      [
        268.75,
        0.14,
        0.264,
        1.0,
        0.3578
      ],
      [
        269.0,
        0.135,
        0.26,
        0.998,
        0.3584
      ],
      [
        269.25,
        0.125,
        0.249,
        0.987,
        0.3582
      ],
      [
        269.5,
        0.117,
        0.241,
        0.995,
        0.363
      ],
      [
        269.75,
        0.166,
        0.292,
        1.0,
        0.3451
      ],
      [
        270.0,
        0.188,
        0.319,
        0.998,
        0.3339
      ],
      [
        270.25,
        0.178,
        0.308,
        0.987,
        0.3345
      ],
      [
        270.5,
        0.17,
        0.3,
        0.996,
        0.3397
      ],
      [
        270.75,
        0.22,
        0.352,
        1.0,
        0.321
      ],
      [
        271.0,
        0.243,
        0.379,
        0.998,
        0.3099
      ],
      [
        271.25,
        0.232,
        0.368,
        0.987,
        0.3106
      ],
      [
        271.5,
        0.224,
        0.359,
        0.991,
        0.3144
      ],
      [
        271.75,
        0.259,
        0.395,
        1.0,
        0.3041
      ],
      [
        272.0,
        0.272,
        0.412,
        0.998,
        0.2972
      ],
      [
        272.25,
        0.261,
        0.401,
        0.987,
        0.2976
      ],
      [
        272.5,
        0.254,
        0.394,
        0.998,
        0.3031
      ],
      [
        272.75,
        0.305,
        0.446,
        1.0,
        0.284
      ],
      [
        273.0,
        0.326,
        0.474,
        0.998,
        0.2735
      ],
      [
        273.25,
        0.316,
        0.463,
        0.987,
        0.2743
      ],
      [
        273.5,
        0.306,
        0.453,
        0.982,
        0.2757
      ],
      [
        273.75,
        0.315,
        0.463,
        1.0,
        0.2792
      ],
      [
        274.0,
        0.316,
        0.464,
        0.998,
        0.2777
      ],
      [
        274.25,
        0.305,
        0.454,
        0.987,
        0.2774
      ],
      [
        274.5,
        0.296,
        0.445,
        0.986,
        0.2798
      ],
      [
        274.75,
        0.315,
        0.464,
        1.0,
        0.2785
      ],
      [
        275.0,
        0.321,
        0.471,
        0.998,
        0.2759
      ],
      [
        275.25,
        0.31,
        0.46,
        0.987,
        0.276
      ],
      [
        275.5,
        0.303,
        0.452,
        0.996,
        0.2808
      ],
      [
        275.75,
        0.342,
        0.492,
        1.0,
        0.2675
      ],
      [
        276.0,
        0.358,
        0.512,
        0.998,
        0.26
      ],
      [
        276.25,
        0.347,
        0.502,
        0.988,
        0.2606
      ],
      [
        276.5,
        0.339,
        0.493,
        0.991,
        0.2643
      ],
      [
        276.75,
        0.368,
        0.522,
        1.0,
        0.2566
      ],
      [
        277.0,
        0.379,
        0.536,
        0.998,
        0.2515
      ],
      [
        277.25,
        0.368,
        0.525,
        0.988,
        0.252
      ],
      [
        277.5,
        0.361,
        0.518,
        1.0,
        0.2577
      ],
      [
        277.75,
        0.412,
        0.568,
        1.0,
        0.2389
      ],
      [
        278.0,
        0.434,
        0.595,
        0.998,
        0.2295
      ],
      [
        278.25,
        0.423,
        0.584,
        0.988,
        0.2306
      ],
      [
        278.5,
        0.413,
        0.574,
        0.981,
        0.2315
      ],
      [
        278.75,
        0.416,
        0.577,
        1.0,
        0.2376
      ],
      [
        279.0,
        0.414,
        0.575,
        0.998,
        0.2375
      ],
      [
        279.25,
        0.403,
        0.565,
        0.987,
        0.2372
      ],
      [
        279.5,
        0.394,
        0.556,
        0.987,
        0.2398
      ],
      [
        279.75,
        0.412,
        0.574,
        1.0,
        0.238
      ],
      [
        280.0,
        0.418,
        0.581,
        0.998,
        0.236
      ],
      [
        280.25,
        0.407,
        0.57,
        0.988,
        0.2362
      ],
      [
        280.5,
        0.397,
        0.56,
        0.979,
        0.2366
      ],
      [
        280.75,
        0.393,
        0.556,
        1.0,
        0.2463
      ],
      [
        281.0,
        0.387,
        0.55,
        0.998,
        0.2478
      ],
      [
        281.25,
        0.376,
        0.539,
        0.987,
        0.2475
      ],
      [
        281.5,
        0.37,
        0.533,
        1.0,
        0.2532
      ],
      [
        281.75,
        0.427,
        0.59,
        1.0,
        0.2321
      ],
      [
        282.0,
        0.452,
        0.621,
        0.998,
        0.2215
      ],
      [
        282.25,
        0.441,
        0.61,
        0.988,
        0.2229
      ],
      [
        282.5,
        0.436,
        0.603,
        1.0,
        0.2283
      ],
      [
        282.75,
        0.493,
        0.66,
        1.0,
        0.2077
      ],
      [
        283.0,
        0.518,
        0.692,
        0.998,
        0.1981
      ],
      [
        283.25,
        0.508,
        0.682,
        0.988,
        0.1997
      ],
      [
        283.5,
        0.501,
        0.673,
        1.0,
        0.2048
      ],
      [
        283.75,
        0.549,
        0.721,
        1.0,
        0.1889
      ],
      [
        284.0,
        0.569,
        0.747,
        0.998,
        0.1824
      ],
      [
        284.25,
        0.558,
        0.736,
        0.988,
        0.1838
      ],
      [
        284.5,
        0.552,
        0.728,
        1.0,
        0.1886
      ],
      [
        284.75,
        0.593,
        0.769,
        1.0,
        0.1756
      ],
      [
        285.0,
        0.61,
        0.791,
        0.998,
        0.1712
      ],
      [
        285.25,
        0.6,
        0.781,
        0.988,
        0.1725
      ],
      [
        285.5,
        0.594,
        0.773,
        1.0,
        0.1767
      ],
      [
        285.75,
        0.646,
        0.825,
        1.0,
        0.1618
      ],
      [
        286.0,
        0.669,
        0.854,
        0.998,
        0.1573
      ],
      [
        286.25,
        0.659,
        0.843,
        0.988,
        0.1594
      ],
      [
        286.5,
        0.649,
        0.833,
        0.98,
        0.1594
      ],
      [
        286.75,
        0.646,
        0.83,
        1.0,
        0.1651
      ],
      [
        287.0,
        0.64,
        0.824,
        0.998,
        0.1657
      ],
      [
        287.25,
        0.629,
        0.813,
        0.987,
        0.1651
      ],
      [
        287.5,
        0.622,
        0.805,
        0.997,
        0.1688
      ],
      [
        287.75,
        0.654,
        0.837,
        1.0,
        0.161
      ],
      [
        288.0,
        0.667,
        0.852,
        0.998,
        0.1595
      ],
      [
        288.25,
        0.656,
        0.842,
        0.988,
        0.1605
      ],
      [
        288.5,
        0.649,
        0.834,
        1.0,
        0.1642
      ],
      [
        288.75,
        0.683,
        0.868,
        1.0,
        0.1554
      ],
      [
        289.0,
        0.697,
        0.885,
        0.999,
        0.1536
      ],
      [
        289.25,
        0.687,
        0.874,
        0.988,
        0.1548
      ],
      [
        289.5,
        0.679,
        0.866,
        0.995,
        0.1573
      ],
      [
        289.75,
        0.705,
        0.892,
        1.0,
        0.1518
      ],
      [
        290.0,
        0.715,
        0.904,
        0.998,
        0.1506
      ],
      [
        290.25,
        0.705,
        0.894,
        0.988,
        0.1517
      ],
      [
        290.5,
        0.7,
        0.888,
        1.0,
        0.1544
      ],
      [
        290.75,
        0.754,
        0.943,
        1.0,
        0.1414
      ],
      [
        291.0,
        0.778,
        0.972,
        0.999,
        0.1376
      ],
      [
        291.25,
        0.768,
        0.962,
        0.988,
        0.1404
      ],
      [
        291.5,
        0.764,
        0.956,
        1.0,
        0.1422
      ],
      [
        291.75,
        0.82,
        1.0,
        1.0,
        0.1302
      ],
      [
        292.0,
        0.846,
        0.998,
        0.999,
        0.1269
      ],
      [
        292.25,
        0.835,
        0.988,
        0.988,
        0.1301
      ],
      [
        292.5,
        0.825,
        0.977,
        0.979,
        0.1295
      ],
      [
        292.75,
        0.817,
        0.97,
        0.986,
        0.1304
      ],
      [
        293.0,
        0.808,
        0.961,
        0.987,
        0.1308
      ],
      [
        293.25,
        0.798,
        0.95,
        0.976,
        0.1299
      ],
      [
        293.5,
        0.793,
        0.945,
        1.0,
        0.1329
      ],
      [
        293.75,
        0.847,
        0.999,
        1.0,
        0.1264
      ],
      [
        294.0,
        0.873,
        0.998,
        0.999,
        0.1235
      ],
      [
        294.25,
        0.862,
        0.988,
        0.988,
        0.1269
      ],
      [
        294.5,
        0.859,
        0.983,
        1.0,
        0.1277
      ],
      [
        294.75,
        0.921,
        1.0,
        1.0,
        0.1163
      ],
      [
        295.0,
        0.952,
        0.998,
        0.999,
        0.1138
      ],
      [
        295.25,
        0.942,
        0.988,
        0.988,
        0.1176
      ],
      [
        295.5,
        0.935,
        0.981,
        1.0,
        0.1188
      ],
      [
        295.75,
        0.967,
        1.0,
        1.0,
        0.114
      ],
      [
        296.0,
        0.98,
        0.998,
        0.999,
        0.1146
      ],
      [
        296.25,
        0.97,
        0.988,
        0.988,
        0.1164
      ],
      [
        296.5,
        0.961,
        0.979,
        0.989,
        0.1159
      ],
      [
        296.75,
        0.968,
        0.986,
        1.0,
        0.1152
      ],
      [
        297.0,
        0.967,
        0.986,
        0.999,
        0.1143
      ],
      [
        297.25,
        0.957,
        0.975,
        0.988,
        0.1132
      ],
      [
        297.5,
        0.953,
        0.971,
        1.0,
        0.1136
      ],
      [
        297.75,
        1.0,
        1.0,
        1.0,
        0.1095
      ],
      [
        298.0,
        0.996,
        0.998,
        0.999,
        0.1093
      ],
      [
        298.25,
        0.986,
        0.988,
        0.988,
        0.1133
      ],
      [
        298.5,
        0.981,
        0.984,
        1.0,
        0.1138
      ],
      [
        298.75,
        1.0,
        1.0,
        1.0,
        0.1064
      ],
      [
        299.0,
        0.996,
        0.998,
        0.999,
        0.1061
      ],
      [
        299.25,
        0.986,
        0.988,
        0.988,
        0.1102
      ],
      [
        299.5,
        0.981,
        0.983,
        1.0,
        0.1111
      ],
      [
        299.75,
        1.0,
        1.0,
        1.0,
        0.1059
      ],
      [
        300.0,
        0.997,
        0.998,
        0.999,
        0.1068
      ],
      [
        300.25,
        0.986,
        0.988,
        0.988,
        0.1106
      ],
      [
        300.5,
        0.982,
        0.984,
        1.0,
        0.1102
      ],
      [
        300.75,
        1.0,
        1.0,
        1.0,
        0.105
      ],
      [
        301.0,
        0.997,
        0.999,
        0.999,
        0.1057
      ],
      [
        301.25,
        0.986,
        0.988,
        0.988,
        0.1098
      ],
      [
        301.5,
        0.983,
        0.985,
        1.0,
        0.1097
      ],
      [
        301.75,
        1.0,
        1.0,
        1.0,
        0.1041
      ],
      [
        302.0,
        0.997,
        0.999,
        0.999,
        0.1043
      ],
      [
        302.25,
        0.986,
        0.988,
        0.989,
        0.1085
      ],
      [
        302.5,
        0.983,
        0.985,
        1.0,
        0.1095
      ],
      [
        302.75,
        1.0,
        1.0,
        1.0,
        0.104
      ],
      [
        303.0,
        0.997,
        0.999,
        0.999,
        0.1043
      ],
      [
        303.25,
        0.986,
        0.988,
        0.989,
        0.1085
      ],
      [
        303.5,
        0.977,
        0.979,
        0.986,
        0.1092
      ],
      [
        303.75,
        0.98,
        0.982,
        1.0,
        0.1086
      ],
      [
        304.0,
        0.978,
        0.98,
        0.999,
        0.1075
      ],
      [
        304.25,
        0.968,
        0.97,
        0.988,
        0.1063
      ],
      [
        304.5,
        0.964,
        0.967,
        1.0,
        0.1063
      ],
      [
        304.75,
        1.0,
        1.0,
        1.0,
        0.1034
      ],
      [
        305.0,
        0.997,
        0.999,
        0.999,
        0.1039
      ],
      [
        305.25,
        0.986,
        0.988,
        0.989,
        0.1081
      ],
      [
        305.5,
        0.977,
        0.978,
        0.982,
        0.109
      ],
      [
        305.75,
        0.973,
        0.975,
        1.0,
        0.1091
      ],
      [
        306.0,
        0.967,
        0.969,
        0.998,
        0.1083
      ],
      [
        306.25,
        0.957,
        0.959,
        0.988,
        0.1072
      ],
      [
        306.5,
        0.95,
        0.952,
        1.0,
        0.1078
      ],
      [
        306.75,
        0.98,
        0.982,
        1.0,
        0.1047
      ],
      [
        307.0,
        0.994,
        0.998,
        0.999,
        0.1082
      ],
      [
        307.25,
        0.983,
        0.987,
        0.989,
        0.11
      ],
      [
        307.5,
        0.978,
        0.983,
        1.0,
        0.1096
      ],
      [
        307.75,
        1.0,
        1.0,
        1.0,
        0.1054
      ],
      [
        308.0,
        0.997,
        0.999,
        0.999,
        0.1069
      ],
      [
        308.25,
        0.987,
        0.988,
        0.989,
        0.1101
      ],
      [
        308.5,
        0.983,
        0.986,
        1.0,
        0.1095
      ],
      [
        308.75,
        1.0,
        1.0,
        1.0,
        0.1041
      ],
      [
        309.0,
        0.997,
        0.999,
        0.999,
        0.1043
      ],
      [
        309.25,
        0.986,
        0.988,
        0.989,
        0.1085
      ],
      [
        309.5,
        0.978,
        0.98,
        0.99,
        0.1093
      ],
      [
        309.75,
        0.986,
        0.988,
        1.0,
        0.1083
      ],
      [
        310.0,
        0.986,
        0.989,
        0.999,
        0.1071
      ],
      [
        310.25,
        0.976,
        0.978,
        0.988,
        0.1059
      ],
      [
        310.5,
        0.972,
        0.975,
        1.0,
        0.1056
      ],
      [
        310.75,
        1.0,
        1.0,
        1.0,
        0.1041
      ],
      [
        311.0,
        0.997,
        0.999,
        0.999,
        0.1052
      ],
      [
        311.25,
        0.986,
        0.988,
        0.989,
        0.1093
      ],
      [
        311.5,
        0.978,
        0.98,
        0.992,
        0.1094
      ],
      [
        311.75,
        0.984,
        0.986,
        1.0,
        0.1084
      ],
      [
        312.0,
        0.984,
        0.987,
        0.999,
        0.1072
      ],
      [
        312.25,
        0.973,
        0.976,
        0.989,
        0.106
      ],
      [
        312.5,
        0.967,
        0.971,
        1.0,
        0.106
      ],
      [
        312.75,
        1.0,
        1.0,
        1.0,
        0.1055
      ],
      [
        313.0,
        0.997,
        0.999,
        0.999,
        0.1076
      ],
      [
        313.25,
        0.987,
        0.988,
        0.989,
        0.1101
      ],
      [
        313.5,
        0.982,
        0.984,
        1.0,
        0.1096
      ],
      [
        313.75,
        1.0,
        1.0,
        1.0,
        0.1055
      ],
      [
        314.0,
        0.997,
        0.999,
        0.999,
        0.1072
      ],
      [
        314.25,
        0.987,
        0.988,
        0.989,
        0.1101
      ],
      [
        314.5,
        0.983,
        0.985,
        1.0,
        0.1096
      ],
      [
        314.75,
        1.0,
        1.0,
        1.0,
        0.1052
      ],
      [
        315.0,
        0.997,
        0.999,
        0.999,
        0.1065
      ],
      [
        315.25,
        0.987,
        0.988,
        0.989,
        0.1101
      ],
      [
        315.5,
        0.983,
        0.985,
        1.0,
        0.1096
      ],
      [
        315.75,
        1.0,
        1.0,
        1.0,
        0.1052
      ],
      [
        316.0,
        0.997,
        0.999,
        0.999,
        0.1064
      ],
      [
        316.25,
        0.987,
        0.988,
        0.989,
        0.1101
      ],
      [
        316.5,
        0.979,
        0.98,
        0.996,
        0.1096
      ],
      [
        316.75,
        0.993,
        0.994,
        1.0,
        0.108
      ],
      [
        317.0,
        0.997,
        0.998,
        0.999,
        0.1066
      ],
      [
        317.25,
        0.987,
        0.987,
        0.989,
        0.1054
      ],
      [
        317.5,
        0.978,
        0.979,
        0.991,
        0.1047
      ],
      [
        317.75,
        0.985,
        0.986,
        1.0,
        0.1066
      ],
      [
        318.0,
        0.986,
        0.987,
        0.999,
        0.1105
      ],
      [
        318.25,
        0.975,
        0.976,
        0.989,
        0.1093
      ],
      [
        318.5,
        0.968,
        0.97,
        1.0,
        0.1093
      ],
      [
        318.75,
        0.994,
        0.995,
        1.0,
        0.1066
      ],
      [
        319.0,
        0.998,
        0.999,
        0.999,
        0.1082
      ],
      [
        319.25,
        0.987,
        0.988,
        0.989,
        0.1101
      ],
      [
        319.5,
        0.985,
        0.988,
        1.0,
        0.1094
      ],
      [
        319.75,
        1.0,
        1.0,
        1.0,
        0.1036
      ],
      [
        320.0,
        0.997,
        0.999,
        1.0,
        0.1034
      ],
      [
        320.25,
        0.987,
        0.989,
        0.989,
        0.1075
      ],
      [
        320.5,
        0.986,
        0.988,
        1.0,
        0.1094
      ],
      [
        320.75,
        1.0,
        1.0,
        1.0,
        0.1036
      ],
      [
        321.0,
        0.997,
        0.999,
        1.0,
        0.1034
      ],
      [
        321.25,
        0.987,
        0.989,
        0.989,
        0.1076
      ],
      [
        321.5,
        0.984,
        0.986,
        1.0,
        0.1095
      ],
      [
        321.75,
        1.0,
        1.0,
        1.0,
        0.105
      ],
      [
        322.0,
        0.997,
        0.999,
        1.0,
        0.1061
      ],
      [
        322.25,
        0.987,
        0.989,
        0.989,
        0.1101
      ],
      [
        322.5,
        0.985,
        0.987,
        1.0,
        0.1095
      ],
      [
        322.75,
        1.0,
        1.0,
        1.0,
        0.1046
      ],
      [
        323.0,
        0.997,
        0.999,
        1.0,
        0.1051
      ],
      [
        323.25,
        0.987,
        0.989,
        0.989,
        0.1093
      ],
      [
        323.5,
        0.984,
        0.987,
        1.0,
        0.1095
      ],
      [
        323.75,
        1.0,
        1.0,
        1.0,
        0.1048
      ],
      [
        324.0,
        0.997,
        0.999,
        1.0,
        0.1055
      ],
      [
        324.25,
        0.987,
        0.989,
        0.989,
        0.1097
      ],
      [
        324.5,
        0.986,
        0.989,
        1.0,
        0.1094
      ],
      [
        324.75,
        1.0,
        1.0,
        1.0,
        0.1035
      ],
      [
        325.0,
        0.997,
        0.999,
        1.0,
        0.1031
      ],
      [
        325.25,
        0.987,
        0.989,
        0.989,
        0.1073
      ],
      [
        325.5,
        0.986,
        0.989,
        1.0,
        0.1094
      ],
      [
        325.75,
        1.0,
        1.0,
        1.0,
        0.1034
      ],
      [
        326.0,
        0.997,
        0.999,
        1.0,
        0.1031
      ],
      [
        326.25,
        0.987,
        0.989,
        0.989,
        0.1072
      ],
      [
        326.5,
        0.984,
        0.986,
        1.0,
        0.1096
      ],
      [
        326.75,
        1.0,
        1.0,
        1.0,
        0.1052
      ],
      [
        327.0,
        0.998,
        0.999,
        1.0,
        0.1064
      ],
      [
        327.25,
        0.987,
        0.989,
        0.989,
        0.1102
      ],
      [
        327.5,
        0.978,
        0.98,
        0.99,
        0.1094
      ],
      [
        327.75,
        0.983,
        0.985,
        1.0,
        0.1085
      ],
      [
        328.0,
        0.983,
        0.984,
        0.999,
        0.1074
      ],
      [
        328.25,
        0.972,
        0.974,
        0.989,
        0.1062
      ],
      [
        328.5,
        0.966,
        0.968,
        1.0,
        0.1063
      ],
      [
        328.75,
        0.991,
        0.993,
        1.0,
        0.1055
      ],
      [
        329.0,
        0.998,
        0.999,
        1.0,
        0.1088
      ],
      [
        329.25,
        0.987,
        0.988,
        0.989,
        0.1102
      ],
      [
        329.5,
        0.986,
        0.989,
        1.0,
        0.1094
      ],
      [
        329.75,
        1.0,
        1.0,
        1.0,
        0.1035
      ],
      [
        330.0,
        0.998,
        0.999,
        1.0,
        0.1031
      ],
      [
        330.25,
        0.987,
        0.989,
        0.989,
        0.1073
      ],
      [
        330.5,
        0.986,
        0.989,
        1.0,
        0.1094
      ],
      [
        330.75,
        1.0,
        1.0,
        1.0,
        0.104
      ],
      [
        331.0,
        0.998,
        0.999,
        1.0,
        0.104
      ],
      [
        331.25,
        0.987,
        0.989,
        0.989,
        0.1082
      ],
      [
        331.5,
        0.985,
        0.987,
        1.0,
        0.1095
      ],
      [
        331.75,
        1.0,
        1.0,
        1.0,
        0.1049
      ],
      [
        332.0,
        0.998,
        0.999,
        1.0,
        0.1057
      ],
      [
        332.25,
        0.987,
        0.989,
        0.989,
        0.1099
      ],
      [
        332.5,
        0.982,
        0.984,
        1.0,
        0.1097
      ],
      [
        332.75,
        1.0,
        1.0,
        1.0,
        0.1062
      ],
      [
        333.0,
        0.998,
        0.999,
        1.0,
        0.1081
      ],
      [
        333.25,
        0.988,
        0.989,
        0.989,
        0.1102
      ],
      [
        333.5,
        0.979,
        0.98,
        0.992,
        0.1094
      ],
      [
        333.75,
        0.983,
        0.984,
        1.0,
        0.1085
      ],
      [
        334.0,
        0.982,
        0.984,
        1.0,
        0.1074
      ],
      [
        334.25,
        0.971,
        0.973,
        0.989,
        0.1063
      ],
      [
        334.5,
        0.965,
        0.967,
        1.0,
        0.1063
      ],
      [
        334.75,
        0.986,
        0.989,
        1.0,
        0.1054
      ],
      [
        335.0,
        0.996,
        0.999,
        1.0,
        0.1091
      ],
      [
        335.25,
        0.985,
        0.989,
        0.989,
        0.1101
      ],
      [
        335.5,
        0.984,
        0.988,
        1.0,
        0.1094
      ],
      [
        335.75,
        1.0,
        1.0,
        1.0,
        0.1042
      ],
      [
        336.0,
        0.998,
        0.999,
        1.0,
        0.1043
      ],
      [
        336.25,
        0.987,
        0.989,
        0.99,
        0.1085
      ],
      [
        336.5,
        0.987,
        0.99,
        1.0,
        0.1094
      ],
      [
        336.75,
        1.0,
        1.0,
        1.0,
        0.1036
      ],
      [
        337.0,
        0.998,
        0.999,
        1.0,
        0.1033
      ],
      [
        337.25,
        0.987,
        0.989,
        0.99,
        0.1074
      ],
      [
        337.5,
        0.988,
        0.99,
        1.0,
        0.1094
      ],
      [
        337.75,
        1.0,
        1.0,
        1.0,
        0.1033
      ],
      [
        338.0,
        0.998,
        0.999,
        1.0,
        0.1027
      ],
      [
        338.25,
        0.987,
        0.989,
        0.99,
        0.1069
      ],
      [
        338.5,
        0.988,
        0.99,
        1.0,
        0.1094
      ],
      [
        338.75,
        1.0,
        1.0,
        1.0,
        0.1033
      ],
      [
        339.0,
        0.998,
        0.999,
        1.0,
        0.1027
      ],
      [
        339.25,
        0.987,
        0.989,
        0.99,
        0.1069
      ],
      [
        339.5,
        0.986,
        0.988,
        1.0,
        0.1095
      ],
      [
        339.75,
        1.0,
        1.0,
        1.0,
        0.1046
      ],
      [
        340.0,
        0.998,
        0.999,
        1.0,
        0.1049
      ],
      [
        340.25,
        0.987,
        0.989,
        0.989,
        0.1091
      ],
      [
        340.5,
        0.98,
        0.982,
        1.0,
        0.1098
      ],
      [
        340.75,
        1.0,
        1.0,
        1.0,
        0.1076
      ],
      [
        341.0,
        0.998,
        0.999,
        1.0,
        0.1074
      ],
      [
        341.25,
        0.988,
        0.988,
        0.99,
        0.1102
      ],
      [
        341.5,
        0.981,
        0.982,
        1.0,
        0.1098
      ],
      [
        341.75,
        1.0,
        1.0,
        1.0,
        0.1071
      ],
      [
        342.0,
        0.998,
        0.999,
        1.0,
        0.1081
      ],
      [
        342.25,
        0.988,
        0.989,
        0.99,
        0.1102
      ],
      [
        342.5,
        0.987,
        0.99,
        1.0,
        0.1094
      ],
      [
        342.75,
        1.0,
        1.0,
        1.0,
        0.1033
      ],
      [
        343.0,
        0.998,
        1.0,
        1.0,
        0.1026
      ],
      [
        343.25,
        0.987,
        0.989,
        0.99,
        0.1068
      ],
      [
        343.5,
        0.988,
        0.991,
        1.0,
        0.1094
      ],
      [
        343.75,
        1.0,
        1.0,
        1.0,
        0.1033
      ],
      [
        344.0,
        0.998,
        1.0,
        1.0,
        0.1026
      ],
      [
        344.25,
        0.987,
        0.989,
        0.99,
        0.1068
      ],
      [
        344.5,
        0.986,
        0.988,
        1.0,
        0.1095
      ],
      [
        344.75,
        1.0,
        1.0,
        1.0,
        0.1048
      ],
      [
        345.0,
        0.998,
        1.0,
        1.0,
        0.1054
      ],
      [
        345.25,
        0.987,
        0.989,
        0.99,
        0.1096
      ],
      [
        345.5,
        0.985,
        0.987,
        1.0,
        0.1096
      ],
      [
        345.75,
        1.0,
        1.0,
        1.0,
        0.1051
      ],
      [
        346.0,
        0.998,
        1.0,
        1.0,
        0.106
      ],
      [
        346.25,
        0.988,
        0.989,
        0.99,
        0.1101
      ],
      [
        346.5,
        0.987,
        0.989,
        1.0,
        0.1095
      ],
      [
        346.75,
        1.0,
        1.0,
        1.0,
        0.1041
      ],
      [
        347.0,
        0.998,
        1.0,
        1.0,
        0.1041
      ],
      [
        347.25,
        0.987,
        0.989,
        0.99,
        0.1083
      ],
      [
        347.5,
        0.988,
        0.99,
        1.0,
        0.1094
      ],
      [
        347.75,
        1.0,
        1.0,
        1.0,
        0.1034
      ],
      [
        348.0,
        0.998,
        1.0,
        1.0,
        0.1027
      ],
      [
        348.25,
        0.987,
        0.989,
        0.99,
        0.1069
      ],
      [
        348.5,
        0.985,
        0.987,
        1.0,
        0.1096
      ],
      [
        348.75,
        1.0,
        1.0,
        1.0,
        0.1049
      ],
      [
        349.0,
        0.998,
        1.0,
        1.0,
        0.1056
      ],
      [
        349.25,
        0.988,
        0.989,
        0.99,
        0.1098
      ],
      [
        349.5,
        0.985,
        0.987,
        1.0,
        0.1096
      ],
      [
        349.75,
        1.0,
        1.0,
        1.0,
        0.1052
      ],
      [
        350.0,
        0.998,
        1.0,
        1.0,
        0.1062
      ],
      [
        350.25,
        0.988,
        0.989,
        0.99,
        0.1102
      ],
      [
        350.5,
        0.987,
        0.989,
        1.0,
        0.1095
      ],
      [
        350.75,
        1.0,
        1.0,
        1.0,
        0.104
      ],
      [
        351.0,
        0.998,
        1.0,
        1.0,
        0.1038
      ],
      [
        351.25,
        0.987,
        0.989,
        0.99,
        0.108
      ],
      [
        351.5,
        0.987,
        0.989,
        1.0,
        0.1095
      ],
      [
        351.75,
        1.0,
        1.0,
        1.0,
        0.104
      ],
      [
        352.0,
        0.998,
        1.0,
        1.0,
        0.1039
      ],
      [
        352.25,
        0.987,
        0.989,
        0.989,
        0.1081
      ],
      [
        352.5,
        0.979,
        0.981,
        0.994,
        0.1096
      ],
      [
        352.75,
        0.987,
        0.989,
        1.0,
        0.1083
      ],
      [
        353.0,
        0.989,
        0.991,
        1.0,
        0.1071
      ],
      [
        353.25,
        0.978,
        0.98,
        0.99,
        0.1059
      ],
      [
        353.5,
        0.977,
        0.98,
        1.0,
        0.1054
      ],
      [
        353.75,
        1.0,
        1.0,
        1.0,
        0.1034
      ],
      [
        354.0,
        0.998,
        1.0,
        1.0,
        0.1036
      ],
      [
        354.25,
        0.987,
        0.989,
        0.99,
        0.1078
      ],
      [
        354.5,
        0.982,
        0.984,
        1.0,
        0.1098
      ],
      [
        354.75,
        1.0,
        1.0,
        1.0,
        0.1062
      ],
      [
        355.0,
        0.998,
        0.999,
        1.0,
        0.108
      ],
      [
        355.25,
        0.988,
        0.989,
        0.99,
        0.1102
      ],
      [
        355.5,
        0.985,
        0.987,
        1.0,
        0.1096
      ],
      [
        355.75,
        1.0,
        1.0,
        1.0,
        0.1052
      ],
      [
        356.0,
        0.998,
        1.0,
        1.0,
        0.1062
      ],
      [
        356.25,
        0.988,
        0.989,
        0.99,
        0.1102
      ],
      [
        356.5,
        0.984,
        0.986,
        1.0,
        0.1097
      ],
      [
        356.75,
        1.0,
        1.0,
        1.0,
        0.1055
      ],
      [
        357.0,
        0.998,
        1.0,
        1.0,
        0.1069
      ],
      [
        357.25,
        0.988,
        0.989,
        0.99,
        0.1102
      ],
      [
        357.5,
        0.983,
        0.984,
        1.0,
        0.1098
      ],
      [
        357.75,
        1.0,
        1.0,
        1.0,
        0.1061
      ],
      [
        358.0,
        0.998,
        0.999,
        1.0,
        0.108
      ],
      [
        358.25,
        0.988,
        0.989,
        0.99,
        0.1102
      ],
      [
        358.5,
        0.987,
        0.99,
        1.0,
        0.1094
      ],
      [
        358.75,
        1.0,
        1.0,
        1.0,
        0.1037
      ],
      [
        359.0,
        0.998,
        1.0,
        1.0,
        0.1032
      ],
      [
        359.25,
        0.987,
        0.989,
        0.99,
        0.1074
      ],
      [
        359.5,
        0.986,
        0.988,
        1.0,
        0.1095
      ],
      [
        359.75,
        1.0,
        1.0,
        1.0,
        0.1045
      ],
      [
        360.0,
        0.998,
        1.0,
        1.0,
        0.1047
      ],
      [
        360.25,
        0.987,
        0.989,
        0.99,
        0.1089
      ],
      [
        360.5,
        0.983,
        0.985,
        1.0,
        0.1097
      ],
      [
        360.75,
        1.0,
        1.0,
        1.0,
        0.1057
      ],
      [
        361.0,
        0.998,
        1.0,
        1.0,
        0.1073
      ],
      [
        361.25,
        0.988,
        0.989,
        0.99,
        0.1102
      ],
      [
        361.5,
        0.986,
        0.989,
        1.0,
        0.1095
      ],
      [
        361.75,
        1.0,
        1.0,
        1.0,
        0.1042
      ],
      [
        362.0,
        0.998,
        1.0,
        1.0,
        0.1042
      ],
      [
        362.25,
        0.987,
        0.989,
        0.99,
        0.1084
      ],
      [
        362.5,
        0.987,
        0.99,
        1.0,
        0.1094
      ],
      [
        362.75,
        1.0,
        1.0,
        1.0,
        0.1035
      ],
      [
        363.0,
        0.998,
        1.0,
        1.0,
        0.1028
      ],
      [
        363.25,
        0.987,
        0.989,
        0.99,
        0.107
      ],
      [
        363.5,
        0.988,
        0.99,
        1.0,
        0.1094
      ],
      [
        363.75,
        1.0,
        1.0,
        1.0,
        0.1033
      ],
      [
        364.0,
        0.998,
        1.0,
        1.0,
        0.1024
      ],
      [
        364.25,
        0.988,
        0.989,
        0.99,
        0.1066
      ],
      [
        364.5,
        0.986,
        0.988,
        1.0,
        0.1096
      ],
      [
        364.75,
        1.0,
        1.0,
        1.0,
        0.1046
      ]
    ]
  },
  "beacon_interval_s": 900.0,
  "n_nodes": 313,
  "daily_kt": [],
  "channel_utilization": 0.11649,
  "start_date": "2025-07-01",
  "weather_driven": true,
  "packets_originated": 1751783,
  "pdr_overall": 0.9083,
  "sos": {
    "sent": 206,
    "delivered": 203,
    "latencies_s": [
      0.93,
      1.6,
      0.79,
      0.78,
      4.41,
      1.67,
      1.07,
      3.97,
      1.46,
      1.35,
      1.38,
      2.27,
      1.27,
      4.25,
      3.53,
      1.66,
      1.57,
      1.58,
      0.74,
      1.21,
      4.69,
      0.84,
      1.48,
      4.9,
      2.83,
      3.93,
      0.89,
      1.61,
      4.79,
      1.59,
      0.99,
      4.35,
      2.76,
      0.96,
      1.48,
      4.62,
      1.44,
      4.85,
      0.88,
      1.54,
      0.91,
      1.3,
      1.5,
      1.05,
      1.58,
      2.83,
      3.36,
      1.02,
      0.8,
      1.49,
      0.89,
      3.74,
      4.42,
      2.88,
      1.24,
      1.05,
      3.71,
      1.41,
      2.55,
      1.05,
      1.47,
      3.13,
      1.19,
      2.63,
      1.72,
      2.2,
      7.85,
      2.86,
      5.53,
      0.82,
      2.59,
      1.61,
      1.46,
      3.13,
      1.25,
      2.75,
      2.73,
      0.77,
      2.1,
      1.03,
      0.9,
      1.3,
      1.75,
      2.81,
      1.31,
      0.97,
      4.58,
      2.58,
      3.96,
      0.84,
      0.88,
      1.29,
      1.7,
      1.47,
      1298.89,
      1.74,
      1.28,
      2.98,
      2.94,
      1.29,
      1.24,
      4.63,
      1.33,
      1.31,
      1.13,
      1.65,
      1.7,
      95.69,
      1.49,
      0.84,
      1.25,
      1.23,
      1.36,
      1.27,
      0.97,
      1.59,
      3.23,
      1.11,
      2.37,
      1.66,
      0.93,
      1.27,
      1.43,
      3.13,
      1.15,
      2.53,
      1.18,
      4.73,
      3.16,
      2.52,
      3.02,
      4.43,
      1.27,
      4.58,
      1.31,
      1.38,
      0.87,
      1.07,
      2.73,
      4.99,
      1.47,
      1.06,
      0.75,
      1.18,
      0.83,
      1.51,
      2.07,
      1.75,
      4.57,
      1.24,
      1.54,
      1.09,
      4.97,
      2.94,
      2.99,
      1.11,
      1.11,
      2.56,
      1.56,
      1.23,
      1.36,
      1.61,
      1.2,
      1.11,
      0.99,
      0.77,
      1.06,
      1.66,
      1.3,
      1.4,
      3.55,
      1.6,
      0.8,
      1.67,
      2.1,
      0.87,
      1.72,
      5.85,
      0.75,
      2.0,
      4.09,
      0.87,
      1.68,
      1.38,
      2.2,
      1.42,
      1.24,
      1.5,
      1.41,
      1.0,
      5.47,
      0.78,
      1.71,
      0.94,
      0.9,
      3.47,
      1.32,
      1.43,
      0.75,
      1.23,
      1.49,
      0.88,
      1.15
    ],
    "mean_tries": 6.13,
    "level": "incident"
  }
}
struggling links (342 of 610 active):
         attitash_base <-> jackson_village      PRR 0.05  margin  -14.6 dB  (40 tries)
             lion_head <-> madison_hut          PRR 0.05  margin  -12.8 dB  (74924 tries)
       garfield_summit <-> hancock_th           PRR 0.05  margin  -13.3 dB  (53034 tries)
            baldface_s <-> wild_river_cg        PRR 0.05  margin  -13.0 dB  (17976 tries)
        grayknob_cabin <-> great_gulf_th        PRR 0.05  margin  -12.1 dB  (34697 tries)
             crag_camp <-> great_gulf_th        PRR 0.05  margin  -12.6 dB  (38896 tries)
       chocorua_summit <-> whiteface_summit     PRR 0.05  margin  -13.4 dB  (26985 tries)
             mead_base <-> rockywold_camps      PRR 0.05  margin  -12.3 dB  (734 tries)
             kinsman_n <-> lafayette_place      PRR 0.05  margin  -12.3 dB  (14462 tries)
             bondcliff <-> south_twin           PRR 0.06  margin  -12.9 dB  (36317 tries)
            glen_ellis <-> madison_hut          PRR 0.06  margin  -12.7 dB  (57733 tries)
       isolation_davis <-> jewell_relay         PRR 0.06  margin  -11.6 dB  (2460 tries)
per-node:
  summit_shermanadams    tx 11605  rx 519535  col 169170  dup- 4210  E_tx   2.557 Wh  solar    0.00 Wh  SOC 100.0%  deaths 0  [grid]
  gateway_marshfield     tx 11150  rx 211936  col 24113  dup- 3803  E_tx   2.469 Wh  solar    0.00 Wh  SOC 100.0%  deaths 0  [grid]
  pinkham_notch_vc       tx 12145  rx 183456  col 8052  dup- 3445  E_tx   2.694 Wh  solar    0.00 Wh  SOC 100.0%  deaths 0  [grid]
  highland_center        tx 11846  rx  87025  col 4384  dup- 2693  E_tx   2.622 Wh  solar    0.00 Wh  SOC 100.0%  deaths 0  [grid]
  lakes_hut              tx 21078  rx 214686  col 25603  dup- 3133  E_tx   4.432 Wh  solar 5140.80 Wh  SOC 100.0%  deaths 0  [solar]
  madison_hut            tx 48624  rx 135117  col 10075  dup- 2033  E_tx   9.825 Wh  solar 4915.94 Wh  SOC 100.0%  deaths 0  [solar]
  mizpah_hut             tx 22762  rx 143398  col 9655  dup- 2967  E_tx   4.790 Wh  solar 5180.97 Wh  SOC 100.0%  deaths 0  [solar]
  carter_notch_hut       tx 14824  rx  61485  col  955  dup-  157  E_tx   3.049 Wh  solar  676.54 Wh  SOC 99.7%  deaths 14  [solar]
  grayknob_cabin         tx 22391  rx 158752  col 11707  dup- 3256  E_tx   4.728 Wh  solar 5098.70 Wh  SOC 100.0%  deaths 0  [solar]
  hermit_lake            tx 21136  rx 168711  col 6140  dup- 3173  E_tx   4.452 Wh  solar 4803.78 Wh  SOC 100.0%  deaths 0  [solar]
  crag_camp              tx 28031  rx 197593  col 31468  dup- 5154  E_tx   5.750 Wh  solar 5087.08 Wh  SOC 100.0%  deaths 0  [solar]
  dolly_copp             tx 17389  rx 114125  col 11029  dup- 3205  E_tx   3.626 Wh  solar  733.30 Wh  SOC 99.7%  deaths 13  [solar]
  ammo_relay             tx 20621  rx 142092  col 10935  dup- 3002  E_tx   4.301 Wh  solar 4658.82 Wh  SOC 100.0%  deaths 0  [solar]
  jewell_relay           tx 21428  rx 234553  col 34468  dup- 3728  E_tx   4.498 Wh  solar 4960.32 Wh  SOC 100.0%  deaths 0  [solar]
  clay_relay             tx 36063  rx 208021  col 40601  dup- 3917  E_tx   7.327 Wh  solar 5009.53 Wh  SOC 100.0%  deaths 0  [solar]
  monroe_flank           tx 24252  rx 325847  col 72310  dup- 3343  E_tx   5.121 Wh  solar 5221.11 Wh  SOC 100.0%  deaths 0  [solar]
  lion_head              tx 30971  rx 272178  col 50937  dup- 3808  E_tx   6.335 Wh  solar 5088.65 Wh  SOC 100.0%  deaths 0  [solar]
  boott_spur             tx 24033  rx 234635  col 25915  dup- 3685  E_tx   5.021 Wh  solar 4160.93 Wh  SOC 100.0%  deaths 0  [solar]
  jefferson_lawn         tx 22178  rx 312311  col 76520  dup- 5348  E_tx   4.626 Wh  solar 5182.37 Wh  SOC 100.0%  deaths 0  [solar]
  thunderstorm_jct       tx 26117  rx 292181  col 60605  dup- 4940  E_tx   5.388 Wh  solar 5217.91 Wh  SOC 100.0%  deaths 0  [solar]
  eisenhower_relay       tx 22552  rx 270171  col 55928  dup- 3734  E_tx   4.731 Wh  solar 5221.97 Wh  SOC 100.0%  deaths 0  [solar]
  pierce_relay           tx 23191  rx 160912  col 33248  dup- 2713  E_tx   4.864 Wh  solar  758.99 Wh  SOC 100.0%  deaths 12  [solar]
  wildcat_d              tx 24084  rx 276476  col 61789  dup- 4006  E_tx   4.922 Wh  solar  760.38 Wh  SOC 99.9%  deaths 12  [solar]
  nelson_crag            tx 19786  rx 386839  col 91765  dup- 4225  E_tx   4.130 Wh  solar 4985.31 Wh  SOC 100.0%  deaths 0  [solar]
  appalachia_th          tx 16337  rx  74249  col  125  dup-  314  E_tx   3.359 Wh  solar  777.06 Wh  SOC 99.9%  deaths 9  [solar]
  caps_ridge_th          tx 19343  rx 215125  col 36643  dup- 4191  E_tx   4.057 Wh  solar  761.45 Wh  SOC 100.0%  deaths 11  [solar]
  glen_ellis             tx 20791  rx 143222  col 13551  dup- 1885  E_tx   4.365 Wh  solar  726.95 Wh  SOC 99.8%  deaths 13  [solar]
  great_gulf_th          tx 20137  rx 150069  col 14812  dup- 2705  E_tx   4.214 Wh  solar  766.17 Wh  SOC 99.8%  deaths 10  [solar]
  glen_house             tx 18692  rx 225593  col 40189  dup- 3806  E_tx   3.917 Wh  solar  747.79 Wh  SOC 99.9%  deaths 14  [solar]
  jackson_summit         tx 24474  rx 203595  col 38198  dup- 4026  E_tx   5.175 Wh  solar 5225.52 Wh  SOC 100.0%  deaths 0  [solar]
  webster_cliff          tx 20156  rx 133911  col 20700  dup- 3743  E_tx   4.239 Wh  solar  767.38 Wh  SOC 100.0%  deaths 11  [solar]
  cog_skyline            tx 20360  rx 210784  col 25756  dup- 3418  E_tx   4.266 Wh  solar 5026.65 Wh  SOC 100.0%  deaths 0  [solar]
  wildcat_a              tx 19184  rx 253968  col 54203  dup- 4013  E_tx   3.983 Wh  solar  709.07 Wh  SOC 100.0%  deaths 13  [solar]
  madison_summit         tx 25318  rx 252129  col 44388  dup- 4391  E_tx   5.259 Wh  solar 5207.56 Wh  SOC 100.0%  deaths 0  [solar]
  durand_ridge           tx 17818  rx  87012  col 1235  dup- 1278  E_tx   3.661 Wh  solar  776.06 Wh  SOC 100.0%  deaths 9  [solar]
  cannon_tram_top        tx  5678  rx 173552  col 20646  dup- 1316  E_tx   1.253 Wh  solar    0.00 Wh  SOC 100.0%  deaths 0  [grid]
  lafayette_place        tx  5129  rx  93781  col 2809  dup-  555  E_tx   1.144 Wh  solar    0.00 Wh  SOC 100.0%  deaths 0  [grid]
  flume_vc               tx  5258  rx  94594  col 2681  dup- 1194  E_tx   1.166 Wh  solar    0.00 Wh  SOC 100.0%  deaths 0  [grid]
  greenleaf_hut          tx 14020  rx 108037  col 3899  dup- 1160  E_tx   2.858 Wh  solar 5133.14 Wh  SOC 100.0%  deaths 0  [solar]
  lonesome_lake_hut      tx 12983  rx 109241  col 6334  dup- 1228  E_tx   2.640 Wh  solar  771.08 Wh  SOC 99.9%  deaths 10  [solar]
  lafayette_summit       tx 46844  rx 155710  col 25089  dup-  660  E_tx   9.294 Wh  solar 5228.13 Wh  SOC 100.0%  deaths 0  [solar]
  little_haystack        tx 12563  rx  85818  col 8622  dup- 1005  E_tx   2.525 Wh  solar 4712.45 Wh  SOC 100.0%  deaths 0  [solar]
  liberty_summit         tx 13293  rx  90686  col 11279  dup-  919  E_tx   2.697 Wh  solar 4899.09 Wh  SOC 100.0%  deaths 0  [solar]
  kinsman_n              tx 13745  rx  93105  col 1786  dup- 1006  E_tx   2.791 Wh  solar 5169.84 Wh  SOC 100.0%  deaths 0  [solar]
  kinsman_pond           tx 13106  rx 106458  col 4041  dup- 1193  E_tx   2.662 Wh  solar  752.15 Wh  SOC 99.8%  deaths 10  [solar]
  lincoln_woods_th       tx  3665  rx  46446  col  182  dup-   85  E_tx   0.807 Wh  solar    0.00 Wh  SOC 100.0%  deaths 0  [grid]
  garfield_summit        tx 41483  rx  87306  col 5256  dup-  811  E_tx   8.218 Wh  solar 5225.96 Wh  SOC 100.0%  deaths 0  [solar]
  galehead_hut           tx 30788  rx  74882  col 1354  dup-  534  E_tx   6.145 Wh  solar 5059.70 Wh  SOC 100.0%  deaths 0  [solar]
  south_twin             tx 23064  rx  96056  col 4171  dup-  599  E_tx   4.694 Wh  solar 5152.51 Wh  SOC 100.0%  deaths 0  [solar]
  guyot_summit           tx 18765  rx 133740  col 1734  dup- 1504  E_tx   3.827 Wh  solar 4916.03 Wh  SOC 100.0%  deaths 0  [solar]
  bondcliff              tx 15394  rx 102323  col 1351  dup-  766  E_tx   3.135 Wh  solar 4374.33 Wh  SOC 100.0%  deaths 0  [solar]
  zealand_hut            tx 26509  rx 153057  col 4434  dup-  886  E_tx   5.409 Wh  solar  755.35 Wh  SOC 99.8%  deaths 13  [solar]
  zeacliff               tx 16580  rx 136272  col 2364  dup-  906  E_tx   3.403 Wh  solar  688.05 Wh  SOC 99.7%  deaths 15  [solar]
  hancock_th             tx 18764  rx  81224  col  562  dup-  177  E_tx   3.824 Wh  solar  724.23 Wh  SOC 100.0%  deaths 14  [solar]
  carrigain_summit       tx 90080  rx 121207  col 13779  dup- 1813  E_tx  17.736 Wh  solar 5230.30 Wh  SOC 100.0%  deaths 0  [solar]
  willey_summit          tx 18341  rx 148734  col 3321  dup-  818  E_tx   3.796 Wh  solar  781.33 Wh  SOC 100.0%  deaths 10  [solar]
  sawyer_river_th        tx 13377  rx  46997  col  332  dup-  286  E_tx   2.685 Wh  solar  779.50 Wh  SOC 99.9%  deaths 10  [solar]
  waterville_valley      tx  2879  rx  63676  col 1560  dup-  390  E_tx   0.638 Wh  solar    0.00 Wh  SOC 100.0%  deaths 0  [grid]
  kanc_pass              tx 11396  rx  30843  col  166  dup-   85  E_tx   2.287 Wh  solar  771.87 Wh  SOC 100.0%  deaths 9  [solar]
  osceola_summit         tx 10709  rx  61068  col 3459  dup-  621  E_tx   2.146 Wh  solar  770.20 Wh  SOC 99.9%  deaths 10  [solar]
  greeley_ponds          tx 17692  rx  55366  col 1454  dup-  113  E_tx   3.531 Wh  solar  716.52 Wh  SOC 100.0%  deaths 11  [solar]
  tripyramid_n           tx 16677  rx  38245  col  316  dup-  246  E_tx   3.317 Wh  solar  696.18 Wh  SOC 100.0%  deaths 14  [solar]
  sandwich_dome          tx  9082  rx  18500  col  231  dup-   56  E_tx   1.768 Wh  solar  776.15 Wh  SOC 99.9%  deaths 10  [solar]
  whiteface_summit       tx 20406  rx  37707  col 1382  dup-  428  E_tx   4.019 Wh  solar 5040.12 Wh  SOC 100.0%  deaths 0  [solar]
  passaconaway           tx 39344  rx  91697  col 1622  dup-   42  E_tx   7.642 Wh  solar 5240.50 Wh  SOC 100.0%  deaths 0  [solar]
  ferncroft_th           tx 44958  rx  42597  col   96  dup-   21  E_tx   8.707 Wh  solar  775.55 Wh  SOC 99.9%  deaths 11  [solar]
  welch_dickey_th        tx  9326  rx  12090  col    2  dup-   51  E_tx   1.827 Wh  solar  770.72 Wh  SOC 99.9%  deaths 10  [solar]
  chocorua_summit        tx  8408  rx  42716  col   55  dup-    5  E_tx   1.638 Wh  solar  748.40 Wh  SOC 100.0%  deaths 14  [solar]
  piper_th               tx 16009  rx  49274  col  116  dup-   39  E_tx   3.081 Wh  solar  724.29 Wh  SOC 99.7%  deaths 15  [solar]
  ravine_lodge           tx   921  rx  47714  col   39  dup-   79  E_tx   0.203 Wh  solar    0.00 Wh  SOC 100.0%  deaths 0  [grid]
  moosilauke_summit      tx  9628  rx  64501  col  418  dup-   88  E_tx   1.874 Wh  solar 5232.43 Wh  SOC 100.0%  deaths 0  [solar]
  kinsman_notch          tx  8437  rx   9010  col    1  dup-    1  E_tx   1.637 Wh  solar  730.60 Wh  SOC 99.8%  deaths 13  [solar]
  glencliff_th           tx  8995  rx  41510  col   25  dup-   69  E_tx   1.756 Wh  solar  773.02 Wh  SOC 100.0%  deaths 10  [solar]
  gorham_info            tx  1082  rx  10318  col   69  dup-    2  E_tx   0.241 Wh  solar    0.00 Wh  SOC 100.0%  deaths 0  [grid]
  carter_dome            tx 59498  rx 223965  col 59116  dup- 2591  E_tx  11.963 Wh  solar 5208.27 Wh  SOC 100.0%  deaths 0  [solar]
  imp_shelter            tx 18335  rx  87395  col 5245  dup-  994  E_tx   3.776 Wh  solar 5064.96 Wh  SOC 100.0%  deaths 0  [solar]
  moriah_summit          tx 21543  rx  29710  col  441  dup-   45  E_tx   4.281 Wh  solar 4804.08 Wh  SOC 100.0%  deaths 0  [solar]
  baldface_s             tx 15549  rx  65391  col  969  dup-  233  E_tx   3.228 Wh  solar  748.43 Wh  SOC 99.9%  deaths 10  [solar]
  mt_hayes               tx  9104  rx  19114  col   51  dup-    1  E_tx   1.779 Wh  solar  766.27 Wh  SOC 99.8%  deaths 10  [solar]
  gentian_pond           tx  9708  rx  30612  col   35  dup-   19  E_tx   1.911 Wh  solar  761.99 Wh  SOC 99.9%  deaths 9  [solar]
  success_summit         tx  8494  rx  16764  col  270  dup-   17  E_tx   1.641 Wh  solar  781.42 Wh  SOC 100.0%  deaths 10  [solar]
  berlin_gateway         tx    14  rx   6107  col    0  dup-    0  E_tx   0.002 Wh  solar    0.00 Wh  SOC 100.0%  deaths 0  [grid]
  cabot_summit           tx  8758  rx  24277  col   21  dup-    0  E_tx   1.686 Wh  solar 5119.52 Wh  SOC 100.0%  deaths 0  [solar]
  unknown_pond           tx  8190  rx  67155  col   59  dup-    0  E_tx   1.580 Wh  solar  768.65 Wh  SOC 99.8%  deaths 10  [solar]
  percy_peaks            tx  8010  rx  40900  col   34  dup-    0  E_tx   1.542 Wh  solar  750.40 Wh  SOC 99.8%  deaths 13  [solar]
  nash_stream_th         tx  7640  rx  15401  col    0  dup-    0  E_tx   1.472 Wh  solar  699.87 Wh  SOC 99.7%  deaths 15  [solar]
  waumbek_summit         tx 11116  rx  19994  col   20  dup-    0  E_tx   2.229 Wh  solar  746.31 Wh  SOC 99.8%  deaths 11  [solar]
  cherry_mtn             tx 23970  rx  69449  col 1073  dup-  808  E_tx   4.893 Wh  solar  775.39 Wh  SOC 100.0%  deaths 11  [solar]
  cardigan_lodge         tx   317  rx  16327  col    6  dup-   23  E_tx   0.070 Wh  solar    0.00 Wh  SOC 100.0%  deaths 0  [grid]
  cardigan_summit        tx  8500  rx   7595  col   17  dup-   25  E_tx   1.650 Wh  solar  788.80 Wh  SOC 100.0%  deaths 10  [solar]
  sunapee_summit         tx     0  rx      3  col    0  dup-    0  E_tx   0.000 Wh  solar    0.00 Wh  SOC 100.0%  deaths 0  [grid]
  ragged_mtn             tx  8154  rx      0  col    0  dup-    0  E_tx   1.573 Wh  solar  781.99 Wh  SOC 100.0%  deaths 10  [solar]
  gunstock_top           tx   973  rx  39677  col  473  dup-  134  E_tx   0.215 Wh  solar    0.00 Wh  SOC 100.0%  deaths 0  [grid]
  major_summit           tx  9023  rx  28670  col  287  dup-  152  E_tx   1.772 Wh  solar  767.57 Wh  SOC 100.0%  deaths 9  [solar]
  shaw_summit            tx  7986  rx  19610  col  177  dup-    0  E_tx   1.530 Wh  solar  767.18 Wh  SOC 100.0%  deaths 13  [solar]
  monadnock_hq           tx   248  rx  24086  col  103  dup-   52  E_tx   0.053 Wh  solar    0.00 Wh  SOC 100.0%  deaths 0  [grid]
  monadnock_summit       tx  8531  rx  12406  col   31  dup-   19  E_tx   1.645 Wh  solar  795.79 Wh  SOC 100.0%  deaths 10  [solar]
  dublin_th              tx  8516  rx  11320  col   18  dup-   12  E_tx   1.644 Wh  solar  790.09 Wh  SOC 100.0%  deaths 10  [solar]
  miller_hq              tx    20  rx  20113  col    4  dup-    0  E_tx   0.004 Wh  solar    0.00 Wh  SOC 100.0%  deaths 0  [grid]
  pack_monadnock         tx 16879  rx  11284  col   11  dup-    0  E_tx   3.255 Wh  solar  795.21 Wh  SOC 100.0%  deaths 10  [solar]
  smarts_mtn             tx  7807  rx  23676  col   17  dup-    0  E_tx   1.501 Wh  solar  757.29 Wh  SOC 100.0%  deaths 16  [solar]
  lyme_dorchester_th     tx 31433  rx  33895  col   20  dup-    0  E_tx   6.052 Wh  solar  778.44 Wh  SOC 100.0%  deaths 10  [solar]
  winslow_hq             tx     0  rx  12058  col    1  dup-    0  E_tx   0.000 Wh  solar    0.00 Wh  SOC 100.0%  deaths 0  [grid]
  kearsarge_summit       tx  8448  rx   3624  col    1  dup-    0  E_tx   1.624 Wh  solar  791.17 Wh  SOC 100.0%  deaths 10  [solar]
  cranmore_top           tx     0  rx  41090  col  288  dup-    0  E_tx   0.000 Wh  solar    0.00 Wh  SOC 100.0%  deaths 0  [grid]
  kearsarge_north        tx  8213  rx  40994  col 1084  dup-    0  E_tx   1.577 Wh  solar  783.94 Wh  SOC 100.0%  deaths 10  [solar]
  pawtuckaway_hq         tx     0  rx   8231  col    0  dup-    0  E_tx   0.000 Wh  solar    0.00 Wh  SOC 100.0%  deaths 0  [grid]
  pawtuckaway_tower      tx  8264  rx      0  col    0  dup-    0  E_tx   1.593 Wh  solar  793.61 Wh  SOC 100.0%  deaths 10  [solar]
  pisgah_hq              tx     0  rx  34090  col    4  dup-    0  E_tx   0.000 Wh  solar    0.00 Wh  SOC 100.0%  deaths 0  [grid]
  pisgah_ridge           tx  8229  rx  25886  col    4  dup-    0  E_tx   1.583 Wh  solar  789.49 Wh  SOC 100.0%  deaths 10  [solar]
  uncanoonuc_s           tx     0  rx      0  col    0  dup-    0  E_tx   0.000 Wh  solar    0.00 Wh  SOC 100.0%  deaths 0  [grid]
  blue_job               tx     0  rx      0  col    0  dup-    0  E_tx   0.000 Wh  solar    0.00 Wh  SOC 100.0%  deaths 0  [grid]
  balsams_gateway        tx     0  rx   7511  col    0  dup-    0  E_tx   0.000 Wh  solar    0.00 Wh  SOC 100.0%  deaths 0  [grid]
  table_rock             tx  7511  rx      0  col    0  dup-    0  E_tx   1.446 Wh  solar  721.45 Wh  SOC 100.0%  deaths 13  [solar]
  pittsburg_village      tx     0  rx    299  col    0  dup-    0  E_tx   0.000 Wh  solar    0.00 Wh  SOC 100.0%  deaths 0  [grid]
  magalloway_tower       tx     0  rx      0  col    0  dup-    0  E_tx   0.000 Wh  solar  729.53 Wh  SOC  5.6%  deaths 237  [solar]
  pulpit_rock            tx 35708  rx 102545  col 4651  dup-  915  E_tx   7.254 Wh  solar 4199.31 Wh  SOC 100.0%  deaths 0  [solar]
  tremont_summit         tx 11743  rx  27309  col  283  dup-  501  E_tx   2.360 Wh  solar  748.55 Wh  SOC 99.7%  deaths 10  [solar]
  noon_peak              tx 10158  rx  38781  col  266  dup-  407  E_tx   2.039 Wh  solar  715.65 Wh  SOC 99.9%  deaths 15  [solar]
  dickey_ledges          tx  9717  rx  13675  col   40  dup-   18  E_tx   1.918 Wh  solar  740.25 Wh  SOC 99.7%  deaths 10  [solar]
  tecumseh_ski_top       tx  2899  rx  67930  col  780  dup-  395  E_tx   0.645 Wh  solar    0.00 Wh  SOC 100.0%  deaths 0  [grid]
  blue_ridge_ledge       tx  9362  rx  18112  col   33  dup-    1  E_tx   1.827 Wh  solar 4987.93 Wh  SOC 100.0%  deaths 0  [solar]
  north_carter           tx 12358  rx  49100  col 1274  dup-  994  E_tx   2.507 Wh  solar  735.83 Wh  SOC 99.8%  deaths 14  [solar]
  the_horn               tx 46666  rx  44260  col   33  dup-    0  E_tx   8.993 Wh  solar 4657.16 Wh  SOC 100.0%  deaths 0  [solar]
  victor_head            tx  7988  rx  44969  col   52  dup-    0  E_tx   1.546 Wh  solar  765.30 Wh  SOC 100.0%  deaths 12  [solar]
  ragged_ski_base        tx     0  rx   8154  col    0  dup-    0  E_tx   0.000 Wh  solar    0.00 Wh  SOC 100.0%  deaths 0  [grid]
  castle_clouds          tx     0  rx  61725  col   65  dup-    0  E_tx   0.000 Wh  solar    0.00 Wh  SOC 100.0%  deaths 0  [grid]
  dartmouth_skiway       tx     0  rx  30214  col   22  dup-    0  E_tx   0.000 Wh  solar    0.00 Wh  SOC 100.0%  deaths 0  [grid]
  holts_ledge            tx  8205  rx  34740  col   27  dup-    0  E_tx   1.587 Wh  solar  775.68 Wh  SOC 100.0%  deaths 10  [solar]
  first_lake_dam         tx     0  rx   1045  col    0  dup-    0  E_tx   0.000 Wh  solar    0.00 Wh  SOC 100.0%  deaths 0  [grid]
  moosilauke_s_peak      tx 35077  rx  39474  col  924  dup-  105  E_tx   6.786 Wh  solar 5232.10 Wh  SOC 100.0%  deaths 0  [solar]
  belknap_summit         tx  9144  rx  24526  col   78  dup-  107  E_tx   1.782 Wh  solar  787.45 Wh  SOC 100.0%  deaths 10  [solar]
  newbury_station        tx     0  rx    260  col    0  dup-    0  E_tx   0.000 Wh  solar    0.00 Wh  SOC 100.0%  deaths 0  [grid]
  kilkenny_lookout       tx  8099  rx  52967  col   34  dup-    0  E_tx   1.561 Wh  solar  746.21 Wh  SOC 99.8%  deaths 11  [solar]
  stark_village          tx     0  rx  72472  col   90  dup-    0  E_tx   0.000 Wh  solar    0.00 Wh  SOC 100.0%  deaths 0  [grid]
  signal_ridge           tx 15064  rx 143004  col 1496  dup-  711  E_tx   3.076 Wh  solar 4833.72 Wh  SOC 100.0%  deaths 0  [solar]
  white_ledge_cg         tx   408  rx  70471  col  110  dup-   21  E_tx   0.090 Wh  solar    0.00 Wh  SOC 100.0%  deaths 0  [grid]
  notchland_inn          tx  5713  rx 127559  col 1604  dup-  650  E_tx   1.258 Wh  solar    0.00 Wh  SOC 100.0%  deaths 0  [grid]
  mt_hight               tx 21215  rx  91237  col 2157  dup- 1449  E_tx   4.450 Wh  solar 4550.05 Wh  SOC 100.0%  deaths 0  [solar]
  south_carter           tx 20717  rx 140468  col 25851  dup- 4337  E_tx   4.323 Wh  solar 4510.48 Wh  SOC 100.0%  deaths 0  [solar]
  piper_mtn_belknap      tx  9061  rx  25629  col  101  dup-  147  E_tx   1.776 Wh  solar  776.94 Wh  SOC 99.9%  deaths 10  [solar]
  jennings_peak          tx 11223  rx  83542  col 1498  dup-  187  E_tx   2.222 Wh  solar  760.61 Wh  SOC 99.9%  deaths 10  [solar]
  welch_ledges           tx  9801  rx  20548  col  384  dup-   31  E_tx   1.933 Wh  solar  781.75 Wh  SOC 100.0%  deaths 10  [solar]
  the_bulge              tx 15952  rx  61290  col   57  dup-    0  E_tx   3.072 Wh  solar  733.40 Wh  SOC 99.7%  deaths 13  [solar]
  turtleback_mtn         tx 13509  rx  71855  col   67  dup-    0  E_tx   2.609 Wh  solar  768.21 Wh  SOC 100.0%  deaths 10  [solar]
  lambert_ridge          tx  8150  rx  36110  col  144  dup-    0  E_tx   1.574 Wh  solar  763.77 Wh  SOC 99.8%  deaths 10  [solar]
  black_cap              tx 24196  rx  50154  col 2450  dup-    0  E_tx   4.668 Wh  solar  777.49 Wh  SOC 100.0%  deaths 10  [solar]
  second_lake_dam        tx     0  rx      0  col    0  dup-    0  E_tx   0.000 Wh  solar    0.00 Wh  SOC 100.0%  deaths 0  [grid]
  middle_carter          tx 14233  rx  83873  col 5636  dup- 1238  E_tx   2.921 Wh  solar  759.14 Wh  SOC 99.8%  deaths 10  [solar]
  zeta_pass              tx 12492  rx  42310  col  996  dup-  901  E_tx   2.562 Wh  solar  684.96 Wh  SOC 99.7%  deaths 11  [solar]
  smarts_ranger_ledge    tx 23888  rx  46652  col   38  dup-    0  E_tx   4.615 Wh  solar  772.66 Wh  SOC 100.0%  deaths 10  [solar]
  hurricane_col          tx 16116  rx  48101  col   39  dup-    0  E_tx   3.106 Wh  solar  770.86 Wh  SOC 100.0%  deaths 11  [solar]
  cranmore_ledge         tx 32356  rx  46134  col   39  dup-    0  E_tx   6.223 Wh  solar  766.86 Wh  SOC 100.0%  deaths 10  [solar]
  bald_knob_ossipee      tx 36703  rx  58637  col  155  dup-    0  E_tx   7.083 Wh  solar  765.04 Wh  SOC 100.0%  deaths 11  [solar]
  mt_roberts             tx 39380  rx  81632  col  806  dup-    0  E_tx   7.576 Wh  solar  782.35 Wh  SOC 100.0%  deaths 11  [solar]
  faraway_ledge          tx  8102  rx  79145  col  620  dup-    0  E_tx   1.570 Wh  solar  773.01 Wh  SOC 99.9%  deaths 10  [solar]
  ossipee_saddle         tx 23838  rx  69715  col  295  dup-    0  E_tx   4.585 Wh  solar  766.01 Wh  SOC 99.8%  deaths 11  [solar]
  black_snout            tx 15893  rx  40644  col  177  dup-    0  E_tx   3.072 Wh  solar  767.93 Wh  SOC 99.9%  deaths 10  [solar]
  rockywold_camps        tx   429  rx  40692  col  102  dup-   21  E_tx   0.092 Wh  solar    0.00 Wh  SOC 100.0%  deaths 0  [grid]
  morgan_percival        tx  9828  rx  32110  col  119  dup-   17  E_tx   1.910 Wh  solar  771.70 Wh  SOC 99.9%  deaths 10  [solar]
  rattlesnake_west       tx 16260  rx  40234  col  147  dup-   34  E_tx   3.148 Wh  solar  782.58 Wh  SOC 100.0%  deaths 10  [solar]
  red_hill_tower         tx 27270  rx  27681  col  251  dup-   50  E_tx   5.284 Wh  solar  774.69 Wh  SOC 100.0%  deaths 10  [solar]
  rumney_village         tx   301  rx   7351  col    6  dup-    6  E_tx   0.067 Wh  solar    0.00 Wh  SOC 100.0%  deaths 0  [grid]
  stinson_summit         tx  8076  rx     76  col    0  dup-    0  E_tx   1.561 Wh  solar  763.05 Wh  SOC 100.0%  deaths 9  [solar]
  rattlesnake_rumney     tx 10203  rx  12683  col   19  dup-    7  E_tx   1.977 Wh  solar  783.47 Wh  SOC 99.9%  deaths 10  [solar]
  rumney_cliff_top       tx  8484  rx  12644  col   52  dup-   26  E_tx   1.639 Wh  solar  785.89 Wh  SOC 99.9%  deaths 10  [solar]
  loon_summit            tx  3106  rx  26434  col   67  dup-   12  E_tx   0.692 Wh  solar    0.00 Wh  SOC 100.0%  deaths 0  [grid]
  owls_head_slide        tx  1015  rx   7977  col   71  dup-   44  E_tx   0.209 Wh  solar    0.00 Wh  SOC  0.0%  deaths 1  [battery]
  thirteen_falls         tx   945  rx   4584  col   88  dup-   33  E_tx   0.192 Wh  solar    0.00 Wh  SOC  0.0%  deaths 1  [battery]
  mt_hale                tx 21549  rx  76075  col 2294  dup-  391  E_tx   4.503 Wh  solar 5023.11 Wh  SOC 100.0%  deaths 0  [solar]
  twin_mountain_village  tx  5288  rx  61176  col  763  dup-  144  E_tx   1.171 Wh  solar    0.00 Wh  SOC 100.0%  deaths 0  [grid]
  sugarloaf_middle       tx 16274  rx  41496  col 1304  dup-  108  E_tx   3.382 Wh  solar  728.35 Wh  SOC 99.8%  deaths 14  [solar]
  isolation_davis        tx  1491  rx   8239  col  394  dup-  178  E_tx   0.318 Wh  solar    0.00 Wh  SOC  0.0%  deaths 1  [battery]
  wild_river_cg          tx 11590  rx 158244  col 10905  dup- 1487  E_tx   2.570 Wh  solar    0.00 Wh  SOC 100.0%  deaths 0  [grid]
  wild_river_blue_brook  tx  1318  rx   8783  col  550  dup-   83  E_tx   0.279 Wh  solar    0.00 Wh  SOC  0.0%  deaths 1  [battery]
  north_baldface         tx 11259  rx  25859  col   26  dup-   51  E_tx   2.265 Wh  solar  708.26 Wh  SOC 99.7%  deaths 13  [solar]
  jackson_village        tx    57  rx  14735  col    7  dup-    0  E_tx   0.012 Wh  solar    0.00 Wh  SOC 100.0%  deaths 0  [grid]
  doublehead_n           tx  8388  rx   6039  col   28  dup-    0  E_tx   1.614 Wh  solar  773.76 Wh  SOC 100.0%  deaths 10  [solar]
  iron_mtn               tx  8039  rx  17387  col    9  dup-    0  E_tx   1.548 Wh  solar  761.94 Wh  SOC 99.9%  deaths 11  [solar]
  mt_cube                tx  7987  rx   7967  col    0  dup-    0  E_tx   1.542 Wh  solar  769.95 Wh  SOC 100.0%  deaths 12  [solar]
  mead_base              tx   475  rx  30644  col  109  dup-   39  E_tx   0.106 Wh  solar    0.00 Wh  SOC 100.0%  deaths 0  [grid]
  mt_israel              tx  9860  rx  42074  col  557  dup-  115  E_tx   1.949 Wh  solar  782.98 Wh  SOC 99.9%  deaths 10  [solar]
  flat_mtn_pond          tx   871  rx   5628  col   64  dup-   12  E_tx   0.171 Wh  solar    0.00 Wh  SOC  0.0%  deaths 1  [battery]
  green_mtn_effingham    tx     0  rx      0  col    0  dup-    0  E_tx   0.000 Wh  solar  755.48 Wh  SOC  6.1%  deaths 236  [solar]
  bear_brook_hq          tx     0  rx  11561  col    1  dup-    0  E_tx   0.000 Wh  solar    0.00 Wh  SOC 100.0%  deaths 0  [grid]
  bear_brook_tower       tx  8217  rx   3108  col    1  dup-    0  E_tx   1.590 Wh  solar  789.56 Wh  SOC 100.0%  deaths 10  [solar]
  crotched_base          tx     0  rx   8248  col    0  dup-    0  E_tx   0.000 Wh  solar    0.00 Wh  SOC 100.0%  deaths 0  [grid]
  crotched_summit        tx  8248  rx      0  col    0  dup-    0  E_tx   1.590 Wh  solar  774.20 Wh  SOC 100.0%  deaths 10  [solar]
  temple_mtn_ledges      tx  8287  rx  17466  col    4  dup-    0  E_tx   1.588 Wh  solar  793.10 Wh  SOC 99.9%  deaths 10  [solar]
  washington_town        tx     0  rx  81199  col  399  dup-    0  E_tx   0.000 Wh  solar    0.00 Wh  SOC 100.0%  deaths 0  [grid]
  lovewell_mtn           tx 14015  rx  77985  col  502  dup-    0  E_tx   2.706 Wh  solar  790.46 Wh  SOC 100.0%  deaths 10  [solar]
  pillsbury_sp           tx  8257  rx  30833  col  120  dup-    0  E_tx   1.590 Wh  solar  789.08 Wh  SOC 100.0%  deaths 10  [solar]
  kilburn_th             tx  8262  rx  23128  col    3  dup-    0  E_tx   1.592 Wh  solar  794.62 Wh  SOC 100.0%  deaths 10  [solar]
  milan_hill             tx     0  rx      0  col    0  dup-    0  E_tx   0.000 Wh  solar    0.00 Wh  SOC 100.0%  deaths 0  [grid]
  sugarloaf_nash         tx  8162  rx  16331  col    0  dup-    0  E_tx   1.566 Wh  solar  773.51 Wh  SOC 99.9%  deaths 9  [solar]
  deer_mtn_pittsburg     tx  8159  rx      0  col    0  dup-    0  E_tx   1.581 Wh  solar  773.20 Wh  SOC 100.0%  deaths 9  [solar]
  champney_th            tx  8504  rx  29456  col   22  dup-   13  E_tx   1.652 Wh  solar  779.53 Wh  SOC 99.9%  deaths 10  [solar]
  buffalo_rd_lot         tx   285  rx  20609  col   31  dup-   16  E_tx   0.064 Wh  solar    0.00 Wh  SOC 100.0%  deaths 0  [grid]
  stinson_lake_gw        tx    27  rx   8250  col    1  dup-    0  E_tx   0.006 Wh  solar    0.00 Wh  SOC 100.0%  deaths 0  [grid]
  attitash_base          tx    21  rx  26468  col   16  dup-    0  E_tx   0.005 Wh  solar    0.00 Wh  SOC 100.0%  deaths 0  [grid]
  iron_s_ledge           tx 14756  rx  30292  col   20  dup-    0  E_tx   2.846 Wh  solar  726.65 Wh  SOC 100.0%  deaths 10  [solar]
  rocky_branch_knoll     tx 22851  rx  30881  col   27  dup-    0  E_tx   4.418 Wh  solar  778.98 Wh  SOC 99.9%  deaths 10  [solar]
  mt_cube_farm           tx     0  rx  15994  col    0  dup-    0  E_tx   0.000 Wh  solar    0.00 Wh  SOC 100.0%  deaths 0  [grid]
  cube_s_ledge           tx  7991  rx   7971  col    0  dup-    0  E_tx   1.546 Wh  solar  768.73 Wh  SOC 100.0%  deaths 13  [solar]
  deer_mtn_cg            tx     0  rx   8159  col    0  dup-    0  E_tx   0.000 Wh  solar    0.00 Wh  SOC 100.0%  deaths 0  [grid]
  millen_pond            tx 43113  rx  57487  col  203  dup-    0  E_tx   8.291 Wh  solar  790.49 Wh  SOC 100.0%  deaths 10  [solar]
  faxon_hill             tx 14633  rx 103873  col  660  dup-    0  E_tx   2.817 Wh  solar  786.88 Wh  SOC 99.9%  deaths 10  [solar]
  greenway_mid           tx 26281  rx  94635  col  949  dup-    0  E_tx   5.052 Wh  solar  776.46 Wh  SOC 99.9%  deaths 10  [solar]
  kittredge_hill         tx  8257  rx  89237  col  672  dup-    0  E_tx   1.594 Wh  solar  790.21 Wh  SOC 100.0%  deaths 10  [solar]
  bryant_ledge           tx 16488  rx  73170  col  311  dup-    0  E_tx   3.163 Wh  solar  783.93 Wh  SOC 100.0%  deaths 10  [solar]
  pisgah_w_knoll         tx  8238  rx  27916  col    5  dup-    0  E_tx   1.585 Wh  solar  776.76 Wh  SOC 99.8%  deaths 10  [solar]
  kilburn_ridge          tx 16519  rx  23578  col    7  dup-    0  E_tx   3.188 Wh  solar  789.54 Wh  SOC 100.0%  deaths 10  [solar]
  moose_mtn_at           tx  8211  rx  16495  col    5  dup-    0  E_tx   1.580 Wh  solar  770.55 Wh  SOC 99.8%  deaths 10  [solar]
  black_mtn_benton       tx  8904  rx  46355  col   28  dup-  192  E_tx   1.746 Wh  solar  784.51 Wh  SOC 100.0%  deaths 10  [solar]
  prospect_weeks         tx     0  rx      0  col    0  dup-    0  E_tx   0.000 Wh  solar    0.00 Wh  SOC 100.0%  deaths 0  [grid]
  moose_mtn_lodge        tx     0  rx  17964  col    5  dup-    0  E_tx   0.000 Wh  solar    0.00 Wh  SOC 100.0%  deaths 0  [grid]
  moose_s_ledge          tx 16383  rx   8785  col    0  dup-    0  E_tx   3.173 Wh  solar  786.65 Wh  SOC 100.0%  deaths 10  [solar]
  radio_gateway_marshfield_0 tx 12505  rx 143111  col 33685  dup-    0  E_tx   2.509 Wh  solar    0.00 Wh  SOC 100.0%  deaths 0  [battery]
  radio_gateway_marshfield_1 tx 12545  rx 122162  col 26440  dup-    0  E_tx   2.519 Wh  solar    0.00 Wh  SOC 100.0%  deaths 0  [battery]
  radio_gateway_marshfield_2 tx 12481  rx 121703  col 26101  dup-    0  E_tx   2.505 Wh  solar    0.00 Wh  SOC 100.0%  deaths 0  [battery]
  radio_gateway_marshfield_3 tx 14656  rx 170191  col 39748  dup-    0  E_tx   2.945 Wh  solar    0.00 Wh  SOC 100.0%  deaths 0  [battery]
  radio_pinkham_notch_vc_0 tx 14697  rx 172546  col 37086  dup-    0  E_tx   2.946 Wh  solar    0.00 Wh  SOC 100.0%  deaths 0  [battery]
  radio_pinkham_notch_vc_1 tx 12554  rx 107721  col 21354  dup-    0  E_tx   2.514 Wh  solar    0.00 Wh  SOC 100.0%  deaths 0  [battery]
  radio_pinkham_notch_vc_2 tx 10348  rx 126453  col 22029  dup-    0  E_tx   2.073 Wh  solar    0.00 Wh  SOC 100.0%  deaths 0  [battery]
  radio_pinkham_notch_vc_3 tx 10384  rx 148886  col 23738  dup-    0  E_tx   2.082 Wh  solar    0.00 Wh  SOC 100.0%  deaths 0  [battery]
  radio_highland_center_0 tx    35  rx    392  col  102  dup-    0  E_tx   0.007 Wh  solar    0.00 Wh  SOC 100.0%  deaths 0  [battery]
  radio_highland_center_1 tx    33  rx    407  col   97  dup-    0  E_tx   0.007 Wh  solar    0.00 Wh  SOC 100.0%  deaths 0  [battery]
  radio_highland_center_2 tx    34  rx    494  col  184  dup-    0  E_tx   0.007 Wh  solar    0.00 Wh  SOC 100.0%  deaths 0  [battery]
  radio_highland_center_3 tx    34  rx    472  col  176  dup-    0  E_tx   0.006 Wh  solar    0.00 Wh  SOC 100.0%  deaths 0  [battery]
  radio_appalachia_th_0  tx  9638  rx  64007  col 3507  dup-    0  E_tx   1.923 Wh  solar    0.00 Wh  SOC 100.0%  deaths 0  [battery]
  radio_appalachia_th_1  tx  9677  rx  63781  col 3478  dup-    0  E_tx   1.937 Wh  solar    0.00 Wh  SOC 100.0%  deaths 0  [battery]
  radio_appalachia_th_2  tx     0  rx      0  col    0  dup-    0  E_tx   0.000 Wh  solar    0.00 Wh  SOC 100.0%  deaths 0  [battery]
  radio_appalachia_th_3  tx     0  rx      0  col    0  dup-    0  E_tx   0.000 Wh  solar    0.00 Wh  SOC 100.0%  deaths 0  [battery]
  radio_glen_house_0     tx    34  rx    280  col   46  dup-    0  E_tx   0.007 Wh  solar    0.00 Wh  SOC 100.0%  deaths 0  [battery]
  radio_glen_house_1     tx    35  rx    301  col   65  dup-    0  E_tx   0.007 Wh  solar    0.00 Wh  SOC 100.0%  deaths 0  [battery]
  radio_glen_house_2     tx    34  rx    339  col   95  dup-    0  E_tx   0.007 Wh  solar    0.00 Wh  SOC 100.0%  deaths 0  [battery]
  radio_glen_house_3     tx    35  rx    355  col   78  dup-    0  E_tx   0.007 Wh  solar    0.00 Wh  SOC 100.0%  deaths 0  [battery]
  radio_great_gulf_th_0  tx  5945  rx  55117  col 8605  dup-    0  E_tx   1.189 Wh  solar    0.00 Wh  SOC 100.0%  deaths 0  [battery]
  radio_great_gulf_th_1  tx  5962  rx  81438  col 16740  dup-    0  E_tx   1.194 Wh  solar    0.00 Wh  SOC 100.0%  deaths 0  [battery]
  radio_great_gulf_th_2  tx     0  rx      0  col    0  dup-    0  E_tx   0.000 Wh  solar    0.00 Wh  SOC 100.0%  deaths 0  [battery]
  radio_great_gulf_th_3  tx     0  rx      0  col    0  dup-    0  E_tx   0.000 Wh  solar    0.00 Wh  SOC 100.0%  deaths 0  [battery]
  radio_lafayette_place_0 tx  3077  rx  10092  col  299  dup-    0  E_tx   0.609 Wh  solar    0.00 Wh  SOC 100.0%  deaths 0  [battery]
  radio_lafayette_place_1 tx  9302  rx  52556  col 9856  dup-    0  E_tx   1.856 Wh  solar    0.00 Wh  SOC 100.0%  deaths 0  [battery]
  radio_lafayette_place_2 tx  3073  rx  22664  col 2564  dup-    0  E_tx   0.615 Wh  solar    0.00 Wh  SOC 100.0%  deaths 0  [battery]
  radio_lafayette_place_3 tx  9294  rx  58546  col 11254  dup-    0  E_tx   1.859 Wh  solar    0.00 Wh  SOC 100.0%  deaths 0  [battery]
  radio_lafayette_place_4 tx     0  rx      0  col    0  dup-    0  E_tx   0.000 Wh  solar    0.00 Wh  SOC 100.0%  deaths 0  [battery]
  radio_lafayette_place_5 tx     0  rx      0  col    0  dup-    0  E_tx   0.000 Wh  solar    0.00 Wh  SOC 100.0%  deaths 0  [battery]
  radio_lincoln_woods_th_0 tx  8954  rx  28903  col 1167  dup-    0  E_tx   1.798 Wh  solar    0.00 Wh  SOC 100.0%  deaths 0  [battery]
  radio_lincoln_woods_th_1 tx 17239  rx  78162  col 3827  dup-    0  E_tx   3.463 Wh  solar    0.00 Wh  SOC 100.0%  deaths 0  [battery]
  radio_lincoln_woods_th_2 tx  8951  rx  29011  col 1347  dup-    0  E_tx   1.791 Wh  solar    0.00 Wh  SOC 100.0%  deaths 0  [battery]
  radio_lincoln_woods_th_3 tx 17359  rx  79480  col 3716  dup-    0  E_tx   3.497 Wh  solar    0.00 Wh  SOC 100.0%  deaths 0  [battery]
  radio_lincoln_woods_th_4 tx     0  rx      0  col    0  dup-    0  E_tx   0.000 Wh  solar    0.00 Wh  SOC 100.0%  deaths 0  [battery]
  radio_lincoln_woods_th_5 tx     0  rx      0  col    0  dup-    0  E_tx   0.000 Wh  solar    0.00 Wh  SOC 100.0%  deaths 0  [battery]
  radio_ravine_lodge_0   tx  6508  rx  11879  col  610  dup-    0  E_tx   1.302 Wh  solar    0.00 Wh  SOC 100.0%  deaths 0  [battery]
  radio_ravine_lodge_1   tx  6471  rx  11974  col  504  dup-    0  E_tx   1.290 Wh  solar    0.00 Wh  SOC 100.0%  deaths 0  [battery]
  radio_ravine_lodge_2   tx     0  rx      0  col    0  dup-    0  E_tx   0.000 Wh  solar    0.00 Wh  SOC 100.0%  deaths 0  [battery]
  radio_ravine_lodge_3   tx     0  rx      0  col    0  dup-    0  E_tx   0.000 Wh  solar    0.00 Wh  SOC 100.0%  deaths 0  [battery]
  radio_waterville_valley_0 tx 20168  rx  37877  col 2083  dup-    0  E_tx   4.056 Wh  solar    0.00 Wh  SOC 100.0%  deaths 0  [battery]
  radio_waterville_valley_1 tx 20164  rx  38390  col 2266  dup-    0  E_tx   4.053 Wh  solar    0.00 Wh  SOC 100.0%  deaths 0  [battery]
  radio_waterville_valley_2 tx     0  rx      0  col    0  dup-    0  E_tx   0.000 Wh  solar    0.00 Wh  SOC 100.0%  deaths 0  [battery]
  radio_waterville_valley_3 tx     0  rx      0  col    0  dup-    0  E_tx   0.000 Wh  solar    0.00 Wh  SOC 100.0%  deaths 0  [battery]
  radio_piper_th_0       tx  3648  rx  10882  col  163  dup-    0  E_tx   0.724 Wh  solar    0.00 Wh  SOC 100.0%  deaths 0  [battery]
  radio_piper_th_1       tx  3651  rx  11024  col  171  dup-    0  E_tx   0.721 Wh  solar    0.00 Wh  SOC 100.0%  deaths 0  [battery]
  radio_piper_th_2       tx     0  rx      0  col    0  dup-    0  E_tx   0.000 Wh  solar    0.00 Wh  SOC 100.0%  deaths 0  [battery]
  radio_piper_th_3       tx     0  rx      0  col    0  dup-    0  E_tx   0.000 Wh  solar    0.00 Wh  SOC 100.0%  deaths 0  [battery]
  radio_sawyer_river_th_0 tx  7498  rx  27061  col  424  dup-    0  E_tx   1.500 Wh  solar    0.00 Wh  SOC 100.0%  deaths 0  [battery]
  radio_sawyer_river_th_1 tx  7555  rx  32847  col  506  dup-    0  E_tx   1.520 Wh  solar    0.00 Wh  SOC 100.0%  deaths 0  [battery]
  radio_sawyer_river_th_2 tx     0  rx      0  col    0  dup-    0  E_tx   0.000 Wh  solar    0.00 Wh  SOC 100.0%  deaths 0  [battery]
  radio_sawyer_river_th_3 tx     0  rx      0  col    0  dup-    0  E_tx   0.000 Wh  solar    0.00 Wh  SOC 100.0%  deaths 0  [battery]
  radio_monadnock_hq_0   tx  3827  rx   2968  col   97  dup-    0  E_tx   0.763 Wh  solar    0.00 Wh  SOC 100.0%  deaths 0  [battery]
  radio_monadnock_hq_1   tx  3817  rx   2988  col  104  dup-    0  E_tx   0.764 Wh  solar    0.00 Wh  SOC 100.0%  deaths 0  [battery]
  radio_monadnock_hq_2   tx     0  rx      0  col    0  dup-    0  E_tx   0.000 Wh  solar    0.00 Wh  SOC 100.0%  deaths 0  [battery]
  radio_monadnock_hq_3   tx     0  rx      0  col    0  dup-    0  E_tx   0.000 Wh  solar    0.00 Wh  SOC 100.0%  deaths 0  [battery]
  radio_cardigan_lodge_0 tx  3943  rx   2510  col    2  dup-    0  E_tx   0.789 Wh  solar    0.00 Wh  SOC 100.0%  deaths 0  [battery]
  radio_cardigan_lodge_1 tx  3963  rx   2519  col   20  dup-    0  E_tx   0.793 Wh  solar    0.00 Wh  SOC 100.0%  deaths 0  [battery]
  radio_cardigan_lodge_2 tx     0  rx      0  col    0  dup-    0  E_tx   0.000 Wh  solar    0.00 Wh  SOC 100.0%  deaths 0  [battery]
  radio_cardigan_lodge_3 tx     0  rx      0  col    0  dup-    0  E_tx   0.000 Wh  solar    0.00 Wh  SOC 100.0%  deaths 0  [battery]
  radio_gunstock_top_0   tx  7325  rx  10279  col  433  dup-    0  E_tx   1.464 Wh  solar    0.00 Wh  SOC 100.0%  deaths 0  [battery]
  radio_gunstock_top_1   tx  7360  rx  10213  col  367  dup-    0  E_tx   1.476 Wh  solar    0.00 Wh  SOC 100.0%  deaths 0  [battery]
  radio_gunstock_top_2   tx     0  rx      0  col    0  dup-    0  E_tx   0.000 Wh  solar    0.00 Wh  SOC 100.0%  deaths 0  [battery]
  radio_gunstock_top_3   tx     0  rx      0  col    0  dup-    0  E_tx   0.000 Wh  solar    0.00 Wh  SOC 100.0%  deaths 0  [battery]
  radio_winslow_hq_0     tx  3891  rx    943  col    0  dup-    0  E_tx   0.766 Wh  solar    0.00 Wh  SOC 100.0%  deaths 0  [battery]
  radio_winslow_hq_1     tx     0  rx      0  col    0  dup-    0  E_tx   0.000 Wh  solar    0.00 Wh  SOC 100.0%  deaths 0  [battery]
  radio_winslow_hq_2     tx     0  rx      0  col    0  dup-    0  E_tx   0.000 Wh  solar    0.00 Wh  SOC 100.0%  deaths 0  [battery]
  radio_winslow_hq_3     tx     0  rx      0  col    0  dup-    0  E_tx   0.000 Wh  solar    0.00 Wh  SOC 100.0%  deaths 0  [battery]
  radio_miller_hq_0      tx  3202  rx   1671  col   10  dup-    0  E_tx   0.637 Wh  solar    0.00 Wh  SOC 100.0%  deaths 0  [battery]
  radio_miller_hq_1      tx     0  rx      0  col    0  dup-    0  E_tx   0.000 Wh  solar    0.00 Wh  SOC 100.0%  deaths 0  [battery]
  radio_miller_hq_2      tx     0  rx      0  col    0  dup-    0  E_tx   0.000 Wh  solar    0.00 Wh  SOC 100.0%  deaths 0  [battery]
  radio_miller_hq_3      tx     0  rx      0  col    0  dup-    0  E_tx   0.000 Wh  solar    0.00 Wh  SOC 100.0%  deaths 0  [battery]
  radio_rockywold_camps_0 tx  4189  rx   9417  col  321  dup-    0  E_tx   0.835 Wh  solar    0.00 Wh  SOC 100.0%  deaths 0  [battery]
  radio_rockywold_camps_1 tx  4270  rx   8292  col  222  dup-    0  E_tx   0.856 Wh  solar    0.00 Wh  SOC 100.0%  deaths 0  [battery]
  radio_rockywold_camps_2 tx     0  rx      0  col    0  dup-    0  E_tx   0.000 Wh  solar    0.00 Wh  SOC 100.0%  deaths 0  [battery]
  radio_rockywold_camps_3 tx     0  rx      0  col    0  dup-    0  E_tx   0.000 Wh  solar    0.00 Wh  SOC 100.0%  deaths 0  [battery]
  radio_rumney_village_0 tx  4184  rx   3721  col  134  dup-    0  E_tx   0.832 Wh  solar    0.00 Wh  SOC 100.0%  deaths 0  [battery]
  radio_rumney_village_1 tx  4187  rx   3759  col  132  dup-    0  E_tx   0.837 Wh  solar    0.00 Wh  SOC 100.0%  deaths 0  [battery]
  radio_rumney_village_2 tx     0  rx      0  col    0  dup-    0  E_tx   0.000 Wh  solar    0.00 Wh  SOC 100.0%  deaths 0  [battery]
  radio_rumney_village_3 tx     0  rx      0  col    0  dup-    0  E_tx   0.000 Wh  solar    0.00 Wh  SOC 100.0%  deaths 0  [battery]
  radio_glen_ellis_0     tx 17672  rx 172322  col 30796  dup-    0  E_tx   3.546 Wh  solar    0.00 Wh  SOC 100.0%  deaths 0  [battery]
  radio_glen_ellis_1     tx 17726  rx 160561  col 28653  dup-    0  E_tx   3.560 Wh  solar    0.00 Wh  SOC 100.0%  deaths 0  [battery]
  radio_glen_ellis_2     tx     0  rx      0  col    0  dup-    0  E_tx   0.000 Wh  solar    0.00 Wh  SOC 100.0%  deaths 0  [battery]
  radio_glen_ellis_3     tx     0  rx      0  col    0  dup-    0  E_tx   0.000 Wh  solar    0.00 Wh  SOC 100.0%  deaths 0  [battery]
  radio_twin_mountain_village_0 tx 21031  rx  68657  col 5743  dup-    0  E_tx   4.221 Wh  solar    0.00 Wh  SOC 100.0%  deaths 0  [battery]
  radio_twin_mountain_village_1 tx 21100  rx  63419  col 4937  dup-    0  E_tx   4.221 Wh  solar    0.00 Wh  SOC 98.9%  deaths 0  [battery]
  radio_twin_mountain_village_2 tx     0  rx      0  col    0  dup-    0  E_tx   0.000 Wh  solar    0.00 Wh  SOC 100.0%  deaths 0  [battery]
  radio_twin_mountain_village_3 tx     0  rx      0  col    0  dup-    0  E_tx   0.000 Wh  solar    0.00 Wh  SOC 100.0%  deaths 0  [battery]
  radio_wild_river_cg_0  tx 14505  rx  53817  col 6718  dup-    0  E_tx   2.901 Wh  solar    0.00 Wh  SOC 100.0%  deaths 0  [battery]
  radio_wild_river_cg_1  tx 14438  rx  51328  col 5824  dup-    0  E_tx   2.880 Wh  solar    0.00 Wh  SOC 100.0%  deaths 0  [battery]
  radio_wild_river_cg_2  tx     0  rx      0  col    0  dup-    0  E_tx   0.000 Wh  solar    0.00 Wh  SOC 100.0%  deaths 0  [battery]
  radio_wild_river_cg_3  tx     0  rx      0  col    0  dup-    0  E_tx   0.000 Wh  solar    0.00 Wh  SOC 100.0%  deaths 0  [battery]
  radio_bear_brook_hq_0  tx  3345  rx    645  col    0  dup-    0  E_tx   0.660 Wh  solar    0.00 Wh  SOC 100.0%  deaths 0  [battery]
  radio_bear_brook_hq_1  tx     0  rx      0  col    0  dup-    0  E_tx   0.000 Wh  solar    0.00 Wh  SOC 100.0%  deaths 0  [battery]
  radio_bear_brook_hq_2  tx     0  rx      0  col    0  dup-    0  E_tx   0.000 Wh  solar    0.00 Wh  SOC 100.0%  deaths 0  [battery]
  radio_bear_brook_hq_3  tx     0  rx      0  col    0  dup-    0  E_tx   0.000 Wh  solar    0.00 Wh  SOC 100.0%  deaths 0  [battery]
wrote artifacts/sim/kiosk_trace_duty_sync.jsonl, artifacts/sim/kiosk_summary_duty_sync.json
