{
  "mode": "duty_adaptive",
  "days": 365.0,
  "hop_limit": 3,
  "n_renters": 0,
  "rental": {
    "walker_days": 18250,
    "served": 18250,
    "starved": 0,
    "availability": 1.0,
    "mean_checkout_soc": 1.0
  },
  "fleet_energy": {
    "mean_duty": 0.2594,
    "final_soc_std": 0.1048,
    "final_soc_min": 0.0564,
    "deaths_total": 1926,
    "relay_energy_gini": 0.3337,
    "soc_series_6h": [
      [
        0.25,
        0.982,
        0.982,
        0.982,
        0.0032
      ],
      [
        0.5,
        0.969,
        0.971,
        0.999,
        0.0145
      ],
      [
        0.75,
        0.999,
        0.999,
        0.999,
        0.0092
      ],
      [
        1.0,
        0.996,
        0.999,
        0.999,
        0.0106
      ],
      [
        1.25,
        0.978,
        0.98,
        0.982,
        0.0139
      ],
      [
        1.5,
        0.968,
        0.971,
        0.999,
        0.022
      ],
      [
        1.75,
        0.999,
        0.999,
        0.999,
        0.0182
      ],
      [
        2.0,
        0.996,
        0.999,
        0.999,
        0.0185
      ],
      [
        2.25,
        0.978,
        0.981,
        0.982,
        0.0218
      ],
      [
        2.5,
        0.967,
        0.971,
        0.999,
        0.029
      ],
      [
        2.75,
        0.999,
        0.999,
        0.999,
        0.0268
      ],
      [
        3.0,
        0.996,
        0.999,
        0.999,
        0.0275
      ],
      [
        3.25,
        0.978,
        0.981,
        0.982,
        0.0308
      ],
      [
        3.5,
        0.966,
        0.969,
        0.999,
        0.0375
      ],
      [
        3.75,
        0.999,
        0.999,
        0.999,
        0.0369
      ],
      [
        4.0,
        0.996,
        0.999,
        0.999,
        0.0381
      ],
      [
        4.25,
        0.978,
        0.98,
        0.982,
        0.0414
      ],
      [
        4.5,
        0.968,
        0.97,
        0.999,
        0.0473
      ],
      [
        4.75,
        0.999,
        0.999,
        0.999,
        0.0462
      ],
      [
        5.0,
        0.996,
        0.999,
        0.999,
        0.0467
      ],
      [
        5.25,
        0.978,
        0.981,
        0.982,
        0.05
      ],
      [
        5.5,
        0.967,
        0.971,
        0.999,
        0.0556
      ],
      [
        5.75,
        0.999,
        0.999,
        0.999,
        0.0546
      ],
      [
        6.0,
        0.996,
        0.999,
        0.999,
        0.055
      ],
      [
        6.25,
        0.978,
        0.981,
        0.982,
        0.0584
      ],
      [
        6.5,
        0.968,
        0.972,
        0.999,
        0.0636
      ],
      [
        6.75,
        0.999,
        0.999,
        0.999,
        0.0621
      ],
      [
        7.0,
        0.996,
        0.999,
        0.999,
        0.0619
      ],
      [
        7.25,
        0.977,
        0.981,
        0.982,
        0.0652
      ],
      [
        7.5,
        0.966,
        0.97,
        0.999,
        0.0706
      ],
      [
        7.75,
        0.999,
        0.999,
        0.999,
        0.0708
      ],
      [
        8.0,
        0.996,
        0.999,
        0.999,
        0.0717
      ],
      [
        8.25,
        0.978,
        0.981,
        0.982,
        0.075
      ],
      [
        8.5,
        0.964,
        0.967,
        0.999,
        0.0803
      ],
      [
        8.75,
        0.989,
        0.992,
        0.999,
        0.0819
      ],
      [
        9.0,
        0.996,
        0.998,
        0.999,
        0.0844
      ],
      [
        9.25,
        0.978,
        0.98,
        0.982,
        0.0877
      ],
      [
        9.5,
        0.964,
        0.966,
        0.994,
        0.0926
      ],
      [
        9.75,
        0.984,
        0.985,
        0.999,
        0.0949
      ],
      [
        10.0,
        0.991,
        0.994,
        0.999,
        0.0978
      ],
      [
        10.25,
        0.972,
        0.975,
        0.982,
        0.1012
      ],
      [
        10.5,
        0.961,
        0.966,
        0.999,
        0.1063
      ],
      [
        10.75,
        0.999,
        0.999,
        0.999,
        0.106
      ],
      [
        11.0,
        0.996,
        0.999,
        0.999,
        0.1063
      ],
      [
        11.25,
        0.978,
        0.981,
        0.982,
        0.1083
      ],
      [
        11.5,
        0.966,
        0.97,
        0.999,
        0.1088
      ],
      [
        11.75,
        0.999,
        0.999,
        0.999,
        0.105
      ],
      [
        12.0,
        0.996,
        0.999,
        0.999,
        0.1056
      ],
      [
        12.25,
        0.978,
        0.981,
        0.982,
        0.1089
      ],
      [
        12.5,
        0.966,
        0.97,
        0.999,
        0.1088
      ],
      [
        12.75,
        0.999,
        0.999,
        0.999,
        0.1051
      ],
      [
        13.0,
        0.996,
        0.999,
        0.999,
        0.1057
      ],
      [
        13.25,
        0.978,
        0.981,
        0.982,
        0.109
      ],
      [
        13.5,
        0.964,
        0.966,
        0.993,
        0.1085
      ],
      [
        13.75,
        0.983,
        0.986,
        0.999,
        0.1057
      ],
      [
        14.0,
        0.99,
        0.994,
        0.999,
        0.1076
      ],
      [
        14.25,
        0.972,
        0.976,
        0.982,
        0.1089
      ],
      [
        14.5,
        0.962,
        0.968,
        0.999,
        0.1085
      ],
      [
        14.75,
        0.999,
        0.999,
        0.999,
        0.1037
      ],
      [
        15.0,
        0.996,
        0.999,
        0.999,
        0.1031
      ],
      [
        15.25,
        0.977,
        0.981,
        0.982,
        0.1064
      ],
      [
        15.5,
        0.968,
        0.972,
        0.999,
        0.1087
      ],
      [
        15.75,
        0.999,
        0.999,
        0.999,
        0.1041
      ],
      [
        16.0,
        0.996,
        0.999,
        0.999,
        0.1039
      ],
      [
        16.25,
        0.977,
        0.981,
        0.982,
        0.1072
      ],
      [
        16.5,
        0.966,
        0.97,
        0.999,
        0.1088
      ],
      [
        16.75,
        0.999,
        0.999,
        0.999,
        0.1051
      ],
      [
        17.0,
        0.996,
        0.999,
        0.999,
        0.1058
      ],
      [
        17.25,
        0.978,
        0.98,
        0.982,
        0.109
      ],
      [
        17.5,
        0.967,
        0.971,
        0.999,
        0.1087
      ],
      [
        17.75,
        0.999,
        0.999,
        0.999,
        0.1045
      ],
      [
        18.0,
        0.995,
        0.999,
        0.999,
        0.1046
      ],
      [
        18.25,
        0.977,
        0.98,
        0.982,
        0.1079
      ],
      [
        18.5,
        0.968,
        0.972,
        0.999,
        0.1087
      ],
      [
        18.75,
        0.999,
        0.999,
        0.999,
        0.1038
      ],
      [
        19.0,
        0.996,
        0.999,
        0.999,
        0.1033
      ],
      [
        19.25,
        0.977,
        0.981,
        0.981,
        0.1066
      ],
      [
        19.5,
        0.963,
        0.966,
        0.99,
        0.1084
      ],
      [
        19.75,
        0.981,
        0.985,
        0.999,
        0.1058
      ],
      [
        20.0,
        0.988,
        0.992,
        0.999,
        0.1076
      ],
      [
        20.25,
        0.969,
        0.974,
        0.982,
        0.1088
      ],
      [
        20.5,
        0.957,
        0.962,
        0.999,
        0.1087
      ],
      [
        20.75,
        0.994,
        0.999,
        0.999,
        0.1053
      ],
      [
        21.0,
        0.996,
        0.999,
        0.999,
        0.1064
      ],
      [
        21.25,
        0.977,
        0.98,
        0.982,
        0.1092
      ],
      [
        21.5,
        0.967,
        0.971,
        0.999,
        0.1087
      ],
      [
        21.75,
        0.999,
        0.999,
        0.999,
        0.104
      ],
      [
        22.0,
        0.996,
        0.999,
        0.999,
        0.1037
      ],
      [
        22.25,
        0.977,
        0.98,
        0.982,
        0.107
      ],
      [
        22.5,
        0.967,
        0.971,
        0.999,
        0.1087
      ],
      [
        22.75,
        0.999,
        0.999,
        0.999,
        0.1037
      ],
      [
        23.0,
        0.996,
        0.999,
        0.999,
        0.103
      ],
      [
        23.25,
        0.977,
        0.981,
        0.982,
        0.1064
      ],
      [
        23.5,
        0.967,
        0.971,
        0.999,
        0.1087
      ],
      [
        23.75,
        0.999,
        0.999,
        0.999,
        0.1037
      ],
      [
        24.0,
        0.996,
        0.999,
        0.999,
        0.1031
      ],
      [
        24.25,
        0.977,
        0.981,
        0.981,
        0.1065
      ],
      [
        24.5,
        0.963,
        0.966,
        0.992,
        0.1084
      ],
      [
        24.75,
        0.985,
        0.989,
        0.999,
        0.1056
      ],
      [
        25.0,
        0.993,
        0.997,
        0.999,
        0.1079
      ],
      [
        25.25,
        0.975,
        0.979,
        0.982,
        0.1091
      ],
      [
        25.5,
        0.965,
        0.97,
        0.999,
        0.1086
      ],
      [
        25.75,
        0.999,
        0.999,
        0.999,
        0.1037
      ],
      [
        26.0,
        0.995,
        0.999,
        0.999,
        0.103
      ],
      [
        26.25,
        0.977,
        0.98,
        0.981,
        0.1063
      ],
      [
        26.5,
        0.963,
        0.967,
        0.997,
        0.1087
      ],
      [
        26.75,
        0.991,
        0.995,
        0.999,
        0.1054
      ],
      [
        27.0,
        0.996,
        0.998,
        0.999,
        0.1075
      ],
      [
        27.25,
        0.977,
        0.979,
        0.981,
        0.1092
      ],
      [
        27.5,
        0.966,
        0.969,
        0.999,
        0.1087
      ],
      [
        27.75,
        0.999,
        0.999,
        0.999,
        0.1044
      ],
      [
        28.0,
        0.995,
        0.999,
        0.999,
        0.1044
      ],
      [
        28.25,
        0.977,
        0.98,
        0.981,
        0.1077
      ],
      [
        28.5,
        0.966,
        0.97,
        0.999,
        0.1087
      ],
      [
        28.75,
        0.999,
        0.999,
        0.999,
        0.1044
      ],
      [
        29.0,
        0.995,
        0.999,
        0.999,
        0.1044
      ],
      [
        29.25,
        0.977,
        0.98,
        0.981,
        0.1077
      ],
      [
        29.5,
        0.965,
        0.969,
        0.999,
        0.1087
      ],
      [
        29.75,
        0.999,
        0.999,
        0.999,
        0.1048
      ],
      [
        30.0,
        0.995,
        0.998,
        0.999,
        0.1052
      ],
      [
        30.25,
        0.977,
        0.98,
        0.981,
        0.1085
      ],
      [
        30.5,
        0.96,
        0.964,
        0.975,
        0.1076
      ],
      [
        30.75,
        0.963,
        0.966,
        0.999,
        0.1072
      ],
      [
        31.0,
        0.958,
        0.962,
        0.999,
        0.1056
      ],
      [
        31.25,
        0.94,
        0.944,
        0.981,
        0.1036
      ],
      [
        31.5,
        0.929,
        0.933,
        0.999,
        0.105
      ],
      [
        31.75,
        0.982,
        0.986,
        0.999,
        0.1021
      ],
      [
        32.0,
        0.995,
        0.998,
        0.999,
        0.1031
      ],
      [
        32.25,
        0.977,
        0.98,
        0.981,
        0.1064
      ],
      [
        32.5,
        0.966,
        0.969,
        0.999,
        0.1087
      ],
      [
        32.75,
        0.999,
        0.999,
        0.999,
        0.1042
      ],
      [
        33.0,
        0.995,
        0.998,
        0.999,
        0.1041
      ],
      [
        33.25,
        0.977,
        0.98,
        0.981,
        0.1074
      ],
      [
        33.5,
        0.965,
        0.969,
        0.999,
        0.1087
      ],
      [
        33.75,
        0.999,
        0.999,
        0.999,
        0.1043
      ],
      [
        34.0,
        0.995,
        0.998,
        0.999,
        0.1043
      ],
      [
        34.25,
        0.977,
        0.98,
        0.981,
        0.1076
      ],
      [
        34.5,
        0.965,
        0.969,
        0.999,
        0.1087
      ],
      [
        34.75,
        0.999,
        0.999,
        0.999,
        0.1041
      ],
      [
        35.0,
        0.995,
        0.998,
        0.999,
        0.104
      ],
      [
        35.25,
        0.977,
        0.98,
        0.981,
        0.1073
      ],
      [
        35.5,
        0.963,
        0.967,
        0.999,
        0.1088
      ],
      [
        35.75,
        0.999,
        0.999,
        0.999,
        0.1054
      ],
      [
        36.0,
        0.995,
        0.998,
        0.999,
        0.1065
      ],
      [
        36.25,
        0.976,
        0.979,
        0.981,
        0.1091
      ],
      [
        36.5,
        0.963,
        0.966,
        0.996,
        0.1085
      ],
      [
        36.75,
        0.995,
        0.998,
        0.999,
        0.1055
      ],
      [
        37.0,
        0.995,
        0.998,
        0.999,
        0.1072
      ],
      [
        37.25,
        0.977,
        0.979,
        0.981,
        0.1091
      ],
      [
        37.5,
        0.965,
        0.968,
        0.999,
        0.1087
      ],
      [
        37.75,
        0.999,
        0.999,
        0.999,
        0.1047
      ],
      [
        38.0,
        0.994,
        0.998,
        0.999,
        0.1051
      ],
      [
        38.25,
        0.976,
        0.98,
        0.981,
        0.1084
      ],
      [
        38.5,
        0.963,
        0.966,
        0.998,
        0.1087
      ],
      [
        38.75,
        0.998,
        0.999,
        0.999,
        0.1055
      ],
      [
        39.0,
        0.995,
        0.998,
        0.999,
        0.1068
      ],
      [
        39.25,
        0.976,
        0.979,
        0.981,
        0.1091
      ],
      [
        39.5,
        0.964,
        0.968,
        0.999,
        0.1087
      ],
      [
        39.75,
        0.999,
        0.999,
        0.999,
        0.1045
      ],
      [
        40.0,
        0.994,
        0.998,
        0.999,
        0.1048
      ],
      [
        40.25,
        0.976,
        0.979,
        0.981,
        0.1081
      ],
      [
        40.5,
        0.964,
        0.968,
        0.999,
        0.1087
      ],
      [
        40.75,
        0.999,
        0.999,
        0.999,
        0.1044
      ],
      [
        41.0,
        0.994,
        0.998,
        0.999,
        0.1046
      ],
      [
        41.25,
        0.976,
        0.979,
        0.981,
        0.1079
      ],
      [
        41.5,
        0.964,
        0.968,
        0.999,
        0.1087
      ],
      [
        41.75,
        0.999,
        0.999,
        0.999,
        0.1045
      ],
      [
        42.0,
        0.994,
        0.998,
        0.999,
        0.1047
      ],
      [
        42.25,
        0.976,
        0.979,
        0.98,
        0.108
      ],
      [
        42.5,
        0.964,
        0.967,
        0.999,
        0.1087
      ],
      [
        42.75,
        0.999,
        0.999,
        0.999,
        0.1046
      ],
      [
        43.0,
        0.994,
        0.998,
        0.999,
        0.105
      ],
      [
        43.25,
        0.976,
        0.979,
        0.98,
        0.1083
      ],
      [
        43.5,
        0.963,
        0.967,
        0.999,
        0.1087
      ],
      [
        43.75,
        0.999,
        0.999,
        0.999,
        0.105
      ],
      [
        44.0,
        0.994,
        0.998,
        0.999,
        0.1057
      ],
      [
        44.25,
        0.976,
        0.979,
        0.98,
        0.1088
      ],
      [
        44.5,
        0.963,
        0.967,
        0.999,
        0.1087
      ],
      [
        44.75,
        0.999,
        0.999,
        0.999,
        0.105
      ],
      [
        45.0,
        0.994,
        0.998,
        0.999,
        0.1057
      ],
      [
        45.25,
        0.976,
        0.979,
        0.98,
        0.1088
      ],
      [
        45.5,
        0.963,
        0.967,
        0.999,
        0.1087
      ],
      [
        45.75,
        0.999,
        0.999,
        0.999,
        0.1042
      ],
      [
        46.0,
        0.994,
        0.998,
        0.999,
        0.1043
      ],
      [
        46.25,
        0.976,
        0.979,
        0.98,
        0.1076
      ],
      [
        46.5,
        0.964,
        0.967,
        0.999,
        0.1087
      ],
      [
        46.75,
        0.999,
        0.999,
        0.999,
        0.1042
      ],
      [
        47.0,
        0.994,
        0.997,
        0.998,
        0.1043
      ],
      [
        47.25,
        0.976,
        0.979,
        0.98,
        0.1076
      ],
      [
        47.5,
        0.962,
        0.966,
        0.998,
        0.1086
      ],
      [
        47.75,
        0.999,
        0.999,
        0.999,
        0.1052
      ],
      [
        48.0,
        0.994,
        0.997,
        0.998,
        0.1062
      ],
      [
        48.25,
        0.976,
        0.979,
        0.98,
        0.109
      ],
      [
        48.5,
        0.963,
        0.967,
        0.999,
        0.1087
      ],
      [
        48.75,
        0.999,
        0.999,
        0.999,
        0.1042
      ],
      [
        49.0,
        0.994,
        0.997,
        0.998,
        0.1043
      ],
      [
        49.25,
        0.976,
        0.979,
        0.98,
        0.1076
      ],
      [
        49.5,
        0.962,
        0.966,
        0.999,
        0.1087
      ],
      [
        49.75,
        0.999,
        0.999,
        0.999,
        0.105
      ],
      [
        50.0,
        0.994,
        0.997,
        0.998,
        0.1058
      ],
      [
        50.25,
        0.975,
        0.979,
        0.98,
        0.1089
      ],
      [
        50.5,
        0.96,
        0.964,
        0.984,
        0.1078
      ],
      [
        50.75,
        0.984,
        0.988,
        0.999,
        0.1054
      ],
      [
        51.0,
        0.991,
        0.996,
        0.998,
        0.1078
      ],
      [
        51.25,
        0.973,
        0.978,
        0.98,
        0.1089
      ],
      [
        51.5,
        0.96,
        0.966,
        0.999,
        0.1086
      ],
      [
        51.75,
        0.999,
        0.999,
        0.999,
        0.1043
      ],
      [
        52.0,
        0.994,
        0.997,
        0.998,
        0.1045
      ],
      [
        52.25,
        0.975,
        0.979,
        0.98,
        0.1078
      ],
      [
        52.5,
        0.962,
        0.966,
        0.999,
        0.1086
      ],
      [
        52.75,
        0.999,
        0.999,
        0.999,
        0.1048
      ],
      [
        53.0,
        0.994,
        0.997,
        0.998,
        0.1054
      ],
      [
        53.25,
        0.975,
        0.979,
        0.98,
        0.1086
      ],
      [
        53.5,
        0.961,
        0.965,
        0.995,
        0.1084
      ],
      [
        53.75,
        0.999,
        0.999,
        0.999,
        0.1053
      ],
      [
        54.0,
        0.994,
        0.997,
        0.998,
        0.1065
      ],
      [
        54.25,
        0.975,
        0.978,
        0.979,
        0.109
      ],
      [
        54.5,
        0.961,
        0.964,
        0.99,
        0.1081
      ],
      [
        54.75,
        0.995,
        0.999,
        0.999,
        0.1054
      ],
      [
        55.0,
        0.994,
        0.997,
        0.998,
        0.1071
      ],
      [
        55.25,
        0.975,
        0.978,
        0.979,
        0.109
      ],
      [
        55.5,
        0.96,
        0.963,
        0.981,
        0.1077
      ],
      [
        55.75,
        0.982,
        0.985,
        0.999,
        0.1055
      ],
      [
        56.0,
        0.988,
        0.993,
        0.998,
        0.1077
      ],
      [
        56.25,
        0.97,
        0.974,
        0.979,
        0.1087
      ],
      [
        56.5,
        0.954,
        0.96,
        0.986,
        0.1077
      ],
      [
        56.75,
        0.984,
        0.989,
        0.999,
        0.1049
      ],
      [
        57.0,
        0.993,
        0.996,
        0.998,
        0.1075
      ],
      [
        57.25,
        0.975,
        0.978,
        0.979,
        0.1089
      ],
      [
        57.5,
        0.959,
        0.963,
        0.987,
        0.1079
      ],
      [
        57.75,
        0.991,
        0.996,
        0.999,
        0.1053
      ],
      [
        58.0,
        0.993,
        0.996,
        0.998,
        0.1073
      ],
      [
        58.25,
        0.975,
        0.978,
        0.979,
        0.1089
      ],
      [
        58.5,
        0.961,
        0.965,
        0.998,
        0.1085
      ],
      [
        58.75,
        0.999,
        0.999,
        0.999,
        0.1048
      ],
      [
        59.0,
        0.993,
        0.997,
        0.997,
        0.1055
      ],
      [
        59.25,
        0.975,
        0.978,
        0.979,
        0.1086
      ],
      [
        59.5,
        0.959,
        0.962,
        0.977,
        0.1075
      ],
      [
        59.75,
        0.978,
        0.981,
        0.999,
        0.1058
      ],
      [
        60.0,
        0.981,
        0.986,
        0.997,
        0.1073
      ],
      [
        60.25,
        0.962,
        0.968,
        0.979,
        0.1082
      ],
      [
        60.5,
        0.946,
        0.951,
        0.977,
        0.107
      ],
      [
        60.75,
        0.964,
        0.97,
        0.999,
        0.1055
      ],
      [
        61.0,
        0.967,
        0.974,
        0.997,
        0.1068
      ],
      [
        61.25,
        0.948,
        0.955,
        0.979,
        0.1077
      ],
      [
        61.5,
        0.934,
        0.942,
        0.997,
        0.1083
      ],
      [
        61.75,
        0.984,
        0.993,
        0.999,
        0.104
      ],
      [
        62.0,
        0.993,
        0.996,
        0.997,
        0.1052
      ],
      [
        62.25,
        0.975,
        0.978,
        0.979,
        0.1085
      ],
      [
        62.5,
        0.96,
        0.964,
        0.991,
        0.1082
      ],
      [
        62.75,
        0.999,
        0.999,
        0.999,
        0.1052
      ],
      [
        63.0,
        0.993,
        0.996,
        0.997,
        0.1063
      ],
      [
        63.25,
        0.974,
        0.978,
        0.979,
        0.1089
      ],
      [
        63.5,
        0.96,
        0.963,
        0.989,
        0.108
      ],
      [
        63.75,
        0.998,
        0.999,
        0.999,
        0.1054
      ],
      [
        64.0,
        0.992,
        0.996,
        0.997,
        0.1068
      ],
      [
        64.25,
        0.974,
        0.978,
        0.979,
        0.1089
      ],
      [
        64.5,
        0.96,
        0.963,
        0.989,
        0.108
      ],
      [
        64.75,
        0.999,
        0.999,
        0.999,
        0.1053
      ],
      [
        65.0,
        0.992,
        0.996,
        0.997,
        0.1067
      ],
      [
        65.25,
        0.974,
        0.977,
        0.979,
        0.1089
      ],
      [
        65.5,
        0.959,
        0.963,
        0.987,
        0.1079
      ],
      [
        65.75,
        0.997,
        0.999,
        0.999,
        0.1054
      ],
      [
        66.0,
        0.992,
        0.996,
        0.997,
        0.107
      ],
      [
        66.25,
        0.974,
        0.977,
        0.978,
        0.1089
      ],
      [
        66.5,
        0.959,
        0.962,
        0.98,
        0.1076
      ],
      [
        66.75,
        0.987,
        0.99,
        0.999,
        0.1052
      ],
      [
        67.0,
        0.993,
        0.995,
        0.997,
        0.1078
      ],
      [
        67.25,
        0.974,
        0.977,
        0.978,
        0.1088
      ],
      [
        67.5,
        0.957,
        0.96,
        0.969,
        0.1071
      ],
      [
        67.75,
        0.964,
        0.967,
        0.999,
        0.1068
      ],
      [
        68.0,
        0.96,
        0.964,
        0.996,
        0.1049
      ],
      [
        68.25,
        0.942,
        0.946,
        0.978,
        0.1028
      ],
      [
        68.5,
        0.926,
        0.929,
        0.974,
        0.1019
      ],
      [
        68.75,
        0.942,
        0.946,
        0.999,
        0.105
      ],
      [
        69.0,
        0.943,
        0.948,
        0.996,
        0.1077
      ],
      [
        69.25,
        0.925,
        0.93,
        0.978,
        0.1074
      ],
      [
        69.5,
        0.91,
        0.916,
        0.99,
        0.1083
      ],
      [
        69.75,
        0.956,
        0.962,
        0.999,
        0.1034
      ],
      [
        70.0,
        0.971,
        0.981,
        0.996,
        0.1052
      ],
      [
        70.25,
        0.952,
        0.963,
        0.978,
        0.1079
      ],
      [
        70.5,
        0.937,
        0.949,
        0.99,
        0.1078
      ],
      [
        70.75,
        0.986,
        0.997,
        0.999,
        0.1046
      ],
      [
        71.0,
        0.992,
        0.995,
        0.996,
        0.1059
      ],
      [
        71.25,
        0.974,
        0.977,
        0.978,
        0.1088
      ],
      [
        71.5,
        0.959,
        0.963,
        0.989,
        0.108
      ],
      [
        71.75,
        0.999,
        0.999,
        0.999,
        0.1049
      ],
      [
        72.0,
        0.992,
        0.995,
        0.996,
        0.106
      ],
      [
        72.25,
        0.974,
        0.977,
        0.978,
        0.1088
      ],
      [
        72.5,
        0.959,
        0.962,
        0.986,
        0.1078
      ],
      [
        72.75,
        0.999,
        0.999,
        0.999,
        0.1053
      ],
      [
        73.0,
        0.992,
        0.995,
        0.996,
        0.1067
      ],
      [
        73.25,
        0.974,
        0.977,
        0.978,
        0.1088
      ],
      [
        73.5,
        0.959,
        0.962,
        0.987,
        0.1079
      ],
      [
        73.75,
        0.999,
        0.999,
        0.999,
        0.105
      ],
      [
        74.0,
        0.992,
        0.995,
        0.996,
        0.1061
      ],
      [
        74.25,
        0.974,
        0.977,
        0.978,
        0.1088
      ],
      [
        74.5,
        0.958,
        0.96,
        0.975,
        0.1073
      ],
      [
        74.75,
        0.98,
        0.984,
        0.999,
        0.1055
      ],
      [
        75.0,
        0.983,
        0.989,
        0.996,
        0.1076
      ],
      [
        75.25,
        0.965,
        0.97,
        0.977,
        0.1083
      ],
      [
        75.5,
        0.949,
        0.955,
        0.983,
        0.1074
      ],
      [
        75.75,
        0.988,
        0.995,
        0.999,
        0.1049
      ],
      [
        76.0,
        0.992,
        0.995,
        0.996,
        0.1069
      ],
      [
        76.25,
        0.973,
        0.976,
        0.978,
        0.1088
      ],
      [
        76.5,
        0.958,
        0.962,
        0.985,
        0.1078
      ],
      [
        76.75,
        0.999,
        0.999,
        0.999,
        0.1051
      ],
      [
        77.0,
        0.992,
        0.995,
        0.996,
        0.1063
      ],
      [
        77.25,
        0.973,
        0.976,
        0.977,
        0.1088
      ],
      [
        77.5,
        0.958,
        0.961,
        0.984,
        0.1077
      ],
      [
        77.75,
        0.999,
        0.999,
        0.999,
        0.1051
      ],
      [
        78.0,
        0.991,
        0.995,
        0.996,
        0.1064
      ],
      [
        78.25,
        0.973,
        0.976,
        0.977,
        0.1088
      ],
      [
        78.5,
        0.958,
        0.961,
        0.983,
        0.1076
      ],
      [
        78.75,
        0.999,
        0.999,
        0.999,
        0.1052
      ],
      [
        79.0,
        0.991,
        0.995,
        0.996,
        0.1067
      ],
      [
        79.25,
        0.973,
        0.976,
        0.977,
        0.1087
      ],
      [
        79.5,
        0.958,
        0.961,
        0.982,
        0.1076
      ],
      [
        79.75,
        0.999,
        0.999,
        0.999,
        0.1052
      ],
      [
        80.0,
        0.991,
        0.995,
        0.995,
        0.1066
      ],
      [
        80.25,
        0.973,
        0.976,
        0.977,
        0.1087
      ],
      [
        80.5,
        0.958,
        0.961,
        0.981,
        0.1075
      ],
      [
        80.75,
        0.999,
        0.999,
        0.999,
        0.1052
      ],
      [
        81.0,
        0.991,
        0.994,
        0.995,
        0.1067
      ],
      [
        81.25,
        0.973,
        0.976,
        0.977,
        0.1087
      ],
      [
        81.5,
        0.957,
        0.961,
        0.981,
        0.1075
      ],
      [
        81.75,
        0.999,
        0.999,
        0.999,
        0.1052
      ],
      [
        82.0,
        0.991,
        0.994,
        0.995,
        0.1067
      ],
      [
        82.25,
        0.973,
        0.976,
        0.977,
        0.1087
      ],
      [
        82.5,
        0.957,
        0.96,
        0.98,
        0.1075
      ],
      [
        82.75,
        0.999,
        0.999,
        0.999,
        0.1052
      ],
      [
        83.0,
        0.991,
        0.994,
        0.995,
        0.1067
      ],
      [
        83.25,
        0.973,
        0.976,
        0.977,
        0.1087
      ],
      [
        83.5,
        0.957,
        0.96,
        0.979,
        0.1074
      ],
      [
        83.75,
        0.998,
        0.999,
        0.999,
        0.1053
      ],
      [
        84.0,
        0.991,
        0.994,
        0.995,
        0.1069
      ],
      [
        84.25,
        0.973,
        0.976,
        0.977,
        0.1087
      ],
      [
        84.5,
        0.955,
        0.958,
        0.962,
        0.1068
      ],
      [
        84.75,
        0.953,
        0.957,
        0.999,
        0.1078
      ],
      [
        85.0,
        0.943,
        0.947,
        0.994,
        0.1064
      ],
      [
        85.25,
        0.925,
        0.929,
        0.976,
        0.1044
      ],
      [
        85.5,
        0.908,
        0.912,
        0.966,
        0.1032
      ],
      [
        85.75,
        0.92,
        0.923,
        0.999,
        0.1057
      ],
      [
        86.0,
        0.916,
        0.921,
        0.995,
        0.1086
      ],
      [
        86.25,
        0.899,
        0.903,
        0.976,
        0.1082
      ],
      [
        86.5,
        0.881,
        0.886,
        0.96,
        0.1065
      ],
      [
        86.75,
        0.875,
        0.88,
        0.999,
        0.1143
      ],
      [
        87.0,
        0.864,
        0.868,
        0.994,
        0.114
      ],
      [
        87.25,
        0.846,
        0.851,
        0.975,
        0.1121
      ],
      [
        87.5,
        0.83,
        0.835,
        0.97,
        0.1125
      ],
      [
        87.75,
        0.855,
        0.861,
        0.999,
        0.1137
      ],
      [
        88.0,
        0.857,
        0.866,
        0.995,
        0.1143
      ],
      [
        88.25,
        0.839,
        0.848,
        0.976,
        0.1146
      ],
      [
        88.5,
        0.823,
        0.832,
        0.976,
        0.1159
      ],
      [
        88.75,
        0.863,
        0.872,
        0.999,
        0.1118
      ],
      [
        89.0,
        0.87,
        0.885,
        0.995,
        0.111
      ],
      [
        89.25,
        0.853,
        0.867,
        0.976,
        0.1122
      ],
      [
        89.5,
        0.837,
        0.851,
        0.974,
        0.1129
      ],
      [
        89.75,
        0.873,
        0.887,
        0.999,
        0.1099
      ],
      [
        90.0,
        0.879,
        0.897,
        0.995,
        0.1099
      ],
      [
        90.25,
        0.861,
        0.879,
        0.976,
        0.1109
      ],
      [
        90.5,
        0.846,
        0.863,
        0.975,
        0.1115
      ],
      [
        90.75,
        0.884,
        0.903,
        0.999,
        0.108
      ],
      [
        91.0,
        0.892,
        0.915,
        0.994,
        0.1083
      ],
      [
        91.25,
        0.874,
        0.897,
        0.976,
        0.1095
      ],
      [
        91.5,
        0.859,
        0.881,
        0.974,
        0.1098
      ],
      [
        91.75,
        0.896,
        0.92,
        0.999,
        0.1067
      ],
      [
        92.0,
        0.903,
        0.931,
        0.994,
        0.1076
      ],
      [
        92.25,
        0.885,
        0.913,
        0.976,
        0.1088
      ],
      [
        92.5,
        0.87,
        0.896,
        0.973,
        0.1087
      ],
      [
        92.75,
        0.906,
        0.935,
        0.999,
        0.106
      ],
      [
        93.0,
        0.913,
        0.945,
        0.994,
        0.1074
      ],
      [
        93.25,
        0.895,
        0.927,
        0.976,
        0.1085
      ],
      [
        93.5,
        0.879,
        0.911,
        0.973,
        0.1081
      ],
      [
        93.75,
        0.915,
        0.949,
        0.999,
        0.1057
      ],
      [
        94.0,
        0.921,
        0.959,
        0.994,
        0.1076
      ],
      [
        94.25,
        0.902,
        0.94,
        0.976,
        0.1087
      ],
      [
        94.5,
        0.886,
        0.924,
        0.972,
        0.108
      ],
      [
        94.75,
        0.922,
        0.961,
        0.999,
        0.1058
      ],
      [
        95.0,
        0.927,
        0.971,
        0.994,
        0.108
      ],
      [
        95.25,
        0.909,
        0.952,
        0.976,
        0.1091
      ],
      [
        95.5,
        0.893,
        0.936,
        0.972,
        0.1082
      ],
      [
        95.75,
        0.929,
        0.973,
        0.999,
        0.1062
      ],
      [
        96.0,
        0.933,
        0.981,
        0.994,
        0.1086
      ],
      [
        96.25,
        0.915,
        0.963,
        0.976,
        0.1096
      ],
      [
        96.5,
        0.899,
        0.946,
        0.971,
        0.1085
      ],
      [
        96.75,
        0.934,
        0.983,
        0.999,
        0.1067
      ],
      [
        97.0,
        0.938,
        0.991,
        0.994,
        0.109
      ],
      [
        97.25,
        0.919,
        0.972,
        0.975,
        0.1099
      ],
      [
        97.5,
        0.903,
        0.956,
        0.97,
        0.1087
      ],
      [
        97.75,
        0.938,
        0.992,
        0.999,
        0.107
      ],
      [
        98.0,
        0.941,
        0.992,
        0.994,
        0.1093
      ],
      [
        98.25,
        0.923,
        0.974,
        0.975,
        0.1101
      ],
      [
        98.5,
        0.907,
        0.957,
        0.969,
        0.1088
      ],
      [
        98.75,
        0.94,
        0.991,
        0.999,
        0.1071
      ],
      [
        99.0,
        0.942,
        0.992,
        0.994,
        0.1096
      ],
      [
        99.25,
        0.924,
        0.974,
        0.975,
        0.1103
      ],
      [
        99.5,
        0.907,
        0.957,
        0.963,
        0.1086
      ],
      [
        99.75,
        0.921,
        0.971,
        0.999,
        0.1089
      ],
      [
        100.0,
        0.916,
        0.968,
        0.993,
        0.1069
      ],
      [
        100.25,
        0.898,
        0.95,
        0.975,
        0.1049
      ],
      [
        100.5,
        0.881,
        0.932,
        0.966,
        0.1037
      ],
      [
        100.75,
        0.906,
        0.958,
        0.999,
        0.1076
      ],
      [
        101.0,
        0.905,
        0.96,
        0.993,
        0.1102
      ],
      [
        101.25,
        0.887,
        0.942,
        0.975,
        0.1102
      ],
      [
        101.5,
        0.871,
        0.925,
        0.968,
        0.1092
      ],
      [
        101.75,
        0.904,
        0.959,
        0.999,
        0.1079
      ],
      [
        102.0,
        0.906,
        0.966,
        0.993,
        0.1102
      ],
      [
        102.25,
        0.888,
        0.947,
        0.975,
        0.1107
      ],
      [
        102.5,
        0.872,
        0.93,
        0.967,
        0.1096
      ],
      [
        102.75,
        0.904,
        0.964,
        0.999,
        0.1083
      ],
      [
        103.0,
        0.906,
        0.97,
        0.993,
        0.1107
      ],
      [
        103.25,
        0.888,
        0.951,
        0.975,
        0.1112
      ],
      [
        103.5,
        0.872,
        0.934,
        0.966,
        0.11
      ],
      [
        103.75,
        0.901,
        0.965,
        0.999,
        0.109
      ],
      [
        104.0,
        0.902,
        0.969,
        0.993,
        0.1114
      ],
      [
        104.25,
        0.885,
        0.951,
        0.975,
        0.1117
      ],
      [
        104.5,
        0.868,
        0.933,
        0.958,
        0.1098
      ],
      [
        104.75,
        0.863,
        0.928,
        0.999,
        0.1153
      ],
      [
        105.0,
        0.851,
        0.915,
        0.992,
        0.1145
      ],
      [
        105.25,
        0.833,
        0.898,
        0.974,
        0.1125
      ],
      [
        105.5,
        0.817,
        0.88,
        0.956,
        0.1107
      ],
      [
        105.75,
        0.809,
        0.872,
        0.999,
        0.121
      ],
      [
        106.0,
        0.796,
        0.859,
        0.992,
        0.1213
      ],
      [
        106.25,
        0.779,
        0.842,
        0.974,
        0.1194
      ],
      [
        106.5,
        0.763,
        0.825,
        0.96,
        0.1184
      ],
      [
        106.75,
        0.778,
        0.84,
        0.999,
        0.1262
      ],
      [
        107.0,
        0.773,
        0.837,
        0.993,
        0.1278
      ],
      [
        107.25,
        0.757,
        0.82,
        0.975,
        0.1269
      ],
      [
        107.5,
        0.741,
        0.803,
        0.959,
        0.1257
      ],
      [
        107.75,
        0.751,
        0.814,
        0.999,
        0.1342
      ],
      [
        108.0,
        0.745,
        0.809,
        0.993,
        0.1325
      ],
      [
        108.25,
        0.728,
        0.792,
        0.974,
        0.1307
      ],
      [
        108.5,
        0.713,
        0.776,
        0.964,
        0.1305
      ],
      [
        108.75,
        0.742,
        0.808,
        0.999,
        0.1339
      ],
      [
        109.0,
        0.745,
        0.814,
        0.993,
        0.1331
      ],
      [
        109.25,
        0.728,
        0.796,
        0.974,
        0.1332
      ],
      [
        109.5,
        0.713,
        0.78,
        0.963,
        0.1329
      ],
      [
        109.75,
        0.741,
        0.811,
        0.999,
        0.1343
      ],
      [
        110.0,
        0.744,
        0.817,
        0.993,
        0.1335
      ],
      [
        110.25,
        0.727,
        0.799,
        0.974,
        0.1332
      ],
      [
        110.5,
        0.712,
        0.782,
        0.963,
        0.1328
      ],
      [
        110.75,
        0.74,
        0.814,
        0.999,
        0.1345
      ],
      [
        111.0,
        0.743,
        0.819,
        0.993,
        0.1337
      ],
      [
        111.25,
        0.727,
        0.802,
        0.974,
        0.1333
      ],
      [
        111.5,
        0.711,
        0.786,
        0.956,
        0.1314
      ],
      [
        111.75,
        0.7,
        0.774,
        0.969,
        0.1383
      ],
      [
        112.0,
        0.686,
        0.76,
        0.964,
        0.1402
      ],
      [
        112.25,
        0.67,
        0.743,
        0.946,
        0.1382
      ],
      [
        112.5,
        0.655,
        0.727,
        0.929,
        0.1368
      ],
      [
        112.75,
        0.664,
        0.736,
        0.999,
        0.1584
      ],
      [
        113.0,
        0.658,
        0.732,
        0.992,
        0.1569
      ],
      [
        113.25,
        0.642,
        0.715,
        0.974,
        0.1549
      ],
      [
        113.5,
        0.627,
        0.699,
        0.957,
        0.1534
      ],
      [
        113.75,
        0.632,
        0.704,
        0.999,
        0.1688
      ],
      [
        114.0,
        0.624,
        0.697,
        0.992,
        0.1704
      ],
      [
        114.25,
        0.609,
        0.681,
        0.974,
        0.1684
      ],
      [
        114.5,
        0.594,
        0.666,
        0.959,
        0.1672
      ],
      [
        114.75,
        0.61,
        0.683,
        0.999,
        0.1765
      ],
      [
        115.0,
        0.607,
        0.682,
        0.992,
        0.1737
      ],
      [
        115.25,
        0.592,
        0.666,
        0.974,
        0.1717
      ],
      [
        115.5,
        0.577,
        0.65,
        0.956,
        0.1698
      ],
      [
        115.75,
        0.57,
        0.642,
        0.984,
        0.1837
      ],
      [
        116.0,
        0.558,
        0.63,
        0.986,
        0.1902
      ],
      [
        116.25,
        0.543,
        0.614,
        0.968,
        0.1881
      ],
      [
        116.5,
        0.529,
        0.599,
        0.952,
        0.1868
      ],
      [
        116.75,
        0.545,
        0.618,
        0.999,
        0.1999
      ],
      [
        117.0,
        0.543,
        0.617,
        0.992,
        0.197
      ],
      [
        117.25,
        0.529,
        0.602,
        0.974,
        0.1948
      ],
      [
        117.5,
        0.515,
        0.587,
        0.957,
        0.1933
      ],
      [
        117.75,
        0.526,
        0.6,
        0.999,
        0.2069
      ],
      [
        118.0,
        0.522,
        0.597,
        0.992,
        0.2067
      ],
      [
        118.25,
        0.507,
        0.582,
        0.974,
        0.2046
      ],
      [
        118.5,
        0.493,
        0.567,
        0.956,
        0.2028
      ],
      [
        118.75,
        0.501,
        0.576,
        0.999,
        0.2171
      ],
      [
        119.0,
        0.496,
        0.572,
        0.992,
        0.2154
      ],
      [
        119.25,
        0.482,
        0.557,
        0.973,
        0.2132
      ],
      [
        119.5,
        0.467,
        0.542,
        0.958,
        0.2119
      ],
      [
        119.75,
        0.493,
        0.572,
        0.999,
        0.2179
      ],
      [
        120.0,
        0.494,
        0.576,
        0.992,
        0.2148
      ],
      [
        120.25,
        0.479,
        0.561,
        0.973,
        0.2134
      ],
      [
        120.5,
        0.465,
        0.546,
        0.957,
        0.2119
      ],
      [
        120.75,
        0.493,
        0.576,
        0.999,
        0.2175
      ],
      [
        121.0,
        0.492,
        0.58,
        0.992,
        0.2143
      ],
      [
        121.25,
        0.478,
        0.565,
        0.973,
        0.2126
      ],
      [
        121.5,
        0.464,
        0.55,
        0.955,
        0.2104
      ],
      [
        121.75,
        0.464,
        0.549,
        0.999,
        0.2293
      ],
      [
        122.0,
        0.455,
        0.541,
        0.991,
        0.2291
      ],
      [
        122.25,
        0.442,
        0.526,
        0.973,
        0.2267
      ],
      [
        122.5,
        0.428,
        0.512,
        0.955,
        0.2244
      ],
      [
        122.75,
        0.428,
        0.512,
        0.999,
        0.2434
      ],
      [
        123.0,
        0.42,
        0.503,
        0.991,
        0.243
      ],
      [
        123.25,
        0.407,
        0.489,
        0.973,
        0.2405
      ],
      [
        123.5,
        0.394,
        0.476,
        0.954,
        0.238
      ],
      [
        123.75,
        0.384,
        0.465,
        0.955,
        0.2423
      ],
      [
        124.0,
        0.372,
        0.453,
        0.945,
        0.2425
      ],
      [
        124.25,
        0.359,
        0.439,
        0.926,
        0.24
      ],
      [
        124.5,
        0.346,
        0.425,
        0.909,
        0.2378
      ],
      [
        124.75,
        0.372,
        0.452,
        0.999,
        0.2665
      ],
      [
        125.0,
        0.372,
        0.455,
        0.992,
        0.2632
      ],
      [
        125.25,
        0.359,
        0.441,
        0.973,
        0.261
      ],
      [
        125.5,
        0.346,
        0.427,
        0.955,
        0.2589
      ],
      [
        125.75,
        0.373,
        0.456,
        0.999,
        0.2658
      ],
      [
        126.0,
        0.373,
        0.459,
        0.991,
        0.262
      ],
      [
        126.25,
        0.361,
        0.445,
        0.973,
        0.2599
      ],
      [
        126.5,
        0.348,
        0.432,
        0.955,
        0.2572
      ],
      [
        126.75,
        0.34,
        0.424,
        0.97,
        0.2667
      ],
      [
        127.0,
        0.329,
        0.413,
        0.966,
        0.2686
      ],
      [
        127.25,
        0.317,
        0.4,
        0.947,
        0.2659
      ],
      [
        127.5,
        0.305,
        0.386,
        0.929,
        0.2631
      ],
      [
        127.75,
        0.296,
        0.377,
        0.934,
        0.2689
      ],
      [
        128.0,
        0.285,
        0.366,
        0.926,
        0.2695
      ],
      [
        128.25,
        0.273,
        0.353,
        0.907,
        0.2667
      ],
      [
        128.5,
        0.261,
        0.34,
        0.889,
        0.2638
      ],
      [
        128.75,
        0.257,
        0.336,
        0.925,
        0.28
      ],
      [
        129.0,
        0.248,
        0.327,
        0.93,
        0.2843
      ],
      [
        129.25,
        0.236,
        0.314,
        0.911,
        0.2814
      ],
      [
        129.5,
        0.224,
        0.302,
        0.893,
        0.2784
      ],
      [
        129.75,
        0.225,
        0.302,
        0.961,
        0.3065
      ],
      [
        130.0,
        0.218,
        0.296,
        0.978,
        0.3152
      ],
      [
        130.25,
        0.207,
        0.283,
        0.96,
        0.3121
      ],
      [
        130.5,
        0.195,
        0.271,
        0.941,
        0.3091
      ],
      [
        130.75,
        0.212,
        0.289,
        0.999,
        0.3322
      ],
      [
        131.0,
        0.209,
        0.29,
        0.991,
        0.3296
      ],
      [
        131.25,
        0.198,
        0.278,
        0.973,
        0.3265
      ],
      [
        131.5,
        0.187,
        0.266,
        0.954,
        0.3233
      ],
      [
        131.75,
        0.178,
        0.256,
        0.948,
        0.3246
      ],
      [
        132.0,
        0.168,
        0.245,
        0.935,
        0.3232
      ],
      [
        132.25,
        0.157,
        0.234,
        0.916,
        0.3199
      ],
      [
        132.5,
        0.146,
        0.222,
        0.898,
        0.3166
      ],
      [
        132.75,
        0.149,
        0.225,
        0.973,
        0.3475
      ],
      [
        133.0,
        0.143,
        0.219,
        0.99,
        0.3566
      ],
      [
        133.25,
        0.132,
        0.207,
        0.972,
        0.3532
      ],
      [
        133.5,
        0.121,
        0.196,
        0.953,
        0.3497
      ],
      [
        133.75,
        0.114,
        0.188,
        0.954,
        0.3532
      ],
      [
        134.0,
        0.104,
        0.178,
        0.943,
        0.3524
      ],
      [
        134.25,
        0.094,
        0.167,
        0.925,
        0.3489
      ],
      [
        134.5,
        0.084,
        0.156,
        0.906,
        0.3454
      ],
      [
        134.75,
        0.091,
        0.163,
        0.999,
        0.3833
      ],
      [
        135.0,
        0.087,
        0.16,
        0.991,
        0.3819
      ],
      [
        135.25,
        0.077,
        0.149,
        0.972,
        0.3783
      ],
      [
        135.5,
        0.067,
        0.138,
        0.954,
        0.3745
      ],
      [
        135.75,
        0.06,
        0.131,
        0.955,
        0.378
      ],
      [
        136.0,
        0.051,
        0.121,
        0.944,
        0.3771
      ],
      [
        136.25,
        0.041,
        0.111,
        0.926,
        0.3731
      ],
      [
        136.5,
        0.031,
        0.1,
        0.908,
        0.369
      ],
      [
        136.75,
        0.026,
        0.094,
        0.914,
        0.3741
      ],
      [
        137.0,
        0.018,
        0.085,
        0.906,
        0.3735
      ],
      [
        137.25,
        0.008,
        0.075,
        0.888,
        0.3693
      ],
      [
        137.5,
        0.008,
        0.065,
        0.87,
        0.3649
      ],
      [
        137.75,
        0.03,
        0.081,
        0.999,
        0.4137
      ],
      [
        138.0,
        0.033,
        0.081,
        0.991,
        0.4101
      ],
      [
        138.25,
        0.031,
        0.071,
        0.972,
        0.4056
      ],
      [
        138.5,
        0.027,
        0.061,
        0.954,
        0.401
      ],
      [
        138.75,
        0.021,
        0.053,
        0.948,
        0.4013
      ],
      [
        139.0,
        0.013,
        0.044,
        0.935,
        0.3986
      ],
      [
        139.25,
        0.003,
        0.038,
        0.917,
        0.3937
      ],
      [
        139.5,
        0.0,
        0.032,
        0.899,
        0.3884
      ],
      [
        139.75,
        0.002,
        0.027,
        0.895,
        0.3882
      ],
      [
        140.0,
        0.002,
        0.021,
        0.883,
        0.3845
      ],
      [
        140.25,
        0.0,
        0.012,
        0.865,
        0.378
      ],
      [
        140.5,
        0.0,
        0.003,
        0.847,
        0.371
      ],
      [
        140.75,
        0.011,
        0.014,
        0.903,
        0.3911
      ],
      [
        141.0,
        0.011,
        0.018,
        0.913,
        0.3946
      ],
      [
        141.25,
        0.001,
        0.018,
        0.895,
        0.3871
      ],
      [
        141.5,
        0.0,
        0.018,
        0.876,
        0.3793
      ],
      [
        141.75,
        0.037,
        0.052,
        0.999,
        0.4192
      ],
      [
        142.0,
        0.046,
        0.056,
        0.991,
        0.4138
      ],
      [
        142.25,
        0.036,
        0.045,
        0.972,
        0.41
      ],
      [
        142.5,
        0.026,
        0.035,
        0.954,
        0.4063
      ],
      [
        142.75,
        0.051,
        0.061,
        0.999,
        0.4172
      ],
      [
        143.0,
        0.051,
        0.064,
        0.99,
        0.4123
      ],
      [
        143.25,
        0.041,
        0.054,
        0.972,
        0.4085
      ],
      [
        143.5,
        0.031,
        0.044,
        0.954,
        0.4047
      ],
      [
        143.75,
        0.025,
        0.038,
        0.964,
        0.4112
      ],
      [
        144.0,
        0.016,
        0.03,
        0.957,
        0.411
      ],
      [
        144.25,
        0.007,
        0.021,
        0.938,
        0.4069
      ],
      [
        144.5,
        0.0,
        0.011,
        0.92,
        0.4025
      ],
      [
        144.75,
        0.018,
        0.023,
        0.999,
        0.432
      ],
      [
        145.0,
        0.017,
        0.025,
        0.99,
        0.4279
      ],
      [
        145.25,
        0.008,
        0.016,
        0.972,
        0.4231
      ],
      [
        145.5,
        0.0,
        0.006,
        0.954,
        0.4179
      ],
      [
        145.75,
        0.015,
        0.023,
        0.999,
        0.4312
      ],
      [
        146.0,
        0.015,
        0.032,
        0.99,
        0.4263
      ],
      [
        146.25,
        0.005,
        0.032,
        0.972,
        0.4206
      ],
      [
        146.5,
        0.0,
        0.03,
        0.953,
        0.4143
      ],
      [
        146.75,
        0.002,
        0.032,
        0.95,
        0.4124
      ],
      [
        147.0,
        0.003,
        0.033,
        0.938,
        0.407
      ],
      [
        147.25,
        0.003,
        0.032,
        0.919,
        0.3995
      ],
      [
        147.5,
        0.003,
        0.032,
        0.901,
        0.3914
      ],
      [
        147.75,
        0.028,
        0.055,
        0.999,
        0.4237
      ],
      [
        148.0,
        0.033,
        0.054,
        0.99,
        0.4172
      ],
      [
        148.25,
        0.033,
        0.044,
        0.972,
        0.4108
      ],
      [
        148.5,
        0.032,
        0.041,
        0.954,
        0.4044
      ],
      [
        148.75,
        0.045,
        0.058,
        0.999,
        0.4188
      ],
      [
        149.0,
        0.042,
        0.057,
        0.99,
        0.416
      ],
      [
        149.25,
        0.032,
        0.046,
        0.972,
        0.4121
      ],
      [
        149.5,
        0.022,
        0.036,
        0.953,
        0.4082
      ],
      [
        149.75,
        0.037,
        0.055,
        0.999,
        0.4213
      ],
      [
        150.0,
        0.036,
        0.056,
        0.99,
        0.4167
      ],
      [
        150.25,
        0.028,
        0.046,
        0.972,
        0.4128
      ],
      [
        150.5,
        0.018,
        0.036,
        0.953,
        0.4087
      ],
      [
        150.75,
        0.015,
        0.034,
        0.984,
        0.4219
      ],
      [
        151.0,
        0.008,
        0.027,
        0.986,
        0.4239
      ],
      [
        151.25,
        0.001,
        0.018,
        0.967,
        0.4194
      ],
      [
        151.5,
        0.0,
        0.008,
        0.949,
        0.4139
      ],
      [
        151.75,
        0.001,
        0.003,
        0.952,
        0.4158
      ],
      [
        152.0,
        0.0,
        0.004,
        0.943,
        0.4114
      ],
      [
        152.25,
        0.0,
        0.004,
        0.924,
        0.4034
      ],
      [
        152.5,
        0.0,
        0.004,
        0.906,
        0.3955
      ],
      [
        152.75,
        0.001,
        0.005,
        0.896,
        0.3905
      ],
      [
        153.0,
        0.002,
        0.006,
        0.882,
        0.3839
      ],
      [
        153.25,
        0.002,
        0.006,
        0.863,
        0.3758
      ],
      [
        153.5,
        0.002,
        0.006,
        0.845,
        0.3677
      ],
      [
        153.75,
        0.019,
        0.022,
        0.942,
        0.4015
      ],
      [
        154.0,
        0.026,
        0.028,
        0.969,
        0.409
      ],
      [
        154.25,
        0.026,
        0.028,
        0.95,
        0.401
      ],
      [
        154.5,
        0.026,
        0.028,
        0.932,
        0.393
      ],
      [
        154.75,
        0.028,
        0.03,
        0.923,
        0.3886
      ],
      [
        155.0,
        0.028,
        0.03,
        0.909,
        0.3822
      ],
      [
        155.25,
        0.028,
        0.03,
        0.891,
        0.3742
      ],
      [
        155.5,
        0.028,
        0.03,
        0.873,
        0.3661
      ],
      [
        155.75,
        0.035,
        0.037,
        0.9,
        0.3743
      ],
      [
        156.0,
        0.036,
        0.04,
        0.901,
        0.3725
      ],
      [
        156.25,
        0.036,
        0.04,
        0.883,
        0.3646
      ],
      [
        156.5,
        0.036,
        0.04,
        0.865,
        0.3566
      ],
      [
        156.75,
        0.039,
        0.043,
        0.866,
        0.3559
      ],
      [
        157.0,
        0.04,
        0.044,
        0.857,
        0.351
      ],
      [
        157.25,
        0.04,
        0.044,
        0.838,
        0.3429
      ],
      [
        157.5,
        0.04,
        0.044,
        0.82,
        0.3349
      ],
      [
        157.75,
        0.061,
        0.069,
        0.999,
        0.3993
      ],
      [
        158.0,
        0.059,
        0.071,
        0.99,
        0.401
      ],
      [
        158.25,
        0.049,
        0.061,
        0.972,
        0.3971
      ],
      [
        158.5,
        0.042,
        0.051,
        0.953,
        0.393
      ],
      [
        158.75,
        0.056,
        0.068,
        0.999,
        0.409
      ],
      [
        159.0,
        0.051,
        0.069,
        0.99,
        0.4055
      ],
      [
        159.25,
        0.044,
        0.059,
        0.972,
        0.4016
      ],
      [
        159.5,
        0.034,
        0.049,
        0.953,
        0.3977
      ],
      [
        159.75,
        0.05,
        0.069,
        0.999,
        0.4113
      ],
      [
        160.0,
        0.045,
        0.072,
        0.99,
        0.4071
      ],
      [
        160.25,
        0.036,
        0.061,
        0.972,
        0.4033
      ],
      [
        160.5,
        0.029,
        0.051,
        0.953,
        0.3994
      ],
      [
        160.75,
        0.025,
        0.048,
        0.981,
        0.4119
      ],
      [
        161.0,
        0.018,
        0.041,
        0.982,
        0.414
      ],
      [
        161.25,
        0.009,
        0.032,
        0.964,
        0.4098
      ],
      [
        161.5,
        0.001,
        0.022,
        0.945,
        0.4053
      ],
      [
        161.75,
        0.025,
        0.042,
        0.999,
        0.4223
      ],
      [
        162.0,
        0.027,
        0.045,
        0.99,
        0.4169
      ],
      [
        162.25,
        0.022,
        0.036,
        0.972,
        0.4121
      ],
      [
        162.5,
        0.013,
        0.03,
        0.953,
        0.4073
      ],
      [
        162.75,
        0.006,
        0.024,
        0.95,
        0.4078
      ],
      [
        163.0,
        0.002,
        0.017,
        0.938,
        0.4048
      ],
      [
        163.25,
        0.0,
        0.008,
        0.919,
        0.3987
      ],
      [
        163.5,
        0.0,
        0.002,
        0.901,
        0.3912
      ],
      [
        163.75,
        0.003,
        0.004,
        0.901,
        0.39
      ],
      [
        164.0,
        0.004,
        0.005,
        0.891,
        0.385
      ],
      [
        164.25,
        0.004,
        0.005,
        0.873,
        0.3771
      ],
      [
        164.5,
        0.004,
        0.005,
        0.855,
        0.3693
      ],
      [
        164.75,
        0.006,
        0.007,
        0.853,
        0.3675
      ],
      [
        165.0,
        0.007,
        0.008,
        0.843,
        0.3623
      ],
      [
        165.25,
        0.007,
        0.008,
        0.824,
        0.3544
      ],
      [
        165.5,
        0.007,
        0.008,
        0.806,
        0.3465
      ],
      [
        165.75,
        0.028,
        0.03,
        0.927,
        0.3877
      ],
      [
        166.0,
        0.035,
        0.039,
        0.965,
        0.3992
      ],
      [
        166.25,
        0.035,
        0.038,
        0.947,
        0.392
      ],
      [
        166.5,
        0.034,
        0.037,
        0.928,
        0.3847
      ],
      [
        166.75,
        0.028,
        0.04,
        0.927,
        0.3837
      ],
      [
        167.0,
        0.019,
        0.041,
        0.916,
        0.3791
      ],
      [
        167.25,
        0.01,
        0.041,
        0.898,
        0.3719
      ],
      [
        167.5,
        0.0,
        0.041,
        0.879,
        0.3644
      ],
      [
        167.75,
        0.017,
        0.055,
        0.977,
        0.3985
      ],
      [
        168.0,
        0.021,
        0.053,
        0.989,
        0.4057
      ],
      [
        168.25,
        0.021,
        0.043,
        0.971,
        0.401
      ],
      [
        168.5,
        0.021,
        0.033,
        0.953,
        0.3963
      ],
      [
        168.75,
        0.043,
        0.052,
        0.999,
        0.4147
      ],
      [
        169.0,
        0.045,
        0.055,
        0.99,
        0.4103
      ],
      [
        169.25,
        0.036,
        0.045,
        0.972,
        0.4061
      ],
      [
        169.5,
        0.026,
        0.036,
        0.953,
        0.4018
      ],
      [
        169.75,
        0.036,
        0.047,
        0.999,
        0.4183
      ],
      [
        170.0,
        0.031,
        0.045,
        0.99,
        0.4156
      ],
      [
        170.25,
        0.022,
        0.035,
        0.972,
        0.4117
      ],
      [
        170.5,
        0.012,
        0.025,
        0.953,
        0.4077
      ],
      [
        170.75,
        0.028,
        0.044,
        0.999,
        0.4206
      ],
      [
        171.0,
        0.028,
        0.047,
        0.99,
        0.4159
      ],
      [
        171.25,
        0.019,
        0.037,
        0.972,
        0.4119
      ],
      [
        171.5,
        0.009,
        0.028,
        0.953,
        0.4078
      ],
      [
        171.75,
        0.001,
        0.02,
        0.941,
        0.4057
      ],
      [
        172.0,
        0.0,
        0.011,
        0.925,
        0.4017
      ],
      [
        172.25,
        0.0,
        0.001,
        0.907,
        0.3957
      ],
      [
        172.5,
        0.0,
        0.0,
        0.888,
        0.3881
      ],
      [
        172.75,
        0.006,
        0.007,
        0.918,
        0.3969
      ],
      [
        173.0,
        0.009,
        0.011,
        0.92,
        0.3957
      ],
      [
        173.25,
        0.009,
        0.011,
        0.902,
        0.3877
      ],
      [
        173.5,
        0.009,
        0.011,
        0.883,
        0.3796
      ],
      [
        173.75,
        0.027,
        0.03,
        0.994,
        0.4171
      ],
      [
        174.0,
        0.032,
        0.039,
        0.99,
        0.4158
      ],
      [
        174.25,
        0.032,
        0.039,
        0.972,
        0.4078
      ],
      [
        174.5,
        0.032,
        0.038,
        0.953,
        0.3998
      ],
      [
        174.75,
        0.05,
        0.06,
        0.999,
        0.4122
      ],
      [
        175.0,
        0.047,
        0.062,
        0.99,
        0.4083
      ],
      [
        175.25,
        0.041,
        0.052,
        0.972,
        0.404
      ],
      [
        175.5,
        0.032,
        0.042,
        0.953,
        0.3998
      ],
      [
        175.75,
        0.027,
        0.037,
        0.964,
        0.406
      ],
      [
        176.0,
        0.019,
        0.029,
        0.958,
        0.406
      ],
      [
        176.25,
        0.01,
        0.02,
        0.94,
        0.4018
      ],
      [
        176.5,
        0.0,
        0.01,
        0.921,
        0.3974
      ],
      [
        176.75,
        0.001,
        0.003,
        0.919,
        0.3977
      ],
      [
        177.0,
        0.0,
        0.003,
        0.907,
        0.3933
      ],
      [
        177.25,
        0.0,
        0.003,
        0.889,
        0.3856
      ],
      [
        177.5,
        0.0,
        0.003,
        0.871,
        0.3779
      ],
      [
        177.75,
        0.002,
        0.005,
        0.865,
        0.3744
      ],
      [
        178.0,
        0.003,
        0.005,
        0.852,
        0.3687
      ],
      [
        178.25,
        0.003,
        0.005,
        0.834,
        0.3607
      ],
      [
        178.5,
        0.003,
        0.005,
        0.816,
        0.3527
      ],
      [
        178.75,
        0.03,
        0.033,
        0.989,
        0.412
      ],
      [
        179.0,
        0.039,
        0.045,
        0.99,
        0.4123
      ],
      [
        179.25,
        0.037,
        0.045,
        0.972,
        0.4044
      ],
      [
        179.5,
        0.036,
        0.045,
        0.954,
        0.3965
      ],
      [
        179.75,
        0.056,
        0.065,
        0.999,
        0.4094
      ],
      [
        180.0,
        0.052,
        0.068,
        0.99,
        0.4055
      ],
      [
        180.25,
        0.044,
        0.057,
        0.972,
        0.4015
      ],
      [
        180.5,
        0.036,
        0.047,
        0.953,
        0.3975
      ],
      [
        180.75,
        0.051,
        0.066,
        0.999,
        0.4106
      ],
      [
        181.0,
        0.048,
        0.069,
        0.99,
        0.4064
      ],
      [
        181.25,
        0.041,
        0.059,
        0.972,
        0.4024
      ],
      [
        181.5,
        0.032,
        0.049,
        0.953,
        0.3983
      ],
      [
        181.75,
        0.024,
        0.041,
        0.942,
        0.3966
      ],
      [
        182.0,
        0.014,
        0.032,
        0.927,
        0.3936
      ],
      [
        182.25,
        0.006,
        0.022,
        0.908,
        0.3893
      ],
      [
        182.5,
        0.0,
        0.013,
        0.89,
        0.3847
      ],
      [
        182.75,
        0.002,
        0.007,
        0.893,
        0.3873
      ],
      [
        183.0,
        0.0,
        0.004,
        0.885,
        0.3848
      ],
      [
        183.25,
        0.0,
        0.004,
        0.867,
        0.3769
      ],
      [
        183.5,
        0.0,
        0.004,
        0.848,
        0.3689
      ],
      [
        183.75,
        0.027,
        0.03,
        0.999,
        0.4213
      ],
      [
        184.0,
        0.038,
        0.043,
        0.99,
        0.4142
      ],
      [
        184.25,
        0.038,
        0.043,
        0.972,
        0.4062
      ],
      [
        184.5,
        0.037,
        0.043,
        0.954,
        0.3983
      ],
      [
        184.75,
        0.041,
        0.047,
        0.962,
        0.4
      ],
      [
        185.0,
        0.042,
        0.048,
        0.956,
        0.3968
      ],
      [
        185.25,
        0.033,
        0.048,
        0.937,
        0.3896
      ],
      [
        185.5,
        0.024,
        0.048,
        0.919,
        0.3823
      ],
      [
        185.75,
        0.042,
        0.068,
        0.999,
        0.41
      ],
      [
        186.0,
        0.047,
        0.07,
        0.991,
        0.4062
      ],
      [
        186.25,
        0.037,
        0.06,
        0.972,
        0.4022
      ],
      [
        186.5,
        0.027,
        0.05,
        0.954,
        0.3982
      ],
      [
        186.75,
        0.036,
        0.058,
        0.999,
        0.4149
      ],
      [
        187.0,
        0.036,
        0.057,
        0.99,
        0.4115
      ],
      [
        187.25,
        0.026,
        0.047,
        0.972,
        0.4075
      ],
      [
        187.5,
        0.016,
        0.037,
        0.954,
        0.4035
      ],
      [
        187.75,
        0.033,
        0.052,
        0.999,
        0.4175
      ],
      [
        188.0,
        0.035,
        0.054,
        0.991,
        0.4131
      ],
      [
        188.25,
        0.026,
        0.044,
        0.972,
        0.4091
      ],
      [
        188.5,
        0.017,
        0.035,
        0.954,
        0.4049
      ],
      [
        188.75,
        0.026,
        0.045,
        0.999,
        0.4206
      ],
      [
        189.0,
        0.025,
        0.046,
        0.991,
        0.4167
      ],
      [
        189.25,
        0.019,
        0.036,
        0.972,
        0.4125
      ],
      [
        189.5,
        0.009,
        0.026,
        0.954,
        0.4082
      ],
      [
        189.75,
        0.007,
        0.025,
        0.984,
        0.4209
      ],
      [
        190.0,
        0.001,
        0.019,
        0.988,
        0.4239
      ],
      [
        190.25,
        0.0,
        0.009,
        0.97,
        0.4183
      ],
      [
        190.5,
        0.0,
        0.001,
        0.951,
        0.4117
      ],
      [
        190.75,
        0.002,
        0.002,
        0.946,
        0.4086
      ],
      [
        191.0,
        0.003,
        0.003,
        0.934,
        0.4029
      ],
      [
        191.25,
        0.003,
        0.003,
        0.916,
        0.395
      ],
      [
        191.5,
        0.003,
        0.003,
        0.897,
        0.3869
      ],
      [
        191.75,
        0.016,
        0.017,
        0.966,
        0.4103
      ],
      [
        192.0,
        0.021,
        0.023,
        0.989,
        0.4167
      ],
      [
        192.25,
        0.021,
        0.023,
        0.97,
        0.4089
      ],
      [
        192.5,
        0.021,
        0.023,
        0.952,
        0.401
      ],
      [
        192.75,
        0.044,
        0.049,
        0.999,
        0.416
      ],
      [
        193.0,
        0.045,
        0.052,
        0.991,
        0.4115
      ],
      [
        193.25,
        0.036,
        0.042,
        0.972,
        0.4076
      ],
      [
        193.5,
        0.027,
        0.032,
        0.954,
        0.4037
      ],
      [
        193.75,
        0.038,
        0.046,
        0.999,
        0.4185
      ],
      [
        194.0,
        0.036,
        0.047,
        0.991,
        0.4146
      ],
      [
        194.25,
        0.026,
        0.037,
        0.972,
        0.4107
      ],
      [
        194.5,
        0.016,
        0.027,
        0.954,
        0.4067
      ],
      [
        194.75,
        0.012,
        0.023,
        0.972,
        0.4158
      ],
      [
        195.0,
        0.006,
        0.017,
        0.972,
        0.4178
      ],
      [
        195.25,
        0.0,
        0.007,
        0.954,
        0.4132
      ],
      [
        195.5,
        0.0,
        0.0,
        0.935,
        0.4069
      ],
      [
        195.75,
        0.004,
        0.005,
        0.947,
        0.4096
      ],
      [
        196.0,
        0.006,
        0.007,
        0.944,
        0.4067
      ],
      [
        196.25,
        0.006,
        0.007,
        0.925,
        0.3986
      ],
      [
        196.5,
        0.006,
        0.007,
        0.907,
        0.3906
      ],
      [
        196.75,
        0.032,
        0.037,
        0.999,
        0.4209
      ],
      [
        197.0,
        0.042,
        0.047,
        0.991,
        0.4135
      ],
      [
        197.25,
        0.035,
        0.042,
        0.973,
        0.408
      ],
      [
        197.5,
        0.026,
        0.042,
        0.954,
        0.4024
      ],
      [
        197.75,
        0.031,
        0.054,
        0.999,
        0.4193
      ],
      [
        198.0,
        0.028,
        0.05,
        0.991,
        0.4165
      ],
      [
        198.25,
        0.02,
        0.04,
        0.973,
        0.4124
      ],
      [
        198.5,
        0.01,
        0.031,
        0.954,
        0.4083
      ],
      [
        198.75,
        0.003,
        0.024,
        0.952,
        0.4103
      ],
      [
        199.0,
        0.0,
        0.015,
        0.942,
        0.4083
      ],
      [
        199.25,
        0.0,
        0.006,
        0.924,
        0.4018
      ],
      [
        199.5,
        0.0,
        0.0,
        0.906,
        0.3949
      ],
      [
        199.75,
        0.012,
        0.013,
        0.972,
        0.4169
      ],
      [
        200.0,
        0.017,
        0.019,
        0.99,
        0.422
      ],
      [
        200.25,
        0.017,
        0.019,
        0.972,
        0.4141
      ],
      [
        200.5,
        0.017,
        0.019,
        0.954,
        0.4062
      ],
      [
        200.75,
        0.019,
        0.022,
        0.952,
        0.4044
      ],
      [
        201.0,
        0.02,
        0.023,
        0.943,
        0.3996
      ],
      [
        201.25,
        0.02,
        0.023,
        0.924,
        0.3917
      ],
      [
        201.5,
        0.02,
        0.023,
        0.906,
        0.3838
      ],
      [
        201.75,
        0.036,
        0.04,
        0.997,
        0.415
      ],
      [
        202.0,
        0.042,
        0.048,
        0.991,
        0.4128
      ],
      [
        202.25,
        0.036,
        0.048,
        0.973,
        0.4053
      ],
      [
        202.5,
        0.035,
        0.048,
        0.954,
        0.3978
      ],
      [
        202.75,
        0.038,
        0.049,
        0.961,
        0.4002
      ],
      [
        203.0,
        0.033,
        0.042,
        0.956,
        0.3999
      ],
      [
        203.25,
        0.026,
        0.033,
        0.938,
        0.395
      ],
      [
        203.5,
        0.018,
        0.023,
        0.92,
        0.3898
      ],
      [
        203.75,
        0.034,
        0.041,
        0.999,
        0.4173
      ],
      [
        204.0,
        0.044,
        0.046,
        0.992,
        0.4118
      ],
      [
        204.25,
        0.034,
        0.044,
        0.973,
        0.4076
      ],
      [
        204.5,
        0.024,
        0.038,
        0.955,
        0.4034
      ],
      [
        204.75,
        0.045,
        0.05,
        0.999,
        0.4147
      ],
      [
        205.0,
        0.05,
        0.055,
        0.992,
        0.4091
      ],
      [
        205.25,
        0.04,
        0.045,
        0.973,
        0.4055
      ],
      [
        205.5,
        0.03,
        0.035,
        0.955,
        0.4017
      ],
      [
        205.75,
        0.027,
        0.033,
        0.988,
        0.4163
      ],
      [
        206.0,
        0.021,
        0.028,
        0.991,
        0.42
      ],
      [
        206.25,
        0.012,
        0.018,
        0.973,
        0.416
      ],
      [
        206.5,
        0.002,
        0.008,
        0.954,
        0.4118
      ],
      [
        206.75,
        0.002,
        0.006,
        0.967,
        0.4184
      ],
      [
        207.0,
        0.0,
        0.007,
        0.966,
        0.418
      ],
      [
        207.25,
        0.0,
        0.005,
        0.947,
        0.4108
      ],
      [
        207.5,
        0.0,
        0.003,
        0.929,
        0.4032
      ],
      [
        207.75,
        0.03,
        0.034,
        0.999,
        0.4229
      ],
      [
        208.0,
        0.041,
        0.047,
        0.992,
        0.4147
      ],
      [
        208.25,
        0.036,
        0.038,
        0.973,
        0.4097
      ],
      [
        208.5,
        0.026,
        0.028,
        0.955,
        0.4047
      ],
      [
        208.75,
        0.02,
        0.022,
        0.96,
        0.4082
      ],
      [
        209.0,
        0.012,
        0.015,
        0.954,
        0.4077
      ],
      [
        209.25,
        0.003,
        0.005,
        0.935,
        0.4028
      ],
      [
        209.5,
        0.0,
        0.005,
        0.917,
        0.3961
      ],
      [
        209.75,
        0.003,
        0.008,
        0.916,
        0.3948
      ],
      [
        210.0,
        0.004,
        0.004,
        0.907,
        0.391
      ],
      [
        210.25,
        0.004,
        0.004,
        0.889,
        0.3837
      ],
      [
        210.5,
        0.004,
        0.004,
        0.87,
        0.3761
      ],
      [
        210.75,
        0.012,
        0.012,
        0.905,
        0.3876
      ],
      [
        211.0,
        0.012,
        0.017,
        0.917,
        0.3902
      ],
      [
        211.25,
        0.011,
        0.017,
        0.898,
        0.383
      ],
      [
        211.5,
        0.011,
        0.017,
        0.88,
        0.3753
      ],
      [
        211.75,
        0.03,
        0.042,
        0.999,
        0.4188
      ],
      [
        212.0,
        0.035,
        0.049,
        0.992,
        0.4142
      ],
      [
        212.25,
        0.034,
        0.039,
        0.974,
        0.4098
      ],
      [
        212.5,
        0.026,
        0.03,
        0.955,
        0.4052
      ],
      [
        212.75,
        0.041,
        0.046,
        0.999,
        0.418
      ],
      [
        213.0,
        0.045,
        0.051,
        0.992,
        0.4131
      ],
      [
        213.25,
        0.035,
        0.041,
        0.974,
        0.4094
      ],
      [
        213.5,
        0.025,
        0.031,
        0.955,
        0.4057
      ],
      [
        213.75,
        0.047,
        0.056,
        0.999,
        0.4161
      ],
      [
        214.0,
        0.054,
        0.064,
        0.992,
        0.4099
      ],
      [
        214.25,
        0.043,
        0.054,
        0.974,
        0.4063
      ],
      [
        214.5,
        0.034,
        0.044,
        0.956,
        0.4025
      ],
      [
        214.75,
        0.057,
        0.068,
        0.999,
        0.4128
      ],
      [
        215.0,
        0.063,
        0.077,
        0.992,
        0.4061
      ],
      [
        215.25,
        0.053,
        0.067,
        0.974,
        0.4024
      ],
      [
        215.5,
        0.044,
        0.057,
        0.956,
        0.3986
      ],
      [
        215.75,
        0.067,
        0.082,
        0.999,
        0.409
      ],
      [
        216.0,
        0.073,
        0.091,
        0.992,
        0.4027
      ],
      [
        216.25,
        0.063,
        0.081,
        0.974,
        0.3991
      ],
      [
        216.5,
        0.052,
        0.07,
        0.956,
        0.3954
      ],
      [
        216.75,
        0.075,
        0.095,
        0.999,
        0.4049
      ],
      [
        217.0,
        0.082,
        0.104,
        0.993,
        0.3981
      ],
      [
        217.25,
        0.071,
        0.094,
        0.974,
        0.3945
      ],
      [
        217.5,
        0.061,
        0.083,
        0.956,
        0.3909
      ],
      [
        217.75,
        0.083,
        0.108,
        0.999,
        0.4007
      ],
      [
        218.0,
        0.09,
        0.118,
        0.993,
        0.3944
      ],
      [
        218.25,
        0.079,
        0.107,
        0.974,
        0.3909
      ],
      [
        218.5,
        0.069,
        0.096,
        0.956,
        0.3872
      ],
      [
        218.75,
        0.083,
        0.112,
        0.999,
        0.4005
      ],
      [
        219.0,
        0.085,
        0.116,
        0.993,
        0.3958
      ],
      [
        219.25,
        0.075,
        0.106,
        0.974,
        0.3923
      ],
      [
        219.5,
        0.064,
        0.095,
        0.956,
        0.3886
      ],
      [
        219.75,
        0.083,
        0.117,
        0.999,
        0.3996
      ],
      [
        220.0,
        0.089,
        0.124,
        0.993,
        0.3938
      ],
      [
        220.25,
        0.078,
        0.113,
        0.974,
        0.3903
      ],
      [
        220.5,
        0.068,
        0.103,
        0.956,
        0.3865
      ],
      [
        220.75,
        0.083,
        0.12,
        0.999,
        0.3986
      ],
      [
        221.0,
        0.086,
        0.125,
        0.993,
        0.3936
      ],
      [
        221.25,
        0.076,
        0.114,
        0.974,
        0.39
      ],
      [
        221.5,
        0.066,
        0.103,
        0.956,
        0.3863
      ],
      [
        221.75,
        0.06,
        0.097,
        0.965,
        0.3926
      ],
      [
        222.0,
        0.052,
        0.089,
        0.962,
        0.3942
      ],
      [
        222.25,
        0.044,
        0.079,
        0.943,
        0.3903
      ],
      [
        222.5,
        0.033,
        0.068,
        0.925,
        0.3863
      ],
      [
        222.75,
        0.056,
        0.096,
        0.999,
        0.4081
      ],
      [
        223.0,
        0.064,
        0.107,
        0.993,
        0.4007
      ],
      [
        223.25,
        0.054,
        0.096,
        0.975,
        0.3969
      ],
      [
        223.5,
        0.047,
        0.085,
        0.956,
        0.3928
      ],
      [
        223.75,
        0.073,
        0.113,
        0.999,
        0.4004
      ],
      [
        224.0,
        0.079,
        0.124,
        0.993,
        0.3936
      ],
      [
        224.25,
        0.068,
        0.113,
        0.975,
        0.3903
      ],
      [
        224.5,
        0.058,
        0.102,
        0.956,
        0.3867
      ],
      [
        224.75,
        0.084,
        0.13,
        0.999,
        0.3944
      ],
      [
        225.0,
        0.091,
        0.141,
        0.993,
        0.3879
      ],
      [
        225.25,
        0.081,
        0.13,
        0.975,
        0.3845
      ],
      [
        225.5,
        0.07,
        0.12,
        0.956,
        0.3809
      ],
      [
        225.75,
        0.064,
        0.113,
        0.962,
        0.3864
      ],
      [
        226.0,
        0.056,
        0.105,
        0.958,
        0.3877
      ],
      [
        226.25,
        0.046,
        0.094,
        0.94,
        0.384
      ],
      [
        226.5,
        0.036,
        0.084,
        0.922,
        0.3803
      ],
      [
        226.75,
        0.031,
        0.079,
        0.938,
        0.3895
      ],
      [
        227.0,
        0.024,
        0.072,
        0.941,
        0.3929
      ],
      [
        227.25,
        0.014,
        0.062,
        0.922,
        0.3891
      ],
      [
        227.5,
        0.005,
        0.051,
        0.904,
        0.3849
      ],
      [
        227.75,
        0.038,
        0.081,
        0.999,
        0.4158
      ],
      [
        228.0,
        0.048,
        0.093,
        0.993,
        0.4089
      ],
      [
        228.25,
        0.039,
        0.083,
        0.975,
        0.4051
      ],
      [
        228.5,
        0.029,
        0.073,
        0.957,
        0.401
      ],
      [
        228.75,
        0.04,
        0.084,
        0.999,
        0.4153
      ],
      [
        229.0,
        0.041,
        0.087,
        0.993,
        0.4121
      ],
      [
        229.25,
        0.032,
        0.076,
        0.975,
        0.4084
      ],
      [
        229.5,
        0.023,
        0.066,
        0.956,
        0.4047
      ],
      [
        229.75,
        0.053,
        0.096,
        0.999,
        0.4115
      ],
      [
        230.0,
        0.059,
        0.109,
        0.993,
        0.4039
      ],
      [
        230.25,
        0.048,
        0.098,
        0.975,
        0.4004
      ],
      [
        230.5,
        0.038,
        0.088,
        0.957,
        0.3967
      ],
      [
        230.75,
        0.056,
        0.105,
        0.999,
        0.4083
      ],
      [
        231.0,
        0.059,
        0.111,
        0.993,
        0.4031
      ],
      [
        231.25,
        0.049,
        0.101,
        0.975,
        0.3995
      ],
      [
        231.5,
        0.04,
        0.09,
        0.957,
        0.3958
      ],
      [
        231.75,
        0.054,
        0.106,
        0.999,
        0.4083
      ],
      [
        232.0,
        0.057,
        0.11,
        0.994,
        0.4041
      ],
      [
        232.25,
        0.047,
        0.1,
        0.975,
        0.4006
      ],
      [
        232.5,
        0.036,
        0.089,
        0.957,
        0.3969
      ],
      [
        232.75,
        0.061,
        0.114,
        0.999,
        0.4052
      ],
      [
        233.0,
        0.066,
        0.124,
        0.994,
        0.3985
      ],
      [
        233.25,
        0.056,
        0.113,
        0.975,
        0.3952
      ],
      [
        233.5,
        0.045,
        0.102,
        0.957,
        0.3917
      ],
      [
        233.75,
        0.073,
        0.134,
        0.999,
        0.3972
      ],
      [
        234.0,
        0.084,
        0.147,
        0.994,
        0.3893
      ],
      [
        234.25,
        0.073,
        0.136,
        0.975,
        0.386
      ],
      [
        234.5,
        0.063,
        0.126,
        0.957,
        0.3824
      ],
      [
        234.75,
        0.074,
        0.137,
        0.999,
        0.3963
      ],
      [
        235.0,
        0.075,
        0.139,
        0.994,
        0.3926
      ],
      [
        235.25,
        0.065,
        0.128,
        0.975,
        0.389
      ],
      [
        235.5,
        0.055,
        0.118,
        0.957,
        0.3854
      ],
      [
        235.75,
        0.051,
        0.114,
        0.982,
        0.3977
      ],
      [
        236.0,
        0.044,
        0.107,
        0.989,
        0.4029
      ],
      [
        236.25,
        0.036,
        0.096,
        0.97,
        0.3993
      ],
      [
        236.5,
        0.026,
        0.085,
        0.952,
        0.3957
      ],
      [
        236.75,
        0.039,
        0.101,
        0.999,
        0.4117
      ],
      [
        237.0,
        0.041,
        0.106,
        0.994,
        0.4074
      ],
      [
        237.25,
        0.031,
        0.095,
        0.976,
        0.4037
      ],
      [
        237.5,
        0.021,
        0.085,
        0.957,
        0.3999
      ],
      [
        237.75,
        0.015,
        0.078,
        0.964,
        0.4056
      ],
      [
        238.0,
        0.008,
        0.071,
        0.961,
        0.4069
      ],
      [
        238.25,
        0.003,
        0.06,
        0.942,
        0.4026
      ],
      [
        238.5,
        0.0,
        0.05,
        0.924,
        0.3981
      ],
      [
        238.75,
        0.039,
        0.081,
        0.999,
        0.4181
      ],
      [
        239.0,
        0.05,
        0.094,
        0.994,
        0.41
      ],
      [
        239.25,
        0.04,
        0.084,
        0.976,
        0.4065
      ],
      [
        239.5,
        0.03,
        0.073,
        0.957,
        0.4027
      ],
      [
        239.75,
        0.026,
        0.069,
        0.98,
        0.4144
      ],
      [
        240.0,
        0.019,
        0.063,
        0.987,
        0.4192
      ],
      [
        240.25,
        0.01,
        0.053,
        0.968,
        0.4155
      ],
      [
        240.5,
        0.0,
        0.042,
        0.95,
        0.4117
      ],
      [
        240.75,
        0.035,
        0.073,
        0.999,
        0.421
      ],
      [
        241.0,
        0.046,
        0.087,
        0.994,
        0.413
      ],
      [
        241.25,
        0.036,
        0.077,
        0.976,
        0.4096
      ],
      [
        241.5,
        0.026,
        0.066,
        0.958,
        0.4061
      ],
      [
        241.75,
        0.056,
        0.098,
        0.999,
        0.4117
      ],
      [
        242.0,
        0.066,
        0.113,
        0.994,
        0.4038
      ],
      [
        242.25,
        0.056,
        0.102,
        0.976,
        0.4004
      ],
      [
        242.5,
        0.046,
        0.091,
        0.958,
        0.3969
      ],
      [
        242.75,
        0.067,
        0.113,
        0.999,
        0.4071
      ],
      [
        243.0,
        0.072,
        0.121,
        0.994,
        0.4015
      ],
      [
        243.25,
        0.062,
        0.11,
        0.976,
        0.3979
      ],
      [
        243.5,
        0.051,
        0.1,
        0.958,
        0.3947
      ],
      [
        243.75,
        0.088,
        0.136,
        0.999,
        0.398
      ],
      [
        244.0,
        0.099,
        0.153,
        0.994,
        0.3889
      ],
      [
        244.25,
        0.088,
        0.141,
        0.976,
        0.3858
      ],
      [
        244.5,
        0.077,
        0.13,
        0.958,
        0.3828
      ],
      [
        244.75,
        0.113,
        0.167,
        0.999,
        0.3851
      ],
      [
        245.0,
        0.125,
        0.184,
        0.995,
        0.376
      ],
      [
        245.25,
        0.114,
        0.173,
        0.976,
        0.373
      ],
      [
        245.5,
        0.104,
        0.161,
        0.959,
        0.3702
      ],
      [
        245.75,
        0.139,
        0.197,
        0.999,
        0.3728
      ],
      [
        246.0,
        0.15,
        0.213,
        0.995,
        0.3641
      ],
      [
        246.25,
        0.139,
        0.201,
        0.976,
        0.3613
      ],
      [
        246.5,
        0.128,
        0.189,
        0.958,
        0.3582
      ],
      [
        246.75,
        0.128,
        0.19,
        0.999,
        0.3765
      ],
      [
        247.0,
        0.124,
        0.186,
        0.994,
        0.3753
      ],
      [
        247.25,
        0.113,
        0.174,
        0.976,
        0.372
      ],
      [
        247.5,
        0.103,
        0.163,
        0.959,
        0.3695
      ],
      [
        247.75,
        0.139,
        0.201,
        0.999,
        0.3713
      ],
      [
        248.0,
        0.154,
        0.219,
        0.995,
        0.3621
      ],
      [
        248.25,
        0.143,
        0.207,
        0.976,
        0.3592
      ],
      [
        248.5,
        0.132,
        0.196,
        0.958,
        0.356
      ],
      [
        248.75,
        0.127,
        0.19,
        0.979,
        0.3675
      ],
      [
        249.0,
        0.12,
        0.183,
        0.985,
        0.3725
      ],
      [
        249.25,
        0.109,
        0.171,
        0.966,
        0.3691
      ],
      [
        249.5,
        0.098,
        0.16,
        0.949,
        0.3662
      ],
      [
        249.75,
        0.116,
        0.18,
        0.999,
        0.381
      ],
      [
        250.0,
        0.123,
        0.186,
        0.995,
        0.3762
      ],
      [
        250.25,
        0.112,
        0.175,
        0.976,
        0.3731
      ],
      [
        250.5,
        0.101,
        0.164,
        0.961,
        0.3707
      ],
      [
        250.75,
        0.127,
        0.194,
        0.999,
        0.375
      ],
      [
        251.0,
        0.14,
        0.207,
        0.995,
        0.3676
      ],
      [
        251.25,
        0.129,
        0.195,
        0.977,
        0.3647
      ],
      [
        251.5,
        0.118,
        0.184,
        0.962,
        0.3628
      ],
      [
        251.75,
        0.154,
        0.224,
        0.999,
        0.3625
      ],
      [
        252.0,
        0.172,
        0.242,
        0.995,
        0.353
      ],
      [
        252.25,
        0.16,
        0.23,
        0.977,
        0.3504
      ],
      [
        252.5,
        0.149,
        0.218,
        0.963,
        0.3487
      ],
      [
        252.75,
        0.185,
        0.259,
        0.999,
        0.3478
      ],
      [
        253.0,
        0.204,
        0.278,
        0.995,
        0.3383
      ],
      [
        253.25,
        0.192,
        0.266,
        0.977,
        0.3357
      ],
      [
        253.5,
        0.181,
        0.254,
        0.96,
        0.3335
      ],
      [
        253.75,
        0.2,
        0.274,
        0.999,
        0.3418
      ],
      [
        254.0,
        0.208,
        0.282,
        0.995,
        0.3367
      ],
      [
        254.25,
        0.196,
        0.27,
        0.977,
        0.3337
      ],
      [
        254.5,
        0.185,
        0.258,
        0.959,
        0.3308
      ],
      [
        254.75,
        0.184,
        0.257,
        0.999,
        0.3495
      ],
      [
        255.0,
        0.18,
        0.252,
        0.994,
        0.3495
      ],
      [
        255.25,
        0.168,
        0.239,
        0.976,
        0.3464
      ],
      [
        255.5,
        0.157,
        0.228,
        0.964,
        0.345
      ],
      [
        255.75,
        0.19,
        0.264,
        0.999,
        0.3458
      ],
      [
        256.0,
        0.206,
        0.28,
        0.995,
        0.3373
      ],
      [
        256.25,
        0.194,
        0.268,
        0.977,
        0.3347
      ],
      [
        256.5,
        0.183,
        0.256,
        0.959,
        0.3318
      ],
      [
        256.75,
        0.179,
        0.251,
        0.988,
        0.3463
      ],
      [
        257.0,
        0.171,
        0.244,
        0.994,
        0.3521
      ],
      [
        257.25,
        0.16,
        0.232,
        0.976,
        0.3489
      ],
      [
        257.5,
        0.149,
        0.22,
        0.959,
        0.3463
      ],
      [
        257.75,
        0.155,
        0.226,
        0.999,
        0.3622
      ],
      [
        258.0,
        0.154,
        0.225,
        0.995,
        0.3605
      ],
      [
        258.25,
        0.143,
        0.214,
        0.977,
        0.3571
      ],
      [
        258.5,
        0.132,
        0.202,
        0.959,
        0.3541
      ],
      [
        258.75,
        0.133,
        0.202,
        0.999,
        0.372
      ],
      [
        259.0,
        0.129,
        0.198,
        0.995,
        0.3721
      ],
      [
        259.25,
        0.118,
        0.186,
        0.976,
        0.369
      ],
      [
        259.5,
        0.108,
        0.175,
        0.968,
        0.3683
      ],
      [
        259.75,
        0.148,
        0.22,
        0.999,
        0.3644
      ],
      [
        260.0,
        0.169,
        0.241,
        0.996,
        0.3537
      ],
      [
        260.25,
        0.158,
        0.229,
        0.977,
        0.3511
      ],
      [
        260.5,
        0.147,
        0.217,
        0.969,
        0.3509
      ],
      [
        260.75,
        0.189,
        0.263,
        0.999,
        0.3461
      ],
      [
        261.0,
        0.21,
        0.284,
        0.996,
        0.3355
      ],
      [
        261.25,
        0.198,
        0.272,
        0.977,
        0.333
      ],
      [
        261.5,
        0.187,
        0.26,
        0.966,
        0.3322
      ],
      [
        261.75,
        0.216,
        0.291,
        0.999,
        0.3341
      ],
      [
        262.0,
        0.229,
        0.305,
        0.996,
        0.3271
      ],
      [
        262.25,
        0.217,
        0.292,
        0.977,
        0.3245
      ],
      [
        262.5,
        0.206,
        0.28,
        0.959,
        0.3217
      ],
      [
        262.75,
        0.2,
        0.274,
        0.98,
        0.3334
      ],
      [
        263.0,
        0.192,
        0.266,
        0.985,
        0.3387
      ],
      [
        263.25,
        0.181,
        0.254,
        0.967,
        0.3356
      ],
      [
        263.5,
        0.17,
        0.242,
        0.952,
        0.3337
      ],
      [
        263.75,
        0.18,
        0.252,
        0.999,
        0.3511
      ],
      [
        264.0,
        0.18,
        0.253,
        0.996,
        0.3485
      ],
      [
        264.25,
        0.169,
        0.241,
        0.977,
        0.3452
      ],
      [
        264.5,
        0.158,
        0.229,
        0.959,
        0.342
      ],
      [
        264.75,
        0.149,
        0.22,
        0.954,
        0.3437
      ],
      [
        265.0,
        0.14,
        0.21,
        0.944,
        0.3433
      ],
      [
        265.25,
        0.129,
        0.198,
        0.925,
        0.34
      ],
      [
        265.5,
        0.119,
        0.187,
        0.908,
        0.3372
      ],
      [
        265.75,
        0.119,
        0.187,
        0.965,
        0.3623
      ],
      [
        266.0,
        0.115,
        0.183,
        0.99,
        0.3756
      ],
      [
        266.25,
        0.104,
        0.171,
        0.972,
        0.3723
      ],
      [
        266.5,
        0.094,
        0.16,
        0.956,
        0.3698
      ],
      [
        266.75,
        0.094,
        0.161,
        0.999,
        0.3898
      ],
      [
        267.0,
        0.09,
        0.157,
        0.995,
        0.3892
      ],
      [
        267.25,
        0.079,
        0.145,
        0.977,
        0.3859
      ],
      [
        267.5,
        0.07,
        0.135,
        0.967,
        0.3853
      ],
      [
        267.75,
        0.093,
        0.159,
        0.999,
        0.3898
      ],
      [
        268.0,
        0.103,
        0.17,
        0.996,
        0.3839
      ],
      [
        268.25,
        0.092,
        0.158,
        0.978,
        0.3808
      ],
      [
        268.5,
        0.082,
        0.147,
        0.961,
        0.3782
      ],
      [
        268.75,
        0.082,
        0.147,
        0.999,
        0.3955
      ],
      [
        269.0,
        0.078,
        0.143,
        0.996,
        0.395
      ],
      [
        269.25,
        0.067,
        0.132,
        0.977,
        0.3917
      ],
      [
        269.5,
        0.058,
        0.122,
        0.976,
        0.3933
      ],
      [
        269.75,
        0.107,
        0.173,
        0.999,
        0.3835
      ],
      [
        270.0,
        0.13,
        0.199,
        0.996,
        0.3712
      ],
      [
        270.25,
        0.119,
        0.187,
        0.978,
        0.3686
      ],
      [
        270.5,
        0.11,
        0.177,
        0.978,
        0.3709
      ],
      [
        270.75,
        0.16,
        0.227,
        0.999,
        0.3601
      ],
      [
        271.0,
        0.182,
        0.253,
        0.996,
        0.348
      ],
      [
        271.25,
        0.17,
        0.241,
        0.978,
        0.3455
      ],
      [
        271.5,
        0.161,
        0.23,
        0.973,
        0.3465
      ],
      [
        271.75,
        0.195,
        0.264,
        0.999,
        0.3445
      ],
      [
        272.0,
        0.208,
        0.28,
        0.996,
        0.3367
      ],
      [
        272.25,
        0.196,
        0.268,
        0.978,
        0.3343
      ],
      [
        272.5,
        0.187,
        0.257,
        0.98,
        0.3373
      ],
      [
        272.75,
        0.236,
        0.306,
        0.999,
        0.3262
      ],
      [
        273.0,
        0.258,
        0.332,
        0.996,
        0.3146
      ],
      [
        273.25,
        0.246,
        0.319,
        0.978,
        0.3124
      ],
      [
        273.5,
        0.235,
        0.308,
        0.964,
        0.3112
      ],
      [
        273.75,
        0.243,
        0.315,
        0.999,
        0.3234
      ],
      [
        274.0,
        0.243,
        0.315,
        0.996,
        0.3217
      ],
      [
        274.25,
        0.231,
        0.302,
        0.978,
        0.3187
      ],
      [
        274.5,
        0.221,
        0.291,
        0.968,
        0.3185
      ],
      [
        274.75,
        0.238,
        0.309,
        0.999,
        0.3256
      ],
      [
        275.0,
        0.243,
        0.314,
        0.996,
        0.3223
      ],
      [
        275.25,
        0.231,
        0.301,
        0.978,
        0.3198
      ],
      [
        275.5,
        0.221,
        0.29,
        0.978,
        0.3221
      ],
      [
        275.75,
        0.257,
        0.328,
        0.999,
        0.3169
      ],
      [
        276.0,
        0.275,
        0.347,
        0.997,
        0.3085
      ],
      [
        276.25,
        0.263,
        0.334,
        0.978,
        0.3063
      ],
      [
        276.5,
        0.251,
        0.322,
        0.973,
        0.3076
      ],
      [
        276.75,
        0.278,
        0.349,
        0.999,
        0.3082
      ],
      [
        277.0,
        0.29,
        0.361,
        0.997,
        0.3024
      ],
      [
        277.25,
        0.277,
        0.347,
        0.978,
        0.3003
      ],
      [
        277.5,
        0.265,
        0.336,
        0.984,
        0.3047
      ],
      [
        277.75,
        0.312,
        0.384,
        0.999,
        0.2928
      ],
      [
        278.0,
        0.336,
        0.409,
        0.997,
        0.282
      ],
      [
        278.25,
        0.323,
        0.395,
        0.978,
        0.2802
      ],
      [
        278.5,
        0.311,
        0.383,
        0.963,
        0.2788
      ],
      [
        278.75,
        0.312,
        0.384,
        0.999,
        0.2942
      ],
      [
        279.0,
        0.308,
        0.379,
        0.996,
        0.2942
      ],
      [
        279.25,
        0.296,
        0.366,
        0.977,
        0.2915
      ],
      [
        279.5,
        0.284,
        0.354,
        0.969,
        0.2919
      ],
      [
        279.75,
        0.3,
        0.37,
        0.999,
        0.2988
      ],
      [
        280.0,
        0.305,
        0.375,
        0.997,
        0.2962
      ],
      [
        280.25,
        0.293,
        0.362,
        0.978,
        0.2938
      ],
      [
        280.5,
        0.281,
        0.349,
        0.962,
        0.2917
      ],
      [
        280.75,
        0.275,
        0.343,
        0.988,
        0.3056
      ],
      [
        281.0,
        0.267,
        0.334,
        0.995,
        0.3121
      ],
      [
        281.25,
        0.255,
        0.321,
        0.977,
        0.3094
      ],
      [
        281.5,
        0.244,
        0.312,
        0.989,
        0.3154
      ],
      [
        281.75,
        0.298,
        0.366,
        0.999,
        0.2996
      ],
      [
        282.0,
        0.326,
        0.395,
        0.997,
        0.2871
      ],
      [
        282.25,
        0.313,
        0.381,
        0.979,
        0.2856
      ],
      [
        282.5,
        0.302,
        0.371,
        0.991,
        0.2921
      ],
      [
        282.75,
        0.356,
        0.425,
        0.999,
        0.275
      ],
      [
        283.0,
        0.383,
        0.454,
        0.997,
        0.2629
      ],
      [
        283.25,
        0.369,
        0.439,
        0.979,
        0.2618
      ],
      [
        283.5,
        0.359,
        0.429,
        0.988,
        0.2673
      ],
      [
        283.75,
        0.403,
        0.473,
        0.999,
        0.2559
      ],
      [
        284.0,
        0.424,
        0.495,
        0.997,
        0.2466
      ],
      [
        284.25,
        0.41,
        0.48,
        0.979,
        0.2455
      ],
      [
        284.5,
        0.399,
        0.47,
        0.984,
        0.2502
      ],
      [
        284.75,
        0.437,
        0.507,
        0.999,
        0.2425
      ],
      [
        285.0,
        0.454,
        0.524,
        0.997,
        0.2352
      ],
      [
        285.25,
        0.44,
        0.509,
        0.979,
        0.2342
      ],
      [
        285.5,
        0.429,
        0.499,
        0.991,
        0.2408
      ],
      [
        285.75,
        0.477,
        0.546,
        0.999,
        0.2267
      ],
      [
        286.0,
        0.496,
        0.57,
        0.997,
        0.2172
      ],
      [
        286.25,
        0.482,
        0.555,
        0.979,
        0.2166
      ],
      [
        286.5,
        0.468,
        0.541,
        0.963,
        0.2154
      ],
      [
        286.75,
        0.462,
        0.534,
        0.995,
        0.2314
      ],
      [
        287.0,
        0.453,
        0.524,
        0.996,
        0.2353
      ],
      [
        287.25,
        0.439,
        0.51,
        0.977,
        0.233
      ],
      [
        287.5,
        0.428,
        0.498,
        0.979,
        0.2369
      ],
      [
        287.75,
        0.456,
        0.526,
        0.999,
        0.235
      ],
      [
        288.0,
        0.465,
        0.537,
        0.997,
        0.2303
      ],
      [
        288.25,
        0.451,
        0.522,
        0.979,
        0.229
      ],
      [
        288.5,
        0.44,
        0.511,
        0.982,
        0.2334
      ],
      [
        288.75,
        0.471,
        0.541,
        0.999,
        0.2291
      ],
      [
        289.0,
        0.481,
        0.553,
        0.997,
        0.2239
      ],
      [
        289.25,
        0.467,
        0.539,
        0.979,
        0.2227
      ],
      [
        289.5,
        0.455,
        0.527,
        0.978,
        0.2259
      ],
      [
        289.75,
        0.478,
        0.548,
        0.999,
        0.2263
      ],
      [
        290.0,
        0.485,
        0.556,
        0.997,
        0.2228
      ],
      [
        290.25,
        0.47,
        0.541,
        0.979,
        0.2216
      ],
      [
        290.5,
        0.46,
        0.531,
        0.997,
        0.23
      ],
      [
        290.75,
        0.511,
        0.581,
        0.999,
        0.213
      ],
      [
        291.0,
        0.533,
        0.606,
        0.997,
        0.2033
      ],
      [
        291.25,
        0.518,
        0.59,
        0.979,
        0.2032
      ],
      [
        291.5,
        0.508,
        0.581,
        0.999,
        0.2121
      ],
      [
        291.75,
        0.56,
        0.632,
        0.999,
        0.194
      ],
      [
        292.0,
        0.582,
        0.658,
        0.998,
        0.1844
      ],
      [
        292.25,
        0.567,
        0.643,
        0.979,
        0.1845
      ],
      [
        292.5,
        0.553,
        0.627,
        0.962,
        0.1829
      ],
      [
        292.75,
        0.541,
        0.615,
        0.962,
        0.187
      ],
      [
        293.0,
        0.528,
        0.602,
        0.954,
        0.1886
      ],
      [
        293.25,
        0.513,
        0.586,
        0.936,
        0.1866
      ],
      [
        293.5,
        0.503,
        0.577,
        0.956,
        0.1956
      ],
      [
        293.75,
        0.552,
        0.625,
        0.999,
        0.1964
      ],
      [
        294.0,
        0.574,
        0.65,
        0.998,
        0.1873
      ],
      [
        294.25,
        0.559,
        0.634,
        0.979,
        0.1877
      ],
      [
        294.5,
        0.547,
        0.625,
        0.999,
        0.1967
      ],
      [
        294.75,
        0.605,
        0.682,
        0.999,
        0.1762
      ],
      [
        295.0,
        0.632,
        0.712,
        0.998,
        0.1661
      ],
      [
        295.25,
        0.617,
        0.696,
        0.979,
        0.1668
      ],
      [
        295.5,
        0.603,
        0.683,
        0.984,
        0.1722
      ],
      [
        295.75,
        0.63,
        0.709,
        0.999,
        0.1682
      ],
      [
        296.0,
        0.64,
        0.72,
        0.998,
        0.1652
      ],
      [
        296.25,
        0.624,
        0.703,
        0.979,
        0.165
      ],
      [
        296.5,
        0.609,
        0.688,
        0.972,
        0.1661
      ],
      [
        296.75,
        0.61,
        0.689,
        0.999,
        0.1766
      ],
      [
        297.0,
        0.606,
        0.684,
        0.997,
        0.1765
      ],
      [
        297.25,
        0.59,
        0.668,
        0.979,
        0.1747
      ],
      [
        297.5,
        0.577,
        0.657,
        0.999,
        0.1839
      ],
      [
        297.75,
        0.624,
        0.704,
        0.999,
        0.1689
      ],
      [
        298.0,
        0.646,
        0.726,
        0.998,
        0.1615
      ],
      [
        298.25,
        0.63,
        0.709,
        0.98,
        0.1626
      ],
      [
        298.5,
        0.616,
        0.7,
        0.999,
        0.1715
      ],
      [
        298.75,
        0.675,
        0.757,
        0.999,
        0.1515
      ],
      [
        299.0,
        0.704,
        0.787,
        0.998,
        0.1429
      ],
      [
        299.25,
        0.687,
        0.77,
        0.98,
        0.1444
      ],
      [
        299.5,
        0.673,
        0.759,
        0.999,
        0.1529
      ],
      [
        299.75,
        0.719,
        0.805,
        0.999,
        0.1386
      ],
      [
        300.0,
        0.742,
        0.828,
        0.998,
        0.1336
      ],
      [
        300.25,
        0.725,
        0.81,
        0.98,
        0.1353
      ],
      [
        300.5,
        0.711,
        0.799,
        0.999,
        0.1424
      ],
      [
        300.75,
        0.761,
        0.849,
        0.999,
        0.1279
      ],
      [
        301.0,
        0.786,
        0.875,
        0.998,
        0.1236
      ],
      [
        301.25,
        0.769,
        0.856,
        0.98,
        0.1259
      ],
      [
        301.5,
        0.754,
        0.846,
        0.999,
        0.1321
      ],
      [
        301.75,
        0.813,
        0.903,
        0.999,
        0.1177
      ],
      [
        302.0,
        0.842,
        0.933,
        0.998,
        0.1148
      ],
      [
        302.25,
        0.824,
        0.915,
        0.98,
        0.1175
      ],
      [
        302.5,
        0.809,
        0.905,
        0.999,
        0.1227
      ],
      [
        302.75,
        0.867,
        0.962,
        0.999,
        0.1125
      ],
      [
        303.0,
        0.896,
        0.992,
        0.998,
        0.1115
      ],
      [
        303.25,
        0.879,
        0.974,
        0.98,
        0.1143
      ],
      [
        303.5,
        0.863,
        0.957,
        0.969,
        0.1145
      ],
      [
        303.75,
        0.859,
        0.952,
        0.999,
        0.1175
      ],
      [
        304.0,
        0.85,
        0.943,
        0.997,
        0.1169
      ],
      [
        304.25,
        0.832,
        0.924,
        0.979,
        0.115
      ],
      [
        304.5,
        0.818,
        0.914,
        0.999,
        0.1189
      ],
      [
        304.75,
        0.872,
        0.968,
        0.999,
        0.1107
      ],
      [
        305.0,
        0.898,
        0.995,
        0.998,
        0.111
      ],
      [
        305.25,
        0.88,
        0.977,
        0.98,
        0.1138
      ],
      [
        305.5,
        0.863,
        0.959,
        0.966,
        0.1141
      ],
      [
        305.75,
        0.853,
        0.948,
        0.996,
        0.1178
      ],
      [
        306.0,
        0.84,
        0.934,
        0.996,
        0.1186
      ],
      [
        306.25,
        0.822,
        0.916,
        0.978,
        0.1166
      ],
      [
        306.5,
        0.808,
        0.902,
        0.987,
        0.1191
      ],
      [
        306.75,
        0.832,
        0.925,
        0.999,
        0.1163
      ],
      [
        307.0,
        0.839,
        0.932,
        0.998,
        0.1175
      ],
      [
        307.25,
        0.821,
        0.914,
        0.98,
        0.1181
      ],
      [
        307.5,
        0.807,
        0.902,
        0.999,
        0.1224
      ],
      [
        307.75,
        0.846,
        0.939,
        0.999,
        0.1142
      ],
      [
        308.0,
        0.862,
        0.957,
        0.998,
        0.1143
      ],
      [
        308.25,
        0.844,
        0.939,
        0.98,
        0.1163
      ],
      [
        308.5,
        0.831,
        0.929,
        0.999,
        0.1194
      ],
      [
        308.75,
        0.888,
        0.986,
        0.999,
        0.1107
      ],
      [
        309.0,
        0.914,
        0.997,
        0.999,
        0.11
      ],
      [
        309.25,
        0.896,
        0.979,
        0.98,
        0.113
      ],
      [
        309.5,
        0.88,
        0.962,
        0.973,
        0.1133
      ],
      [
        309.75,
        0.881,
        0.963,
        0.999,
        0.1144
      ],
      [
        310.0,
        0.875,
        0.956,
        0.998,
        0.1133
      ],
      [
        310.25,
        0.857,
        0.938,
        0.979,
        0.1113
      ],
      [
        310.5,
        0.845,
        0.926,
        0.999,
        0.1143
      ],
      [
        310.75,
        0.889,
        0.97,
        0.999,
        0.1094
      ],
      [
        311.0,
        0.907,
        0.992,
        0.999,
        0.1107
      ],
      [
        311.25,
        0.888,
        0.973,
        0.98,
        0.1137
      ],
      [
        311.5,
        0.872,
        0.957,
        0.975,
        0.1134
      ],
      [
        311.75,
        0.871,
        0.955,
        0.999,
        0.1151
      ],
      [
        312.0,
        0.863,
        0.948,
        0.998,
        0.1142
      ],
      [
        312.25,
        0.845,
        0.93,
        0.98,
        0.1123
      ],
      [
        312.5,
        0.832,
        0.917,
        0.994,
        0.1152
      ],
      [
        312.75,
        0.861,
        0.945,
        0.999,
        0.1122
      ],
      [
        313.0,
        0.871,
        0.956,
        0.999,
        0.1135
      ],
      [
        313.25,
        0.853,
        0.938,
        0.98,
        0.1149
      ],
      [
        313.5,
        0.84,
        0.926,
        0.999,
        0.1178
      ],
      [
        313.75,
        0.876,
        0.96,
        0.999,
        0.1113
      ],
      [
        314.0,
        0.888,
        0.976,
        0.999,
        0.1126
      ],
      [
        314.25,
        0.87,
        0.957,
        0.98,
        0.1144
      ],
      [
        314.5,
        0.858,
        0.946,
        0.999,
        0.1165
      ],
      [
        314.75,
        0.899,
        0.987,
        0.999,
        0.1106
      ],
      [
        315.0,
        0.915,
        0.998,
        0.999,
        0.1115
      ],
      [
        315.25,
        0.897,
        0.979,
        0.98,
        0.1141
      ],
      [
        315.5,
        0.885,
        0.968,
        0.999,
        0.115
      ],
      [
        315.75,
        0.927,
        0.999,
        0.999,
        0.1095
      ],
      [
        316.0,
        0.943,
        0.998,
        0.999,
        0.1095
      ],
      [
        316.25,
        0.925,
        0.979,
        0.981,
        0.1122
      ],
      [
        316.5,
        0.909,
        0.963,
        0.979,
        0.1112
      ],
      [
        316.75,
        0.916,
        0.969,
        0.999,
        0.1107
      ],
      [
        317.0,
        0.913,
        0.967,
        0.998,
        0.109
      ],
      [
        317.25,
        0.895,
        0.948,
        0.98,
        0.107
      ],
      [
        317.5,
        0.879,
        0.932,
        0.974,
        0.1062
      ],
      [
        317.75,
        0.879,
        0.932,
        0.999,
        0.1112
      ],
      [
        318.0,
        0.873,
        0.925,
        0.998,
        0.115
      ],
      [
        318.25,
        0.855,
        0.907,
        0.98,
        0.113
      ],
      [
        318.5,
        0.841,
        0.893,
        0.989,
        0.1154
      ],
      [
        318.75,
        0.86,
        0.911,
        0.999,
        0.1124
      ],
      [
        319.0,
        0.864,
        0.916,
        0.999,
        0.1129
      ],
      [
        319.25,
        0.846,
        0.898,
        0.98,
        0.1138
      ],
      [
        319.5,
        0.837,
        0.89,
        0.999,
        0.1176
      ],
      [
        319.75,
        0.899,
        0.952,
        0.999,
        0.1062
      ],
      [
        320.0,
        0.927,
        0.986,
        0.999,
        0.1062
      ],
      [
        320.25,
        0.909,
        0.968,
        0.981,
        0.1093
      ],
      [
        320.5,
        0.9,
        0.96,
        0.999,
        0.1126
      ],
      [
        320.75,
        0.962,
        0.999,
        0.999,
        0.1057
      ],
      [
        321.0,
        0.991,
        0.998,
        0.999,
        0.1045
      ],
      [
        321.25,
        0.973,
        0.98,
        0.981,
        0.1077
      ],
      [
        321.5,
        0.962,
        0.969,
        0.999,
        0.1102
      ],
      [
        321.75,
        0.999,
        0.999,
        0.999,
        0.106
      ],
      [
        322.0,
        0.995,
        0.998,
        0.999,
        0.1066
      ],
      [
        322.25,
        0.976,
        0.98,
        0.981,
        0.1097
      ],
      [
        322.5,
        0.966,
        0.97,
        0.999,
        0.1095
      ],
      [
        322.75,
        0.999,
        0.999,
        0.999,
        0.105
      ],
      [
        323.0,
        0.995,
        0.998,
        0.999,
        0.1053
      ],
      [
        323.25,
        0.976,
        0.98,
        0.981,
        0.1086
      ],
      [
        323.5,
        0.966,
        0.97,
        0.999,
        0.1091
      ],
      [
        323.75,
        0.999,
        0.999,
        0.999,
        0.1049
      ],
      [
        324.0,
        0.995,
        0.998,
        0.999,
        0.1055
      ],
      [
        324.25,
        0.977,
        0.98,
        0.981,
        0.1088
      ],
      [
        324.5,
        0.968,
        0.972,
        0.999,
        0.1088
      ],
      [
        324.75,
        0.999,
        0.999,
        0.999,
        0.1035
      ],
      [
        325.0,
        0.995,
        0.998,
        0.999,
        0.103
      ],
      [
        325.25,
        0.977,
        0.98,
        0.981,
        0.1063
      ],
      [
        325.5,
        0.968,
        0.972,
        0.999,
        0.1086
      ],
      [
        325.75,
        0.999,
        0.999,
        0.999,
        0.1034
      ],
      [
        326.0,
        0.995,
        0.998,
        0.999,
        0.103
      ],
      [
        326.25,
        0.977,
        0.98,
        0.981,
        0.1063
      ],
      [
        326.5,
        0.965,
        0.969,
        0.999,
        0.1088
      ],
      [
        326.75,
        0.999,
        0.999,
        0.999,
        0.1052
      ],
      [
        327.0,
        0.995,
        0.998,
        0.999,
        0.1062
      ],
      [
        327.25,
        0.977,
        0.98,
        0.981,
        0.1092
      ],
      [
        327.5,
        0.96,
        0.963,
        0.974,
        0.1075
      ],
      [
        327.75,
        0.957,
        0.96,
        0.999,
        0.1078
      ],
      [
        328.0,
        0.949,
        0.952,
        0.998,
        0.1066
      ],
      [
        328.25,
        0.931,
        0.934,
        0.98,
        0.1046
      ],
      [
        328.5,
        0.917,
        0.92,
        0.991,
        0.1059
      ],
      [
        328.75,
        0.934,
        0.937,
        0.999,
        0.1049
      ],
      [
        329.0,
        0.938,
        0.943,
        0.999,
        0.1074
      ],
      [
        329.25,
        0.92,
        0.924,
        0.981,
        0.1079
      ],
      [
        329.5,
        0.912,
        0.917,
        0.999,
        0.1098
      ],
      [
        329.75,
        0.974,
        0.98,
        0.999,
        0.1022
      ],
      [
        330.0,
        0.995,
        0.999,
        0.999,
        0.103
      ],
      [
        330.25,
        0.977,
        0.98,
        0.981,
        0.1063
      ],
      [
        330.5,
        0.968,
        0.972,
        0.999,
        0.1086
      ],
      [
        330.75,
        0.999,
        0.999,
        0.999,
        0.104
      ],
      [
        331.0,
        0.995,
        0.999,
        0.999,
        0.1039
      ],
      [
        331.25,
        0.977,
        0.98,
        0.981,
        0.1072
      ],
      [
        331.5,
        0.967,
        0.97,
        0.999,
        0.1087
      ],
      [
        331.75,
        0.999,
        0.999,
        0.999,
        0.1049
      ],
      [
        332.0,
        0.995,
        0.998,
        0.999,
        0.1056
      ],
      [
        332.25,
        0.977,
        0.98,
        0.981,
        0.1089
      ],
      [
        332.5,
        0.964,
        0.967,
        0.998,
        0.1088
      ],
      [
        332.75,
        0.986,
        0.99,
        0.999,
        0.1055
      ],
      [
        333.0,
        0.994,
        0.997,
        0.999,
        0.1079
      ],
      [
        333.25,
        0.976,
        0.979,
        0.981,
        0.1091
      ],
      [
        333.5,
        0.959,
        0.962,
        0.976,
        0.1075
      ],
      [
        333.75,
        0.956,
        0.959,
        0.999,
        0.1079
      ],
      [
        334.0,
        0.947,
        0.95,
        0.999,
        0.1067
      ],
      [
        334.25,
        0.928,
        0.932,
        0.981,
        0.1048
      ],
      [
        334.5,
        0.913,
        0.918,
        0.99,
        0.106
      ],
      [
        334.75,
        0.927,
        0.932,
        0.999,
        0.1054
      ],
      [
        335.0,
        0.929,
        0.935,
        0.999,
        0.1081
      ],
      [
        335.25,
        0.911,
        0.917,
        0.982,
        0.1082
      ],
      [
        335.5,
        0.902,
        0.909,
        0.999,
        0.1107
      ],
      [
        335.75,
        0.956,
        0.963,
        0.999,
        0.1026
      ],
      [
        336.0,
        0.981,
        0.994,
        0.999,
        0.1038
      ],
      [
        336.25,
        0.963,
        0.976,
        0.982,
        0.1071
      ],
      [
        336.5,
        0.955,
        0.969,
        0.999,
        0.1085
      ],
      [
        336.75,
        0.999,
        0.999,
        0.999,
        0.1036
      ],
      [
        337.0,
        0.995,
        0.999,
        0.999,
        0.1032
      ],
      [
        337.25,
        0.977,
        0.981,
        0.982,
        0.1065
      ],
      [
        337.5,
        0.97,
        0.974,
        0.999,
        0.1085
      ],
      [
        337.75,
        0.999,
        0.999,
        0.999,
        0.1033
      ],
      [
        338.0,
        0.995,
        0.999,
        0.999,
        0.1026
      ],
      [
        338.25,
        0.977,
        0.981,
        0.982,
        0.1059
      ],
      [
        338.5,
        0.97,
        0.974,
        0.999,
        0.1085
      ],
      [
        338.75,
        0.999,
        0.999,
        0.999,
        0.1033
      ],
      [
        339.0,
        0.995,
        0.999,
        0.999,
        0.1026
      ],
      [
        339.25,
        0.977,
        0.981,
        0.982,
        0.1059
      ],
      [
        339.5,
        0.968,
        0.972,
        0.999,
        0.1087
      ],
      [
        339.75,
        0.999,
        0.999,
        0.999,
        0.1045
      ],
      [
        340.0,
        0.995,
        0.999,
        0.999,
        0.1048
      ],
      [
        340.25,
        0.977,
        0.98,
        0.981,
        0.1081
      ],
      [
        340.5,
        0.962,
        0.966,
        0.988,
        0.1083
      ],
      [
        340.75,
        0.974,
        0.978,
        0.999,
        0.1063
      ],
      [
        341.0,
        0.975,
        0.98,
        0.999,
        0.1062
      ],
      [
        341.25,
        0.957,
        0.961,
        0.981,
        0.1081
      ],
      [
        341.5,
        0.943,
        0.947,
        0.993,
        0.1083
      ],
      [
        341.75,
        0.959,
        0.963,
        0.999,
        0.1055
      ],
      [
        342.0,
        0.962,
        0.968,
        0.999,
        0.1066
      ],
      [
        342.25,
        0.944,
        0.95,
        0.982,
        0.1078
      ],
      [
        342.5,
        0.937,
        0.943,
        0.999,
        0.1085
      ],
      [
        342.75,
        0.999,
        0.999,
        0.999,
        0.1032
      ],
      [
        343.0,
        0.996,
        0.999,
        0.999,
        0.1025
      ],
      [
        343.25,
        0.977,
        0.981,
        0.982,
        0.1058
      ],
      [
        343.5,
        0.97,
        0.974,
        0.999,
        0.1086
      ],
      [
        343.75,
        0.999,
        0.999,
        0.999,
        0.1033
      ],
      [
        344.0,
        0.996,
        0.999,
        0.999,
        0.1025
      ],
      [
        344.25,
        0.977,
        0.981,
        0.982,
        0.1058
      ],
      [
        344.5,
        0.968,
        0.971,
        0.999,
        0.1088
      ],
      [
        344.75,
        0.999,
        0.999,
        0.999,
        0.1048
      ],
      [
        345.0,
        0.996,
        0.999,
        0.999,
        0.1053
      ],
      [
        345.25,
        0.977,
        0.981,
        0.982,
        0.1086
      ],
      [
        345.5,
        0.967,
        0.97,
        0.999,
        0.1088
      ],
      [
        345.75,
        0.999,
        0.999,
        0.999,
        0.1051
      ],
      [
        346.0,
        0.996,
        0.999,
        0.999,
        0.1059
      ],
      [
        346.25,
        0.978,
        0.981,
        0.982,
        0.1091
      ],
      [
        346.5,
        0.969,
        0.973,
        0.999,
        0.1086
      ],
      [
        346.75,
        0.999,
        0.999,
        0.999,
        0.1041
      ],
      [
        347.0,
        0.996,
        0.999,
        0.999,
        0.104
      ],
      [
        347.25,
        0.977,
        0.981,
        0.982,
        0.1073
      ],
      [
        347.5,
        0.97,
        0.974,
        0.999,
        0.1086
      ],
      [
        347.75,
        0.999,
        0.999,
        0.999,
        0.1034
      ],
      [
        348.0,
        0.996,
        0.999,
        0.999,
        0.1026
      ],
      [
        348.25,
        0.978,
        0.981,
        0.982,
        0.1059
      ],
      [
        348.5,
        0.968,
        0.971,
        0.999,
        0.1088
      ],
      [
        348.75,
        0.999,
        0.999,
        0.999,
        0.1049
      ],
      [
        349.0,
        0.996,
        0.999,
        0.999,
        0.1055
      ],
      [
        349.25,
        0.978,
        0.981,
        0.982,
        0.1088
      ],
      [
        349.5,
        0.967,
        0.97,
        0.999,
        0.1088
      ],
      [
        349.75,
        0.999,
        0.999,
        0.999,
        0.1052
      ],
      [
        350.0,
        0.996,
        0.999,
        0.999,
        0.1061
      ],
      [
        350.25,
        0.978,
        0.981,
        0.982,
        0.1092
      ],
      [
        350.5,
        0.969,
        0.973,
        0.999,
        0.1086
      ],
      [
        350.75,
        0.999,
        0.999,
        0.999,
        0.104
      ],
      [
        351.0,
        0.996,
        0.999,
        0.999,
        0.1038
      ],
      [
        351.25,
        0.977,
        0.981,
        0.982,
        0.1071
      ],
      [
        351.5,
        0.969,
        0.973,
        0.999,
        0.1086
      ],
      [
        351.75,
        0.999,
        0.999,
        0.999,
        0.104
      ],
      [
        352.0,
        0.996,
        0.999,
        0.999,
        0.1038
      ],
      [
        352.25,
        0.977,
        0.981,
        0.981,
        0.1071
      ],
      [
        352.5,
        0.961,
        0.965,
        0.978,
        0.1077
      ],
      [
        352.75,
        0.961,
        0.965,
        0.999,
        0.1075
      ],
      [
        353.0,
        0.955,
        0.959,
        0.999,
        0.106
      ],
      [
        353.25,
        0.937,
        0.941,
        0.982,
        0.1041
      ],
      [
        353.5,
        0.928,
        0.932,
        0.999,
        0.1055
      ],
      [
        353.75,
        0.978,
        0.983,
        0.999,
        0.1022
      ],
      [
        354.0,
        0.996,
        0.999,
        0.999,
        0.1035
      ],
      [
        354.25,
        0.977,
        0.981,
        0.982,
        0.1068
      ],
      [
        354.5,
        0.964,
        0.968,
        0.999,
        0.1089
      ],
      [
        354.75,
        0.987,
        0.991,
        0.999,
        0.1055
      ],
      [
        355.0,
        0.996,
        0.998,
        0.999,
        0.1078
      ],
      [
        355.25,
        0.977,
        0.979,
        0.982,
        0.1092
      ],
      [
        355.5,
        0.966,
        0.969,
        0.999,
        0.1088
      ],
      [
        355.75,
        0.999,
        0.999,
        0.999,
        0.1052
      ],
      [
        356.0,
        0.996,
        0.999,
        0.999,
        0.1061
      ],
      [
        356.25,
        0.978,
        0.981,
        0.982,
        0.1092
      ],
      [
        356.5,
        0.966,
        0.969,
        0.999,
        0.1089
      ],
      [
        356.75,
        0.999,
        0.999,
        0.999,
        0.1055
      ],
      [
        357.0,
        0.996,
        0.999,
        0.999,
        0.1068
      ],
      [
        357.25,
        0.978,
        0.98,
        0.982,
        0.1092
      ],
      [
        357.5,
        0.965,
        0.967,
        0.999,
        0.1089
      ],
      [
        357.75,
        0.988,
        0.991,
        0.999,
        0.1054
      ],
      [
        358.0,
        0.996,
        0.998,
        0.999,
        0.1078
      ],
      [
        358.25,
        0.978,
        0.98,
        0.982,
        0.1092
      ],
      [
        358.5,
        0.969,
        0.972,
        0.999,
        0.1086
      ],
      [
        358.75,
        0.999,
        0.999,
        0.999,
        0.1037
      ],
      [
        359.0,
        0.996,
        0.999,
        0.999,
        0.1031
      ],
      [
        359.25,
        0.978,
        0.981,
        0.982,
        0.1064
      ],
      [
        359.5,
        0.968,
        0.972,
        0.999,
        0.1087
      ],
      [
        359.75,
        0.999,
        0.999,
        0.999,
        0.1045
      ],
      [
        360.0,
        0.996,
        0.999,
        0.999,
        0.1047
      ],
      [
        360.25,
        0.978,
        0.981,
        0.982,
        0.108
      ],
      [
        360.5,
        0.965,
        0.969,
        0.999,
        0.1089
      ],
      [
        360.75,
        0.996,
        0.999,
        0.999,
        0.1055
      ],
      [
        361.0,
        0.996,
        0.998,
        0.999,
        0.1072
      ],
      [
        361.25,
        0.978,
        0.98,
        0.982,
        0.1092
      ],
      [
        361.5,
        0.969,
        0.972,
        0.999,
        0.1087
      ],
      [
        361.75,
        0.999,
        0.999,
        0.999,
        0.1042
      ],
      [
        362.0,
        0.996,
        0.999,
        0.999,
        0.1041
      ],
      [
        362.25,
        0.977,
        0.981,
        0.982,
        0.1075
      ],
      [
        362.5,
        0.97,
        0.974,
        0.999,
        0.1086
      ],
      [
        362.75,
        0.999,
        0.999,
        0.999,
        0.1034
      ],
      [
        363.0,
        0.996,
        0.999,
        0.999,
        0.1027
      ],
      [
        363.25,
        0.978,
        0.981,
        0.982,
        0.106
      ],
      [
        363.5,
        0.97,
        0.974,
        0.999,
        0.1086
      ],
      [
        363.75,
        0.999,
        0.999,
        0.999,
        0.1033
      ],
      [
        364.0,
        0.996,
        0.999,
        0.999,
        0.1024
      ],
      [
        364.25,
        0.978,
        0.981,
        0.982,
        0.1057
      ],
      [
        364.5,
        0.968,
        0.972,
        0.999,
        0.1088
      ],
      [
        364.75,
        0.999,
        0.999,
        0.999,
        0.1046
      ]
    ]
  },
  "beacon_interval_s": 900.0,
  "n_nodes": 313,
  "daily_kt": [],
  "channel_utilization": 0.11466,
  "start_date": "2025-07-01",
  "weather_driven": true,
  "packets_originated": 1725730,
  "pdr_overall": 0.9082,
  "sos": {
    "sent": 197,
    "delivered": 197,
    "latencies_s": [
      6.04,
      1.63,
      1.23,
      2.89,
      1.59,
      0.92,
      0.86,
      1.05,
      0.76,
      1.3,
      4.67,
      2.4,
      1.32,
      1.5,
      1.12,
      1.69,
      5.47,
      0.85,
      3.34,
      32.22,
      2.58,
      2.93,
      1.3,
      1.41,
      0.94,
      1.58,
      1.07,
      1.29,
      0.77,
      2.89,
      0.77,
      6.39,
      1.54,
      5.88,
      1.64,
      1.3,
      1.4,
      3.7,
      1.25,
      1.7,
      1.49,
      1.05,
      5.06,
      0.79,
      1.53,
      1.66,
      1.61,
      0.82,
      4.34,
      4.44,
      1.43,
      1.39,
      0.77,
      1.63,
      0.8,
      3.68,
      1.38,
      1.13,
      1.64,
      3.35,
      0.88,
      397.77,
      0.9,
      1.08,
      1.6,
      3407.92,
      2.29,
      1.44,
      1.0,
      1.27,
      1.71,
      1.12,
      3.07,
      0.86,
      2.86,
      1.32,
      0.86,
      1.45,
      3.29,
      2.89,
      4.34,
      3.16,
      1.38,
      3.12,
      1.09,
      1.54,
      4.75,
      2.43,
      1.04,
      1.31,
      3.09,
      1.68,
      0.77,
      0.89,
      1.07,
      0.96,
      35.11,
      1.71,
      4.18,
      4.13,
      1301.58,
      0.73,
      5.03,
      0.94,
      1.69,
      0.98,
      2.41,
      1.63,
      2.35,
      1.08,
      1.63,
      1.39,
      1.04,
      0.85,
      1.53,
      3.95,
      1.47,
      1.01,
      1.35,
      1.19,
      4.03,
      2.39,
      2.92,
      4.33,
      4.54,
      0.89,
      2.61,
      0.94,
      5.37,
      1.31,
      3.33,
      0.9,
      1.62,
      6.55,
      5.62,
      1.16,
      4.92,
      1.55,
      1.35,
      1.16,
      1.47,
      2.47,
      0.84,
      2.56,
      1.34,
      1.64,
      1.29,
      1.39,
      2.49,
      1.0,
      0.87,
      1.01,
      3.57,
      1.03,
      1.0,
      1.56,
      1.56,
      1.53,
      1.33,
      1.37,
      3.3,
      4.7,
      1.61,
      1.47,
      3.65,
      0.91,
      0.75,
      2.88,
      4.17,
      2.79,
      1.0,
      3.06,
      2.84,
      0.75,
      2.57,
      3.5,
      1.1,
      2.7,
      1.26,
      0.76,
      1.51,
      0.91,
      0.89,
      3.07,
      2.84,
      3.17,
      3.77,
      2.22,
      1.61,
      1.39,
      2.23,
      1.29,
      1.48,
      2.12,
      1.2,
      1.68,
      0.98
    ],
    "mean_tries": 6.13,
    "level": "incident"
  }
}
struggling links (342 of 611 active):
             lion_head <-> madison_hut          PRR 0.05  margin  -12.9 dB  (74996 tries)
         kinsman_notch <-> moosilauke_summit    PRR 0.05  margin  -13.3 dB  (16590 tries)
          guyot_summit <-> owls_head_slide      PRR 0.05  margin  -13.2 dB  (1703 tries)
        grayknob_cabin <-> great_gulf_th        PRR 0.05  margin  -12.1 dB  (33885 tries)
       chocorua_summit <-> whiteface_summit     PRR 0.05  margin  -13.6 dB  (25922 tries)
       garfield_summit <-> hancock_th           PRR 0.05  margin  -13.3 dB  (51860 tries)
            glen_ellis <-> madison_hut          PRR 0.05  margin  -12.8 dB  (55886 tries)
             kinsman_n <-> lafayette_place      PRR 0.05  margin  -12.3 dB  (14409 tries)
             crag_camp <-> great_gulf_th        PRR 0.05  margin  -12.6 dB  (37820 tries)
             bondcliff <-> south_twin           PRR 0.05  margin  -12.9 dB  (35336 tries)
             mead_base <-> rockywold_camps      PRR 0.06  margin  -12.5 dB  (637 tries)
    gateway_marshfield <-> webster_cliff        PRR 0.06  margin  -10.5 dB  (25710 tries)
per-node:
  summit_shermanadams    tx 11471  rx 515804  col 167394  dup- 4184  E_tx   2.534 Wh  solar    0.00 Wh  SOC 100.0%  deaths 0  [grid]
  gateway_marshfield     tx 11061  rx 211178  col 23887  dup- 3871  E_tx   2.448 Wh  solar    0.00 Wh  SOC 100.0%  deaths 0  [grid]
  pinkham_notch_vc       tx 12159  rx 181292  col 7791  dup- 3422  E_tx   2.690 Wh  solar    0.00 Wh  SOC 100.0%  deaths 0  [grid]
  highland_center        tx 11718  rx  85757  col 4319  dup- 2664  E_tx   2.604 Wh  solar    0.00 Wh  SOC 100.0%  deaths 0  [grid]
  lakes_hut              tx 21295  rx 213212  col 25359  dup- 3065  E_tx   4.452 Wh  solar 5140.80 Wh  SOC 99.9%  deaths 0  [solar]
  madison_hut            tx 47954  rx 134272  col 9786  dup- 2062  E_tx   9.695 Wh  solar 4915.94 Wh  SOC 99.9%  deaths 0  [solar]
  mizpah_hut             tx 22785  rx 141479  col 9363  dup- 2857  E_tx   4.801 Wh  solar 5180.97 Wh  SOC 99.9%  deaths 0  [solar]
  carter_notch_hut       tx 14277  rx  59884  col  922  dup-  148  E_tx   2.940 Wh  solar  676.54 Wh  SOC 99.3%  deaths 17  [solar]
  grayknob_cabin         tx 22363  rx 158143  col 11538  dup- 3304  E_tx   4.725 Wh  solar 5098.70 Wh  SOC 99.9%  deaths 0  [solar]
  hermit_lake            tx 21333  rx 166546  col 6033  dup- 3219  E_tx   4.480 Wh  solar 4803.78 Wh  SOC 99.9%  deaths 0  [solar]
  crag_camp              tx 27906  rx 194610  col 30502  dup- 5069  E_tx   5.721 Wh  solar 5087.08 Wh  SOC 99.9%  deaths 0  [solar]
  dolly_copp             tx 16853  rx 110318  col 10583  dup- 3118  E_tx   3.499 Wh  solar  733.30 Wh  SOC 99.5%  deaths 14  [solar]
  ammo_relay             tx 20442  rx 141533  col 10755  dup- 2972  E_tx   4.258 Wh  solar 4658.82 Wh  SOC 99.9%  deaths 0  [solar]
  jewell_relay           tx 21438  rx 232989  col 34143  dup- 3725  E_tx   4.492 Wh  solar 4960.32 Wh  SOC 99.9%  deaths 0  [solar]
  clay_relay             tx 35664  rx 206822  col 40192  dup- 3973  E_tx   7.251 Wh  solar 5009.53 Wh  SOC 99.9%  deaths 0  [solar]
  monroe_flank           tx 24156  rx 325653  col 71995  dup- 3395  E_tx   5.094 Wh  solar 5221.11 Wh  SOC 99.9%  deaths 0  [solar]
  lion_head              tx 31682  rx 268625  col 49992  dup- 3768  E_tx   6.476 Wh  solar 5088.65 Wh  SOC 99.9%  deaths 0  [solar]
  boott_spur             tx 23571  rx 232872  col 25173  dup- 3710  E_tx   4.947 Wh  solar 4160.93 Wh  SOC 99.9%  deaths 0  [solar]
  jefferson_lawn         tx 22330  rx 310078  col 76646  dup- 5447  E_tx   4.656 Wh  solar 5182.37 Wh  SOC 99.9%  deaths 0  [solar]
  thunderstorm_jct       tx 26339  rx 287169  col 59025  dup- 5021  E_tx   5.433 Wh  solar 5217.91 Wh  SOC 99.9%  deaths 0  [solar]
  eisenhower_relay       tx 22347  rx 268660  col 54643  dup- 3805  E_tx   4.695 Wh  solar 5221.97 Wh  SOC 99.9%  deaths 0  [solar]
  pierce_relay           tx 22146  rx 156873  col 32306  dup- 2668  E_tx   4.638 Wh  solar  758.99 Wh  SOC 99.9%  deaths 13  [solar]
  wildcat_d              tx 22411  rx 269705  col 59665  dup- 4008  E_tx   4.578 Wh  solar  760.38 Wh  SOC 99.9%  deaths 12  [solar]
  nelson_crag            tx 19887  rx 384270  col 89854  dup- 4225  E_tx   4.148 Wh  solar 4985.31 Wh  SOC 99.9%  deaths 0  [solar]
  appalachia_th          tx 15819  rx  72009  col  145  dup-  274  E_tx   3.247 Wh  solar  777.06 Wh  SOC 99.9%  deaths 12  [solar]
  caps_ridge_th          tx 18851  rx 209803  col 35602  dup- 4097  E_tx   3.967 Wh  solar  761.45 Wh  SOC 99.9%  deaths 12  [solar]
  glen_ellis             tx 20096  rx 138948  col 12953  dup- 1791  E_tx   4.223 Wh  solar  726.95 Wh  SOC 99.6%  deaths 15  [solar]
  great_gulf_th          tx 19620  rx 144505  col 14335  dup- 2581  E_tx   4.097 Wh  solar  766.17 Wh  SOC 99.6%  deaths 12  [solar]
  glen_house             tx 18040  rx 218624  col 38634  dup- 3757  E_tx   3.775 Wh  solar  747.79 Wh  SOC 99.9%  deaths 16  [solar]
  jackson_summit         tx 24552  rx 200785  col 37612  dup- 3843  E_tx   5.192 Wh  solar 5225.52 Wh  SOC 99.9%  deaths 0  [solar]
  webster_cliff          tx 19586  rx 130161  col 19908  dup- 3644  E_tx   4.099 Wh  solar  767.38 Wh  SOC 99.9%  deaths 12  [solar]
  cog_skyline            tx 20357  rx 209981  col 25479  dup- 3411  E_tx   4.257 Wh  solar 5026.65 Wh  SOC 99.9%  deaths 0  [solar]
  wildcat_a              tx 18452  rx 246242  col 52571  dup- 3957  E_tx   3.837 Wh  solar  709.07 Wh  SOC 99.9%  deaths 15  [solar]
  madison_summit         tx 25206  rx 247552  col 42580  dup- 4410  E_tx   5.234 Wh  solar 5207.56 Wh  SOC 99.9%  deaths 0  [solar]
  durand_ridge           tx 17259  rx  84017  col 1245  dup- 1230  E_tx   3.544 Wh  solar  776.06 Wh  SOC 99.9%  deaths 12  [solar]
  cannon_tram_top        tx  5619  rx 172684  col 20302  dup- 1280  E_tx   1.240 Wh  solar    0.00 Wh  SOC 100.0%  deaths 0  [grid]
  lafayette_place        tx  5057  rx  92953  col 2923  dup-  547  E_tx   1.122 Wh  solar    0.00 Wh  SOC 100.0%  deaths 0  [grid]
  flume_vc               tx  5198  rx  93334  col 2584  dup- 1157  E_tx   1.157 Wh  solar    0.00 Wh  SOC 100.0%  deaths 0  [grid]
  greenleaf_hut          tx 13960  rx 106618  col 3991  dup- 1115  E_tx   2.849 Wh  solar 5133.14 Wh  SOC 99.9%  deaths 0  [solar]
  lonesome_lake_hut      tx 12586  rx 105580  col 6214  dup- 1156  E_tx   2.566 Wh  solar  771.08 Wh  SOC 99.8%  deaths 12  [solar]
  lafayette_summit       tx 45731  rx 154520  col 24190  dup-  692  E_tx   9.067 Wh  solar 5228.13 Wh  SOC 99.9%  deaths 0  [solar]
  little_haystack        tx 12665  rx  85175  col 8213  dup-  947  E_tx   2.537 Wh  solar 4712.45 Wh  SOC 99.9%  deaths 0  [solar]
  liberty_summit         tx 13320  rx  89580  col 11139  dup-  866  E_tx   2.702 Wh  solar 4899.09 Wh  SOC 99.9%  deaths 0  [solar]
  kinsman_n              tx 13682  rx  92060  col 1842  dup- 1002  E_tx   2.789 Wh  solar 5169.84 Wh  SOC 99.9%  deaths 0  [solar]
  kinsman_pond           tx 12740  rx 103181  col 4020  dup- 1129  E_tx   2.597 Wh  solar  752.15 Wh  SOC 99.6%  deaths 12  [solar]
  lincoln_woods_th       tx  3610  rx  45898  col  162  dup-   78  E_tx   0.794 Wh  solar    0.00 Wh  SOC 100.0%  deaths 0  [grid]
  garfield_summit        tx 41925  rx  86957  col 5261  dup-  899  E_tx   8.311 Wh  solar 5225.96 Wh  SOC 99.9%  deaths 0  [solar]
  galehead_hut           tx 31481  rx  75527  col 1290  dup-  527  E_tx   6.295 Wh  solar 5059.70 Wh  SOC 99.9%  deaths 0  [solar]
  south_twin             tx 23461  rx  96450  col 4338  dup-  645  E_tx   4.776 Wh  solar 5152.51 Wh  SOC 99.9%  deaths 0  [solar]
  guyot_summit           tx 18824  rx 132245  col 1756  dup- 1507  E_tx   3.839 Wh  solar 4916.03 Wh  SOC 99.9%  deaths 0  [solar]
  bondcliff              tx 14707  rx  98861  col 1228  dup-  747  E_tx   2.980 Wh  solar 4374.33 Wh  SOC 99.9%  deaths 8  [solar]
  zealand_hut            tx 26261  rx 149014  col 4325  dup-  947  E_tx   5.363 Wh  solar  755.35 Wh  SOC 99.7%  deaths 13  [solar]
  zeacliff               tx 15691  rx 131722  col 2232  dup-  902  E_tx   3.229 Wh  solar  688.05 Wh  SOC 99.4%  deaths 19  [solar]
  hancock_th             tx 18079  rx  78002  col  504  dup-  148  E_tx   3.676 Wh  solar  724.23 Wh  SOC 99.9%  deaths 14  [solar]
  carrigain_summit       tx 89112  rx 119374  col 13539  dup- 1755  E_tx  17.556 Wh  solar 5230.30 Wh  SOC 99.9%  deaths 0  [solar]
  willey_summit          tx 17796  rx 145908  col 3085  dup-  793  E_tx   3.696 Wh  solar  781.33 Wh  SOC 99.9%  deaths 12  [solar]
  sawyer_river_th        tx 12973  rx  45232  col  294  dup-  297  E_tx   2.605 Wh  solar  779.50 Wh  SOC 99.9%  deaths 12  [solar]
  waterville_valley      tx  2804  rx  62075  col 1509  dup-  388  E_tx   0.616 Wh  solar    0.00 Wh  SOC 100.0%  deaths 0  [grid]
  kanc_pass              tx 11048  rx  29866  col  186  dup-   70  E_tx   2.226 Wh  solar  771.87 Wh  SOC 99.9%  deaths 12  [solar]
  osceola_summit         tx 10322  rx  58949  col 3294  dup-  678  E_tx   2.065 Wh  solar  770.20 Wh  SOC 99.8%  deaths 12  [solar]
  greeley_ponds          tx 17107  rx  53056  col 1389  dup-  118  E_tx   3.407 Wh  solar  716.52 Wh  SOC 99.9%  deaths 13  [solar]
  tripyramid_n           tx 16104  rx  36763  col  251  dup-  247  E_tx   3.218 Wh  solar  696.18 Wh  SOC 99.9%  deaths 15  [solar]
  sandwich_dome          tx  8861  rx  17645  col  229  dup-   55  E_tx   1.739 Wh  solar  776.15 Wh  SOC 99.8%  deaths 12  [solar]
  whiteface_summit       tx 19666  rx  36207  col 1350  dup-  435  E_tx   3.875 Wh  solar 5040.12 Wh  SOC 99.9%  deaths 0  [solar]
  passaconaway           tx 38486  rx  89078  col 1630  dup-   54  E_tx   7.490 Wh  solar 5240.50 Wh  SOC 99.9%  deaths 0  [solar]
  ferncroft_th           tx 44157  rx  41427  col   93  dup-   25  E_tx   8.551 Wh  solar  775.55 Wh  SOC 99.8%  deaths 12  [solar]
  welch_dickey_th        tx  9102  rx  11789  col    4  dup-   55  E_tx   1.783 Wh  solar  770.72 Wh  SOC 99.8%  deaths 12  [solar]
  chocorua_summit        tx  8206  rx  41589  col   52  dup-    4  E_tx   1.599 Wh  solar  748.40 Wh  SOC 99.9%  deaths 15  [solar]
  piper_th               tx 15587  rx  47871  col  111  dup-   44  E_tx   3.017 Wh  solar  724.29 Wh  SOC 99.4%  deaths 15  [solar]
  ravine_lodge           tx   873  rx  47316  col   43  dup-  102  E_tx   0.193 Wh  solar    0.00 Wh  SOC 100.0%  deaths 0  [grid]
  moosilauke_summit      tx  9608  rx  63567  col  357  dup-  102  E_tx   1.885 Wh  solar 5232.43 Wh  SOC 99.9%  deaths 0  [solar]
  kinsman_notch          tx  8168  rx   8705  col    1  dup-    1  E_tx   1.583 Wh  solar  730.60 Wh  SOC 99.5%  deaths 14  [solar]
  glencliff_th           tx  8694  rx  40518  col   24  dup-   79  E_tx   1.700 Wh  solar  773.02 Wh  SOC 99.9%  deaths 12  [solar]
  gorham_info            tx  1005  rx  10061  col   78  dup-    1  E_tx   0.220 Wh  solar    0.00 Wh  SOC 100.0%  deaths 0  [grid]
  carter_dome            tx 59652  rx 223119  col 58549  dup- 2563  E_tx  11.999 Wh  solar 5208.27 Wh  SOC 99.9%  deaths 0  [solar]
  imp_shelter            tx 18355  rx  86559  col 4981  dup-  923  E_tx   3.778 Wh  solar 5064.96 Wh  SOC 99.9%  deaths 0  [solar]
  moriah_summit          tx 21421  rx  29431  col  480  dup-   42  E_tx   4.253 Wh  solar 4804.08 Wh  SOC 99.9%  deaths 0  [solar]
  baldface_s             tx 15000  rx  63282  col  870  dup-  218  E_tx   3.119 Wh  solar  748.43 Wh  SOC 99.9%  deaths 11  [solar]
  mt_hayes               tx  8866  rx  18339  col   53  dup-    0  E_tx   1.728 Wh  solar  766.27 Wh  SOC 99.6%  deaths 12  [solar]
  gentian_pond           tx  9511  rx  29836  col   28  dup-   19  E_tx   1.876 Wh  solar  761.99 Wh  SOC 99.8%  deaths 12  [solar]
  success_summit         tx  8269  rx  16308  col  311  dup-   15  E_tx   1.596 Wh  solar  781.42 Wh  SOC 99.9%  deaths 12  [solar]
  berlin_gateway         tx    18  rx   5987  col    1  dup-    0  E_tx   0.003 Wh  solar    0.00 Wh  SOC 100.0%  deaths 0  [grid]
  cabot_summit           tx  8761  rx  23841  col   10  dup-    0  E_tx   1.689 Wh  solar 5119.52 Wh  SOC 99.9%  deaths 0  [solar]
  unknown_pond           tx  7962  rx  65617  col   38  dup-    0  E_tx   1.534 Wh  solar  768.65 Wh  SOC 99.7%  deaths 12  [solar]
  percy_peaks            tx  7811  rx  40049  col   32  dup-    0  E_tx   1.504 Wh  solar  750.40 Wh  SOC 99.6%  deaths 13  [solar]
  nash_stream_th         tx  7429  rx  14886  col    1  dup-    0  E_tx   1.439 Wh  solar  699.87 Wh  SOC 99.5%  deaths 17  [solar]
  waumbek_summit         tx 10902  rx  19653  col   22  dup-    0  E_tx   2.189 Wh  solar  746.31 Wh  SOC 99.6%  deaths 12  [solar]
  cherry_mtn             tx 23392  rx  67735  col 1118  dup-  760  E_tx   4.784 Wh  solar  775.39 Wh  SOC 99.9%  deaths 12  [solar]
  cardigan_lodge         tx   284  rx  16030  col   11  dup-   26  E_tx   0.061 Wh  solar    0.00 Wh  SOC 100.0%  deaths 0  [grid]
  cardigan_summit        tx  8276  rx   7323  col    9  dup-   16  E_tx   1.599 Wh  solar  788.80 Wh  SOC 99.9%  deaths 12  [solar]
  sunapee_summit         tx     0  rx      8  col    0  dup-    0  E_tx   0.000 Wh  solar    0.00 Wh  SOC 100.0%  deaths 0  [grid]
  ragged_mtn             tx  7930  rx      0  col    0  dup-    0  E_tx   1.531 Wh  solar  781.99 Wh  SOC 99.9%  deaths 12  [solar]
  gunstock_top           tx  1001  rx  39015  col  475  dup-  144  E_tx   0.221 Wh  solar    0.00 Wh  SOC 100.0%  deaths 0  [grid]
  major_summit           tx  8781  rx  27991  col  326  dup-  142  E_tx   1.720 Wh  solar  767.57 Wh  SOC 99.9%  deaths 12  [solar]
  shaw_summit            tx  7773  rx  18931  col  173  dup-    0  E_tx   1.504 Wh  solar  767.18 Wh  SOC 99.9%  deaths 15  [solar]
  monadnock_hq           tx   236  rx  23653  col   85  dup-   46  E_tx   0.053 Wh  solar    0.00 Wh  SOC 100.0%  deaths 0  [grid]
  monadnock_summit       tx  8291  rx  12067  col   13  dup-    9  E_tx   1.602 Wh  solar  795.79 Wh  SOC 99.9%  deaths 12  [solar]
  dublin_th              tx  8260  rx  11058  col    6  dup-   14  E_tx   1.596 Wh  solar  790.09 Wh  SOC 99.9%  deaths 13  [solar]
  miller_hq              tx     2  rx  19599  col    8  dup-    0  E_tx   0.000 Wh  solar    0.00 Wh  SOC 100.0%  deaths 0  [grid]
  pack_monadnock         tx 16417  rx  10943  col    4  dup-    0  E_tx   3.166 Wh  solar  795.21 Wh  SOC 99.9%  deaths 12  [solar]
  smarts_mtn             tx  7615  rx  23146  col   13  dup-    0  E_tx   1.463 Wh  solar  757.29 Wh  SOC 99.9%  deaths 16  [solar]
  lyme_dorchester_th     tx 30659  rx  33114  col   17  dup-    0  E_tx   5.906 Wh  solar  778.44 Wh  SOC 99.9%  deaths 12  [solar]
  winslow_hq             tx     0  rx  11829  col    1  dup-    0  E_tx   0.000 Wh  solar    0.00 Wh  SOC 100.0%  deaths 0  [grid]
  kearsarge_summit       tx  8193  rx   3516  col    2  dup-    0  E_tx   1.581 Wh  solar  791.17 Wh  SOC 99.9%  deaths 12  [solar]
  cranmore_top           tx     2  rx  40146  col  281  dup-    0  E_tx   0.001 Wh  solar    0.00 Wh  SOC 100.0%  deaths 0  [grid]
  kearsarge_north        tx  7980  rx  39749  col 1106  dup-    0  E_tx   1.537 Wh  solar  783.94 Wh  SOC 99.9%  deaths 12  [solar]
  pawtuckaway_hq         tx     0  rx   8013  col    0  dup-    0  E_tx   0.000 Wh  solar    0.00 Wh  SOC 100.0%  deaths 0  [grid]
  pawtuckaway_tower      tx  8042  rx      0  col    0  dup-    0  E_tx   1.544 Wh  solar  793.61 Wh  SOC 99.9%  deaths 13  [solar]
  pisgah_hq              tx     0  rx  32958  col   11  dup-    0  E_tx   0.000 Wh  solar    0.00 Wh  SOC 100.0%  deaths 0  [grid]
  pisgah_ridge           tx  7989  rx  24956  col    7  dup-    0  E_tx   1.533 Wh  solar  789.49 Wh  SOC 99.9%  deaths 12  [solar]
  uncanoonuc_s           tx     0  rx      0  col    0  dup-    0  E_tx   0.000 Wh  solar    0.00 Wh  SOC 100.0%  deaths 0  [grid]
  blue_job               tx     0  rx      0  col    0  dup-    0  E_tx   0.000 Wh  solar    0.00 Wh  SOC 100.0%  deaths 0  [grid]
  balsams_gateway        tx     0  rx   7285  col    0  dup-    0  E_tx   0.000 Wh  solar    0.00 Wh  SOC 100.0%  deaths 0  [grid]
  table_rock             tx  7285  rx      0  col    0  dup-    0  E_tx   1.409 Wh  solar  721.45 Wh  SOC 99.9%  deaths 16  [solar]
  pittsburg_village      tx     0  rx    262  col    0  dup-    0  E_tx   0.000 Wh  solar    0.00 Wh  SOC 100.0%  deaths 0  [grid]
  magalloway_tower       tx     0  rx      0  col    0  dup-    0  E_tx   0.000 Wh  solar  729.53 Wh  SOC  5.6%  deaths 237  [solar]
  pulpit_rock            tx 35711  rx 101165  col 4615  dup-  944  E_tx   7.243 Wh  solar 4199.31 Wh  SOC 99.9%  deaths 0  [solar]
  tremont_summit         tx 11245  rx  26284  col  259  dup-  481  E_tx   2.260 Wh  solar  748.55 Wh  SOC 99.5%  deaths 12  [solar]
  noon_peak              tx  9788  rx  37186  col  227  dup-  409  E_tx   1.949 Wh  solar  715.65 Wh  SOC 99.7%  deaths 17  [solar]
  dickey_ledges          tx  9470  rx  13389  col   34  dup-   23  E_tx   1.878 Wh  solar  740.25 Wh  SOC 99.4%  deaths 12  [solar]
  tecumseh_ski_top       tx  2809  rx  66012  col  803  dup-  387  E_tx   0.623 Wh  solar    0.00 Wh  SOC 100.0%  deaths 0  [grid]
  blue_ridge_ledge       tx  9293  rx  17765  col   36  dup-    1  E_tx   1.810 Wh  solar 4987.93 Wh  SOC 99.9%  deaths 0  [solar]
  north_carter           tx 12044  rx  47703  col 1304  dup- 1005  E_tx   2.443 Wh  solar  735.83 Wh  SOC 99.6%  deaths 15  [solar]
  the_horn               tx 45711  rx  43133  col   32  dup-    0  E_tx   8.804 Wh  solar 4657.16 Wh  SOC 99.9%  deaths 0  [solar]
  victor_head            tx  7771  rx  43568  col   39  dup-    0  E_tx   1.499 Wh  solar  765.30 Wh  SOC 99.9%  deaths 15  [solar]
  ragged_ski_base        tx     0  rx   7930  col    0  dup-    0  E_tx   0.000 Wh  solar    0.00 Wh  SOC 100.0%  deaths 0  [grid]
  castle_clouds          tx     0  rx  60816  col   74  dup-    0  E_tx   0.000 Wh  solar    0.00 Wh  SOC 100.0%  deaths 0  [grid]
  dartmouth_skiway       tx     0  rx  29454  col   18  dup-    0  E_tx   0.000 Wh  solar    0.00 Wh  SOC 100.0%  deaths 0  [grid]
  holts_ledge            tx  7980  rx  33980  col   22  dup-    0  E_tx   1.535 Wh  solar  775.68 Wh  SOC 99.9%  deaths 12  [solar]
  first_lake_dam         tx     0  rx   1025  col    0  dup-    0  E_tx   0.000 Wh  solar    0.00 Wh  SOC 100.0%  deaths 0  [grid]
  moosilauke_s_peak      tx 34637  rx  38868  col  881  dup-  101  E_tx   6.698 Wh  solar 5232.10 Wh  SOC 99.9%  deaths 0  [solar]
  belknap_summit         tx  8878  rx  23952  col   94  dup-  118  E_tx   1.734 Wh  solar  787.45 Wh  SOC 99.9%  deaths 12  [solar]
  newbury_station        tx     0  rx    241  col    0  dup-    0  E_tx   0.000 Wh  solar    0.00 Wh  SOC 100.0%  deaths 0  [grid]
  kilkenny_lookout       tx  7897  rx  51724  col   36  dup-    0  E_tx   1.524 Wh  solar  746.21 Wh  SOC 99.6%  deaths 13  [solar]
  stark_village          tx     0  rx  70831  col   70  dup-    0  E_tx   0.000 Wh  solar    0.00 Wh  SOC 100.0%  deaths 0  [grid]
  signal_ridge           tx 15034  rx 141117  col 1483  dup-  713  E_tx   3.070 Wh  solar 4833.72 Wh  SOC 99.9%  deaths 0  [solar]
  white_ledge_cg         tx   443  rx  68892  col  117  dup-   18  E_tx   0.098 Wh  solar    0.00 Wh  SOC 100.0%  deaths 0  [grid]
  notchland_inn          tx  5621  rx 125171  col 1443  dup-  650  E_tx   1.236 Wh  solar    0.00 Wh  SOC 100.0%  deaths 0  [grid]
  mt_hight               tx 21171  rx  90517  col 2032  dup- 1442  E_tx   4.449 Wh  solar 4550.05 Wh  SOC 99.9%  deaths 0  [solar]
  south_carter           tx 19670  rx 135377  col 24724  dup- 4214  E_tx   4.097 Wh  solar 4510.48 Wh  SOC 99.9%  deaths 9  [solar]
  piper_mtn_belknap      tx  8847  rx  25078  col  100  dup-  122  E_tx   1.735 Wh  solar  776.94 Wh  SOC 99.9%  deaths 12  [solar]
  jennings_peak          tx 10440  rx  80728  col 1424  dup-  212  E_tx   2.081 Wh  solar  760.61 Wh  SOC 99.7%  deaths 12  [solar]
  welch_ledges           tx  9550  rx  20111  col  413  dup-   33  E_tx   1.889 Wh  solar  781.75 Wh  SOC 99.9%  deaths 12  [solar]
  the_bulge              tx 15551  rx  59899  col   47  dup-    0  E_tx   3.005 Wh  solar  733.40 Wh  SOC 99.5%  deaths 13  [solar]
  turtleback_mtn         tx 11598  rx  72162  col   65  dup-    0  E_tx   2.237 Wh  solar  768.21 Wh  SOC 99.9%  deaths 12  [solar]
  lambert_ridge          tx  7940  rx  35530  col  126  dup-    0  E_tx   1.531 Wh  solar  763.77 Wh  SOC 99.7%  deaths 12  [solar]
  black_cap              tx 23649  rx  48990  col 2462  dup-    0  E_tx   4.560 Wh  solar  777.49 Wh  SOC 99.9%  deaths 12  [solar]
  second_lake_dam        tx     0  rx      0  col    0  dup-    0  E_tx   0.000 Wh  solar    0.00 Wh  SOC 100.0%  deaths 0  [grid]
  middle_carter          tx 13956  rx  80875  col 5336  dup- 1142  E_tx   2.864 Wh  solar  759.14 Wh  SOC 99.7%  deaths 12  [solar]
  zeta_pass              tx 12094  rx  40542  col  964  dup-  871  E_tx   2.475 Wh  solar  684.96 Wh  SOC 99.4%  deaths 13  [solar]
  smarts_ranger_ledge    tx 23326  rx  45574  col   39  dup-    0  E_tx   4.489 Wh  solar  772.66 Wh  SOC 99.9%  deaths 12  [solar]
  hurricane_col          tx 15737  rx  47025  col   34  dup-    0  E_tx   3.039 Wh  solar  770.86 Wh  SOC 99.9%  deaths 12  [solar]
  cranmore_ledge         tx 31590  rx  44912  col   31  dup-    0  E_tx   6.081 Wh  solar  766.86 Wh  SOC 99.9%  deaths 12  [solar]
  bald_knob_ossipee      tx 37899  rx  55985  col  130  dup-    0  E_tx   7.298 Wh  solar  765.04 Wh  SOC 99.9%  deaths 12  [solar]
  mt_roberts             tx 38588  rx  80592  col  808  dup-    0  E_tx   7.428 Wh  solar  782.35 Wh  SOC 99.9%  deaths 12  [solar]
  faraway_ledge          tx  7893  rx  77627  col  632  dup-    0  E_tx   1.520 Wh  solar  773.01 Wh  SOC 99.9%  deaths 12  [solar]
  ossipee_saddle         tx 23303  rx  68749  col  296  dup-    0  E_tx   4.509 Wh  solar  766.01 Wh  SOC 99.7%  deaths 12  [solar]
  black_snout            tx 15491  rx  39778  col  165  dup-    0  E_tx   2.971 Wh  solar  767.93 Wh  SOC 99.9%  deaths 12  [solar]
  rockywold_camps        tx   358  rx  40000  col  107  dup-   17  E_tx   0.079 Wh  solar    0.00 Wh  SOC 100.0%  deaths 0  [grid]
  morgan_percival        tx  9517  rx  31651  col   89  dup-    9  E_tx   1.849 Wh  solar  771.70 Wh  SOC 99.7%  deaths 12  [solar]
  rattlesnake_west       tx 15867  rx  39287  col  141  dup-   47  E_tx   3.075 Wh  solar  782.58 Wh  SOC 99.9%  deaths 12  [solar]
  red_hill_tower         tx 26623  rx  26936  col  175  dup-   50  E_tx   5.152 Wh  solar  774.69 Wh  SOC 99.9%  deaths 12  [solar]
  rumney_village         tx   309  rx   7342  col    9  dup-    1  E_tx   0.068 Wh  solar    0.00 Wh  SOC 100.0%  deaths 0  [grid]
  stinson_summit         tx  7868  rx     77  col    0  dup-    0  E_tx   1.513 Wh  solar  763.05 Wh  SOC 99.9%  deaths 13  [solar]
  rattlesnake_rumney     tx  9886  rx  12190  col   20  dup-    7  E_tx   1.924 Wh  solar  783.47 Wh  SOC 99.9%  deaths 12  [solar]
  rumney_cliff_top       tx  8239  rx  12202  col   47  dup-   17  E_tx   1.601 Wh  solar  785.89 Wh  SOC 99.9%  deaths 12  [solar]
  loon_summit            tx  3119  rx  26421  col   60  dup-   12  E_tx   0.692 Wh  solar    0.00 Wh  SOC 100.0%  deaths 0  [grid]
  owls_head_slide        tx   802  rx   6194  col   66  dup-   34  E_tx   0.164 Wh  solar    0.00 Wh  SOC  0.0%  deaths 1  [battery]
  thirteen_falls         tx   763  rx   3644  col   68  dup-   23  E_tx   0.156 Wh  solar    0.00 Wh  SOC  0.0%  deaths 1  [battery]
  mt_hale                tx 21621  rx  75212  col 2214  dup-  364  E_tx   4.520 Wh  solar 5023.11 Wh  SOC 99.9%  deaths 0  [solar]
  twin_mountain_village  tx  5414  rx  61760  col  828  dup-  137  E_tx   1.195 Wh  solar    0.00 Wh  SOC 100.0%  deaths 0  [grid]
  sugarloaf_middle       tx 15870  rx  40259  col 1213  dup-  108  E_tx   3.305 Wh  solar  728.35 Wh  SOC 99.6%  deaths 16  [solar]
  isolation_davis        tx  1114  rx   6413  col  289  dup-  153  E_tx   0.235 Wh  solar    0.00 Wh  SOC  0.0%  deaths 1  [battery]
  wild_river_cg          tx 11673  rx 156575  col 10721  dup- 1475  E_tx   2.592 Wh  solar    0.00 Wh  SOC 100.0%  deaths 0  [grid]
  wild_river_blue_brook  tx   993  rx   6803  col  427  dup-   70  E_tx   0.204 Wh  solar    0.00 Wh  SOC  0.0%  deaths 1  [battery]
  north_baldface         tx 10979  rx  25167  col   13  dup-   42  E_tx   2.214 Wh  solar  708.26 Wh  SOC 99.3%  deaths 14  [solar]
  jackson_village        tx    54  rx  14405  col    7  dup-    0  E_tx   0.012 Wh  solar    0.00 Wh  SOC 100.0%  deaths 0  [grid]
  doublehead_n           tx  8151  rx   5965  col   23  dup-    0  E_tx   1.571 Wh  solar  773.76 Wh  SOC 99.9%  deaths 12  [solar]
  iron_mtn               tx  7806  rx  16882  col    9  dup-    0  E_tx   1.497 Wh  solar  761.94 Wh  SOC 99.9%  deaths 15  [solar]
  mt_cube                tx  7775  rx   7722  col    0  dup-    0  E_tx   1.488 Wh  solar  769.95 Wh  SOC 99.9%  deaths 13  [solar]
  mead_base              tx   448  rx  29872  col   85  dup-   39  E_tx   0.099 Wh  solar    0.00 Wh  SOC 100.0%  deaths 0  [grid]
  mt_israel              tx  9564  rx  40640  col  540  dup-   95  E_tx   1.886 Wh  solar  782.98 Wh  SOC 99.8%  deaths 12  [solar]
  flat_mtn_pond          tx   668  rx   4434  col   58  dup-    6  E_tx   0.131 Wh  solar    0.00 Wh  SOC  0.0%  deaths 1  [battery]
  green_mtn_effingham    tx     0  rx      0  col    0  dup-    0  E_tx   0.000 Wh  solar  755.48 Wh  SOC  6.1%  deaths 236  [solar]
  bear_brook_hq          tx    36  rx  11424  col    2  dup-    0  E_tx   0.007 Wh  solar    0.00 Wh  SOC 100.0%  deaths 0  [grid]
  bear_brook_tower       tx  8005  rx   3081  col   13  dup-    0  E_tx   1.536 Wh  solar  789.56 Wh  SOC 99.9%  deaths 12  [solar]
  crotched_base          tx     0  rx   8004  col    0  dup-    0  E_tx   0.000 Wh  solar    0.00 Wh  SOC 100.0%  deaths 0  [grid]
  crotched_summit        tx  8004  rx      0  col    0  dup-    0  E_tx   1.537 Wh  solar  774.20 Wh  SOC 99.9%  deaths 12  [solar]
  temple_mtn_ledges      tx  8049  rx  17009  col    7  dup-    0  E_tx   1.553 Wh  solar  793.10 Wh  SOC 99.9%  deaths 12  [solar]
  washington_town        tx     0  rx  78842  col  347  dup-    0  E_tx   0.000 Wh  solar    0.00 Wh  SOC 100.0%  deaths 0  [grid]
  lovewell_mtn           tx 11234  rx  76891  col  521  dup-    0  E_tx   2.165 Wh  solar  790.46 Wh  SOC 99.9%  deaths 12  [solar]
  pillsbury_sp           tx  8030  rx  29997  col  106  dup-    0  E_tx   1.548 Wh  solar  789.08 Wh  SOC 99.9%  deaths 13  [solar]
  kilburn_th             tx  8027  rx  22349  col    6  dup-    0  E_tx   1.546 Wh  solar  794.62 Wh  SOC 99.9%  deaths 13  [solar]
  milan_hill             tx     0  rx      0  col    0  dup-    0  E_tx   0.000 Wh  solar    0.00 Wh  SOC 100.0%  deaths 0  [grid]
  sugarloaf_nash         tx  7948  rx  15807  col    2  dup-    0  E_tx   1.533 Wh  solar  773.51 Wh  SOC 99.9%  deaths 12  [solar]
  deer_mtn_pittsburg     tx  7937  rx      0  col    0  dup-    0  E_tx   1.522 Wh  solar  773.20 Wh  SOC 99.9%  deaths 12  [solar]
  champney_th            tx  8265  rx  28638  col   20  dup-   15  E_tx   1.595 Wh  solar  779.53 Wh  SOC 99.9%  deaths 12  [solar]
  buffalo_rd_lot         tx   249  rx  20076  col   29  dup-   15  E_tx   0.056 Wh  solar    0.00 Wh  SOC 100.0%  deaths 0  [grid]
  stinson_lake_gw        tx    50  rx   8063  col    0  dup-    0  E_tx   0.012 Wh  solar    0.00 Wh  SOC 100.0%  deaths 0  [grid]
  attitash_base          tx    23  rx  25868  col    2  dup-    0  E_tx   0.005 Wh  solar    0.00 Wh  SOC 100.0%  deaths 0  [grid]
  iron_s_ledge           tx 14372  rx  29559  col   10  dup-    0  E_tx   2.779 Wh  solar  726.65 Wh  SOC 99.9%  deaths 13  [solar]
  rocky_branch_knoll     tx 22278  rx  30133  col   17  dup-    0  E_tx   4.299 Wh  solar  778.98 Wh  SOC 99.8%  deaths 12  [solar]
  mt_cube_farm           tx     0  rx  15578  col    0  dup-    0  E_tx   0.000 Wh  solar    0.00 Wh  SOC 100.0%  deaths 0  [grid]
  cube_s_ledge           tx  7793  rx   7717  col    0  dup-    0  E_tx   1.508 Wh  solar  768.73 Wh  SOC 99.9%  deaths 15  [solar]
  deer_mtn_cg            tx     0  rx   7937  col    0  dup-    0  E_tx   0.000 Wh  solar    0.00 Wh  SOC 100.0%  deaths 0  [grid]
  millen_pond            tx 44229  rx  54359  col  143  dup-    0  E_tx   8.531 Wh  solar  790.49 Wh  SOC 99.9%  deaths 12  [solar]
  faxon_hill             tx 13929  rx 100970  col  659  dup-    0  E_tx   2.685 Wh  solar  786.88 Wh  SOC 99.9%  deaths 13  [solar]
  greenway_mid           tx 25762  rx  91646  col  907  dup-    0  E_tx   4.950 Wh  solar  776.46 Wh  SOC 99.8%  deaths 12  [solar]
  kittredge_hill         tx  8020  rx  86850  col  653  dup-    0  E_tx   1.541 Wh  solar  790.21 Wh  SOC 99.9%  deaths 12  [solar]
  bryant_ledge           tx 16006  rx  70080  col  240  dup-    0  E_tx   3.085 Wh  solar  783.93 Wh  SOC 99.9%  deaths 13  [solar]
  pisgah_w_knoll         tx  8004  rx  26828  col    8  dup-    0  E_tx   1.540 Wh  solar  776.76 Wh  SOC 99.7%  deaths 12  [solar]
  kilburn_ridge          tx 16050  rx  22840  col    9  dup-    0  E_tx   3.095 Wh  solar  789.54 Wh  SOC 99.9%  deaths 13  [solar]
  moose_mtn_at           tx  7982  rx  16077  col    8  dup-    0  E_tx   1.535 Wh  solar  770.55 Wh  SOC 99.7%  deaths 12  [solar]
  black_mtn_benton       tx  8659  rx  44996  col   33  dup-  176  E_tx   1.689 Wh  solar  784.51 Wh  SOC 99.9%  deaths 12  [solar]
  prospect_weeks         tx     0  rx      0  col    0  dup-    0  E_tx   0.000 Wh  solar    0.00 Wh  SOC 100.0%  deaths 0  [grid]
  moose_mtn_lodge        tx     0  rx  17547  col    8  dup-    0  E_tx   0.000 Wh  solar    0.00 Wh  SOC 100.0%  deaths 0  [grid]
  moose_s_ledge          tx 15947  rx   8582  col    0  dup-    0  E_tx   3.073 Wh  solar  786.65 Wh  SOC 99.9%  deaths 12  [solar]
  radio_gateway_marshfield_0 tx 12497  rx 142710  col 33643  dup-    0  E_tx   2.518 Wh  solar    0.00 Wh  SOC 100.0%  deaths 0  [battery]
  radio_gateway_marshfield_1 tx 12468  rx 121697  col 25636  dup-    0  E_tx   2.499 Wh  solar    0.00 Wh  SOC 100.0%  deaths 0  [battery]
  radio_gateway_marshfield_2 tx 12507  rx 121061  col 26057  dup-    0  E_tx   2.509 Wh  solar    0.00 Wh  SOC 100.0%  deaths 0  [battery]
  radio_gateway_marshfield_3 tx 14634  rx 169497  col 39350  dup-    0  E_tx   2.940 Wh  solar    0.00 Wh  SOC 100.0%  deaths 0  [battery]
  radio_pinkham_notch_vc_0 tx 14699  rx 172236  col 36957  dup-    0  E_tx   2.936 Wh  solar    0.00 Wh  SOC 100.0%  deaths 0  [battery]
  radio_pinkham_notch_vc_1 tx 12507  rx 107391  col 20904  dup-    0  E_tx   2.509 Wh  solar    0.00 Wh  SOC 100.0%  deaths 0  [battery]
  radio_pinkham_notch_vc_2 tx 10374  rx 125385  col 22018  dup-    0  E_tx   2.064 Wh  solar    0.00 Wh  SOC 100.0%  deaths 0  [battery]
  radio_pinkham_notch_vc_3 tx 10366  rx 147981  col 23494  dup-    0  E_tx   2.077 Wh  solar    0.00 Wh  SOC 100.0%  deaths 0  [battery]
  radio_highland_center_0 tx    34  rx    418  col  125  dup-    0  E_tx   0.007 Wh  solar    0.00 Wh  SOC 100.0%  deaths 0  [battery]
  radio_highland_center_1 tx    34  rx    408  col  110  dup-    0  E_tx   0.007 Wh  solar    0.00 Wh  SOC 100.0%  deaths 0  [battery]
  radio_highland_center_2 tx    35  rx    388  col  116  dup-    0  E_tx   0.007 Wh  solar    0.00 Wh  SOC 100.0%  deaths 0  [battery]
  radio_highland_center_3 tx    34  rx    388  col   85  dup-    0  E_tx   0.007 Wh  solar    0.00 Wh  SOC 100.0%  deaths 0  [battery]
  radio_appalachia_th_0  tx  9619  rx  63510  col 3546  dup-    0  E_tx   1.929 Wh  solar    0.00 Wh  SOC 100.0%  deaths 0  [battery]
  radio_appalachia_th_1  tx  9685  rx  63259  col 3389  dup-    0  E_tx   1.945 Wh  solar    0.00 Wh  SOC 100.0%  deaths 0  [battery]
  radio_appalachia_th_2  tx     0  rx      0  col    0  dup-    0  E_tx   0.000 Wh  solar    0.00 Wh  SOC 100.0%  deaths 0  [battery]
  radio_appalachia_th_3  tx     0  rx      0  col    0  dup-    0  E_tx   0.000 Wh  solar    0.00 Wh  SOC 100.0%  deaths 0  [battery]
  radio_glen_house_0     tx    35  rx    290  col   61  dup-    0  E_tx   0.007 Wh  solar    0.00 Wh  SOC 100.0%  deaths 0  [battery]
  radio_glen_house_1     tx    34  rx    296  col   78  dup-    0  E_tx   0.007 Wh  solar    0.00 Wh  SOC 100.0%  deaths 0  [battery]
  radio_glen_house_2     tx    35  rx    259  col   41  dup-    0  E_tx   0.007 Wh  solar    0.00 Wh  SOC 100.0%  deaths 0  [battery]
  radio_glen_house_3     tx    35  rx    249  col   46  dup-    0  E_tx   0.007 Wh  solar    0.00 Wh  SOC 100.0%  deaths 0  [battery]
  radio_great_gulf_th_0  tx  5938  rx  54149  col 8345  dup-    0  E_tx   1.191 Wh  solar    0.00 Wh  SOC 100.0%  deaths 0  [battery]
  radio_great_gulf_th_1  tx  5931  rx  80169  col 16531  dup-    0  E_tx   1.186 Wh  solar    0.00 Wh  SOC 100.0%  deaths 0  [battery]
  radio_great_gulf_th_2  tx     0  rx      0  col    0  dup-    0  E_tx   0.000 Wh  solar    0.00 Wh  SOC 100.0%  deaths 0  [battery]
  radio_great_gulf_th_3  tx     0  rx      0  col    0  dup-    0  E_tx   0.000 Wh  solar    0.00 Wh  SOC 100.0%  deaths 0  [battery]
  radio_lafayette_place_0 tx  3108  rx   9945  col  310  dup-    0  E_tx   0.612 Wh  solar    0.00 Wh  SOC 100.0%  deaths 0  [battery]
  radio_lafayette_place_1 tx  9260  rx  51829  col 9675  dup-    0  E_tx   1.860 Wh  solar    0.00 Wh  SOC 100.0%  deaths 0  [battery]
  radio_lafayette_place_2 tx  3147  rx  22559  col 2641  dup-    0  E_tx   0.627 Wh  solar    0.00 Wh  SOC 100.0%  deaths 0  [battery]
  radio_lafayette_place_3 tx  9361  rx  58169  col 11287  dup-    0  E_tx   1.874 Wh  solar    0.00 Wh  SOC 100.0%  deaths 0  [battery]
  radio_lafayette_place_4 tx     0  rx      0  col    0  dup-    0  E_tx   0.000 Wh  solar    0.00 Wh  SOC 100.0%  deaths 0  [battery]
  radio_lafayette_place_5 tx     0  rx      0  col    0  dup-    0  E_tx   0.000 Wh  solar    0.00 Wh  SOC 100.0%  deaths 0  [battery]
  radio_lincoln_woods_th_0 tx  8909  rx  28239  col 1049  dup-    0  E_tx   1.781 Wh  solar    0.00 Wh  SOC 100.0%  deaths 0  [battery]
  radio_lincoln_woods_th_1 tx 17255  rx  77405  col 3631  dup-    0  E_tx   3.463 Wh  solar    0.00 Wh  SOC 100.0%  deaths 0  [battery]
  radio_lincoln_woods_th_2 tx  8966  rx  28800  col 1312  dup-    0  E_tx   1.786 Wh  solar    0.00 Wh  SOC 100.0%  deaths 0  [battery]
  radio_lincoln_woods_th_3 tx 17305  rx  78740  col 3514  dup-    0  E_tx   3.477 Wh  solar    0.00 Wh  SOC 100.0%  deaths 0  [battery]
  radio_lincoln_woods_th_4 tx     0  rx      0  col    0  dup-    0  E_tx   0.000 Wh  solar    0.00 Wh  SOC 100.0%  deaths 0  [battery]
  radio_lincoln_woods_th_5 tx     0  rx      0  col    0  dup-    0  E_tx   0.000 Wh  solar    0.00 Wh  SOC 100.0%  deaths 0  [battery]
  radio_ravine_lodge_0   tx  6479  rx  11760  col  545  dup-    0  E_tx   1.299 Wh  solar    0.00 Wh  SOC 100.0%  deaths 0  [battery]
  radio_ravine_lodge_1   tx  6470  rx  11730  col  489  dup-    0  E_tx   1.293 Wh  solar    0.00 Wh  SOC 100.0%  deaths 0  [battery]
  radio_ravine_lodge_2   tx     0  rx      0  col    0  dup-    0  E_tx   0.000 Wh  solar    0.00 Wh  SOC 100.0%  deaths 0  [battery]
  radio_ravine_lodge_3   tx     0  rx      0  col    0  dup-    0  E_tx   0.000 Wh  solar    0.00 Wh  SOC 100.0%  deaths 0  [battery]
  radio_waterville_valley_0 tx 20149  rx  37293  col 2064  dup-    0  E_tx   4.053 Wh  solar    0.00 Wh  SOC 100.0%  deaths 0  [battery]
  radio_waterville_valley_1 tx 20131  rx  37642  col 2101  dup-    0  E_tx   4.037 Wh  solar    0.00 Wh  SOC 100.0%  deaths 0  [battery]
  radio_waterville_valley_2 tx     0  rx      0  col    0  dup-    0  E_tx   0.000 Wh  solar    0.00 Wh  SOC 100.0%  deaths 0  [battery]
  radio_waterville_valley_3 tx     0  rx      0  col    0  dup-    0  E_tx   0.000 Wh  solar    0.00 Wh  SOC 100.0%  deaths 0  [battery]
  radio_piper_th_0       tx  3655  rx  10688  col  151  dup-    0  E_tx   0.731 Wh  solar    0.00 Wh  SOC 100.0%  deaths 0  [battery]
  radio_piper_th_1       tx  3677  rx  10801  col  189  dup-    0  E_tx   0.733 Wh  solar    0.00 Wh  SOC 100.0%  deaths 0  [battery]
  radio_piper_th_2       tx     0  rx      0  col    0  dup-    0  E_tx   0.000 Wh  solar    0.00 Wh  SOC 100.0%  deaths 0  [battery]
  radio_piper_th_3       tx     0  rx      0  col    0  dup-    0  E_tx   0.000 Wh  solar    0.00 Wh  SOC 100.0%  deaths 0  [battery]
  radio_sawyer_river_th_0 tx  7538  rx  27061  col  425  dup-    0  E_tx   1.512 Wh  solar    0.00 Wh  SOC 100.0%  deaths 0  [battery]
  radio_sawyer_river_th_1 tx  7532  rx  32741  col  507  dup-    0  E_tx   1.505 Wh  solar    0.00 Wh  SOC 100.0%  deaths 0  [battery]
  radio_sawyer_river_th_2 tx     0  rx      0  col    0  dup-    0  E_tx   0.000 Wh  solar    0.00 Wh  SOC 100.0%  deaths 0  [battery]
  radio_sawyer_river_th_3 tx     0  rx      0  col    0  dup-    0  E_tx   0.000 Wh  solar    0.00 Wh  SOC 100.0%  deaths 0  [battery]
  radio_monadnock_hq_0   tx  3814  rx   2899  col  101  dup-    0  E_tx   0.764 Wh  solar    0.00 Wh  SOC 100.0%  deaths 0  [battery]
  radio_monadnock_hq_1   tx  3836  rx   2906  col   97  dup-    0  E_tx   0.766 Wh  solar    0.00 Wh  SOC 100.0%  deaths 0  [battery]
  radio_monadnock_hq_2   tx     0  rx      0  col    0  dup-    0  E_tx   0.000 Wh  solar    0.00 Wh  SOC 100.0%  deaths 0  [battery]
  radio_monadnock_hq_3   tx     0  rx      0  col    0  dup-    0  E_tx   0.000 Wh  solar    0.00 Wh  SOC 100.0%  deaths 0  [battery]
  radio_cardigan_lodge_0 tx  3941  rx   2471  col    2  dup-    0  E_tx   0.782 Wh  solar    0.00 Wh  SOC 100.0%  deaths 0  [battery]
  radio_cardigan_lodge_1 tx  3918  rx   2511  col    3  dup-    0  E_tx   0.776 Wh  solar    0.00 Wh  SOC 100.0%  deaths 0  [battery]
  radio_cardigan_lodge_2 tx     0  rx      0  col    0  dup-    0  E_tx   0.000 Wh  solar    0.00 Wh  SOC 100.0%  deaths 0  [battery]
  radio_cardigan_lodge_3 tx     0  rx      0  col    0  dup-    0  E_tx   0.000 Wh  solar    0.00 Wh  SOC 100.0%  deaths 0  [battery]
  radio_gunstock_top_0   tx  7329  rx  10247  col  441  dup-    0  E_tx   1.466 Wh  solar    0.00 Wh  SOC 100.0%  deaths 0  [battery]
  radio_gunstock_top_1   tx  7357  rx  10081  col  397  dup-    0  E_tx   1.478 Wh  solar    0.00 Wh  SOC 100.0%  deaths 0  [battery]
  radio_gunstock_top_2   tx     0  rx      0  col    0  dup-    0  E_tx   0.000 Wh  solar    0.00 Wh  SOC 100.0%  deaths 0  [battery]
  radio_gunstock_top_3   tx     0  rx      0  col    0  dup-    0  E_tx   0.000 Wh  solar    0.00 Wh  SOC 100.0%  deaths 0  [battery]
  radio_winslow_hq_0     tx  3903  rx    905  col    0  dup-    0  E_tx   0.773 Wh  solar    0.00 Wh  SOC 100.0%  deaths 0  [battery]
  radio_winslow_hq_1     tx     0  rx      0  col    0  dup-    0  E_tx   0.000 Wh  solar    0.00 Wh  SOC 100.0%  deaths 0  [battery]
  radio_winslow_hq_2     tx     0  rx      0  col    0  dup-    0  E_tx   0.000 Wh  solar    0.00 Wh  SOC 100.0%  deaths 0  [battery]
  radio_winslow_hq_3     tx     0  rx      0  col    0  dup-    0  E_tx   0.000 Wh  solar    0.00 Wh  SOC 100.0%  deaths 0  [battery]
  radio_miller_hq_0      tx  3189  rx   1610  col    1  dup-    0  E_tx   0.636 Wh  solar    0.00 Wh  SOC 100.0%  deaths 0  [battery]
  radio_miller_hq_1      tx     0  rx      0  col    0  dup-    0  E_tx   0.000 Wh  solar    0.00 Wh  SOC 100.0%  deaths 0  [battery]
  radio_miller_hq_2      tx     0  rx      0  col    0  dup-    0  E_tx   0.000 Wh  solar    0.00 Wh  SOC 100.0%  deaths 0  [battery]
  radio_miller_hq_3      tx     0  rx      0  col    0  dup-    0  E_tx   0.000 Wh  solar    0.00 Wh  SOC 100.0%  deaths 0  [battery]
  radio_rockywold_camps_0 tx  4176  rx   9121  col  294  dup-    0  E_tx   0.838 Wh  solar    0.00 Wh  SOC 100.0%  deaths 0  [battery]
  radio_rockywold_camps_1 tx  4191  rx   7997  col  195  dup-    0  E_tx   0.833 Wh  solar    0.00 Wh  SOC 100.0%  deaths 0  [battery]
  radio_rockywold_camps_2 tx     0  rx      0  col    0  dup-    0  E_tx   0.000 Wh  solar    0.00 Wh  SOC 100.0%  deaths 0  [battery]
  radio_rockywold_camps_3 tx     0  rx      0  col    0  dup-    0  E_tx   0.000 Wh  solar    0.00 Wh  SOC 100.0%  deaths 0  [battery]
  radio_rumney_village_0 tx  4196  rx   3683  col  128  dup-    0  E_tx   0.836 Wh  solar    0.00 Wh  SOC 100.0%  deaths 0  [battery]
  radio_rumney_village_1 tx  4176  rx   3684  col  123  dup-    0  E_tx   0.833 Wh  solar    0.00 Wh  SOC 100.0%  deaths 0  [battery]
  radio_rumney_village_2 tx     0  rx      0  col    0  dup-    0  E_tx   0.000 Wh  solar    0.00 Wh  SOC 100.0%  deaths 0  [battery]
  radio_rumney_village_3 tx     0  rx      0  col    0  dup-    0  E_tx   0.000 Wh  solar    0.00 Wh  SOC 100.0%  deaths 0  [battery]
  radio_glen_ellis_0     tx 17671  rx 170869  col 30553  dup-    0  E_tx   3.549 Wh  solar    0.00 Wh  SOC 100.0%  deaths 0  [battery]
  radio_glen_ellis_1     tx 17655  rx 159553  col 28083  dup-    0  E_tx   3.550 Wh  solar    0.00 Wh  SOC 100.0%  deaths 0  [battery]
  radio_glen_ellis_2     tx     0  rx      0  col    0  dup-    0  E_tx   0.000 Wh  solar    0.00 Wh  SOC 100.0%  deaths 0  [battery]
  radio_glen_ellis_3     tx     0  rx      0  col    0  dup-    0  E_tx   0.000 Wh  solar    0.00 Wh  SOC 100.0%  deaths 0  [battery]
  radio_twin_mountain_village_0 tx 21077  rx  68180  col 5642  dup-    0  E_tx   4.233 Wh  solar    0.00 Wh  SOC 100.0%  deaths 0  [battery]
  radio_twin_mountain_village_1 tx 21072  rx  63129  col 4767  dup-    0  E_tx   4.230 Wh  solar    0.00 Wh  SOC 98.9%  deaths 0  [battery]
  radio_twin_mountain_village_2 tx     0  rx      0  col    0  dup-    0  E_tx   0.000 Wh  solar    0.00 Wh  SOC 100.0%  deaths 0  [battery]
  radio_twin_mountain_village_3 tx     0  rx      0  col    0  dup-    0  E_tx   0.000 Wh  solar    0.00 Wh  SOC 100.0%  deaths 0  [battery]
  radio_wild_river_cg_0  tx 14465  rx  53338  col 6588  dup-    0  E_tx   2.902 Wh  solar    0.00 Wh  SOC 100.0%  deaths 0  [battery]
  radio_wild_river_cg_1  tx 14491  rx  50903  col 5795  dup-    0  E_tx   2.903 Wh  solar    0.00 Wh  SOC 100.0%  deaths 0  [battery]
  radio_wild_river_cg_2  tx     0  rx      0  col    0  dup-    0  E_tx   0.000 Wh  solar    0.00 Wh  SOC 100.0%  deaths 0  [battery]
  radio_wild_river_cg_3  tx     0  rx      0  col    0  dup-    0  E_tx   0.000 Wh  solar    0.00 Wh  SOC 100.0%  deaths 0  [battery]
  radio_bear_brook_hq_0  tx  3421  rx    646  col   18  dup-    0  E_tx   0.679 Wh  solar    0.00 Wh  SOC 100.0%  deaths 0  [battery]
  radio_bear_brook_hq_1  tx     0  rx      0  col    0  dup-    0  E_tx   0.000 Wh  solar    0.00 Wh  SOC 100.0%  deaths 0  [battery]
  radio_bear_brook_hq_2  tx     0  rx      0  col    0  dup-    0  E_tx   0.000 Wh  solar    0.00 Wh  SOC 100.0%  deaths 0  [battery]
  radio_bear_brook_hq_3  tx     0  rx      0  col    0  dup-    0  E_tx   0.000 Wh  solar    0.00 Wh  SOC 100.0%  deaths 0  [battery]
wrote artifacts/sim/kiosk_trace_duty_adaptive.jsonl, artifacts/sim/kiosk_summary_duty_adaptive.json
