{
  "mode": "energy_aware",
  "days": 365.0,
  "hop_limit": 3,
  "n_renters": 0,
  "rental": {
    "walker_days": 18250,
    "served": 18250,
    "starved": 0,
    "availability": 1.0,
    "mean_checkout_soc": 1.0
  },
  "fleet_energy": {
    "mean_duty": 1.0,
    "final_soc_std": 0.4221,
    "final_soc_min": 0.0466,
    "deaths_total": 28632,
    "relay_energy_gini": 0.4655,
    "soc_series_6h": [
      [
        0.25,
        0.953,
        0.953,
        0.953,
        0.0
      ],
      [
        0.5,
        0.911,
        0.912,
        0.953,
        0.0167
      ],
      [
        0.75,
        0.916,
        0.917,
        0.999,
        0.0371
      ],
      [
        1.0,
        0.903,
        0.906,
        0.999,
        0.0418
      ],
      [
        1.25,
        0.855,
        0.858,
        0.953,
        0.0423
      ],
      [
        1.5,
        0.815,
        0.819,
        0.964,
        0.0633
      ],
      [
        1.75,
        0.834,
        0.838,
        0.999,
        0.0731
      ],
      [
        2.0,
        0.83,
        0.838,
        0.999,
        0.0729
      ],
      [
        2.25,
        0.782,
        0.79,
        0.952,
        0.0734
      ],
      [
        2.5,
        0.742,
        0.75,
        0.956,
        0.0921
      ],
      [
        2.75,
        0.755,
        0.764,
        0.999,
        0.1076
      ],
      [
        3.0,
        0.747,
        0.759,
        0.999,
        0.1095
      ],
      [
        3.25,
        0.699,
        0.711,
        0.952,
        0.1099
      ],
      [
        3.5,
        0.658,
        0.67,
        0.947,
        0.1259
      ],
      [
        3.75,
        0.663,
        0.676,
        0.999,
        0.148
      ],
      [
        4.0,
        0.65,
        0.665,
        0.999,
        0.1524
      ],
      [
        4.25,
        0.602,
        0.617,
        0.953,
        0.1529
      ],
      [
        4.5,
        0.563,
        0.578,
        0.959,
        0.1722
      ],
      [
        4.75,
        0.578,
        0.594,
        0.999,
        0.1853
      ],
      [
        5.0,
        0.572,
        0.592,
        0.999,
        0.1862
      ],
      [
        5.25,
        0.524,
        0.544,
        0.953,
        0.1867
      ],
      [
        5.5,
        0.484,
        0.505,
        0.959,
        0.2061
      ],
      [
        5.75,
        0.501,
        0.521,
        0.999,
        0.2191
      ],
      [
        6.0,
        0.495,
        0.519,
        0.999,
        0.2197
      ],
      [
        6.25,
        0.447,
        0.471,
        0.953,
        0.2202
      ],
      [
        6.5,
        0.408,
        0.433,
        0.966,
        0.2418
      ],
      [
        6.75,
        0.432,
        0.458,
        0.999,
        0.2489
      ],
      [
        7.0,
        0.43,
        0.461,
        0.999,
        0.247
      ],
      [
        7.25,
        0.382,
        0.413,
        0.952,
        0.2474
      ],
      [
        7.5,
        0.342,
        0.373,
        0.95,
        0.2644
      ],
      [
        7.75,
        0.351,
        0.382,
        0.999,
        0.2837
      ],
      [
        8.0,
        0.341,
        0.376,
        0.999,
        0.2866
      ],
      [
        8.25,
        0.293,
        0.328,
        0.952,
        0.2869
      ],
      [
        8.5,
        0.251,
        0.285,
        0.937,
        0.2992
      ],
      [
        8.75,
        0.246,
        0.28,
        0.999,
        0.3305
      ],
      [
        9.0,
        0.226,
        0.263,
        0.998,
        0.3381
      ],
      [
        9.25,
        0.178,
        0.215,
        0.951,
        0.3383
      ],
      [
        9.5,
        0.135,
        0.171,
        0.932,
        0.349
      ],
      [
        9.75,
        0.125,
        0.161,
        0.999,
        0.3844
      ],
      [
        10.0,
        0.102,
        0.14,
        0.998,
        0.3934
      ],
      [
        10.25,
        0.054,
        0.092,
        0.952,
        0.3937
      ],
      [
        10.5,
        0.014,
        0.053,
        0.961,
        0.4123
      ],
      [
        10.75,
        0.047,
        0.072,
        0.999,
        0.4228
      ],
      [
        11.0,
        0.045,
        0.071,
        0.999,
        0.4225
      ],
      [
        11.25,
        0.0,
        0.024,
        0.952,
        0.4216
      ],
      [
        11.5,
        0.006,
        0.008,
        0.954,
        0.424
      ],
      [
        11.75,
        0.057,
        0.058,
        0.999,
        0.4239
      ],
      [
        12.0,
        0.051,
        0.054,
        0.999,
        0.4251
      ],
      [
        12.25,
        0.003,
        0.006,
        0.952,
        0.4254
      ],
      [
        12.5,
        0.006,
        0.008,
        0.952,
        0.4236
      ],
      [
        12.75,
        0.056,
        0.057,
        0.999,
        0.4242
      ],
      [
        13.0,
        0.049,
        0.053,
        0.999,
        0.4259
      ],
      [
        13.25,
        0.001,
        0.005,
        0.951,
        0.426
      ],
      [
        13.5,
        0.004,
        0.005,
        0.931,
        0.4164
      ],
      [
        13.75,
        0.042,
        0.043,
        0.999,
        0.4308
      ],
      [
        14.0,
        0.029,
        0.031,
        0.998,
        0.4355
      ],
      [
        14.25,
        0.0,
        0.0,
        0.952,
        0.4279
      ],
      [
        14.5,
        0.008,
        0.01,
        0.97,
        0.4286
      ],
      [
        14.75,
        0.068,
        0.069,
        0.999,
        0.4189
      ],
      [
        15.0,
        0.072,
        0.077,
        0.999,
        0.415
      ],
      [
        15.25,
        0.024,
        0.029,
        0.952,
        0.4153
      ],
      [
        15.5,
        0.007,
        0.01,
        0.964,
        0.4268
      ],
      [
        15.75,
        0.065,
        0.066,
        0.999,
        0.4203
      ],
      [
        16.0,
        0.066,
        0.071,
        0.999,
        0.4178
      ],
      [
        16.25,
        0.018,
        0.023,
        0.952,
        0.418
      ],
      [
        16.5,
        0.006,
        0.008,
        0.95,
        0.4223
      ],
      [
        16.75,
        0.056,
        0.057,
        0.999,
        0.4244
      ],
      [
        17.0,
        0.048,
        0.051,
        0.999,
        0.4264
      ],
      [
        17.25,
        0.0,
        0.003,
        0.952,
        0.4265
      ],
      [
        17.5,
        0.006,
        0.009,
        0.958,
        0.4249
      ],
      [
        17.75,
        0.061,
        0.062,
        0.999,
        0.4221
      ],
      [
        18.0,
        0.058,
        0.063,
        0.999,
        0.4212
      ],
      [
        18.25,
        0.01,
        0.015,
        0.952,
        0.4215
      ],
      [
        18.5,
        0.007,
        0.01,
        0.965,
        0.4268
      ],
      [
        18.75,
        0.067,
        0.069,
        0.999,
        0.4191
      ],
      [
        19.0,
        0.07,
        0.076,
        0.999,
        0.4155
      ],
      [
        19.25,
        0.022,
        0.028,
        0.951,
        0.4156
      ],
      [
        19.5,
        0.003,
        0.004,
        0.929,
        0.4152
      ],
      [
        19.75,
        0.041,
        0.041,
        0.999,
        0.4314
      ],
      [
        20.0,
        0.029,
        0.03,
        0.998,
        0.4356
      ],
      [
        20.25,
        0.0,
        0.0,
        0.95,
        0.4274
      ],
      [
        20.5,
        0.005,
        0.007,
        0.945,
        0.4205
      ],
      [
        20.75,
        0.054,
        0.055,
        0.999,
        0.4255
      ],
      [
        21.0,
        0.043,
        0.046,
        0.999,
        0.4289
      ],
      [
        21.25,
        0.0,
        0.0,
        0.951,
        0.4276
      ],
      [
        21.5,
        0.007,
        0.009,
        0.962,
        0.4258
      ],
      [
        21.75,
        0.066,
        0.067,
        0.999,
        0.42
      ],
      [
        22.0,
        0.067,
        0.072,
        0.999,
        0.4172
      ],
      [
        22.25,
        0.018,
        0.024,
        0.951,
        0.4174
      ],
      [
        22.5,
        0.007,
        0.01,
        0.964,
        0.4265
      ],
      [
        22.75,
        0.069,
        0.07,
        0.999,
        0.4186
      ],
      [
        23.0,
        0.072,
        0.078,
        0.999,
        0.4146
      ],
      [
        23.25,
        0.024,
        0.03,
        0.951,
        0.4148
      ],
      [
        23.5,
        0.007,
        0.01,
        0.963,
        0.4261
      ],
      [
        23.75,
        0.068,
        0.069,
        0.999,
        0.4189
      ],
      [
        24.0,
        0.071,
        0.077,
        0.999,
        0.4151
      ],
      [
        24.25,
        0.023,
        0.029,
        0.951,
        0.4152
      ],
      [
        24.5,
        0.004,
        0.004,
        0.929,
        0.4156
      ],
      [
        24.75,
        0.044,
        0.045,
        0.999,
        0.4296
      ],
      [
        25.0,
        0.029,
        0.031,
        0.998,
        0.4351
      ],
      [
        25.25,
        0.0,
        0.0,
        0.95,
        0.4273
      ],
      [
        25.5,
        0.007,
        0.01,
        0.964,
        0.4259
      ],
      [
        25.75,
        0.069,
        0.07,
        0.999,
        0.4186
      ],
      [
        26.0,
        0.072,
        0.078,
        0.999,
        0.4145
      ],
      [
        26.25,
        0.024,
        0.03,
        0.951,
        0.4145
      ],
      [
        26.5,
        0.004,
        0.005,
        0.933,
        0.4169
      ],
      [
        26.75,
        0.05,
        0.051,
        0.999,
        0.4271
      ],
      [
        27.0,
        0.033,
        0.035,
        0.998,
        0.4333
      ],
      [
        27.25,
        0.0,
        0.0,
        0.95,
        0.4273
      ],
      [
        27.5,
        0.006,
        0.008,
        0.955,
        0.4233
      ],
      [
        27.75,
        0.062,
        0.063,
        0.999,
        0.4215
      ],
      [
        28.0,
        0.06,
        0.065,
        0.998,
        0.42
      ],
      [
        28.25,
        0.012,
        0.017,
        0.951,
        0.42
      ],
      [
        28.5,
        0.006,
        0.008,
        0.952,
        0.4226
      ],
      [
        28.75,
        0.062,
        0.063,
        0.999,
        0.4217
      ],
      [
        29.0,
        0.059,
        0.064,
        0.998,
        0.4203
      ],
      [
        29.25,
        0.011,
        0.016,
        0.95,
        0.4203
      ],
      [
        29.5,
        0.005,
        0.008,
        0.948,
        0.4211
      ],
      [
        29.75,
        0.059,
        0.06,
        0.999,
        0.4231
      ],
      [
        30.0,
        0.053,
        0.057,
        0.998,
        0.4232
      ],
      [
        30.25,
        0.005,
        0.009,
        0.95,
        0.4232
      ],
      [
        30.5,
        0.002,
        0.002,
        0.914,
        0.4098
      ],
      [
        30.75,
        0.023,
        0.023,
        0.999,
        0.4394
      ],
      [
        31.0,
        0.037,
        0.037,
        0.994,
        0.4306
      ],
      [
        31.25,
        0.037,
        0.037,
        0.946,
        0.409
      ],
      [
        31.5,
        0.043,
        0.045,
        0.952,
        0.4044
      ],
      [
        31.75,
        0.074,
        0.075,
        0.999,
        0.4162
      ],
      [
        32.0,
        0.072,
        0.077,
        0.998,
        0.4145
      ],
      [
        32.25,
        0.024,
        0.029,
        0.95,
        0.4145
      ],
      [
        32.5,
        0.006,
        0.008,
        0.952,
        0.4224
      ],
      [
        32.75,
        0.064,
        0.065,
        0.999,
        0.4207
      ],
      [
        33.0,
        0.063,
        0.068,
        0.998,
        0.4185
      ],
      [
        33.25,
        0.015,
        0.02,
        0.95,
        0.4185
      ],
      [
        33.5,
        0.006,
        0.008,
        0.951,
        0.4218
      ],
      [
        33.75,
        0.063,
        0.065,
        0.999,
        0.421
      ],
      [
        34.0,
        0.062,
        0.067,
        0.998,
        0.4191
      ],
      [
        34.25,
        0.014,
        0.019,
        0.95,
        0.4191
      ],
      [
        34.5,
        0.006,
        0.008,
        0.952,
        0.422
      ],
      [
        34.75,
        0.065,
        0.066,
        0.999,
        0.4205
      ],
      [
        35.0,
        0.064,
        0.069,
        0.998,
        0.418
      ],
      [
        35.25,
        0.016,
        0.021,
        0.95,
        0.418
      ],
      [
        35.5,
        0.004,
        0.006,
        0.936,
        0.4174
      ],
      [
        35.75,
        0.053,
        0.054,
        0.999,
        0.4257
      ],
      [
        36.0,
        0.041,
        0.044,
        0.997,
        0.4288
      ],
      [
        36.25,
        0.0,
        0.0,
        0.949,
        0.4266
      ],
      [
        36.5,
        0.004,
        0.005,
        0.931,
        0.4159
      ],
      [
        36.75,
        0.051,
        0.052,
        0.999,
        0.4267
      ],
      [
        37.0,
        0.035,
        0.038,
        0.997,
        0.4316
      ],
      [
        37.25,
        0.0,
        0.0,
        0.949,
        0.4266
      ],
      [
        37.5,
        0.005,
        0.007,
        0.945,
        0.4196
      ],
      [
        37.75,
        0.059,
        0.061,
        0.999,
        0.4227
      ],
      [
        38.0,
        0.054,
        0.058,
        0.997,
        0.4224
      ],
      [
        38.25,
        0.006,
        0.01,
        0.949,
        0.4223
      ],
      [
        38.5,
        0.004,
        0.005,
        0.933,
        0.4162
      ],
      [
        38.75,
        0.053,
        0.053,
        0.999,
        0.426
      ],
      [
        39.0,
        0.039,
        0.042,
        0.997,
        0.4296
      ],
      [
        39.25,
        0.0,
        0.0,
        0.949,
        0.4264
      ],
      [
        39.5,
        0.005,
        0.007,
        0.944,
        0.4196
      ],
      [
        39.75,
        0.061,
        0.062,
        0.999,
        0.4223
      ],
      [
        40.0,
        0.056,
        0.061,
        0.997,
        0.4213
      ],
      [
        40.25,
        0.008,
        0.013,
        0.949,
        0.4212
      ],
      [
        40.5,
        0.005,
        0.007,
        0.945,
        0.4196
      ],
      [
        40.75,
        0.062,
        0.063,
        0.999,
        0.4216
      ],
      [
        41.0,
        0.058,
        0.063,
        0.997,
        0.4199
      ],
      [
        41.25,
        0.01,
        0.015,
        0.949,
        0.4199
      ],
      [
        41.5,
        0.005,
        0.007,
        0.943,
        0.4192
      ],
      [
        41.75,
        0.062,
        0.063,
        0.999,
        0.4218
      ],
      [
        42.0,
        0.057,
        0.062,
        0.996,
        0.4204
      ],
      [
        42.25,
        0.009,
        0.014,
        0.948,
        0.4204
      ],
      [
        42.5,
        0.005,
        0.007,
        0.941,
        0.4184
      ],
      [
        42.75,
        0.06,
        0.061,
        0.999,
        0.4226
      ],
      [
        43.0,
        0.053,
        0.059,
        0.996,
        0.4219
      ],
      [
        43.25,
        0.005,
        0.011,
        0.948,
        0.4218
      ],
      [
        43.5,
        0.004,
        0.006,
        0.938,
        0.4172
      ],
      [
        43.75,
        0.057,
        0.058,
        0.999,
        0.4239
      ],
      [
        44.0,
        0.047,
        0.053,
        0.996,
        0.4244
      ],
      [
        44.25,
        0.0,
        0.004,
        0.948,
        0.4242
      ],
      [
        44.5,
        0.004,
        0.006,
        0.937,
        0.4168
      ],
      [
        44.75,
        0.057,
        0.058,
        0.999,
        0.424
      ],
      [
        45.0,
        0.047,
        0.052,
        0.996,
        0.4245
      ],
      [
        45.25,
        0.0,
        0.004,
        0.948,
        0.4243
      ],
      [
        45.5,
        0.005,
        0.007,
        0.943,
        0.4185
      ],
      [
        45.75,
        0.064,
        0.065,
        0.999,
        0.4208
      ],
      [
        46.0,
        0.06,
        0.066,
        0.996,
        0.4185
      ],
      [
        46.25,
        0.012,
        0.018,
        0.948,
        0.4185
      ],
      [
        46.5,
        0.005,
        0.007,
        0.942,
        0.4183
      ],
      [
        46.75,
        0.064,
        0.065,
        0.999,
        0.4209
      ],
      [
        47.0,
        0.06,
        0.065,
        0.995,
        0.4186
      ],
      [
        47.25,
        0.012,
        0.017,
        0.947,
        0.4186
      ],
      [
        47.5,
        0.003,
        0.006,
        0.932,
        0.4152
      ],
      [
        47.75,
        0.055,
        0.056,
        0.999,
        0.4249
      ],
      [
        48.0,
        0.043,
        0.047,
        0.995,
        0.4266
      ],
      [
        48.25,
        0.0,
        0.0,
        0.947,
        0.4255
      ],
      [
        48.5,
        0.004,
        0.007,
        0.941,
        0.4178
      ],
      [
        48.75,
        0.064,
        0.065,
        0.999,
        0.4207
      ],
      [
        49.0,
        0.061,
        0.066,
        0.995,
        0.4183
      ],
      [
        49.25,
        0.012,
        0.018,
        0.947,
        0.4183
      ],
      [
        49.5,
        0.004,
        0.006,
        0.934,
        0.4155
      ],
      [
        49.75,
        0.057,
        0.058,
        0.999,
        0.424
      ],
      [
        50.0,
        0.046,
        0.051,
        0.995,
        0.4247
      ],
      [
        50.25,
        0.0,
        0.003,
        0.947,
        0.4243
      ],
      [
        50.5,
        0.003,
        0.004,
        0.919,
        0.4111
      ],
      [
        50.75,
        0.045,
        0.046,
        0.999,
        0.4293
      ],
      [
        51.0,
        0.028,
        0.03,
        0.994,
        0.4338
      ],
      [
        51.25,
        0.0,
        0.0,
        0.946,
        0.4253
      ],
      [
        51.5,
        0.004,
        0.007,
        0.939,
        0.4169
      ],
      [
        51.75,
        0.063,
        0.064,
        0.999,
        0.4212
      ],
      [
        52.0,
        0.058,
        0.064,
        0.994,
        0.419
      ],
      [
        52.25,
        0.01,
        0.016,
        0.946,
        0.419
      ],
      [
        52.5,
        0.004,
        0.006,
        0.934,
        0.4153
      ],
      [
        52.75,
        0.059,
        0.06,
        0.999,
        0.4231
      ],
      [
        53.0,
        0.05,
        0.055,
        0.994,
        0.4227
      ],
      [
        53.25,
        0.002,
        0.007,
        0.946,
        0.4226
      ],
      [
        53.5,
        0.003,
        0.005,
        0.928,
        0.4135
      ],
      [
        53.75,
        0.054,
        0.055,
        0.999,
        0.4252
      ],
      [
        54.0,
        0.04,
        0.045,
        0.994,
        0.4271
      ],
      [
        54.25,
        0.0,
        0.0,
        0.946,
        0.4249
      ],
      [
        54.5,
        0.003,
        0.004,
        0.925,
        0.4123
      ],
      [
        54.75,
        0.052,
        0.052,
        0.999,
        0.4263
      ],
      [
        55.0,
        0.035,
        0.038,
        0.993,
        0.4298
      ],
      [
        55.25,
        0.0,
        0.0,
        0.945,
        0.4249
      ],
      [
        55.5,
        0.002,
        0.003,
        0.916,
        0.41
      ],
      [
        55.75,
        0.043,
        0.044,
        0.999,
        0.43
      ],
      [
        56.0,
        0.027,
        0.029,
        0.993,
        0.4338
      ],
      [
        56.25,
        0.0,
        0.0,
        0.945,
        0.4248
      ],
      [
        56.5,
        0.003,
        0.004,
        0.92,
        0.411
      ],
      [
        56.75,
        0.05,
        0.051,
        0.999,
        0.4271
      ],
      [
        57.0,
        0.03,
        0.033,
        0.993,
        0.432
      ],
      [
        57.25,
        0.0,
        0.0,
        0.945,
        0.4248
      ],
      [
        57.5,
        0.003,
        0.004,
        0.921,
        0.4113
      ],
      [
        57.75,
        0.051,
        0.052,
        0.999,
        0.4266
      ],
      [
        58.0,
        0.032,
        0.036,
        0.993,
        0.4307
      ],
      [
        58.25,
        0.0,
        0.0,
        0.945,
        0.4246
      ],
      [
        58.5,
        0.003,
        0.006,
        0.93,
        0.4139
      ],
      [
        58.75,
        0.059,
        0.06,
        0.999,
        0.423
      ],
      [
        59.0,
        0.049,
        0.054,
        0.993,
        0.4224
      ],
      [
        59.25,
        0.001,
        0.006,
        0.945,
        0.4222
      ],
      [
        59.5,
        0.002,
        0.003,
        0.912,
        0.4084
      ],
      [
        59.75,
        0.039,
        0.04,
        0.999,
        0.4319
      ],
      [
        60.0,
        0.026,
        0.028,
        0.991,
        0.4339
      ],
      [
        60.25,
        0.0,
        0.0,
        0.943,
        0.4244
      ],
      [
        60.5,
        0.002,
        0.003,
        0.911,
        0.4082
      ],
      [
        60.75,
        0.038,
        0.039,
        0.999,
        0.4323
      ],
      [
        61.0,
        0.026,
        0.028,
        0.991,
        0.4338
      ],
      [
        61.25,
        0.0,
        0.0,
        0.943,
        0.4243
      ],
      [
        61.5,
        0.003,
        0.006,
        0.929,
        0.4133
      ],
      [
        61.75,
        0.06,
        0.062,
        0.999,
        0.4224
      ],
      [
        62.0,
        0.051,
        0.056,
        0.992,
        0.4214
      ],
      [
        62.25,
        0.003,
        0.008,
        0.944,
        0.4213
      ],
      [
        62.5,
        0.003,
        0.005,
        0.923,
        0.4116
      ],
      [
        62.75,
        0.055,
        0.056,
        0.999,
        0.4247
      ],
      [
        63.0,
        0.041,
        0.045,
        0.992,
        0.4258
      ],
      [
        63.25,
        0.0,
        0.0,
        0.944,
        0.4239
      ],
      [
        63.5,
        0.002,
        0.004,
        0.921,
        0.4106
      ],
      [
        63.75,
        0.053,
        0.054,
        0.999,
        0.4256
      ],
      [
        64.0,
        0.037,
        0.041,
        0.991,
        0.4276
      ],
      [
        64.25,
        0.0,
        0.0,
        0.943,
        0.4237
      ],
      [
        64.5,
        0.002,
        0.004,
        0.921,
        0.4105
      ],
      [
        64.75,
        0.054,
        0.055,
        0.999,
        0.4252
      ],
      [
        65.0,
        0.038,
        0.042,
        0.991,
        0.4269
      ],
      [
        65.25,
        0.0,
        0.0,
        0.943,
        0.4236
      ],
      [
        65.5,
        0.002,
        0.004,
        0.919,
        0.4099
      ],
      [
        65.75,
        0.053,
        0.054,
        0.999,
        0.4259
      ],
      [
        66.0,
        0.035,
        0.039,
        0.991,
        0.4282
      ],
      [
        66.25,
        0.0,
        0.0,
        0.943,
        0.4236
      ],
      [
        66.5,
        0.002,
        0.003,
        0.914,
        0.4083
      ],
      [
        66.75,
        0.049,
        0.05,
        0.999,
        0.4276
      ],
      [
        67.0,
        0.028,
        0.031,
        0.99,
        0.432
      ],
      [
        67.25,
        0.0,
        0.0,
        0.942,
        0.4237
      ],
      [
        67.5,
        0.001,
        0.002,
        0.903,
        0.4054
      ],
      [
        67.75,
        0.027,
        0.027,
        0.999,
        0.4377
      ],
      [
        68.0,
        0.041,
        0.042,
        0.988,
        0.4259
      ],
      [
        68.25,
        0.041,
        0.042,
        0.94,
        0.4043
      ],
      [
        68.5,
        0.043,
        0.044,
        0.905,
        0.3872
      ],
      [
        68.75,
        0.044,
        0.045,
        0.999,
        0.4298
      ],
      [
        69.0,
        0.015,
        0.017,
        0.989,
        0.4377
      ],
      [
        69.25,
        0.0,
        0.0,
        0.941,
        0.4234
      ],
      [
        69.5,
        0.003,
        0.005,
        0.921,
        0.4103
      ],
      [
        69.75,
        0.057,
        0.058,
        0.999,
        0.4238
      ],
      [
        70.0,
        0.043,
        0.048,
        0.99,
        0.424
      ],
      [
        70.25,
        0.0,
        0.0,
        0.942,
        0.4231
      ],
      [
        70.5,
        0.003,
        0.005,
        0.921,
        0.4103
      ],
      [
        70.75,
        0.058,
        0.059,
        0.999,
        0.4233
      ],
      [
        71.0,
        0.045,
        0.05,
        0.99,
        0.423
      ],
      [
        71.25,
        0.0,
        0.002,
        0.942,
        0.4225
      ],
      [
        71.5,
        0.002,
        0.004,
        0.919,
        0.4099
      ],
      [
        71.75,
        0.058,
        0.059,
        0.999,
        0.4235
      ],
      [
        72.0,
        0.044,
        0.049,
        0.99,
        0.4233
      ],
      [
        72.25,
        0.0,
        0.001,
        0.942,
        0.4227
      ],
      [
        72.5,
        0.002,
        0.004,
        0.916,
        0.4089
      ],
      [
        72.75,
        0.054,
        0.056,
        0.999,
        0.4251
      ],
      [
        73.0,
        0.038,
        0.042,
        0.989,
        0.4263
      ],
      [
        73.25,
        0.0,
        0.0,
        0.941,
        0.4228
      ],
      [
        73.5,
        0.002,
        0.004,
        0.918,
        0.4092
      ],
      [
        73.75,
        0.057,
        0.059,
        0.999,
        0.4237
      ],
      [
        74.0,
        0.043,
        0.048,
        0.989,
        0.4236
      ],
      [
        74.25,
        0.0,
        0.0,
        0.941,
        0.4227
      ],
      [
        74.5,
        0.001,
        0.002,
        0.906,
        0.406
      ],
      [
        74.75,
        0.043,
        0.044,
        0.999,
        0.4302
      ],
      [
        75.0,
        0.024,
        0.026,
        0.988,
        0.433
      ],
      [
        75.25,
        0.0,
        0.0,
        0.94,
        0.4228
      ],
      [
        75.5,
        0.002,
        0.004,
        0.914,
        0.4082
      ],
      [
        75.75,
        0.054,
        0.054,
        0.999,
        0.4255
      ],
      [
        76.0,
        0.035,
        0.039,
        0.989,
        0.4272
      ],
      [
        76.25,
        0.0,
        0.0,
        0.941,
        0.4225
      ],
      [
        76.5,
        0.002,
        0.004,
        0.915,
        0.4084
      ],
      [
        76.75,
        0.056,
        0.058,
        0.999,
        0.4241
      ],
      [
        77.0,
        0.041,
        0.046,
        0.988,
        0.4244
      ],
      [
        77.25,
        0.0,
        0.0,
        0.94,
        0.4224
      ],
      [
        77.5,
        0.002,
        0.004,
        0.914,
        0.4082
      ],
      [
        77.75,
        0.056,
        0.057,
        0.999,
        0.4243
      ],
      [
        78.0,
        0.04,
        0.045,
        0.988,
        0.4247
      ],
      [
        78.25,
        0.0,
        0.0,
        0.94,
        0.4223
      ],
      [
        78.5,
        0.002,
        0.004,
        0.912,
        0.4076
      ],
      [
        78.75,
        0.055,
        0.056,
        0.999,
        0.4249
      ],
      [
        79.0,
        0.037,
        0.041,
        0.988,
        0.426
      ],
      [
        79.25,
        0.0,
        0.0,
        0.94,
        0.4222
      ],
      [
        79.5,
        0.002,
        0.004,
        0.912,
        0.4073
      ],
      [
        79.75,
        0.055,
        0.056,
        0.999,
        0.4249
      ],
      [
        80.0,
        0.036,
        0.041,
        0.988,
        0.4259
      ],
      [
        80.25,
        0.0,
        0.0,
        0.94,
        0.4221
      ],
      [
        80.5,
        0.002,
        0.004,
        0.911,
        0.4069
      ],
      [
        80.75,
        0.055,
        0.056,
        0.999,
        0.4249
      ],
      [
        81.0,
        0.036,
        0.041,
        0.987,
        0.426
      ],
      [
        81.25,
        0.0,
        0.0,
        0.939,
        0.4219
      ],
      [
        81.5,
        0.002,
        0.004,
        0.91,
        0.4069
      ],
      [
        81.75,
        0.055,
        0.056,
        0.999,
        0.4247
      ],
      [
        82.0,
        0.037,
        0.042,
        0.987,
        0.4255
      ],
      [
        82.25,
        0.0,
        0.0,
        0.939,
        0.4219
      ],
      [
        82.5,
        0.001,
        0.003,
        0.91,
        0.4066
      ],
      [
        82.75,
        0.055,
        0.056,
        0.999,
        0.4249
      ],
      [
        83.0,
        0.036,
        0.041,
        0.987,
        0.4257
      ],
      [
        83.25,
        0.0,
        0.0,
        0.939,
        0.4217
      ],
      [
        83.5,
        0.001,
        0.003,
        0.908,
        0.4062
      ],
      [
        83.75,
        0.054,
        0.055,
        0.999,
        0.4251
      ],
      [
        84.0,
        0.035,
        0.039,
        0.987,
        0.4263
      ],
      [
        84.25,
        0.0,
        0.0,
        0.939,
        0.4216
      ],
      [
        84.5,
        0.0,
        0.001,
        0.894,
        0.4014
      ],
      [
        84.75,
        0.017,
        0.017,
        0.956,
        0.4219
      ],
      [
        85.0,
        0.025,
        0.026,
        0.965,
        0.4215
      ],
      [
        85.25,
        0.025,
        0.026,
        0.917,
        0.3998
      ],
      [
        85.5,
        0.026,
        0.027,
        0.876,
        0.3808
      ],
      [
        85.75,
        0.048,
        0.049,
        0.999,
        0.428
      ],
      [
        86.0,
        0.014,
        0.016,
        0.985,
        0.4361
      ],
      [
        86.25,
        0.0,
        0.0,
        0.937,
        0.4214
      ],
      [
        86.5,
        0.0,
        0.0,
        0.891,
        0.4007
      ],
      [
        86.75,
        0.012,
        0.012,
        0.919,
        0.408
      ],
      [
        87.0,
        0.017,
        0.018,
        0.909,
        0.4006
      ],
      [
        87.25,
        0.017,
        0.018,
        0.861,
        0.379
      ],
      [
        87.5,
        0.018,
        0.02,
        0.824,
        0.3612
      ],
      [
        87.75,
        0.051,
        0.052,
        0.999,
        0.4266
      ],
      [
        88.0,
        0.023,
        0.026,
        0.985,
        0.4316
      ],
      [
        88.25,
        0.0,
        0.0,
        0.937,
        0.4213
      ],
      [
        88.5,
        0.001,
        0.003,
        0.904,
        0.4047
      ],
      [
        88.75,
        0.053,
        0.054,
        0.999,
        0.4258
      ],
      [
        89.0,
        0.031,
        0.036,
        0.985,
        0.4274
      ],
      [
        89.25,
        0.0,
        0.0,
        0.937,
        0.421
      ],
      [
        89.5,
        0.001,
        0.003,
        0.902,
        0.4041
      ],
      [
        89.75,
        0.052,
        0.053,
        0.999,
        0.4263
      ],
      [
        90.0,
        0.028,
        0.032,
        0.985,
        0.4286
      ],
      [
        90.25,
        0.0,
        0.0,
        0.937,
        0.4208
      ],
      [
        90.5,
        0.0,
        0.003,
        0.902,
        0.404
      ],
      [
        90.75,
        0.053,
        0.054,
        0.999,
        0.4258
      ],
      [
        91.0,
        0.03,
        0.035,
        0.985,
        0.4273
      ],
      [
        91.25,
        0.0,
        0.0,
        0.937,
        0.4208
      ],
      [
        91.5,
        0.0,
        0.003,
        0.902,
        0.4038
      ],
      [
        91.75,
        0.053,
        0.054,
        0.999,
        0.4259
      ],
      [
        92.0,
        0.03,
        0.035,
        0.985,
        0.4275
      ],
      [
        92.25,
        0.0,
        0.0,
        0.937,
        0.4207
      ],
      [
        92.5,
        0.0,
        0.002,
        0.901,
        0.4036
      ],
      [
        92.75,
        0.053,
        0.054,
        0.999,
        0.4259
      ],
      [
        93.0,
        0.03,
        0.034,
        0.984,
        0.4277
      ],
      [
        93.25,
        0.0,
        0.0,
        0.936,
        0.4206
      ],
      [
        93.5,
        0.0,
        0.002,
        0.901,
        0.4033
      ],
      [
        93.75,
        0.052,
        0.053,
        0.999,
        0.426
      ],
      [
        94.0,
        0.029,
        0.033,
        0.984,
        0.4279
      ],
      [
        94.25,
        0.0,
        0.0,
        0.936,
        0.4205
      ],
      [
        94.5,
        0.0,
        0.002,
        0.9,
        0.4031
      ],
      [
        94.75,
        0.052,
        0.053,
        0.999,
        0.4262
      ],
      [
        95.0,
        0.028,
        0.033,
        0.984,
        0.4281
      ],
      [
        95.25,
        0.0,
        0.0,
        0.936,
        0.4204
      ],
      [
        95.5,
        0.0,
        0.002,
        0.899,
        0.4028
      ],
      [
        95.75,
        0.052,
        0.053,
        0.999,
        0.4263
      ],
      [
        96.0,
        0.027,
        0.032,
        0.984,
        0.4283
      ],
      [
        96.25,
        0.0,
        0.0,
        0.936,
        0.4202
      ],
      [
        96.5,
        0.0,
        0.002,
        0.899,
        0.4025
      ],
      [
        96.75,
        0.052,
        0.053,
        0.999,
        0.4263
      ],
      [
        97.0,
        0.027,
        0.031,
        0.983,
        0.4284
      ],
      [
        97.25,
        0.0,
        0.0,
        0.935,
        0.4201
      ],
      [
        97.5,
        0.0,
        0.002,
        0.898,
        0.4023
      ],
      [
        97.75,
        0.051,
        0.052,
        0.999,
        0.4264
      ],
      [
        98.0,
        0.026,
        0.031,
        0.983,
        0.4286
      ],
      [
        98.25,
        0.0,
        0.0,
        0.935,
        0.42
      ],
      [
        98.5,
        0.0,
        0.002,
        0.897,
        0.4019
      ],
      [
        98.75,
        0.051,
        0.052,
        0.999,
        0.4268
      ],
      [
        99.0,
        0.024,
        0.029,
        0.983,
        0.4293
      ],
      [
        99.25,
        0.0,
        0.0,
        0.935,
        0.4199
      ],
      [
        99.5,
        0.0,
        0.001,
        0.89,
        0.4002
      ],
      [
        99.75,
        0.033,
        0.034,
        0.999,
        0.435
      ],
      [
        100.0,
        0.045,
        0.049,
        0.982,
        0.4204
      ],
      [
        100.25,
        0.045,
        0.049,
        0.934,
        0.3993
      ],
      [
        100.5,
        0.046,
        0.049,
        0.893,
        0.3806
      ],
      [
        100.75,
        0.046,
        0.048,
        0.999,
        0.4284
      ],
      [
        101.0,
        0.017,
        0.02,
        0.982,
        0.4325
      ],
      [
        101.25,
        0.0,
        0.0,
        0.934,
        0.4195
      ],
      [
        101.5,
        0.0,
        0.002,
        0.894,
        0.401
      ],
      [
        101.75,
        0.051,
        0.052,
        0.999,
        0.4268
      ],
      [
        102.0,
        0.024,
        0.028,
        0.982,
        0.4292
      ],
      [
        102.25,
        0.0,
        0.0,
        0.934,
        0.4196
      ],
      [
        102.5,
        0.0,
        0.002,
        0.894,
        0.4009
      ],
      [
        102.75,
        0.051,
        0.052,
        0.999,
        0.4269
      ],
      [
        103.0,
        0.024,
        0.028,
        0.982,
        0.4293
      ],
      [
        103.25,
        0.0,
        0.0,
        0.934,
        0.4195
      ],
      [
        103.5,
        0.0,
        0.002,
        0.893,
        0.4006
      ],
      [
        103.75,
        0.048,
        0.051,
        0.999,
        0.4275
      ],
      [
        104.0,
        0.021,
        0.026,
        0.982,
        0.4301
      ],
      [
        104.25,
        0.0,
        0.0,
        0.934,
        0.4193
      ],
      [
        104.5,
        0.0,
        0.0,
        0.887,
        0.3982
      ],
      [
        104.75,
        0.013,
        0.013,
        0.922,
        0.408
      ],
      [
        105.0,
        0.018,
        0.018,
        0.911,
        0.3999
      ],
      [
        105.25,
        0.018,
        0.018,
        0.863,
        0.3783
      ],
      [
        105.5,
        0.018,
        0.018,
        0.815,
        0.357
      ],
      [
        105.75,
        0.027,
        0.028,
        0.828,
        0.3584
      ],
      [
        106.0,
        0.031,
        0.032,
        0.807,
        0.3467
      ],
      [
        106.25,
        0.031,
        0.032,
        0.759,
        0.325
      ],
      [
        106.5,
        0.031,
        0.032,
        0.713,
        0.3049
      ],
      [
        106.75,
        0.047,
        0.048,
        0.877,
        0.369
      ],
      [
        107.0,
        0.012,
        0.014,
        0.925,
        0.4021
      ],
      [
        107.25,
        0.0,
        0.0,
        0.877,
        0.3865
      ],
      [
        107.5,
        0.0,
        0.001,
        0.831,
        0.3661
      ],
      [
        107.75,
        0.027,
        0.028,
        0.963,
        0.4114
      ],
      [
        108.0,
        0.037,
        0.04,
        0.98,
        0.4136
      ],
      [
        108.25,
        0.037,
        0.04,
        0.932,
        0.392
      ],
      [
        108.5,
        0.038,
        0.041,
        0.89,
        0.3726
      ],
      [
        108.75,
        0.056,
        0.057,
        0.999,
        0.4226
      ],
      [
        109.0,
        0.026,
        0.031,
        0.981,
        0.4261
      ],
      [
        109.25,
        0.0,
        0.0,
        0.933,
        0.4175
      ],
      [
        109.5,
        0.0,
        0.001,
        0.89,
        0.398
      ],
      [
        109.75,
        0.047,
        0.05,
        0.999,
        0.4272
      ],
      [
        110.0,
        0.02,
        0.025,
        0.98,
        0.4293
      ],
      [
        110.25,
        0.0,
        0.0,
        0.932,
        0.418
      ],
      [
        110.5,
        0.0,
        0.001,
        0.888,
        0.3983
      ],
      [
        110.75,
        0.047,
        0.049,
        0.999,
        0.4273
      ],
      [
        111.0,
        0.019,
        0.024,
        0.98,
        0.4293
      ],
      [
        111.25,
        0.0,
        0.0,
        0.932,
        0.4178
      ],
      [
        111.5,
        0.0,
        0.0,
        0.885,
        0.3963
      ],
      [
        111.75,
        0.005,
        0.005,
        0.868,
        0.3867
      ],
      [
        112.0,
        0.007,
        0.007,
        0.833,
        0.3701
      ],
      [
        112.25,
        0.007,
        0.007,
        0.785,
        0.3485
      ],
      [
        112.5,
        0.007,
        0.007,
        0.739,
        0.3277
      ],
      [
        112.75,
        0.032,
        0.033,
        0.859,
        0.3679
      ],
      [
        113.0,
        0.041,
        0.044,
        0.884,
        0.3718
      ],
      [
        113.25,
        0.041,
        0.044,
        0.836,
        0.3502
      ],
      [
        113.5,
        0.041,
        0.044,
        0.789,
        0.3292
      ],
      [
        113.75,
        0.037,
        0.039,
        0.876,
        0.3694
      ],
      [
        114.0,
        0.0,
        0.0,
        0.887,
        0.3894
      ],
      [
        114.25,
        0.0,
        0.0,
        0.839,
        0.368
      ],
      [
        114.5,
        0.0,
        0.001,
        0.792,
        0.3474
      ],
      [
        114.75,
        0.032,
        0.034,
        0.963,
        0.4055
      ],
      [
        115.0,
        0.044,
        0.048,
        0.979,
        0.4078
      ],
      [
        115.25,
        0.044,
        0.048,
        0.931,
        0.3863
      ],
      [
        115.5,
        0.044,
        0.048,
        0.883,
        0.365
      ],
      [
        115.75,
        0.023,
        0.038,
        0.882,
        0.3703
      ],
      [
        116.0,
        0.0,
        0.0,
        0.855,
        0.3703
      ],
      [
        116.25,
        0.0,
        0.0,
        0.807,
        0.3491
      ],
      [
        116.5,
        0.0,
        0.001,
        0.76,
        0.3286
      ],
      [
        116.75,
        0.033,
        0.034,
        0.934,
        0.3888
      ],
      [
        117.0,
        0.042,
        0.048,
        0.978,
        0.4009
      ],
      [
        117.25,
        0.042,
        0.048,
        0.93,
        0.3806
      ],
      [
        117.5,
        0.042,
        0.048,
        0.883,
        0.36
      ],
      [
        117.75,
        0.03,
        0.038,
        0.999,
        0.4156
      ],
      [
        118.0,
        0.0,
        0.001,
        0.978,
        0.4235
      ],
      [
        118.25,
        0.0,
        0.0,
        0.93,
        0.4026
      ],
      [
        118.5,
        0.0,
        0.0,
        0.883,
        0.3819
      ],
      [
        118.75,
        0.023,
        0.024,
        0.991,
        0.419
      ],
      [
        119.0,
        0.031,
        0.034,
        0.977,
        0.4129
      ],
      [
        119.25,
        0.031,
        0.034,
        0.929,
        0.3919
      ],
      [
        119.5,
        0.031,
        0.034,
        0.883,
        0.3715
      ],
      [
        119.75,
        0.053,
        0.054,
        0.999,
        0.4166
      ],
      [
        120.0,
        0.02,
        0.025,
        0.978,
        0.4198
      ],
      [
        120.25,
        0.0,
        0.0,
        0.93,
        0.4083
      ],
      [
        120.5,
        0.0,
        0.0,
        0.883,
        0.3877
      ],
      [
        120.75,
        0.042,
        0.045,
        0.999,
        0.4218
      ],
      [
        121.0,
        0.017,
        0.022,
        0.978,
        0.4229
      ],
      [
        121.25,
        0.0,
        0.0,
        0.93,
        0.4102
      ],
      [
        121.5,
        0.0,
        0.0,
        0.882,
        0.389
      ],
      [
        121.75,
        0.013,
        0.014,
        0.923,
        0.4006
      ],
      [
        122.0,
        0.018,
        0.019,
        0.911,
        0.3924
      ],
      [
        122.25,
        0.018,
        0.019,
        0.863,
        0.3711
      ],
      [
        122.5,
        0.018,
        0.019,
        0.815,
        0.3498
      ],
      [
        122.75,
        0.032,
        0.033,
        0.859,
        0.3626
      ],
      [
        123.0,
        0.037,
        0.039,
        0.848,
        0.3547
      ],
      [
        123.25,
        0.037,
        0.039,
        0.8,
        0.3334
      ],
      [
        123.5,
        0.037,
        0.039,
        0.752,
        0.3121
      ],
      [
        123.75,
        0.04,
        0.042,
        0.723,
        0.2978
      ],
      [
        124.0,
        0.041,
        0.043,
        0.683,
        0.2792
      ],
      [
        124.25,
        0.041,
        0.043,
        0.635,
        0.2578
      ],
      [
        124.5,
        0.041,
        0.043,
        0.587,
        0.2369
      ],
      [
        124.75,
        0.049,
        0.05,
        0.806,
        0.3257
      ],
      [
        125.0,
        0.014,
        0.019,
        0.869,
        0.3635
      ],
      [
        125.25,
        0.0,
        0.0,
        0.821,
        0.3498
      ],
      [
        125.5,
        0.0,
        0.0,
        0.774,
        0.329
      ],
      [
        125.75,
        0.039,
        0.043,
        0.999,
        0.4046
      ],
      [
        126.0,
        0.017,
        0.022,
        0.977,
        0.4128
      ],
      [
        126.25,
        0.0,
        0.0,
        0.929,
        0.3999
      ],
      [
        126.5,
        0.0,
        0.0,
        0.881,
        0.3787
      ],
      [
        126.75,
        0.005,
        0.005,
        0.867,
        0.3701
      ],
      [
        127.0,
        0.007,
        0.007,
        0.833,
        0.3545
      ],
      [
        127.25,
        0.007,
        0.007,
        0.785,
        0.3336
      ],
      [
        127.5,
        0.007,
        0.007,
        0.737,
        0.3126
      ],
      [
        127.75,
        0.01,
        0.011,
        0.713,
        0.3007
      ],
      [
        128.0,
        0.012,
        0.012,
        0.675,
        0.2835
      ],
      [
        128.25,
        0.012,
        0.012,
        0.627,
        0.2627
      ],
      [
        128.5,
        0.012,
        0.012,
        0.579,
        0.2419
      ],
      [
        128.75,
        0.019,
        0.021,
        0.585,
        0.2407
      ],
      [
        129.0,
        0.022,
        0.024,
        0.56,
        0.2277
      ],
      [
        129.25,
        0.022,
        0.024,
        0.512,
        0.207
      ],
      [
        129.5,
        0.022,
        0.024,
        0.464,
        0.1863
      ],
      [
        129.75,
        0.035,
        0.037,
        0.502,
        0.1965
      ],
      [
        130.0,
        0.038,
        0.043,
        0.489,
        0.1882
      ],
      [
        130.25,
        0.038,
        0.043,
        0.441,
        0.1677
      ],
      [
        130.5,
        0.038,
        0.043,
        0.393,
        0.147
      ],
      [
        130.75,
        0.043,
        0.045,
        0.548,
        0.2093
      ],
      [
        131.0,
        0.006,
        0.008,
        0.583,
        0.2372
      ],
      [
        131.25,
        0.0,
        0.0,
        0.535,
        0.2202
      ],
      [
        131.5,
        0.0,
        0.0,
        0.487,
        0.1996
      ],
      [
        131.75,
        0.002,
        0.002,
        0.451,
        0.1832
      ],
      [
        132.0,
        0.002,
        0.003,
        0.408,
        0.1642
      ],
      [
        132.25,
        0.002,
        0.003,
        0.36,
        0.1435
      ],
      [
        132.5,
        0.003,
        0.003,
        0.312,
        0.1231
      ],
      [
        132.75,
        0.016,
        0.017,
        0.358,
        0.136
      ],
      [
        133.0,
        0.021,
        0.022,
        0.346,
        0.1287
      ],
      [
        133.25,
        0.021,
        0.022,
        0.298,
        0.109
      ],
      [
        133.5,
        0.021,
        0.022,
        0.25,
        0.0892
      ],
      [
        133.75,
        0.023,
        0.025,
        0.221,
        0.076
      ],
      [
        134.0,
        0.024,
        0.026,
        0.18,
        0.0591
      ],
      [
        134.25,
        0.023,
        0.026,
        0.132,
        0.0403
      ],
      [
        134.5,
        0.023,
        0.026,
        0.084,
        0.0226
      ],
      [
        134.75,
        0.043,
        0.045,
        0.16,
        0.0435
      ],
      [
        135.0,
        0.015,
        0.022,
        0.16,
        0.0522
      ],
      [
        135.25,
        0.0,
        0.0,
        0.112,
        0.0411
      ],
      [
        135.5,
        0.0,
        0.0,
        0.064,
        0.0273
      ],
      [
        135.75,
        0.003,
        0.003,
        0.046,
        0.0169
      ],
      [
        136.0,
        0.0,
        0.004,
        0.025,
        0.0118
      ],
      [
        136.25,
        0.0,
        0.004,
        0.025,
        0.012
      ],
      [
        136.5,
        0.0,
        0.004,
        0.025,
        0.012
      ],
      [
        136.75,
        0.004,
        0.008,
        0.047,
        0.0151
      ],
      [
        137.0,
        0.005,
        0.01,
        0.036,
        0.0118
      ],
      [
        137.25,
        0.0,
        0.009,
        0.036,
        0.0126
      ],
      [
        137.5,
        0.0,
        0.009,
        0.036,
        0.0126
      ],
      [
        137.75,
        0.03,
        0.036,
        0.171,
        0.0545
      ],
      [
        138.0,
        0.036,
        0.046,
        0.19,
        0.0579
      ],
      [
        138.25,
        0.036,
        0.046,
        0.142,
        0.0387
      ],
      [
        138.5,
        0.028,
        0.046,
        0.094,
        0.022
      ],
      [
        138.75,
        0.015,
        0.047,
        0.059,
        0.0147
      ],
      [
        139.0,
        0.002,
        0.04,
        0.049,
        0.0178
      ],
      [
        139.25,
        0.0,
        0.04,
        0.049,
        0.0215
      ],
      [
        139.5,
        0.0,
        0.04,
        0.049,
        0.0215
      ],
      [
        139.75,
        0.012,
        0.031,
        0.049,
        0.0157
      ],
      [
        140.0,
        0.0,
        0.02,
        0.049,
        0.0179
      ],
      [
        140.25,
        0.0,
        0.02,
        0.049,
        0.0185
      ],
      [
        140.5,
        0.0,
        0.02,
        0.049,
        0.0185
      ],
      [
        140.75,
        0.011,
        0.026,
        0.074,
        0.0255
      ],
      [
        141.0,
        0.0,
        0.016,
        0.054,
        0.0201
      ],
      [
        141.25,
        0.0,
        0.006,
        0.019,
        0.0104
      ],
      [
        141.5,
        0.0,
        0.0,
        0.019,
        0.0111
      ],
      [
        141.75,
        0.034,
        0.05,
        0.21,
        0.0694
      ],
      [
        142.0,
        0.016,
        0.042,
        0.256,
        0.0934
      ],
      [
        142.25,
        0.0,
        0.042,
        0.208,
        0.0785
      ],
      [
        142.5,
        0.0,
        0.042,
        0.16,
        0.0588
      ],
      [
        142.75,
        0.035,
        0.046,
        0.346,
        0.1242
      ],
      [
        143.0,
        0.008,
        0.025,
        0.394,
        0.1482
      ],
      [
        143.25,
        0.0,
        0.0,
        0.346,
        0.1336
      ],
      [
        143.5,
        0.0,
        0.0,
        0.298,
        0.1134
      ],
      [
        143.75,
        0.004,
        0.005,
        0.279,
        0.1046
      ],
      [
        144.0,
        0.0,
        0.006,
        0.242,
        0.0903
      ],
      [
        144.25,
        0.0,
        0.006,
        0.194,
        0.0708
      ],
      [
        144.5,
        0.0,
        0.006,
        0.146,
        0.0519
      ],
      [
        144.75,
        0.022,
        0.029,
        0.245,
        0.082
      ],
      [
        145.0,
        0.03,
        0.037,
        0.255,
        0.0834
      ],
      [
        145.25,
        0.03,
        0.037,
        0.207,
        0.0654
      ],
      [
        145.5,
        0.02,
        0.036,
        0.158,
        0.0481
      ],
      [
        145.75,
        0.044,
        0.047,
        0.26,
        0.0804
      ],
      [
        146.0,
        0.005,
        0.008,
        0.271,
        0.0985
      ],
      [
        146.25,
        0.0,
        0.0,
        0.223,
        0.082
      ],
      [
        146.5,
        0.0,
        0.0,
        0.175,
        0.0638
      ],
      [
        146.75,
        0.002,
        0.002,
        0.142,
        0.0506
      ],
      [
        147.0,
        0.003,
        0.003,
        0.1,
        0.0357
      ],
      [
        147.25,
        0.003,
        0.003,
        0.052,
        0.0206
      ],
      [
        147.5,
        0.002,
        0.003,
        0.02,
        0.0086
      ],
      [
        147.75,
        0.028,
        0.03,
        0.15,
        0.0513
      ],
      [
        148.0,
        0.034,
        0.041,
        0.167,
        0.055
      ],
      [
        148.25,
        0.034,
        0.041,
        0.119,
        0.0358
      ],
      [
        148.5,
        0.033,
        0.041,
        0.071,
        0.0177
      ],
      [
        148.75,
        0.041,
        0.045,
        0.168,
        0.0512
      ],
      [
        149.0,
        0.003,
        0.004,
        0.176,
        0.0689
      ],
      [
        149.25,
        0.0,
        0.0,
        0.128,
        0.0505
      ],
      [
        149.5,
        0.0,
        0.0,
        0.08,
        0.031
      ],
      [
        149.75,
        0.025,
        0.029,
        0.22,
        0.0763
      ],
      [
        150.0,
        0.033,
        0.04,
        0.247,
        0.082
      ],
      [
        150.25,
        0.033,
        0.04,
        0.199,
        0.0626
      ],
      [
        150.5,
        0.032,
        0.04,
        0.151,
        0.0443
      ],
      [
        150.75,
        0.038,
        0.047,
        0.152,
        0.042
      ],
      [
        151.0,
        0.01,
        0.043,
        0.125,
        0.0388
      ],
      [
        151.25,
        0.0,
        0.04,
        0.077,
        0.0295
      ],
      [
        151.5,
        0.0,
        0.029,
        0.049,
        0.022
      ],
      [
        151.75,
        0.003,
        0.022,
        0.047,
        0.0172
      ],
      [
        152.0,
        0.0,
        0.005,
        0.046,
        0.0173
      ],
      [
        152.25,
        0.0,
        0.005,
        0.046,
        0.0176
      ],
      [
        152.5,
        0.0,
        0.005,
        0.046,
        0.0176
      ],
      [
        152.75,
        0.001,
        0.006,
        0.047,
        0.0173
      ],
      [
        153.0,
        0.002,
        0.007,
        0.046,
        0.0172
      ],
      [
        153.25,
        0.002,
        0.007,
        0.046,
        0.0172
      ],
      [
        153.5,
        0.002,
        0.007,
        0.046,
        0.0172
      ],
      [
        153.75,
        0.019,
        0.025,
        0.116,
        0.0381
      ],
      [
        154.0,
        0.0,
        0.031,
        0.105,
        0.0372
      ],
      [
        154.25,
        0.0,
        0.031,
        0.057,
        0.0192
      ],
      [
        154.5,
        0.0,
        0.025,
        0.032,
        0.0129
      ],
      [
        154.75,
        0.001,
        0.026,
        0.034,
        0.0129
      ],
      [
        155.0,
        0.002,
        0.027,
        0.034,
        0.0122
      ],
      [
        155.25,
        0.002,
        0.027,
        0.034,
        0.0122
      ],
      [
        155.5,
        0.002,
        0.027,
        0.034,
        0.0122
      ],
      [
        155.75,
        0.009,
        0.04,
        0.053,
        0.014
      ],
      [
        156.0,
        0.01,
        0.036,
        0.044,
        0.0132
      ],
      [
        156.25,
        0.0,
        0.036,
        0.044,
        0.0185
      ],
      [
        156.5,
        0.0,
        0.036,
        0.044,
        0.0185
      ],
      [
        156.75,
        0.013,
        0.039,
        0.047,
        0.0139
      ],
      [
        157.0,
        0.014,
        0.04,
        0.048,
        0.013
      ],
      [
        157.25,
        0.014,
        0.04,
        0.048,
        0.0131
      ],
      [
        157.5,
        0.014,
        0.04,
        0.048,
        0.0131
      ],
      [
        157.75,
        0.041,
        0.047,
        0.203,
        0.0661
      ],
      [
        158.0,
        0.008,
        0.011,
        0.237,
        0.0911
      ],
      [
        158.25,
        0.0,
        0.0,
        0.189,
        0.0747
      ],
      [
        158.5,
        0.0,
        0.0,
        0.141,
        0.0546
      ],
      [
        158.75,
        0.025,
        0.028,
        0.274,
        0.0975
      ],
      [
        159.0,
        0.025,
        0.038,
        0.298,
        0.1039
      ],
      [
        159.25,
        0.025,
        0.038,
        0.25,
        0.0842
      ],
      [
        159.5,
        0.019,
        0.038,
        0.202,
        0.065
      ],
      [
        159.75,
        0.047,
        0.048,
        0.355,
        0.12
      ],
      [
        160.0,
        0.009,
        0.013,
        0.388,
        0.1448
      ],
      [
        160.25,
        0.0,
        0.0,
        0.34,
        0.129
      ],
      [
        160.5,
        0.0,
        0.0,
        0.292,
        0.1093
      ],
      [
        160.75,
        0.007,
        0.007,
        0.291,
        0.1057
      ],
      [
        161.0,
        0.009,
        0.01,
        0.263,
        0.0929
      ],
      [
        161.25,
        0.009,
        0.01,
        0.215,
        0.0743
      ],
      [
        161.5,
        0.008,
        0.01,
        0.167,
        0.0564
      ],
      [
        161.75,
        0.036,
        0.041,
        0.322,
        0.1046
      ],
      [
        162.0,
        0.017,
        0.023,
        0.356,
        0.1231
      ],
      [
        162.25,
        0.0,
        0.012,
        0.308,
        0.1094
      ],
      [
        162.5,
        0.0,
        0.012,
        0.26,
        0.091
      ],
      [
        162.75,
        0.002,
        0.011,
        0.228,
        0.0786
      ],
      [
        163.0,
        0.0,
        0.003,
        0.186,
        0.0649
      ],
      [
        163.25,
        0.0,
        0.003,
        0.138,
        0.0488
      ],
      [
        163.5,
        0.0,
        0.003,
        0.09,
        0.0342
      ],
      [
        163.75,
        0.005,
        0.006,
        0.06,
        0.0236
      ],
      [
        164.0,
        0.004,
        0.007,
        0.034,
        0.013
      ],
      [
        164.25,
        0.0,
        0.007,
        0.025,
        0.0103
      ],
      [
        164.5,
        0.0,
        0.007,
        0.025,
        0.0104
      ],
      [
        164.75,
        0.006,
        0.01,
        0.04,
        0.0122
      ],
      [
        165.0,
        0.003,
        0.011,
        0.045,
        0.0139
      ],
      [
        165.25,
        0.003,
        0.011,
        0.045,
        0.0139
      ],
      [
        165.5,
        0.003,
        0.011,
        0.045,
        0.0139
      ],
      [
        165.75,
        0.024,
        0.032,
        0.136,
        0.0467
      ],
      [
        166.0,
        0.029,
        0.041,
        0.145,
        0.0458
      ],
      [
        166.25,
        0.028,
        0.041,
        0.097,
        0.0266
      ],
      [
        166.5,
        0.027,
        0.04,
        0.049,
        0.0113
      ],
      [
        166.75,
        0.013,
        0.037,
        0.045,
        0.0129
      ],
      [
        167.0,
        0.0,
        0.038,
        0.046,
        0.0179
      ],
      [
        167.25,
        0.0,
        0.038,
        0.046,
        0.0179
      ],
      [
        167.5,
        0.0,
        0.038,
        0.046,
        0.0179
      ],
      [
        167.75,
        0.037,
        0.045,
        0.098,
        0.0241
      ],
      [
        168.0,
        0.0,
        0.004,
        0.096,
        0.0381
      ],
      [
        168.25,
        0.0,
        0.0,
        0.049,
        0.0202
      ],
      [
        168.5,
        0.0,
        0.0,
        0.002,
        0.0105
      ],
      [
        168.75,
        0.026,
        0.03,
        0.169,
        0.0578
      ],
      [
        169.0,
        0.031,
        0.042,
        0.201,
        0.0662
      ],
      [
        169.25,
        0.031,
        0.042,
        0.153,
        0.0467
      ],
      [
        169.5,
        0.027,
        0.042,
        0.105,
        0.0284
      ],
      [
        169.75,
        0.041,
        0.045,
        0.194,
        0.0588
      ],
      [
        170.0,
        0.003,
        0.004,
        0.202,
        0.0754
      ],
      [
        170.25,
        0.0,
        0.0,
        0.154,
        0.0574
      ],
      [
        170.5,
        0.0,
        0.0,
        0.106,
        0.0387
      ],
      [
        170.75,
        0.026,
        0.03,
        0.252,
        0.0849
      ],
      [
        171.0,
        0.032,
        0.042,
        0.287,
        0.0946
      ],
      [
        171.25,
        0.032,
        0.042,
        0.239,
        0.0757
      ],
      [
        171.5,
        0.031,
        0.042,
        0.191,
        0.0576
      ],
      [
        171.75,
        0.013,
        0.043,
        0.149,
        0.0427
      ],
      [
        172.0,
        0.005,
        0.042,
        0.103,
        0.029
      ],
      [
        172.25,
        0.001,
        0.041,
        0.055,
        0.0189
      ],
      [
        172.5,
        0.0,
        0.039,
        0.045,
        0.017
      ],
      [
        172.75,
        0.019,
        0.045,
        0.049,
        0.0119
      ],
      [
        173.0,
        0.0,
        0.01,
        0.047,
        0.0177
      ],
      [
        173.25,
        0.0,
        0.0,
        0.047,
        0.0195
      ],
      [
        173.5,
        0.0,
        0.0,
        0.047,
        0.0195
      ],
      [
        173.75,
        0.019,
        0.031,
        0.11,
        0.0357
      ],
      [
        174.0,
        0.0,
        0.028,
        0.115,
        0.0398
      ],
      [
        174.25,
        0.0,
        0.028,
        0.067,
        0.0217
      ],
      [
        174.5,
        0.0,
        0.024,
        0.029,
        0.0134
      ],
      [
        174.75,
        0.023,
        0.049,
        0.143,
        0.0437
      ],
      [
        175.0,
        0.011,
        0.015,
        0.164,
        0.0598
      ],
      [
        175.25,
        0.0,
        0.015,
        0.116,
        0.0439
      ],
      [
        175.5,
        0.0,
        0.0,
        0.068,
        0.0258
      ],
      [
        175.75,
        0.004,
        0.014,
        0.05,
        0.0182
      ],
      [
        176.0,
        0.0,
        0.007,
        0.037,
        0.0131
      ],
      [
        176.25,
        0.0,
        0.007,
        0.037,
        0.0136
      ],
      [
        176.5,
        0.0,
        0.007,
        0.037,
        0.0136
      ],
      [
        176.75,
        0.009,
        0.015,
        0.039,
        0.0123
      ],
      [
        177.0,
        0.01,
        0.021,
        0.041,
        0.0124
      ],
      [
        177.25,
        0.01,
        0.021,
        0.041,
        0.0124
      ],
      [
        177.5,
        0.01,
        0.021,
        0.041,
        0.0124
      ],
      [
        177.75,
        0.011,
        0.029,
        0.042,
        0.0132
      ],
      [
        178.0,
        0.012,
        0.02,
        0.043,
        0.0144
      ],
      [
        178.25,
        0.012,
        0.02,
        0.043,
        0.0144
      ],
      [
        178.5,
        0.012,
        0.02,
        0.043,
        0.0144
      ],
      [
        178.75,
        0.04,
        0.044,
        0.196,
        0.0632
      ],
      [
        179.0,
        0.006,
        0.019,
        0.231,
        0.0862
      ],
      [
        179.25,
        0.0,
        0.0,
        0.183,
        0.072
      ],
      [
        179.5,
        0.0,
        0.0,
        0.135,
        0.0523
      ],
      [
        179.75,
        0.024,
        0.027,
        0.262,
        0.0927
      ],
      [
        180.0,
        0.031,
        0.039,
        0.292,
        0.1009
      ],
      [
        180.25,
        0.03,
        0.039,
        0.244,
        0.0815
      ],
      [
        180.5,
        0.029,
        0.039,
        0.196,
        0.0625
      ],
      [
        180.75,
        0.047,
        0.048,
        0.34,
        0.1133
      ],
      [
        181.0,
        0.01,
        0.014,
        0.376,
        0.1401
      ],
      [
        181.25,
        0.0,
        0.0,
        0.328,
        0.1248
      ],
      [
        181.5,
        0.0,
        0.0,
        0.28,
        0.1054
      ],
      [
        181.75,
        0.001,
        0.001,
        0.239,
        0.0884
      ],
      [
        182.0,
        0.001,
        0.001,
        0.193,
        0.0705
      ],
      [
        182.25,
        0.001,
        0.001,
        0.145,
        0.0527
      ],
      [
        182.5,
        0.001,
        0.001,
        0.097,
        0.0362
      ],
      [
        182.75,
        0.005,
        0.005,
        0.072,
        0.0266
      ],
      [
        183.0,
        0.006,
        0.006,
        0.046,
        0.0162
      ],
      [
        183.25,
        0.0,
        0.006,
        0.029,
        0.0111
      ],
      [
        183.5,
        0.0,
        0.006,
        0.029,
        0.0113
      ],
      [
        183.75,
        0.032,
        0.036,
        0.169,
        0.0581
      ],
      [
        184.0,
        0.019,
        0.047,
        0.207,
        0.0713
      ],
      [
        184.25,
        0.0,
        0.047,
        0.159,
        0.0546
      ],
      [
        184.5,
        0.0,
        0.047,
        0.111,
        0.0362
      ],
      [
        184.75,
        0.004,
        0.042,
        0.09,
        0.0285
      ],
      [
        185.0,
        0.0,
        0.006,
        0.055,
        0.0221
      ],
      [
        185.25,
        0.0,
        0.004,
        0.046,
        0.0164
      ],
      [
        185.5,
        0.0,
        0.0,
        0.046,
        0.0167
      ],
      [
        185.75,
        0.027,
        0.035,
        0.161,
        0.0534
      ],
      [
        186.0,
        0.006,
        0.041,
        0.197,
        0.0673
      ],
      [
        186.25,
        0.0,
        0.041,
        0.149,
        0.0488
      ],
      [
        186.5,
        0.0,
        0.041,
        0.101,
        0.031
      ],
      [
        186.75,
        0.018,
        0.044,
        0.176,
        0.055
      ],
      [
        187.0,
        0.0,
        0.013,
        0.185,
        0.0679
      ],
      [
        187.25,
        0.0,
        0.0,
        0.137,
        0.05
      ],
      [
        187.5,
        0.0,
        0.0,
        0.089,
        0.0319
      ],
      [
        187.75,
        0.025,
        0.027,
        0.212,
        0.0694
      ],
      [
        188.0,
        0.011,
        0.038,
        0.245,
        0.0814
      ],
      [
        188.25,
        0.0,
        0.038,
        0.197,
        0.064
      ],
      [
        188.5,
        0.0,
        0.038,
        0.149,
        0.0467
      ],
      [
        188.75,
        0.02,
        0.046,
        0.236,
        0.0733
      ],
      [
        189.0,
        0.007,
        0.016,
        0.251,
        0.0889
      ],
      [
        189.25,
        0.0,
        0.0,
        0.203,
        0.0727
      ],
      [
        189.5,
        0.0,
        0.0,
        0.155,
        0.0552
      ],
      [
        189.75,
        0.007,
        0.008,
        0.156,
        0.0523
      ],
      [
        190.0,
        0.01,
        0.011,
        0.131,
        0.0433
      ],
      [
        190.25,
        0.006,
        0.011,
        0.083,
        0.0285
      ],
      [
        190.5,
        0.0,
        0.011,
        0.044,
        0.0163
      ],
      [
        190.75,
        0.012,
        0.013,
        0.038,
        0.0109
      ],
      [
        191.0,
        0.002,
        0.014,
        0.038,
        0.0117
      ],
      [
        191.25,
        0.001,
        0.014,
        0.038,
        0.0117
      ],
      [
        191.5,
        0.001,
        0.014,
        0.038,
        0.0117
      ],
      [
        191.75,
        0.026,
        0.028,
        0.082,
        0.0227
      ],
      [
        192.0,
        0.006,
        0.034,
        0.07,
        0.0217
      ],
      [
        192.25,
        0.0,
        0.029,
        0.035,
        0.0132
      ],
      [
        192.5,
        0.0,
        0.029,
        0.035,
        0.0166
      ],
      [
        192.75,
        0.025,
        0.048,
        0.149,
        0.0451
      ],
      [
        193.0,
        0.011,
        0.014,
        0.183,
        0.0665
      ],
      [
        193.25,
        0.0,
        0.0,
        0.135,
        0.0509
      ],
      [
        193.5,
        0.0,
        0.0,
        0.087,
        0.0321
      ],
      [
        193.75,
        0.022,
        0.024,
        0.192,
        0.0643
      ],
      [
        194.0,
        0.008,
        0.035,
        0.22,
        0.0752
      ],
      [
        194.25,
        0.0,
        0.035,
        0.172,
        0.0572
      ],
      [
        194.5,
        0.0,
        0.035,
        0.124,
        0.0393
      ],
      [
        194.75,
        0.006,
        0.04,
        0.113,
        0.0333
      ],
      [
        195.0,
        0.007,
        0.042,
        0.084,
        0.0245
      ],
      [
        195.25,
        0.002,
        0.041,
        0.045,
        0.0177
      ],
      [
        195.5,
        0.0,
        0.036,
        0.044,
        0.0194
      ],
      [
        195.75,
        0.012,
        0.041,
        0.049,
        0.0141
      ],
      [
        196.0,
        0.011,
        0.038,
        0.048,
        0.0163
      ],
      [
        196.25,
        0.0,
        0.038,
        0.048,
        0.0201
      ],
      [
        196.5,
        0.0,
        0.038,
        0.048,
        0.0201
      ],
      [
        196.75,
        0.031,
        0.044,
        0.209,
        0.071
      ],
      [
        197.0,
        0.009,
        0.046,
        0.262,
        0.0964
      ],
      [
        197.25,
        0.0,
        0.046,
        0.214,
        0.0803
      ],
      [
        197.5,
        0.0,
        0.046,
        0.166,
        0.0609
      ],
      [
        197.75,
        0.014,
        0.034,
        0.217,
        0.077
      ],
      [
        198.0,
        0.0,
        0.022,
        0.219,
        0.0812
      ],
      [
        198.25,
        0.0,
        0.021,
        0.171,
        0.0618
      ],
      [
        198.5,
        0.0,
        0.021,
        0.123,
        0.0424
      ],
      [
        198.75,
        0.003,
        0.024,
        0.092,
        0.0296
      ],
      [
        199.0,
        0.004,
        0.024,
        0.052,
        0.0167
      ],
      [
        199.25,
        0.0,
        0.011,
        0.026,
        0.0109
      ],
      [
        199.5,
        0.0,
        0.004,
        0.026,
        0.0116
      ],
      [
        199.75,
        0.017,
        0.038,
        0.072,
        0.0201
      ],
      [
        200.0,
        0.023,
        0.043,
        0.066,
        0.0155
      ],
      [
        200.25,
        0.01,
        0.024,
        0.045,
        0.014
      ],
      [
        200.5,
        0.0,
        0.024,
        0.045,
        0.0179
      ],
      [
        200.75,
        0.017,
        0.026,
        0.047,
        0.0125
      ],
      [
        201.0,
        0.023,
        0.028,
        0.049,
        0.0122
      ],
      [
        201.25,
        0.023,
        0.028,
        0.049,
        0.0122
      ],
      [
        201.5,
        0.023,
        0.028,
        0.049,
        0.0122
      ],
      [
        201.75,
        0.031,
        0.044,
        0.109,
        0.0305
      ],
      [
        202.0,
        0.0,
        0.019,
        0.116,
        0.0448
      ],
      [
        202.25,
        0.0,
        0.0,
        0.068,
        0.0277
      ],
      [
        202.5,
        0.0,
        0.0,
        0.023,
        0.012
      ],
      [
        202.75,
        0.003,
        0.004,
        0.026,
        0.0117
      ],
      [
        203.0,
        0.005,
        0.006,
        0.035,
        0.0127
      ],
      [
        203.25,
        0.005,
        0.006,
        0.035,
        0.0127
      ],
      [
        203.5,
        0.005,
        0.006,
        0.035,
        0.0127
      ],
      [
        203.75,
        0.032,
        0.035,
        0.181,
        0.0634
      ],
      [
        204.0,
        0.024,
        0.046,
        0.232,
        0.0826
      ],
      [
        204.25,
        0.0,
        0.046,
        0.184,
        0.0684
      ],
      [
        204.5,
        0.0,
        0.046,
        0.136,
        0.0491
      ],
      [
        204.75,
        0.032,
        0.046,
        0.301,
        0.1066
      ],
      [
        205.0,
        0.011,
        0.027,
        0.366,
        0.1374
      ],
      [
        205.25,
        0.0,
        0.0,
        0.318,
        0.1223
      ],
      [
        205.5,
        0.0,
        0.0,
        0.27,
        0.1022
      ],
      [
        205.75,
        0.007,
        0.008,
        0.275,
        0.1018
      ],
      [
        206.0,
        0.0,
        0.012,
        0.254,
        0.0938
      ],
      [
        206.25,
        0.0,
        0.012,
        0.206,
        0.0741
      ],
      [
        206.5,
        0.0,
        0.012,
        0.158,
        0.0548
      ],
      [
        206.75,
        0.005,
        0.017,
        0.142,
        0.0464
      ],
      [
        207.0,
        0.007,
        0.019,
        0.11,
        0.0344
      ],
      [
        207.25,
        0.007,
        0.018,
        0.062,
        0.0186
      ],
      [
        207.5,
        0.0,
        0.018,
        0.02,
        0.0091
      ],
      [
        207.75,
        0.04,
        0.051,
        0.191,
        0.0605
      ],
      [
        208.0,
        0.015,
        0.022,
        0.256,
        0.097
      ],
      [
        208.25,
        0.0,
        0.0,
        0.208,
        0.0843
      ],
      [
        208.5,
        0.0,
        0.0,
        0.16,
        0.0638
      ],
      [
        208.75,
        0.003,
        0.004,
        0.135,
        0.0517
      ],
      [
        209.0,
        0.005,
        0.006,
        0.1,
        0.0363
      ],
      [
        209.25,
        0.005,
        0.005,
        0.052,
        0.0189
      ],
      [
        209.5,
        0.0,
        0.005,
        0.012,
        0.0095
      ],
      [
        209.75,
        0.008,
        0.008,
        0.017,
        0.0081
      ],
      [
        210.0,
        0.009,
        0.01,
        0.026,
        0.0097
      ],
      [
        210.25,
        0.009,
        0.01,
        0.026,
        0.0098
      ],
      [
        210.5,
        0.009,
        0.01,
        0.026,
        0.0098
      ],
      [
        210.75,
        0.016,
        0.018,
        0.061,
        0.0192
      ],
      [
        211.0,
        0.019,
        0.022,
        0.043,
        0.0101
      ],
      [
        211.25,
        0.0,
        0.021,
        0.023,
        0.0108
      ],
      [
        211.5,
        0.0,
        0.021,
        0.023,
        0.0108
      ],
      [
        211.75,
        0.043,
        0.047,
        0.145,
        0.0417
      ],
      [
        212.0,
        0.015,
        0.018,
        0.187,
        0.0689
      ],
      [
        212.25,
        0.0,
        0.0,
        0.139,
        0.0556
      ],
      [
        212.5,
        0.0,
        0.0,
        0.091,
        0.0357
      ],
      [
        212.75,
        0.025,
        0.026,
        0.215,
        0.0754
      ],
      [
        213.0,
        0.034,
        0.041,
        0.261,
        0.0899
      ],
      [
        213.25,
        0.022,
        0.04,
        0.213,
        0.0707
      ],
      [
        213.5,
        0.022,
        0.04,
        0.165,
        0.0514
      ],
      [
        213.75,
        0.049,
        0.051,
        0.345,
        0.1179
      ],
      [
        214.0,
        0.018,
        0.022,
        0.424,
        0.1589
      ],
      [
        214.25,
        0.0,
        0.0,
        0.376,
        0.1465
      ],
      [
        214.5,
        0.0,
        0.0,
        0.328,
        0.1264
      ],
      [
        214.75,
        0.034,
        0.035,
        0.509,
        0.1876
      ],
      [
        215.0,
        0.022,
        0.026,
        0.59,
        0.2228
      ],
      [
        215.25,
        0.0,
        0.0,
        0.542,
        0.211
      ],
      [
        215.5,
        0.0,
        0.0,
        0.494,
        0.1909
      ],
      [
        215.75,
        0.033,
        0.036,
        0.677,
        0.2539
      ],
      [
        216.0,
        0.02,
        0.026,
        0.76,
        0.2912
      ],
      [
        216.25,
        0.0,
        0.0,
        0.712,
        0.2798
      ],
      [
        216.5,
        0.0,
        0.0,
        0.664,
        0.2597
      ],
      [
        216.75,
        0.034,
        0.036,
        0.851,
        0.3224
      ],
      [
        217.0,
        0.022,
        0.026,
        0.936,
        0.3591
      ],
      [
        217.25,
        0.0,
        0.0,
        0.888,
        0.3474
      ],
      [
        217.5,
        0.0,
        0.0,
        0.84,
        0.3272
      ],
      [
        217.75,
        0.034,
        0.036,
        0.999,
        0.3792
      ],
      [
        218.0,
        0.02,
        0.025,
        0.98,
        0.3915
      ],
      [
        218.25,
        0.0,
        0.0,
        0.932,
        0.3799
      ],
      [
        218.5,
        0.0,
        0.0,
        0.884,
        0.3594
      ],
      [
        218.75,
        0.025,
        0.027,
        0.999,
        0.3979
      ],
      [
        219.0,
        0.036,
        0.041,
        0.98,
        0.3926
      ],
      [
        219.25,
        0.035,
        0.041,
        0.932,
        0.3727
      ],
      [
        219.5,
        0.033,
        0.041,
        0.884,
        0.3522
      ],
      [
        219.75,
        0.047,
        0.049,
        0.999,
        0.3992
      ],
      [
        220.0,
        0.015,
        0.019,
        0.98,
        0.4061
      ],
      [
        220.25,
        0.0,
        0.0,
        0.932,
        0.3925
      ],
      [
        220.5,
        0.0,
        0.0,
        0.884,
        0.3719
      ],
      [
        220.75,
        0.027,
        0.028,
        0.999,
        0.4106
      ],
      [
        221.0,
        0.038,
        0.043,
        0.98,
        0.4003
      ],
      [
        221.25,
        0.036,
        0.043,
        0.932,
        0.3804
      ],
      [
        221.5,
        0.035,
        0.043,
        0.884,
        0.3599
      ],
      [
        221.75,
        0.039,
        0.047,
        0.864,
        0.3488
      ],
      [
        222.0,
        0.012,
        0.048,
        0.831,
        0.3368
      ],
      [
        222.25,
        0.0,
        0.048,
        0.783,
        0.3182
      ],
      [
        222.5,
        0.0,
        0.048,
        0.735,
        0.2974
      ],
      [
        222.75,
        0.038,
        0.048,
        0.936,
        0.3741
      ],
      [
        223.0,
        0.018,
        0.024,
        0.981,
        0.4056
      ],
      [
        223.25,
        0.0,
        0.0,
        0.933,
        0.3938
      ],
      [
        223.5,
        0.0,
        0.0,
        0.885,
        0.3733
      ],
      [
        223.75,
        0.036,
        0.038,
        0.999,
        0.4109
      ],
      [
        224.0,
        0.02,
        0.025,
        0.981,
        0.4102
      ],
      [
        224.25,
        0.0,
        0.0,
        0.933,
        0.3994
      ],
      [
        224.5,
        0.0,
        0.0,
        0.885,
        0.3788
      ],
      [
        224.75,
        0.036,
        0.039,
        0.999,
        0.4149
      ],
      [
        225.0,
        0.021,
        0.026,
        0.982,
        0.4135
      ],
      [
        225.25,
        0.0,
        0.0,
        0.934,
        0.4027
      ],
      [
        225.5,
        0.0,
        0.0,
        0.886,
        0.382
      ],
      [
        225.75,
        0.004,
        0.004,
        0.862,
        0.3704
      ],
      [
        226.0,
        0.006,
        0.006,
        0.828,
        0.3552
      ],
      [
        226.25,
        0.006,
        0.006,
        0.78,
        0.3347
      ],
      [
        226.5,
        0.006,
        0.006,
        0.732,
        0.3137
      ],
      [
        226.75,
        0.011,
        0.011,
        0.72,
        0.3056
      ],
      [
        227.0,
        0.013,
        0.014,
        0.692,
        0.2919
      ],
      [
        227.25,
        0.013,
        0.014,
        0.644,
        0.271
      ],
      [
        227.5,
        0.013,
        0.014,
        0.596,
        0.25
      ],
      [
        227.75,
        0.05,
        0.051,
        0.809,
        0.3236
      ],
      [
        228.0,
        0.021,
        0.026,
        0.913,
        0.3755
      ],
      [
        228.25,
        0.0,
        0.0,
        0.865,
        0.3652
      ],
      [
        228.5,
        0.0,
        0.0,
        0.817,
        0.3445
      ],
      [
        228.75,
        0.021,
        0.022,
        0.914,
        0.3759
      ],
      [
        229.0,
        0.032,
        0.035,
        0.948,
        0.3849
      ],
      [
        229.25,
        0.032,
        0.035,
        0.9,
        0.3645
      ],
      [
        229.5,
        0.032,
        0.035,
        0.852,
        0.3439
      ],
      [
        229.75,
        0.053,
        0.054,
        0.999,
        0.4053
      ],
      [
        230.0,
        0.024,
        0.029,
        0.982,
        0.4128
      ],
      [
        230.25,
        0.0,
        0.0,
        0.934,
        0.4036
      ],
      [
        230.5,
        0.0,
        0.0,
        0.886,
        0.3828
      ],
      [
        230.75,
        0.026,
        0.028,
        0.999,
        0.4209
      ],
      [
        231.0,
        0.041,
        0.044,
        0.982,
        0.4079
      ],
      [
        231.25,
        0.041,
        0.044,
        0.934,
        0.3872
      ],
      [
        231.5,
        0.041,
        0.044,
        0.886,
        0.3665
      ],
      [
        231.75,
        0.041,
        0.043,
        0.999,
        0.415
      ],
      [
        232.0,
        0.008,
        0.009,
        0.982,
        0.4226
      ],
      [
        232.25,
        0.0,
        0.0,
        0.934,
        0.4056
      ],
      [
        232.5,
        0.0,
        0.0,
        0.886,
        0.3848
      ],
      [
        232.75,
        0.034,
        0.036,
        0.999,
        0.4193
      ],
      [
        233.0,
        0.023,
        0.027,
        0.983,
        0.4157
      ],
      [
        233.25,
        0.0,
        0.0,
        0.935,
        0.4051
      ],
      [
        233.5,
        0.0,
        0.0,
        0.887,
        0.3842
      ],
      [
        233.75,
        0.04,
        0.043,
        0.999,
        0.4171
      ],
      [
        234.0,
        0.022,
        0.027,
        0.983,
        0.4169
      ],
      [
        234.25,
        0.0,
        0.0,
        0.935,
        0.407
      ],
      [
        234.5,
        0.0,
        0.0,
        0.887,
        0.3859
      ],
      [
        234.75,
        0.022,
        0.023,
        0.987,
        0.4188
      ],
      [
        235.0,
        0.033,
        0.035,
        0.982,
        0.4129
      ],
      [
        235.25,
        0.033,
        0.035,
        0.934,
        0.392
      ],
      [
        235.5,
        0.033,
        0.035,
        0.886,
        0.371
      ],
      [
        235.75,
        0.04,
        0.042,
        0.882,
        0.3658
      ],
      [
        236.0,
        0.043,
        0.046,
        0.859,
        0.3539
      ],
      [
        236.25,
        0.043,
        0.046,
        0.811,
        0.333
      ],
      [
        236.5,
        0.043,
        0.046,
        0.763,
        0.3123
      ],
      [
        236.75,
        0.038,
        0.041,
        0.887,
        0.3661
      ],
      [
        237.0,
        0.005,
        0.007,
        0.941,
        0.4015
      ],
      [
        237.25,
        0.0,
        0.0,
        0.893,
        0.3836
      ],
      [
        237.5,
        0.0,
        0.0,
        0.845,
        0.3628
      ],
      [
        237.75,
        0.004,
        0.004,
        0.823,
        0.3514
      ],
      [
        238.0,
        0.006,
        0.006,
        0.79,
        0.3358
      ],
      [
        238.25,
        0.006,
        0.006,
        0.742,
        0.315
      ],
      [
        238.5,
        0.006,
        0.006,
        0.694,
        0.2942
      ],
      [
        238.75,
        0.045,
        0.047,
        0.913,
        0.3693
      ],
      [
        239.0,
        0.023,
        0.027,
        0.984,
        0.4111
      ],
      [
        239.25,
        0.0,
        0.0,
        0.936,
        0.4011
      ],
      [
        239.5,
        0.0,
        0.0,
        0.888,
        0.3805
      ],
      [
        239.75,
        0.006,
        0.006,
        0.882,
        0.375
      ],
      [
        240.0,
        0.009,
        0.01,
        0.858,
        0.3631
      ],
      [
        240.25,
        0.009,
        0.01,
        0.81,
        0.3424
      ],
      [
        240.5,
        0.009,
        0.01,
        0.763,
        0.3218
      ],
      [
        240.75,
        0.049,
        0.051,
        0.985,
        0.3977
      ],
      [
        241.0,
        0.023,
        0.027,
        0.984,
        0.4147
      ],
      [
        241.25,
        0.0,
        0.0,
        0.936,
        0.405
      ],
      [
        241.5,
        0.0,
        0.0,
        0.889,
        0.3845
      ],
      [
        241.75,
        0.04,
        0.043,
        0.999,
        0.4167
      ],
      [
        242.0,
        0.023,
        0.027,
        0.985,
        0.4167
      ],
      [
        242.25,
        0.0,
        0.0,
        0.937,
        0.407
      ],
      [
        242.5,
        0.0,
        0.0,
        0.889,
        0.3862
      ],
      [
        242.75,
        0.031,
        0.032,
        0.999,
        0.4213
      ],
      [
        243.0,
        0.03,
        0.047,
        0.984,
        0.412
      ],
      [
        243.25,
        0.0,
        0.047,
        0.936,
        0.3997
      ],
      [
        243.5,
        0.0,
        0.047,
        0.889,
        0.3791
      ],
      [
        243.75,
        0.047,
        0.051,
        0.999,
        0.4146
      ],
      [
        244.0,
        0.027,
        0.031,
        0.985,
        0.4172
      ],
      [
        244.25,
        0.0,
        0.0,
        0.937,
        0.409
      ],
      [
        244.5,
        0.0,
        0.0,
        0.889,
        0.3882
      ],
      [
        244.75,
        0.046,
        0.048,
        0.999,
        0.4183
      ],
      [
        245.0,
        0.026,
        0.031,
        0.985,
        0.4208
      ],
      [
        245.25,
        0.0,
        0.0,
        0.937,
        0.4123
      ],
      [
        245.5,
        0.0,
        0.0,
        0.89,
        0.3913
      ],
      [
        245.75,
        0.045,
        0.047,
        0.999,
        0.4228
      ],
      [
        246.0,
        0.026,
        0.03,
        0.986,
        0.4246
      ],
      [
        246.25,
        0.0,
        0.0,
        0.937,
        0.4157
      ],
      [
        246.5,
        0.0,
        0.0,
        0.89,
        0.3943
      ],
      [
        246.75,
        0.012,
        0.012,
        0.921,
        0.4024
      ],
      [
        247.0,
        0.018,
        0.02,
        0.922,
        0.3975
      ],
      [
        247.25,
        0.018,
        0.02,
        0.874,
        0.3759
      ],
      [
        247.5,
        0.018,
        0.02,
        0.826,
        0.3552
      ],
      [
        247.75,
        0.055,
        0.056,
        0.999,
        0.4204
      ],
      [
        248.0,
        0.032,
        0.037,
        0.986,
        0.4234
      ],
      [
        248.25,
        0.0,
        0.0,
        0.938,
        0.4177
      ],
      [
        248.5,
        0.0,
        0.0,
        0.89,
        0.3961
      ],
      [
        248.75,
        0.006,
        0.006,
        0.882,
        0.3896
      ],
      [
        249.0,
        0.009,
        0.01,
        0.858,
        0.3765
      ],
      [
        249.25,
        0.009,
        0.01,
        0.81,
        0.3549
      ],
      [
        249.5,
        0.009,
        0.01,
        0.762,
        0.3339
      ],
      [
        249.75,
        0.039,
        0.04,
        0.914,
        0.3871
      ],
      [
        250.0,
        0.023,
        0.025,
        0.984,
        0.4222
      ],
      [
        250.25,
        0.0,
        0.0,
        0.936,
        0.4114
      ],
      [
        250.5,
        0.0,
        0.001,
        0.889,
        0.3908
      ],
      [
        250.75,
        0.04,
        0.042,
        0.999,
        0.4284
      ],
      [
        251.0,
        0.024,
        0.027,
        0.986,
        0.4295
      ],
      [
        251.25,
        0.0,
        0.0,
        0.938,
        0.4196
      ],
      [
        251.5,
        0.0,
        0.001,
        0.892,
        0.3992
      ],
      [
        251.75,
        0.05,
        0.051,
        0.999,
        0.4271
      ],
      [
        252.0,
        0.029,
        0.034,
        0.986,
        0.4288
      ],
      [
        252.25,
        0.0,
        0.0,
        0.938,
        0.4215
      ],
      [
        252.5,
        0.0,
        0.001,
        0.893,
        0.4013
      ],
      [
        252.75,
        0.051,
        0.052,
        0.999,
        0.4268
      ],
      [
        253.0,
        0.03,
        0.035,
        0.987,
        0.4284
      ],
      [
        253.25,
        0.0,
        0.0,
        0.939,
        0.4216
      ],
      [
        253.5,
        0.0,
        0.0,
        0.892,
        0.4009
      ],
      [
        253.75,
        0.032,
        0.033,
        0.999,
        0.4352
      ],
      [
        254.0,
        0.03,
        0.033,
        0.986,
        0.4279
      ],
      [
        254.25,
        0.0,
        0.0,
        0.938,
        0.4178
      ],
      [
        254.5,
        0.0,
        0.0,
        0.891,
        0.3965
      ],
      [
        254.75,
        0.011,
        0.011,
        0.914,
        0.4048
      ],
      [
        255.0,
        0.001,
        0.017,
        0.907,
        0.4013
      ],
      [
        255.25,
        0.001,
        0.017,
        0.859,
        0.3797
      ],
      [
        255.5,
        0.001,
        0.018,
        0.814,
        0.3597
      ],
      [
        255.75,
        0.049,
        0.054,
        0.999,
        0.426
      ],
      [
        256.0,
        0.028,
        0.035,
        0.987,
        0.4286
      ],
      [
        256.25,
        0.0,
        0.0,
        0.939,
        0.4217
      ],
      [
        256.5,
        0.0,
        0.0,
        0.891,
        0.4003
      ],
      [
        256.75,
        0.007,
        0.007,
        0.891,
        0.3966
      ],
      [
        257.0,
        0.011,
        0.012,
        0.871,
        0.3851
      ],
      [
        257.25,
        0.011,
        0.012,
        0.823,
        0.3635
      ],
      [
        257.5,
        0.011,
        0.012,
        0.776,
        0.3425
      ],
      [
        257.75,
        0.028,
        0.029,
        0.842,
        0.3641
      ],
      [
        258.0,
        0.038,
        0.039,
        0.863,
        0.3671
      ],
      [
        258.25,
        0.038,
        0.039,
        0.815,
        0.3454
      ],
      [
        258.5,
        0.038,
        0.04,
        0.768,
        0.3242
      ],
      [
        258.75,
        0.047,
        0.049,
        0.795,
        0.3324
      ],
      [
        259.0,
        0.006,
        0.009,
        0.792,
        0.3485
      ],
      [
        259.25,
        0.0,
        0.0,
        0.744,
        0.3306
      ],
      [
        259.5,
        0.0,
        0.001,
        0.701,
        0.3116
      ],
      [
        259.75,
        0.052,
        0.053,
        0.999,
        0.422
      ],
      [
        260.0,
        0.034,
        0.039,
        0.988,
        0.4271
      ],
      [
        260.25,
        0.0,
        0.0,
        0.94,
        0.4221
      ],
      [
        260.5,
        0.0,
        0.002,
        0.898,
        0.4033
      ],
      [
        260.75,
        0.052,
        0.053,
        0.999,
        0.426
      ],
      [
        261.0,
        0.035,
        0.04,
        0.988,
        0.4269
      ],
      [
        261.25,
        0.0,
        0.0,
        0.94,
        0.4222
      ],
      [
        261.5,
        0.0,
        0.001,
        0.896,
        0.4028
      ],
      [
        261.75,
        0.043,
        0.044,
        0.999,
        0.4302
      ],
      [
        262.0,
        0.025,
        0.028,
        0.988,
        0.4317
      ],
      [
        262.25,
        0.0,
        0.0,
        0.94,
        0.4223
      ],
      [
        262.5,
        0.0,
        0.0,
        0.892,
        0.401
      ],
      [
        262.75,
        0.006,
        0.006,
        0.884,
        0.3944
      ],
      [
        263.0,
        0.009,
        0.01,
        0.86,
        0.3814
      ],
      [
        263.25,
        0.009,
        0.01,
        0.812,
        0.3598
      ],
      [
        263.5,
        0.01,
        0.01,
        0.766,
        0.3394
      ],
      [
        263.75,
        0.031,
        0.032,
        0.861,
        0.3715
      ],
      [
        264.0,
        0.043,
        0.045,
        0.898,
        0.3807
      ],
      [
        264.25,
        0.043,
        0.045,
        0.85,
        0.3591
      ],
      [
        264.5,
        0.043,
        0.045,
        0.803,
        0.3376
      ],
      [
        264.75,
        0.045,
        0.047,
        0.768,
        0.3211
      ],
      [
        265.0,
        0.046,
        0.048,
        0.728,
        0.3025
      ],
      [
        265.25,
        0.046,
        0.048,
        0.68,
        0.2809
      ],
      [
        265.5,
        0.046,
        0.048,
        0.634,
        0.2599
      ],
      [
        265.75,
        0.023,
        0.028,
        0.66,
        0.281
      ],
      [
        266.0,
        0.0,
        0.0,
        0.656,
        0.2909
      ],
      [
        266.25,
        0.0,
        0.0,
        0.608,
        0.2693
      ],
      [
        266.5,
        0.0,
        0.001,
        0.562,
        0.2485
      ],
      [
        266.75,
        0.012,
        0.012,
        0.591,
        0.2557
      ],
      [
        267.0,
        0.018,
        0.019,
        0.589,
        0.2508
      ],
      [
        267.25,
        0.018,
        0.019,
        0.541,
        0.2292
      ],
      [
        267.5,
        0.019,
        0.021,
        0.501,
        0.2103
      ],
      [
        267.75,
        0.05,
        0.05,
        0.69,
        0.2802
      ],
      [
        268.0,
        0.021,
        0.024,
        0.786,
        0.3316
      ],
      [
        268.25,
        0.0,
        0.0,
        0.738,
        0.3204
      ],
      [
        268.5,
        0.0,
        0.0,
        0.692,
        0.2997
      ],
      [
        268.75,
        0.011,
        0.012,
        0.718,
        0.3058
      ],
      [
        269.0,
        0.017,
        0.018,
        0.714,
        0.3003
      ],
      [
        269.25,
        0.017,
        0.018,
        0.666,
        0.2788
      ],
      [
        269.5,
        0.018,
        0.021,
        0.631,
        0.2624
      ],
      [
        269.75,
        0.062,
        0.063,
        0.991,
        0.4012
      ],
      [
        270.0,
        0.047,
        0.052,
        0.99,
        0.4197
      ],
      [
        270.25,
        0.0,
        0.004,
        0.942,
        0.4193
      ],
      [
        270.5,
        0.001,
        0.003,
        0.908,
        0.4044
      ],
      [
        270.75,
        0.055,
        0.056,
        0.999,
        0.4247
      ],
      [
        271.0,
        0.041,
        0.046,
        0.99,
        0.4247
      ],
      [
        271.25,
        0.0,
        0.0,
        0.942,
        0.423
      ],
      [
        271.5,
        0.001,
        0.002,
        0.904,
        0.4055
      ],
      [
        271.75,
        0.047,
        0.048,
        0.999,
        0.4284
      ],
      [
        272.0,
        0.028,
        0.03,
        0.989,
        0.4316
      ],
      [
        272.25,
        0.0,
        0.0,
        0.941,
        0.4231
      ],
      [
        272.5,
        0.001,
        0.003,
        0.911,
        0.4074
      ],
      [
        272.75,
        0.055,
        0.056,
        0.999,
        0.4247
      ],
      [
        273.0,
        0.041,
        0.046,
        0.99,
        0.4248
      ],
      [
        273.25,
        0.0,
        0.0,
        0.942,
        0.4231
      ],
      [
        273.5,
        0.001,
        0.001,
        0.898,
        0.4033
      ],
      [
        273.75,
        0.021,
        0.021,
        0.982,
        0.4322
      ],
      [
        274.0,
        0.032,
        0.033,
        0.987,
        0.4295
      ],
      [
        274.25,
        0.032,
        0.033,
        0.939,
        0.4079
      ],
      [
        274.5,
        0.033,
        0.034,
        0.898,
        0.3891
      ],
      [
        274.75,
        0.046,
        0.047,
        0.999,
        0.4289
      ],
      [
        275.0,
        0.015,
        0.016,
        0.989,
        0.4377
      ],
      [
        275.25,
        0.0,
        0.0,
        0.941,
        0.4232
      ],
      [
        275.5,
        0.001,
        0.003,
        0.909,
        0.4069
      ],
      [
        275.75,
        0.051,
        0.052,
        0.999,
        0.4267
      ],
      [
        276.0,
        0.031,
        0.034,
        0.99,
        0.4301
      ],
      [
        276.25,
        0.0,
        0.0,
        0.942,
        0.4234
      ],
      [
        276.5,
        0.001,
        0.002,
        0.905,
        0.4059
      ],
      [
        276.75,
        0.041,
        0.042,
        0.999,
        0.4311
      ],
      [
        277.0,
        0.025,
        0.028,
        0.99,
        0.4331
      ],
      [
        277.25,
        0.0,
        0.0,
        0.942,
        0.4236
      ],
      [
        277.5,
        0.002,
        0.004,
        0.916,
        0.409
      ],
      [
        277.75,
        0.055,
        0.056,
        0.999,
        0.4248
      ],
      [
        278.0,
        0.041,
        0.045,
        0.991,
        0.4254
      ],
      [
        278.25,
        0.0,
        0.0,
        0.943,
        0.4235
      ],
      [
        278.5,
        0.001,
        0.001,
        0.898,
        0.4033
      ],
      [
        278.75,
        0.014,
        0.014,
        0.942,
        0.4166
      ],
      [
        279.0,
        0.022,
        0.023,
        0.948,
        0.4154
      ],
      [
        279.25,
        0.022,
        0.023,
        0.9,
        0.3938
      ],
      [
        279.5,
        0.023,
        0.024,
        0.861,
        0.3755
      ],
      [
        279.75,
        0.049,
        0.05,
        0.999,
        0.4265
      ],
      [
        280.0,
        0.018,
        0.019,
        0.989,
        0.4367
      ],
      [
        280.25,
        0.0,
        0.0,
        0.941,
        0.4235
      ],
      [
        280.5,
        0.0,
        0.0,
        0.895,
        0.4027
      ],
      [
        280.75,
        0.007,
        0.007,
        0.892,
        0.3981
      ],
      [
        281.0,
        0.011,
        0.011,
        0.871,
        0.3864
      ],
      [
        281.25,
        0.011,
        0.011,
        0.823,
        0.3648
      ],
      [
        281.5,
        0.013,
        0.016,
        0.803,
        0.3519
      ],
      [
        281.75,
        0.063,
        0.065,
        0.999,
        0.4209
      ],
      [
        282.0,
        0.052,
        0.058,
        0.991,
        0.4201
      ],
      [
        282.25,
        0.004,
        0.01,
        0.943,
        0.42
      ],
      [
        282.5,
        0.003,
        0.005,
        0.923,
        0.4111
      ],
      [
        282.75,
        0.059,
        0.061,
        0.999,
        0.4228
      ],
      [
        283.0,
        0.049,
        0.054,
        0.991,
        0.4219
      ],
      [
        283.25,
        0.001,
        0.006,
        0.943,
        0.4217
      ],
      [
        283.5,
        0.002,
        0.004,
        0.92,
        0.4102
      ],
      [
        283.75,
        0.054,
        0.055,
        0.999,
        0.4254
      ],
      [
        284.0,
        0.038,
        0.042,
        0.992,
        0.427
      ],
      [
        284.25,
        0.0,
        0.0,
        0.943,
        0.4238
      ],
      [
        284.5,
        0.002,
        0.004,
        0.917,
        0.4093
      ],
      [
        284.75,
        0.051,
        0.052,
        0.999,
        0.4266
      ],
      [
        285.0,
        0.032,
        0.036,
        0.992,
        0.4302
      ],
      [
        285.25,
        0.0,
        0.0,
        0.943,
        0.4241
      ],
      [
        285.5,
        0.003,
        0.005,
        0.923,
        0.4115
      ],
      [
        285.75,
        0.056,
        0.057,
        0.999,
        0.4244
      ],
      [
        286.0,
        0.042,
        0.047,
        0.992,
        0.4251
      ],
      [
        286.25,
        0.0,
        0.0,
        0.944,
        0.424
      ],
      [
        286.5,
        0.0,
        0.0,
        0.898,
        0.4034
      ],
      [
        286.75,
        0.008,
        0.008,
        0.901,
        0.4011
      ],
      [
        287.0,
        0.012,
        0.013,
        0.884,
        0.3909
      ],
      [
        287.25,
        0.012,
        0.013,
        0.836,
        0.3692
      ],
      [
        287.5,
        0.015,
        0.016,
        0.806,
        0.354
      ],
      [
        287.75,
        0.051,
        0.051,
        0.999,
        0.4268
      ],
      [
        288.0,
        0.027,
        0.029,
        0.992,
        0.4332
      ],
      [
        288.25,
        0.0,
        0.0,
        0.944,
        0.4244
      ],
      [
        288.5,
        0.002,
        0.003,
        0.915,
        0.4096
      ],
      [
        288.75,
        0.047,
        0.048,
        0.999,
        0.4285
      ],
      [
        289.0,
        0.028,
        0.03,
        0.992,
        0.433
      ],
      [
        289.25,
        0.0,
        0.0,
        0.944,
        0.4245
      ],
      [
        289.5,
        0.002,
        0.003,
        0.911,
        0.4085
      ],
      [
        289.75,
        0.039,
        0.039,
        0.999,
        0.4323
      ],
      [
        290.0,
        0.026,
        0.028,
        0.991,
        0.4338
      ],
      [
        290.25,
        0.0,
        0.0,
        0.943,
        0.4244
      ],
      [
        290.5,
        0.003,
        0.006,
        0.93,
        0.4136
      ],
      [
        290.75,
        0.057,
        0.058,
        0.999,
        0.4237
      ],
      [
        291.0,
        0.045,
        0.051,
        0.993,
        0.424
      ],
      [
        291.25,
        0.0,
        0.003,
        0.945,
        0.4236
      ],
      [
        291.5,
        0.004,
        0.006,
        0.932,
        0.4142
      ],
      [
        291.75,
        0.059,
        0.06,
        0.999,
        0.4231
      ],
      [
        292.0,
        0.048,
        0.053,
        0.993,
        0.4228
      ],
      [
        292.25,
        0.0,
        0.005,
        0.945,
        0.4226
      ],
      [
        292.5,
        0.0,
        0.0,
        0.898,
        0.4032
      ],
      [
        292.75,
        0.003,
        0.003,
        0.868,
        0.3886
      ],
      [
        293.0,
        0.005,
        0.005,
        0.831,
        0.3712
      ],
      [
        293.25,
        0.005,
        0.005,
        0.783,
        0.3495
      ],
      [
        293.5,
        0.008,
        0.01,
        0.77,
        0.3395
      ],
      [
        293.75,
        0.059,
        0.06,
        0.999,
        0.4229
      ],
      [
        294.0,
        0.048,
        0.053,
        0.993,
        0.4233
      ],
      [
        294.25,
        0.0,
        0.005,
        0.945,
        0.4231
      ],
      [
        294.5,
        0.004,
        0.007,
        0.938,
        0.4164
      ],
      [
        294.75,
        0.063,
        0.064,
        0.999,
        0.4212
      ],
      [
        295.0,
        0.056,
        0.062,
        0.994,
        0.4195
      ],
      [
        295.25,
        0.008,
        0.014,
        0.946,
        0.4194
      ],
      [
        295.5,
        0.003,
        0.004,
        0.918,
        0.4109
      ],
      [
        295.75,
        0.045,
        0.046,
        0.999,
        0.4293
      ],
      [
        296.0,
        0.027,
        0.029,
        0.993,
        0.4339
      ],
      [
        296.25,
        0.0,
        0.0,
        0.945,
        0.4249
      ],
      [
        296.5,
        0.001,
        0.002,
        0.907,
        0.4066
      ],
      [
        296.75,
        0.018,
        0.019,
        0.974,
        0.4289
      ],
      [
        297.0,
        0.028,
        0.03,
        0.99,
        0.431
      ],
      [
        297.25,
        0.028,
        0.03,
        0.942,
        0.4094
      ],
      [
        297.5,
        0.033,
        0.036,
        0.932,
        0.4002
      ],
      [
        297.75,
        0.065,
        0.066,
        0.999,
        0.4201
      ],
      [
        298.0,
        0.052,
        0.058,
        0.994,
        0.4212
      ],
      [
        298.25,
        0.004,
        0.01,
        0.946,
        0.4212
      ],
      [
        298.5,
        0.005,
        0.007,
        0.943,
        0.4184
      ],
      [
        298.75,
        0.064,
        0.065,
        0.999,
        0.4206
      ],
      [
        299.0,
        0.058,
        0.064,
        0.994,
        0.4185
      ],
      [
        299.25,
        0.01,
        0.016,
        0.946,
        0.4185
      ],
      [
        299.5,
        0.004,
        0.006,
        0.936,
        0.4164
      ],
      [
        299.75,
        0.057,
        0.058,
        0.999,
        0.4241
      ],
      [
        300.0,
        0.045,
        0.049,
        0.994,
        0.4251
      ],
      [
        300.25,
        0.0,
        0.001,
        0.946,
        0.4245
      ],
      [
        300.5,
        0.005,
        0.007,
        0.94,
        0.4175
      ],
      [
        300.75,
        0.06,
        0.061,
        0.999,
        0.4228
      ],
      [
        301.0,
        0.05,
        0.055,
        0.994,
        0.4226
      ],
      [
        301.25,
        0.002,
        0.007,
        0.946,
        0.4225
      ],
      [
        301.5,
        0.005,
        0.008,
        0.947,
        0.4197
      ],
      [
        301.75,
        0.065,
        0.066,
        0.999,
        0.4202
      ],
      [
        302.0,
        0.06,
        0.066,
        0.995,
        0.4179
      ],
      [
        302.25,
        0.012,
        0.018,
        0.947,
        0.4179
      ],
      [
        302.5,
        0.005,
        0.008,
        0.948,
        0.4202
      ],
      [
        302.75,
        0.065,
        0.067,
        0.999,
        0.42
      ],
      [
        303.0,
        0.061,
        0.067,
        0.995,
        0.4177
      ],
      [
        303.25,
        0.013,
        0.019,
        0.947,
        0.4177
      ],
      [
        303.5,
        0.001,
        0.001,
        0.906,
        0.4066
      ],
      [
        303.75,
        0.015,
        0.015,
        0.951,
        0.4203
      ],
      [
        304.0,
        0.023,
        0.024,
        0.959,
        0.4202
      ],
      [
        304.25,
        0.023,
        0.024,
        0.911,
        0.3986
      ],
      [
        304.5,
        0.029,
        0.032,
        0.912,
        0.3933
      ],
      [
        304.75,
        0.072,
        0.073,
        0.999,
        0.4172
      ],
      [
        305.0,
        0.065,
        0.071,
        0.995,
        0.416
      ],
      [
        305.25,
        0.017,
        0.023,
        0.947,
        0.416
      ],
      [
        305.5,
        0.001,
        0.001,
        0.903,
        0.4053
      ],
      [
        305.75,
        0.008,
        0.008,
        0.904,
        0.4022
      ],
      [
        306.0,
        0.012,
        0.013,
        0.886,
        0.3919
      ],
      [
        306.25,
        0.012,
        0.013,
        0.838,
        0.3702
      ],
      [
        306.5,
        0.016,
        0.017,
        0.815,
        0.358
      ],
      [
        306.75,
        0.05,
        0.051,
        0.999,
        0.427
      ],
      [
        307.0,
        0.027,
        0.029,
        0.994,
        0.4346
      ],
      [
        307.25,
        0.0,
        0.0,
        0.946,
        0.4256
      ],
      [
        307.5,
        0.005,
        0.006,
        0.937,
        0.4173
      ],
      [
        307.75,
        0.054,
        0.054,
        0.999,
        0.4255
      ],
      [
        308.0,
        0.039,
        0.042,
        0.995,
        0.4289
      ],
      [
        308.25,
        0.0,
        0.0,
        0.947,
        0.4257
      ],
      [
        308.5,
        0.006,
        0.009,
        0.954,
        0.4224
      ],
      [
        308.75,
        0.065,
        0.067,
        0.999,
        0.4201
      ],
      [
        309.0,
        0.061,
        0.067,
        0.996,
        0.4182
      ],
      [
        309.25,
        0.013,
        0.018,
        0.948,
        0.4182
      ],
      [
        309.5,
        0.002,
        0.002,
        0.911,
        0.4083
      ],
      [
        309.75,
        0.02,
        0.02,
        0.986,
        0.4339
      ],
      [
        310.0,
        0.031,
        0.032,
        0.99,
        0.4316
      ],
      [
        310.25,
        0.031,
        0.032,
        0.942,
        0.4099
      ],
      [
        310.5,
        0.037,
        0.039,
        0.943,
        0.4037
      ],
      [
        310.75,
        0.065,
        0.066,
        0.999,
        0.4202
      ],
      [
        311.0,
        0.054,
        0.058,
        0.996,
        0.4219
      ],
      [
        311.25,
        0.006,
        0.01,
        0.948,
        0.4219
      ],
      [
        311.5,
        0.002,
        0.002,
        0.911,
        0.4084
      ],
      [
        311.75,
        0.018,
        0.019,
        0.976,
        0.4299
      ],
      [
        312.0,
        0.029,
        0.03,
        0.992,
        0.4319
      ],
      [
        312.25,
        0.029,
        0.03,
        0.944,
        0.4103
      ],
      [
        312.5,
        0.033,
        0.035,
        0.928,
        0.4003
      ],
      [
        312.75,
        0.053,
        0.054,
        0.999,
        0.4256
      ],
      [
        313.0,
        0.033,
        0.036,
        0.995,
        0.432
      ],
      [
        313.25,
        0.0,
        0.0,
        0.947,
        0.4261
      ],
      [
        313.5,
        0.005,
        0.006,
        0.938,
        0.418
      ],
      [
        313.75,
        0.052,
        0.053,
        0.999,
        0.4263
      ],
      [
        314.0,
        0.036,
        0.039,
        0.996,
        0.4309
      ],
      [
        314.25,
        0.0,
        0.0,
        0.948,
        0.4261
      ],
      [
        314.5,
        0.005,
        0.007,
        0.944,
        0.42
      ],
      [
        314.75,
        0.055,
        0.056,
        0.999,
        0.4248
      ],
      [
        315.0,
        0.043,
        0.046,
        0.996,
        0.4276
      ],
      [
        315.25,
        0.0,
        0.0,
        0.948,
        0.4261
      ],
      [
        315.5,
        0.006,
        0.007,
        0.946,
        0.4205
      ],
      [
        315.75,
        0.056,
        0.056,
        0.999,
        0.4246
      ],
      [
        316.0,
        0.044,
        0.047,
        0.996,
        0.427
      ],
      [
        316.25,
        0.0,
        0.0,
        0.948,
        0.4261
      ],
      [
        316.5,
        0.002,
        0.003,
        0.917,
        0.4108
      ],
      [
        316.75,
        0.027,
        0.027,
        0.999,
        0.4377
      ],
      [
        317.0,
        0.042,
        0.043,
        0.993,
        0.4279
      ],
      [
        317.25,
        0.042,
        0.043,
        0.945,
        0.4062
      ],
      [
        317.5,
        0.044,
        0.044,
        0.909,
        0.3891
      ],
      [
        317.75,
        0.034,
        0.035,
        0.978,
        0.4248
      ],
      [
        318.0,
        0.0,
        0.0,
        0.991,
        0.4461
      ],
      [
        318.25,
        0.0,
        0.0,
        0.943,
        0.4245
      ],
      [
        318.5,
        0.004,
        0.004,
        0.922,
        0.4125
      ],
      [
        318.75,
        0.04,
        0.04,
        0.999,
        0.4318
      ],
      [
        319.0,
        0.027,
        0.029,
        0.995,
        0.4352
      ],
      [
        319.25,
        0.0,
        0.0,
        0.947,
        0.4262
      ],
      [
        319.5,
        0.008,
        0.011,
        0.968,
        0.4271
      ],
      [
        319.75,
        0.069,
        0.071,
        0.999,
        0.4181
      ],
      [
        320.0,
        0.07,
        0.076,
        0.997,
        0.4149
      ],
      [
        320.25,
        0.022,
        0.028,
        0.949,
        0.4149
      ],
      [
        320.5,
        0.008,
        0.011,
        0.967,
        0.4275
      ],
      [
        320.75,
        0.07,
        0.071,
        0.999,
        0.4181
      ],
      [
        321.0,
        0.07,
        0.076,
        0.998,
        0.4148
      ],
      [
        321.25,
        0.022,
        0.028,
        0.949,
        0.4148
      ],
      [
        321.5,
        0.006,
        0.008,
        0.95,
        0.4222
      ],
      [
        321.75,
        0.057,
        0.058,
        0.999,
        0.4241
      ],
      [
        322.0,
        0.046,
        0.05,
        0.997,
        0.4263
      ],
      [
        322.25,
        0.0,
        0.002,
        0.949,
        0.426
      ],
      [
        322.5,
        0.007,
        0.009,
        0.958,
        0.4245
      ],
      [
        322.75,
        0.061,
        0.061,
        0.999,
        0.4223
      ],
      [
        323.0,
        0.054,
        0.059,
        0.998,
        0.4225
      ],
      [
        323.25,
        0.006,
        0.01,
        0.95,
        0.4225
      ],
      [
        323.5,
        0.007,
        0.009,
        0.955,
        0.4237
      ],
      [
        323.75,
        0.059,
        0.06,
        0.999,
        0.4231
      ],
      [
        324.0,
        0.051,
        0.055,
        0.998,
        0.4241
      ],
      [
        324.25,
        0.003,
        0.007,
        0.95,
        0.4241
      ],
      [
        324.5,
        0.008,
        0.011,
        0.971,
        0.4288
      ],
      [
        324.75,
        0.07,
        0.071,
        0.999,
        0.4179
      ],
      [
        325.0,
        0.072,
        0.077,
        0.998,
        0.4143
      ],
      [
        325.25,
        0.024,
        0.029,
        0.95,
        0.4143
      ],
      [
        325.5,
        0.008,
        0.011,
        0.972,
        0.4292
      ],
      [
        325.75,
        0.07,
        0.072,
        0.999,
        0.4178
      ],
      [
        326.0,
        0.072,
        0.078,
        0.998,
        0.4142
      ],
      [
        326.25,
        0.024,
        0.03,
        0.95,
        0.4142
      ],
      [
        326.5,
        0.006,
        0.008,
        0.949,
        0.4224
      ],
      [
        326.75,
        0.055,
        0.056,
        0.999,
        0.4247
      ],
      [
        327.0,
        0.044,
        0.047,
        0.998,
        0.4279
      ],
      [
        327.25,
        0.0,
        0.0,
        0.95,
        0.4269
      ],
      [
        327.5,
        0.002,
        0.002,
        0.913,
        0.4096
      ],
      [
        327.75,
        0.017,
        0.017,
        0.968,
        0.4273
      ],
      [
        328.0,
        0.027,
        0.027,
        0.986,
        0.4308
      ],
      [
        328.25,
        0.027,
        0.027,
        0.938,
        0.4092
      ],
      [
        328.5,
        0.031,
        0.032,
        0.918,
        0.3979
      ],
      [
        328.75,
        0.047,
        0.048,
        0.999,
        0.4282
      ],
      [
        329.0,
        0.022,
        0.024,
        0.996,
        0.4379
      ],
      [
        329.25,
        0.0,
        0.0,
        0.949,
        0.4267
      ],
      [
        329.5,
        0.009,
        0.012,
        0.975,
        0.4298
      ],
      [
        329.75,
        0.07,
        0.071,
        0.999,
        0.4179
      ],
      [
        330.0,
        0.072,
        0.078,
        0.998,
        0.4144
      ],
      [
        330.25,
        0.024,
        0.03,
        0.951,
        0.4145
      ],
      [
        330.5,
        0.008,
        0.011,
        0.969,
        0.4285
      ],
      [
        330.75,
        0.066,
        0.067,
        0.999,
        0.4198
      ],
      [
        331.0,
        0.065,
        0.07,
        0.998,
        0.4178
      ],
      [
        331.25,
        0.017,
        0.022,
        0.951,
        0.4179
      ],
      [
        331.5,
        0.007,
        0.009,
        0.957,
        0.4247
      ],
      [
        331.75,
        0.058,
        0.059,
        0.999,
        0.4235
      ],
      [
        332.0,
        0.049,
        0.053,
        0.998,
        0.4252
      ],
      [
        332.25,
        0.001,
        0.005,
        0.95,
        0.4252
      ],
      [
        332.5,
        0.005,
        0.005,
        0.935,
        0.4178
      ],
      [
        332.75,
        0.046,
        0.047,
        0.999,
        0.429
      ],
      [
        333.0,
        0.029,
        0.03,
        0.997,
        0.4353
      ],
      [
        333.25,
        0.0,
        0.0,
        0.949,
        0.4271
      ],
      [
        333.5,
        0.002,
        0.002,
        0.914,
        0.41
      ],
      [
        333.75,
        0.016,
        0.017,
        0.964,
        0.426
      ],
      [
        334.0,
        0.026,
        0.027,
        0.983,
        0.4289
      ],
      [
        334.25,
        0.026,
        0.027,
        0.935,
        0.4073
      ],
      [
        334.5,
        0.03,
        0.031,
        0.913,
        0.3956
      ],
      [
        334.75,
        0.047,
        0.047,
        0.999,
        0.4286
      ],
      [
        335.0,
        0.019,
        0.021,
        0.997,
        0.4391
      ],
      [
        335.25,
        0.0,
        0.0,
        0.95,
        0.4267
      ],
      [
        335.5,
        0.008,
        0.011,
        0.968,
        0.4281
      ],
      [
        335.75,
        0.064,
        0.065,
        0.999,
        0.4208
      ],
      [
        336.0,
        0.062,
        0.066,
        0.999,
        0.4195
      ],
      [
        336.25,
        0.014,
        0.018,
        0.951,
        0.4197
      ],
      [
        336.5,
        0.009,
        0.012,
        0.975,
        0.4308
      ],
      [
        336.75,
        0.069,
        0.07,
        0.999,
        0.4184
      ],
      [
        337.0,
        0.071,
        0.076,
        0.999,
        0.4151
      ],
      [
        337.25,
        0.023,
        0.028,
        0.951,
        0.4153
      ],
      [
        337.5,
        0.009,
        0.012,
        0.979,
        0.4322
      ],
      [
        337.75,
        0.072,
        0.073,
        0.999,
        0.4171
      ],
      [
        338.0,
        0.076,
        0.082,
        0.999,
        0.4128
      ],
      [
        338.25,
        0.028,
        0.034,
        0.951,
        0.413
      ],
      [
        338.5,
        0.007,
        0.01,
        0.979,
        0.4332
      ],
      [
        338.75,
        0.071,
        0.073,
        0.999,
        0.4175
      ],
      [
        339.0,
        0.076,
        0.081,
        0.999,
        0.4131
      ],
      [
        339.25,
        0.028,
        0.033,
        0.951,
        0.4133
      ],
      [
        339.5,
        0.007,
        0.009,
        0.965,
        0.4281
      ],
      [
        339.75,
        0.061,
        0.062,
        0.999,
        0.4222
      ],
      [
        340.0,
        0.057,
        0.061,
        0.999,
        0.422
      ],
      [
        340.25,
        0.009,
        0.013,
        0.951,
        0.422
      ],
      [
        340.5,
        0.003,
        0.004,
        0.927,
        0.4147
      ],
      [
        340.75,
        0.034,
        0.034,
        0.999,
        0.4346
      ],
      [
        341.0,
        0.034,
        0.035,
        0.997,
        0.4329
      ],
      [
        341.25,
        0.0,
        0.0,
        0.949,
        0.4269
      ],
      [
        341.5,
        0.004,
        0.004,
        0.929,
        0.4159
      ],
      [
        341.75,
        0.038,
        0.039,
        0.999,
        0.4325
      ],
      [
        342.0,
        0.029,
        0.03,
        0.997,
        0.4354
      ],
      [
        342.25,
        0.0,
        0.0,
        0.95,
        0.4274
      ],
      [
        342.5,
        0.01,
        0.012,
        0.983,
        0.4328
      ],
      [
        342.75,
        0.072,
        0.074,
        0.999,
        0.4169
      ],
      [
        343.0,
        0.077,
        0.083,
        0.999,
        0.4123
      ],
      [
        343.25,
        0.029,
        0.035,
        0.952,
        0.4127
      ],
      [
        343.5,
        0.003,
        0.01,
        0.981,
        0.4348
      ],
      [
        343.75,
        0.069,
        0.072,
        0.999,
        0.4196
      ],
      [
        344.0,
        0.073,
        0.081,
        0.999,
        0.4149
      ],
      [
        344.25,
        0.025,
        0.033,
        0.952,
        0.4151
      ],
      [
        344.5,
        0.007,
        0.009,
        0.961,
        0.4271
      ],
      [
        344.75,
        0.059,
        0.06,
        0.999,
        0.4232
      ],
      [
        345.0,
        0.052,
        0.056,
        0.999,
        0.4242
      ],
      [
        345.25,
        0.004,
        0.008,
        0.952,
        0.4244
      ],
      [
        345.5,
        0.007,
        0.009,
        0.957,
        0.4253
      ],
      [
        345.75,
        0.056,
        0.057,
        0.999,
        0.4243
      ],
      [
        346.0,
        0.047,
        0.051,
        0.999,
        0.4267
      ],
      [
        346.25,
        0.0,
        0.003,
        0.952,
        0.4269
      ],
      [
        346.5,
        0.008,
        0.011,
        0.972,
        0.4299
      ],
      [
        346.75,
        0.064,
        0.065,
        0.999,
        0.4206
      ],
      [
        347.0,
        0.064,
        0.068,
        0.999,
        0.4188
      ],
      [
        347.25,
        0.016,
        0.02,
        0.952,
        0.4193
      ],
      [
        347.5,
        0.01,
        0.012,
        0.979,
        0.4325
      ],
      [
        347.75,
        0.071,
        0.073,
        0.999,
        0.4174
      ],
      [
        348.0,
        0.076,
        0.082,
        0.999,
        0.413
      ],
      [
        348.25,
        0.028,
        0.034,
        0.952,
        0.4134
      ],
      [
        348.5,
        0.006,
        0.008,
        0.959,
        0.4267
      ],
      [
        348.75,
        0.057,
        0.058,
        0.999,
        0.4238
      ],
      [
        349.0,
        0.051,
        0.053,
        0.999,
        0.4254
      ],
      [
        349.25,
        0.003,
        0.006,
        0.952,
        0.4257
      ],
      [
        349.5,
        0.007,
        0.008,
        0.955,
        0.4247
      ],
      [
        349.75,
        0.055,
        0.056,
        0.999,
        0.4248
      ],
      [
        350.0,
        0.045,
        0.048,
        0.999,
        0.4279
      ],
      [
        350.25,
        0.0,
        0.0,
        0.952,
        0.4279
      ],
      [
        350.5,
        0.009,
        0.011,
        0.974,
        0.4306
      ],
      [
        350.75,
        0.066,
        0.067,
        0.999,
        0.4199
      ],
      [
        351.0,
        0.066,
        0.071,
        0.999,
        0.4176
      ],
      [
        351.25,
        0.018,
        0.023,
        0.952,
        0.4181
      ],
      [
        351.5,
        0.009,
        0.011,
        0.972,
        0.4302
      ],
      [
        351.75,
        0.065,
        0.067,
        0.999,
        0.42
      ],
      [
        352.0,
        0.066,
        0.071,
        0.999,
        0.4177
      ],
      [
        352.25,
        0.018,
        0.023,
        0.951,
        0.4178
      ],
      [
        352.5,
        0.002,
        0.002,
        0.917,
        0.4112
      ],
      [
        352.75,
        0.02,
        0.021,
        0.992,
        0.4363
      ],
      [
        353.0,
        0.033,
        0.033,
        0.994,
        0.4326
      ],
      [
        353.25,
        0.033,
        0.033,
        0.948,
        0.4115
      ],
      [
        353.5,
        0.041,
        0.043,
        0.967,
        0.4122
      ],
      [
        353.75,
        0.071,
        0.072,
        0.999,
        0.4174
      ],
      [
        354.0,
        0.068,
        0.073,
        0.999,
        0.4167
      ],
      [
        354.25,
        0.02,
        0.025,
        0.951,
        0.417
      ],
      [
        354.5,
        0.005,
        0.006,
        0.938,
        0.4186
      ],
      [
        354.75,
        0.046,
        0.047,
        0.999,
        0.4289
      ],
      [
        355.0,
        0.03,
        0.031,
        0.998,
        0.4353
      ],
      [
        355.25,
        0.0,
        0.0,
        0.952,
        0.428
      ],
      [
        355.5,
        0.007,
        0.008,
        0.956,
        0.4251
      ],
      [
        355.75,
        0.055,
        0.056,
        0.999,
        0.4248
      ],
      [
        356.0,
        0.046,
        0.049,
        0.999,
        0.4276
      ],
      [
        356.25,
        0.0,
        0.001,
        0.952,
        0.4276
      ],
      [
        356.5,
        0.006,
        0.007,
        0.949,
        0.4229
      ],
      [
        356.75,
        0.052,
        0.053,
        0.999,
        0.4261
      ],
      [
        357.0,
        0.039,
        0.042,
        0.999,
        0.4308
      ],
      [
        357.25,
        0.0,
        0.0,
        0.952,
        0.4279
      ],
      [
        357.5,
        0.005,
        0.006,
        0.938,
        0.4192
      ],
      [
        357.75,
        0.047,
        0.047,
        0.999,
        0.4286
      ],
      [
        358.0,
        0.03,
        0.032,
        0.998,
        0.4352
      ],
      [
        358.25,
        0.0,
        0.0,
        0.953,
        0.4282
      ],
      [
        358.5,
        0.009,
        0.012,
        0.978,
        0.4318
      ],
      [
        358.75,
        0.069,
        0.07,
        0.999,
        0.4186
      ],
      [
        359.0,
        0.072,
        0.077,
        0.999,
        0.4149
      ],
      [
        359.25,
        0.024,
        0.03,
        0.953,
        0.4154
      ],
      [
        359.5,
        0.008,
        0.01,
        0.966,
        0.4282
      ],
      [
        359.75,
        0.061,
        0.062,
        0.999,
        0.422
      ],
      [
        360.0,
        0.058,
        0.063,
        0.999,
        0.4212
      ],
      [
        360.25,
        0.01,
        0.015,
        0.952,
        0.4216
      ],
      [
        360.5,
        0.005,
        0.007,
        0.944,
        0.4212
      ],
      [
        360.75,
        0.051,
        0.052,
        0.999,
        0.4266
      ],
      [
        361.0,
        0.036,
        0.038,
        0.999,
        0.4324
      ],
      [
        361.25,
        0.0,
        0.0,
        0.953,
        0.4282
      ],
      [
        361.5,
        0.008,
        0.011,
        0.971,
        0.4293
      ],
      [
        361.75,
        0.063,
        0.065,
        0.999,
        0.4209
      ],
      [
        362.0,
        0.062,
        0.068,
        0.999,
        0.4192
      ],
      [
        362.25,
        0.014,
        0.02,
        0.953,
        0.4198
      ],
      [
        362.5,
        0.009,
        0.012,
        0.977,
        0.4316
      ],
      [
        362.75,
        0.07,
        0.071,
        0.999,
        0.4179
      ],
      [
        363.0,
        0.075,
        0.081,
        0.999,
        0.4135
      ],
      [
        363.25,
        0.027,
        0.033,
        0.953,
        0.414
      ],
      [
        363.5,
        0.009,
        0.011,
        0.98,
        0.4328
      ],
      [
        363.75,
        0.072,
        0.073,
        0.999,
        0.4172
      ],
      [
        364.0,
        0.079,
        0.084,
        0.999,
        0.412
      ],
      [
        364.25,
        0.031,
        0.036,
        0.953,
        0.4126
      ],
      [
        364.5,
        0.005,
        0.007,
        0.964,
        0.4284
      ],
      [
        364.75,
        0.059,
        0.061,
        0.999,
        0.4227
      ]
    ]
  },
  "beacon_interval_s": 900.0,
  "n_nodes": 313,
  "daily_kt": [],
  "channel_utilization": 0.03877,
  "start_date": "2025-07-01",
  "weather_driven": true,
  "packets_originated": 1167324,
  "pdr_overall": 0.8875,
  "sos": {
    "sent": 186,
    "delivered": 182,
    "latencies_s": [
      395.16,
      0.76,
      0.75,
      1.83,
      3.72,
      2.95,
      0.76,
      0.76,
      1.8,
      0.73,
      2.6,
      0.74,
      0.76,
      1.86,
      1.84,
      0.76,
      0.74,
      0.75,
      0.76,
      0.73,
      1.79,
      1.86,
      0.74,
      0.75,
      0.75,
      1.85,
      0.76,
      0.76,
      3.67,
      0.74,
      0.72,
      3.69,
      0.75,
      0.76,
      0.73,
      4303.77,
      0.75,
      1.82,
      2.9,
      0.73,
      1.85,
      2.91,
      1.87,
      0.73,
      2.94,
      3.7,
      0.72,
      0.73,
      0.74,
      0.74,
      0.76,
      1.79,
      0.76,
      0.75,
      0.75,
      2.95,
      0.75,
      0.76,
      0.76,
      1.87,
      0.75,
      0.74,
      93.33,
      32.61,
      0.75,
      0.76,
      3400.37,
      0.72,
      0.75,
      1.81,
      0.74,
      0.75,
      0.74,
      0.75,
      0.73,
      0.73,
      0.73,
      0.75,
      0.72,
      0.74,
      0.74,
      0.76,
      0.73,
      0.75,
      0.75,
      0.72,
      0.75,
      0.73,
      0.76,
      0.75,
      1.83,
      0.76,
      0.74,
      0.76,
      0.74,
      0.72,
      2.94,
      0.76,
      0.75,
      0.76,
      0.74,
      0.73,
      0.75,
      0.75,
      1.87,
      0.72,
      1.81,
      0.75,
      0.76,
      1.83,
      0.74,
      0.73,
      1.82,
      2.9,
      0.76,
      1.8,
      4906.42,
      1.85,
      1.82,
      1.88,
      1.81,
      0.73,
      0.74,
      2.93,
      0.74,
      1.86,
      0.73,
      0.74,
      2.64,
      1.82,
      1.84,
      1598.06,
      0.76,
      693.72,
      0.75,
      2.89,
      0.73,
      0.73,
      0.74,
      0.75,
      392.94,
      0.73,
      0.72,
      0.73,
      32.56,
      0.74,
      0.76,
      0.76,
      3.75,
      1.86,
      1.81,
      0.76,
      1.83,
      1.82,
      1.81,
      0.76,
      0.74,
      0.73,
      0.74,
      0.74,
      0.75,
      1.85,
      0.75,
      1.86,
      2.57,
      3.7,
      0.74,
      1.85,
      0.76,
      995.55,
      0.74,
      0.75,
      0.75,
      0.75,
      2.98,
      1.8,
      3.74,
      0.74,
      0.76,
      1.86,
      1.81,
      1295.2
    ],
    "mean_tries": 5.08,
    "level": "incident"
  }
}
struggling links (321 of 612 active):
           carter_dome <-> madison_summit       PRR 0.05  margin  -13.1 dB  (65800 tries)
            dolly_copp <-> gorham_info          PRR 0.05  margin  -13.5 dB  (5435 tries)
          guyot_summit <-> owls_head_slide      PRR 0.05  margin  -13.5 dB  (433 tries)
             lion_head <-> madison_hut          PRR 0.05  margin  -12.9 dB  (56676 tries)
       garfield_summit <-> hancock_th           PRR 0.05  margin  -13.3 dB  (20828 tries)
         great_gulf_th <-> pinkham_notch_vc     PRR 0.05  margin  -12.7 dB  (7474 tries)
            baldface_s <-> wild_river_cg        PRR 0.05  margin  -13.0 dB  (5944 tries)
            glen_ellis <-> madison_hut          PRR 0.06  margin  -12.7 dB  (17047 tries)
             kinsman_n <-> lafayette_place      PRR 0.06  margin  -12.5 dB  (12443 tries)
             bondcliff <-> south_twin           PRR 0.06  margin  -12.9 dB  (28926 tries)
        grayknob_cabin <-> great_gulf_th        PRR 0.06  margin  -12.2 dB  (10883 tries)
        rumney_village <-> stinson_lake_gw      PRR 0.06  margin  -14.1 dB  (305 tries)
per-node:
  summit_shermanadams    tx 11963  rx 427798  col 83647  dup- 6840  E_tx   1.556 Wh  solar    0.00 Wh  SOC 100.0%  deaths 0  [grid]
  gateway_marshfield     tx  8672  rx 175490  col 12266  dup- 5966  E_tx   1.136 Wh  solar    0.00 Wh  SOC 100.0%  deaths 0  [grid]
  pinkham_notch_vc       tx 10297  rx 134977  col 1925  dup- 3940  E_tx   1.350 Wh  solar    0.00 Wh  SOC 100.0%  deaths 0  [grid]
  highland_center        tx  9548  rx  53127  col 1708  dup- 1897  E_tx   1.251 Wh  solar    0.00 Wh  SOC 100.0%  deaths 0  [grid]
  lakes_hut              tx 17603  rx 180686  col 12776  dup- 5233  E_tx   2.061 Wh  solar 5140.80 Wh  SOC 99.9%  deaths 25  [solar]
  madison_hut            tx 32684  rx 102198  col 3427  dup- 2954  E_tx   3.678 Wh  solar 4915.94 Wh  SOC 99.9%  deaths 30  [solar]
  mizpah_hut             tx 19825  rx 103717  col 3447  dup- 3329  E_tx   2.356 Wh  solar 5180.97 Wh  SOC 99.4%  deaths 21  [solar]
  carter_notch_hut       tx  4299  rx  18466  col  261  dup-   47  E_tx   0.480 Wh  solar  676.54 Wh  SOC  4.7%  deaths 237  [solar]
  grayknob_cabin         tx 18300  rx 127186  col 6174  dup- 4860  E_tx   2.161 Wh  solar 5098.70 Wh  SOC 99.9%  deaths 26  [solar]
  hermit_lake            tx 17562  rx 111853  col 1653  dup- 3227  E_tx   2.066 Wh  solar 4803.78 Wh  SOC 99.2%  deaths 43  [solar]
  crag_camp              tx 23225  rx 141991  col 11642  dup- 6798  E_tx   2.622 Wh  solar 5087.08 Wh  SOC 99.1%  deaths 21  [solar]
  dolly_copp             tx  5249  rx  32062  col 1612  dup- 1004  E_tx   0.598 Wh  solar  733.30 Wh  SOC  5.6%  deaths 237  [solar]
  ammo_relay             tx 15962  rx 109986  col 5157  dup- 4076  E_tx   1.849 Wh  solar 4658.82 Wh  SOC 99.9%  deaths 42  [solar]
  jewell_relay           tx 17205  rx 179239  col 14741  dup- 5874  E_tx   2.018 Wh  solar 4960.32 Wh  SOC 99.9%  deaths 26  [solar]
  clay_relay             tx 22909  rx 156214  col 17160  dup- 5406  E_tx   2.602 Wh  solar 5009.53 Wh  SOC 99.9%  deaths 28  [solar]
  monroe_flank           tx 19846  rx 275382  col 40317  dup- 5853  E_tx   2.359 Wh  solar 5221.11 Wh  SOC 99.9%  deaths 21  [solar]
  lion_head              tx 27954  rx 205577  col 20786  dup- 5593  E_tx   3.152 Wh  solar 5088.65 Wh  SOC 99.2%  deaths 23  [solar]
  boott_spur             tx 18220  rx 157435  col 8823  dup- 4743  E_tx   2.127 Wh  solar 4160.93 Wh  SOC 99.0%  deaths 60  [solar]
  jefferson_lawn         tx 19783  rx 249891  col 40298  dup- 8054  E_tx   2.295 Wh  solar 5182.37 Wh  SOC 99.9%  deaths 21  [solar]
  thunderstorm_jct       tx 20769  rx 210461  col 25323  dup- 6813  E_tx   2.389 Wh  solar 5217.91 Wh  SOC 99.9%  deaths 21  [solar]
  eisenhower_relay       tx 18295  rx 219459  col 27070  dup- 6198  E_tx   2.150 Wh  solar 5221.97 Wh  SOC 99.9%  deaths 21  [solar]
  pierce_relay           tx  6724  rx  51089  col 6833  dup- 1271  E_tx   0.784 Wh  solar  758.99 Wh  SOC  6.1%  deaths 239  [solar]
  wildcat_d              tx  5555  rx  86547  col 10466  dup- 1828  E_tx   0.628 Wh  solar  760.38 Wh  SOC  6.0%  deaths 238  [solar]
  nelson_crag            tx 18395  rx 301888  col 40664  dup- 6322  E_tx   2.158 Wh  solar 4985.31 Wh  SOC 99.2%  deaths 25  [solar]
  appalachia_th          tx  4900  rx  20418  col   15  dup-  125  E_tx   0.546 Wh  solar  777.06 Wh  SOC  6.0%  deaths 241  [solar]
  caps_ridge_th          tx  5832  rx  70109  col 6997  dup- 1928  E_tx   0.671 Wh  solar  761.45 Wh  SOC  6.0%  deaths 240  [solar]
  glen_ellis             tx  5734  rx  43654  col 2231  dup-  900  E_tx   0.659 Wh  solar  726.95 Wh  SOC  5.8%  deaths 238  [solar]
  great_gulf_th          tx  6059  rx  42240  col 2182  dup- 1002  E_tx   0.697 Wh  solar  766.17 Wh  SOC  5.8%  deaths 242  [solar]
  glen_house             tx  5282  rx  69461  col 6618  dup- 1621  E_tx   0.599 Wh  solar  747.79 Wh  SOC  6.1%  deaths 237  [solar]
  jackson_summit         tx 19282  rx 151340  col 15770  dup- 5951  E_tx   2.276 Wh  solar 5225.52 Wh  SOC 99.9%  deaths 21  [solar]
  webster_cliff          tx  6124  rx  41093  col 4530  dup- 1869  E_tx   0.708 Wh  solar  767.38 Wh  SOC  6.1%  deaths 239  [solar]
  cog_skyline            tx 17008  rx 169712  col 12359  dup- 5372  E_tx   1.990 Wh  solar 5026.65 Wh  SOC 99.9%  deaths 25  [solar]
  wildcat_a              tx  4830  rx  70195  col 7520  dup- 1464  E_tx   0.540 Wh  solar  709.07 Wh  SOC  5.8%  deaths 235  [solar]
  madison_summit         tx 21772  rx 168333  col 14244  dup- 5785  E_tx   2.514 Wh  solar 5207.56 Wh  SOC 99.9%  deaths 22  [solar]
  durand_ridge           tx  5336  rx  23479  col  164  dup-  603  E_tx   0.589 Wh  solar  776.06 Wh  SOC  6.0%  deaths 241  [solar]
  cannon_tram_top        tx  3434  rx 146139  col 8633  dup- 2102  E_tx   0.448 Wh  solar    0.00 Wh  SOC 100.0%  deaths 0  [grid]
  lafayette_place        tx  3483  rx  73927  col 1176  dup-  997  E_tx   0.456 Wh  solar    0.00 Wh  SOC 100.0%  deaths 0  [grid]
  flume_vc               tx  3229  rx  71419  col  810  dup- 1565  E_tx   0.423 Wh  solar    0.00 Wh  SOC 100.0%  deaths 0  [grid]
  greenleaf_hut          tx 11277  rx  82429  col 1695  dup- 1624  E_tx   1.236 Wh  solar 5133.14 Wh  SOC 99.9%  deaths 24  [solar]
  lonesome_lake_hut      tx  4137  rx  33445  col 1014  dup-  544  E_tx   0.448 Wh  solar  771.08 Wh  SOC  5.9%  deaths 242  [solar]
  lafayette_summit       tx 33731  rx 121351  col 7999  dup- 1078  E_tx   3.616 Wh  solar 5228.13 Wh  SOC 99.9%  deaths 21  [solar]
  little_haystack        tx 10997  rx  60035  col 2062  dup- 1148  E_tx   1.192 Wh  solar 4712.45 Wh  SOC 99.9%  deaths 26  [solar]
  liberty_summit         tx 11268  rx  63570  col 3573  dup- 1149  E_tx   1.237 Wh  solar 4899.09 Wh  SOC 99.9%  deaths 26  [solar]
  kinsman_n              tx 11082  rx  68825  col  524  dup- 1293  E_tx   1.212 Wh  solar 5169.84 Wh  SOC 99.9%  deaths 25  [solar]
  kinsman_pond           tx  4044  rx  32715  col  595  dup-  593  E_tx   0.439 Wh  solar  752.15 Wh  SOC  5.8%  deaths 240  [solar]
  lincoln_woods_th       tx  2811  rx  36542  col   52  dup-   69  E_tx   0.368 Wh  solar    0.00 Wh  SOC 100.0%  deaths 0  [grid]
  garfield_summit        tx 40928  rx  75137  col 2770  dup- 1057  E_tx   4.374 Wh  solar 5225.96 Wh  SOC 99.9%  deaths 21  [solar]
  galehead_hut           tx 31787  rx  71664  col  831  dup-  628  E_tx   3.436 Wh  solar 5059.70 Wh  SOC 99.9%  deaths 25  [solar]
  south_twin             tx 22908  rx  76708  col 1495  dup-  438  E_tx   2.532 Wh  solar 5152.51 Wh  SOC 99.4%  deaths 21  [solar]
  guyot_summit           tx 16220  rx  92268  col  398  dup- 1423  E_tx   1.791 Wh  solar 4916.03 Wh  SOC 99.0%  deaths 25  [solar]
  bondcliff              tx 10455  rx  74792  col  530  dup-  783  E_tx   1.163 Wh  solar 4374.33 Wh  SOC 99.9%  deaths 46  [solar]
  zealand_hut            tx 10663  rx  58099  col 1136  dup-  532  E_tx   1.180 Wh  solar  755.35 Wh  SOC  5.9%  deaths 239  [solar]
  zeacliff               tx  5292  rx  50603  col  602  dup-  553  E_tx   0.603 Wh  solar  688.05 Wh  SOC  5.4%  deaths 232  [solar]
  hancock_th             tx  6199  rx  26907  col  108  dup-   62  E_tx   0.683 Wh  solar  724.23 Wh  SOC  6.0%  deaths 231  [solar]
  carrigain_summit       tx 62980  rx  76510  col 3980  dup- 1548  E_tx   6.654 Wh  solar 5230.30 Wh  SOC 99.9%  deaths 21  [solar]
  willey_summit          tx  6059  rx  59088  col  784  dup-  482  E_tx   0.692 Wh  solar  781.33 Wh  SOC  6.0%  deaths 244  [solar]
  sawyer_river_th        tx  4405  rx  14767  col  104  dup-  192  E_tx   0.478 Wh  solar  779.50 Wh  SOC  6.0%  deaths 244  [solar]
  waterville_valley      tx  2091  rx  39000  col  451  dup-  449  E_tx   0.273 Wh  solar    0.00 Wh  SOC 100.0%  deaths 0  [grid]
  kanc_pass              tx  4096  rx  11840  col   43  dup-   83  E_tx   0.443 Wh  solar  771.87 Wh  SOC  6.1%  deaths 240  [solar]
  osceola_summit         tx  3999  rx  23623  col  833  dup-  493  E_tx   0.430 Wh  solar  770.20 Wh  SOC  6.0%  deaths 242  [solar]
  greeley_ponds          tx  6763  rx  21028  col  307  dup-   93  E_tx   0.726 Wh  solar  716.52 Wh  SOC  6.0%  deaths 221  [solar]
  tripyramid_n           tx  6479  rx  14579  col   52  dup-  154  E_tx   0.703 Wh  solar  696.18 Wh  SOC  6.0%  deaths 225  [solar]
  sandwich_dome          tx  3507  rx   6653  col   70  dup-   19  E_tx   0.365 Wh  solar  776.15 Wh  SOC  5.9%  deaths 245  [solar]
  whiteface_summit       tx 13426  rx  16667  col  363  dup-  280  E_tx   1.423 Wh  solar 5040.12 Wh  SOC 99.9%  deaths 24  [solar]
  passaconaway           tx 18285  rx  37846  col  558  dup-   35  E_tx   1.885 Wh  solar 5240.50 Wh  SOC 99.9%  deaths 21  [solar]
  ferncroft_th           tx 15480  rx  13767  col   18  dup-   15  E_tx   1.581 Wh  solar  775.55 Wh  SOC  5.9%  deaths 242  [solar]
  welch_dickey_th        tx  3597  rx   4611  col    2  dup-   35  E_tx   0.378 Wh  solar  770.72 Wh  SOC  6.1%  deaths 244  [solar]
  chocorua_summit        tx  3262  rx  13024  col   15  dup-    2  E_tx   0.336 Wh  solar  748.40 Wh  SOC  6.1%  deaths 235  [solar]
  piper_th               tx  6035  rx  15563  col    8  dup-   12  E_tx   0.617 Wh  solar  724.29 Wh  SOC  5.3%  deaths 234  [solar]
  ravine_lodge           tx   737  rx  37255  col   13  dup-  173  E_tx   0.096 Wh  solar    0.00 Wh  SOC 100.0%  deaths 0  [grid]
  moosilauke_summit      tx  9011  rx  43471  col   72  dup-  114  E_tx   0.938 Wh  solar 5232.43 Wh  SOC 99.9%  deaths 21  [solar]
  kinsman_notch          tx  3075  rx   3220  col    1  dup-    0  E_tx   0.314 Wh  solar  730.60 Wh  SOC  5.5%  deaths 237  [solar]
  glencliff_th           tx  3257  rx  15184  col    6  dup-   12  E_tx   0.333 Wh  solar  773.02 Wh  SOC  6.1%  deaths 242  [solar]
  gorham_info            tx   259  rx   3615  col   16  dup-    0  E_tx   0.033 Wh  solar    0.00 Wh  SOC 100.0%  deaths 0  [grid]
  carter_dome            tx 47862  rx 187983  col 34519  dup- 4672  E_tx   5.262 Wh  solar 5208.27 Wh  SOC 99.8%  deaths 21  [solar]
  imp_shelter            tx 16009  rx  55681  col 1328  dup-  769  E_tx   1.824 Wh  solar 5064.96 Wh  SOC 99.3%  deaths 26  [solar]
  moriah_summit          tx 15286  rx  18467  col  163  dup-   55  E_tx   1.669 Wh  solar 4804.08 Wh  SOC 99.0%  deaths 29  [solar]
  baldface_s             tx  5152  rx  22719  col  211  dup-  139  E_tx   0.584 Wh  solar  748.43 Wh  SOC  6.0%  deaths 231  [solar]
  mt_hayes               tx  3409  rx   6888  col   13  dup-    3  E_tx   0.353 Wh  solar  766.27 Wh  SOC  5.7%  deaths 242  [solar]
  gentian_pond           tx  3644  rx  11194  col   15  dup-    8  E_tx   0.384 Wh  solar  761.99 Wh  SOC  5.9%  deaths 241  [solar]
  success_summit         tx  3308  rx   6255  col   71  dup-    9  E_tx   0.338 Wh  solar  781.42 Wh  SOC  6.0%  deaths 241  [solar]
  berlin_gateway         tx     4  rx   2391  col    0  dup-    0  E_tx   0.000 Wh  solar    0.00 Wh  SOC 100.0%  deaths 0  [grid]
  cabot_summit           tx  8259  rx   9938  col    1  dup-    0  E_tx   0.840 Wh  solar 5119.52 Wh  SOC 99.9%  deaths 23  [solar]
  unknown_pond           tx  3182  rx  25305  col    5  dup-    0  E_tx   0.324 Wh  solar  768.65 Wh  SOC  5.8%  deaths 242  [solar]
  percy_peaks            tx  3106  rx  15741  col    3  dup-    0  E_tx   0.316 Wh  solar  750.40 Wh  SOC  5.8%  deaths 237  [solar]
  nash_stream_th         tx  2918  rx   5598  col    0  dup-    0  E_tx   0.297 Wh  solar  699.87 Wh  SOC  5.5%  deaths 230  [solar]
  waumbek_summit         tx  3865  rx   6413  col    1  dup-    0  E_tx   0.414 Wh  solar  746.31 Wh  SOC  5.7%  deaths 240  [solar]
  cherry_mtn             tx  7900  rx  23046  col  199  dup-  361  E_tx   0.869 Wh  solar  775.39 Wh  SOC  6.1%  deaths 242  [solar]
  cardigan_lodge         tx   316  rx  11141  col    1  dup-    3  E_tx   0.041 Wh  solar    0.00 Wh  SOC 100.0%  deaths 0  [grid]
  cardigan_summit        tx  3293  rx    493  col    0  dup-    2  E_tx   0.335 Wh  solar  788.80 Wh  SOC  6.0%  deaths 244  [solar]
  sunapee_summit         tx     0  rx      2  col    0  dup-    0  E_tx   0.000 Wh  solar    0.00 Wh  SOC 100.0%  deaths 0  [grid]
  ragged_mtn             tx  3233  rx      0  col    0  dup-    0  E_tx   0.329 Wh  solar  781.99 Wh  SOC  6.0%  deaths 241  [solar]
  gunstock_top           tx   970  rx  22754  col   23  dup-   35  E_tx   0.127 Wh  solar    0.00 Wh  SOC 100.0%  deaths 0  [grid]
  major_summit           tx  3250  rx   6998  col    9  dup-   20  E_tx   0.332 Wh  solar  767.57 Wh  SOC  6.1%  deaths 240  [solar]
  shaw_summit            tx  3185  rx   7315  col   52  dup-    0  E_tx   0.324 Wh  solar  767.18 Wh  SOC  6.0%  deaths 236  [solar]
  monadnock_hq           tx   275  rx  13988  col    4  dup-    3  E_tx   0.036 Wh  solar    0.00 Wh  SOC 100.0%  deaths 0  [grid]
  monadnock_summit       tx  3315  rx   2490  col    1  dup-    2  E_tx   0.337 Wh  solar  795.79 Wh  SOC  6.0%  deaths 246  [solar]
  dublin_th              tx  3281  rx   2426  col    0  dup-    2  E_tx   0.334 Wh  solar  790.09 Wh  SOC  6.1%  deaths 245  [solar]
  miller_hq              tx     0  rx   9583  col    5  dup-    0  E_tx   0.000 Wh  solar    0.00 Wh  SOC 100.0%  deaths 0  [grid]
  pack_monadnock         tx  6536  rx   3373  col    0  dup-    0  E_tx   0.665 Wh  solar  795.21 Wh  SOC  6.0%  deaths 246  [solar]
  smarts_mtn             tx  3150  rx   9122  col    3  dup-    0  E_tx   0.320 Wh  solar  757.29 Wh  SOC  6.0%  deaths 232  [solar]
  lyme_dorchester_th     tx 12111  rx  12996  col    5  dup-    0  E_tx   1.232 Wh  solar  778.44 Wh  SOC  6.0%  deaths 241  [solar]
  winslow_hq             tx     0  rx   6975  col    1  dup-    0  E_tx   0.000 Wh  solar    0.00 Wh  SOC 100.0%  deaths 0  [grid]
  kearsarge_summit       tx  3296  rx    204  col    0  dup-    0  E_tx   0.335 Wh  solar  791.17 Wh  SOC  6.0%  deaths 244  [solar]
  cranmore_top           tx     1  rx  15798  col   93  dup-    0  E_tx   0.000 Wh  solar    0.00 Wh  SOC 100.0%  deaths 0  [grid]
  kearsarge_north        tx  3249  rx  15588  col  433  dup-    0  E_tx   0.330 Wh  solar  783.94 Wh  SOC  6.0%  deaths 244  [solar]
  pawtuckaway_hq         tx     0  rx   3274  col    0  dup-    0  E_tx   0.000 Wh  solar    0.00 Wh  SOC 100.0%  deaths 0  [grid]
  pawtuckaway_tower      tx  3288  rx      0  col    0  dup-    0  E_tx   0.334 Wh  solar  793.61 Wh  SOC  6.0%  deaths 246  [solar]
  pisgah_hq              tx     0  rx  13532  col    2  dup-    0  E_tx   0.000 Wh  solar    0.00 Wh  SOC 100.0%  deaths 0  [grid]
  pisgah_ridge           tx  3283  rx  10115  col    2  dup-    0  E_tx   0.334 Wh  solar  789.49 Wh  SOC  6.1%  deaths 245  [solar]
  uncanoonuc_s           tx     0  rx      0  col    0  dup-    0  E_tx   0.000 Wh  solar    0.00 Wh  SOC 100.0%  deaths 0  [grid]
  blue_job               tx     0  rx      0  col    0  dup-    0  E_tx   0.000 Wh  solar    0.00 Wh  SOC 100.0%  deaths 0  [grid]
  balsams_gateway        tx     0  rx   3012  col    0  dup-    0  E_tx   0.000 Wh  solar    0.00 Wh  SOC 100.0%  deaths 0  [grid]
  table_rock             tx  3012  rx      0  col    0  dup-    0  E_tx   0.306 Wh  solar  721.45 Wh  SOC  6.1%  deaths 227  [solar]
  pittsburg_village      tx     0  rx    121  col    0  dup-    0  E_tx   0.000 Wh  solar    0.00 Wh  SOC 100.0%  deaths 0  [grid]
  magalloway_tower       tx     0  rx      0  col    0  dup-    0  E_tx   0.000 Wh  solar  729.53 Wh  SOC  5.6%  deaths 237  [solar]
  pulpit_rock            tx 23309  rx  63119  col 1169  dup-  578  E_tx   2.634 Wh  solar 4199.31 Wh  SOC 99.0%  deaths 59  [solar]
  tremont_summit         tx  4008  rx   8306  col   90  dup-  222  E_tx   0.432 Wh  solar  748.55 Wh  SOC  5.5%  deaths 241  [solar]
  noon_peak              tx  3884  rx  15704  col   56  dup-  300  E_tx   0.422 Wh  solar  715.65 Wh  SOC  5.9%  deaths 230  [solar]
  dickey_ledges          tx  3672  rx   4986  col   11  dup-   13  E_tx   0.391 Wh  solar  740.25 Wh  SOC  5.4%  deaths 241  [solar]
  tecumseh_ski_top       tx  2073  rx  44011  col  211  dup-  403  E_tx   0.272 Wh  solar    0.00 Wh  SOC 100.0%  deaths 0  [grid]
  blue_ridge_ledge       tx  8614  rx  11285  col   12  dup-    2  E_tx   0.890 Wh  solar 4987.93 Wh  SOC 99.2%  deaths 26  [solar]
  north_carter           tx  4243  rx  15270  col  271  dup-  435  E_tx   0.463 Wh  solar  735.83 Wh  SOC  5.7%  deaths 235  [solar]
  the_horn               tx 22439  rx  17640  col    4  dup-    0  E_tx   2.282 Wh  solar 4657.16 Wh  SOC 99.0%  deaths 34  [solar]
  victor_head            tx  3173  rx  16908  col    5  dup-    0  E_tx   0.323 Wh  solar  765.30 Wh  SOC  6.0%  deaths 236  [solar]
  ragged_ski_base        tx     0  rx   3233  col    0  dup-    0  E_tx   0.000 Wh  solar    0.00 Wh  SOC 100.0%  deaths 0  [grid]
  castle_clouds          tx     0  rx  24209  col    7  dup-    0  E_tx   0.000 Wh  solar    0.00 Wh  SOC 100.0%  deaths 0  [grid]
  dartmouth_skiway       tx     0  rx  11680  col    5  dup-    0  E_tx   0.000 Wh  solar    0.00 Wh  SOC 100.0%  deaths 0  [grid]
  holts_ledge            tx  3214  rx  13285  col    5  dup-    0  E_tx   0.327 Wh  solar  775.68 Wh  SOC  6.1%  deaths 244  [solar]
  first_lake_dam         tx     0  rx    414  col    0  dup-    0  E_tx   0.000 Wh  solar    0.00 Wh  SOC 100.0%  deaths 0  [grid]
  moosilauke_s_peak      tx 24037  rx  27206  col  170  dup-  183  E_tx   2.466 Wh  solar 5232.10 Wh  SOC 99.9%  deaths 21  [solar]
  belknap_summit         tx  3332  rx   5943  col    9  dup-   24  E_tx   0.341 Wh  solar  787.45 Wh  SOC  6.1%  deaths 245  [solar]
  newbury_station        tx     0  rx     73  col    0  dup-    0  E_tx   0.000 Wh  solar    0.00 Wh  SOC 100.0%  deaths 0  [grid]
  kilkenny_lookout       tx  3105  rx  20113  col    7  dup-    0  E_tx   0.316 Wh  solar  746.21 Wh  SOC  5.7%  deaths 240  [solar]
  stark_village          tx     0  rx  32581  col   13  dup-    0  E_tx   0.000 Wh  solar    0.00 Wh  SOC 100.0%  deaths 0  [grid]
  signal_ridge           tx 12669  rx 100192  col  353  dup-  901  E_tx   1.413 Wh  solar 4833.72 Wh  SOC 99.9%  deaths 26  [solar]
  white_ledge_cg         tx   238  rx  27529  col   26  dup-    9  E_tx   0.031 Wh  solar    0.00 Wh  SOC 100.0%  deaths 0  [grid]
  notchland_inn          tx  4326  rx  77718  col  295  dup-  310  E_tx   0.557 Wh  solar    0.00 Wh  SOC 100.0%  deaths 0  [grid]
  mt_hight               tx 17463  rx  70832  col  875  dup- 1594  E_tx   2.052 Wh  solar 4550.05 Wh  SOC 99.0%  deaths 33  [solar]
  south_carter           tx 13305  rx  87326  col 8985  dup- 4071  E_tx   1.554 Wh  solar 4510.48 Wh  SOC 99.9%  deaths 64  [solar]
  piper_mtn_belknap      tx  3297  rx   6207  col    2  dup-   24  E_tx   0.337 Wh  solar  776.94 Wh  SOC  6.1%  deaths 242  [solar]
  jennings_peak          tx  4218  rx  29504  col  346  dup-  114  E_tx   0.456 Wh  solar  760.61 Wh  SOC  5.9%  deaths 239  [solar]
  welch_ledges           tx  3813  rx   7727  col  108  dup-   32  E_tx   0.405 Wh  solar  781.75 Wh  SOC  6.1%  deaths 245  [solar]
  the_bulge              tx  6079  rx  23185  col    8  dup-    0  E_tx   0.618 Wh  solar  733.40 Wh  SOC  5.6%  deaths 237  [solar]
  turtleback_mtn         tx  3266  rx  29600  col   25  dup-    0  E_tx   0.332 Wh  solar  768.21 Wh  SOC  6.0%  deaths 244  [solar]
  lambert_ridge          tx  3176  rx  13855  col   53  dup-    0  E_tx   0.323 Wh  solar  763.77 Wh  SOC  5.9%  deaths 242  [solar]
  black_cap              tx  9357  rx  19371  col  921  dup-    0  E_tx   0.952 Wh  solar  777.49 Wh  SOC  6.0%  deaths 243  [solar]
  second_lake_dam        tx     0  rx      0  col    0  dup-    0  E_tx   0.000 Wh  solar    0.00 Wh  SOC 100.0%  deaths 0  [grid]
  middle_carter          tx  4606  rx  26365  col 1067  dup-  479  E_tx   0.511 Wh  solar  759.14 Wh  SOC  5.8%  deaths 239  [solar]
  zeta_pass              tx  4124  rx  12542  col  209  dup-  362  E_tx   0.455 Wh  solar  684.96 Wh  SOC  5.3%  deaths 221  [solar]
  smarts_ranger_ledge    tx  9199  rx  17862  col    7  dup-    0  E_tx   0.936 Wh  solar  772.66 Wh  SOC  6.1%  deaths 245  [solar]
  hurricane_col          tx  6247  rx  18446  col    8  dup-    0  E_tx   0.635 Wh  solar  770.86 Wh  SOC  6.0%  deaths 239  [solar]
  cranmore_ledge         tx 12500  rx  17745  col   11  dup-    0  E_tx   1.271 Wh  solar  766.86 Wh  SOC  6.0%  deaths 243  [solar]
  bald_knob_ossipee      tx 16414  rx  20503  col   21  dup-    0  E_tx   1.669 Wh  solar  765.04 Wh  SOC  6.0%  deaths 241  [solar]
  mt_roberts             tx 15176  rx  32146  col  125  dup-    0  E_tx   1.544 Wh  solar  782.35 Wh  SOC  6.0%  deaths 242  [solar]
  faraway_ledge          tx  3197  rx  30624  col  248  dup-    0  E_tx   0.325 Wh  solar  773.01 Wh  SOC  6.0%  deaths 240  [solar]
  ossipee_saddle         tx  9170  rx  27348  col   89  dup-    0  E_tx   0.933 Wh  solar  766.01 Wh  SOC  5.9%  deaths 240  [solar]
  black_snout            tx  6147  rx  15640  col   83  dup-    0  E_tx   0.625 Wh  solar  767.93 Wh  SOC  6.0%  deaths 239  [solar]
  rockywold_camps        tx   241  rx  17284  col   12  dup-    0  E_tx   0.031 Wh  solar    0.00 Wh  SOC 100.0%  deaths 0  [grid]
  morgan_percival        tx  3285  rx   9511  col   15  dup-    1  E_tx   0.335 Wh  solar  771.70 Wh  SOC  5.9%  deaths 242  [solar]
  rattlesnake_west       tx  5868  rx  12153  col   11  dup-    1  E_tx   0.598 Wh  solar  782.58 Wh  SOC  6.1%  deaths 245  [solar]
  red_hill_tower         tx  9202  rx   8034  col   23  dup-    6  E_tx   0.938 Wh  solar  774.69 Wh  SOC  6.1%  deaths 244  [solar]
  rumney_village         tx   301  rx   5806  col    2  dup-    2  E_tx   0.039 Wh  solar    0.00 Wh  SOC 100.0%  deaths 0  [grid]
  stinson_summit         tx  3165  rx      7  col    0  dup-    0  E_tx   0.322 Wh  solar  763.05 Wh  SOC  6.1%  deaths 240  [solar]
  rattlesnake_rumney     tx  3378  rx   3128  col    2  dup-    1  E_tx   0.345 Wh  solar  783.47 Wh  SOC  6.1%  deaths 245  [solar]
  rumney_cliff_top       tx  3277  rx   3167  col    5  dup-    4  E_tx   0.334 Wh  solar  785.89 Wh  SOC  6.1%  deaths 245  [solar]
  loon_summit            tx  2543  rx  23538  col   20  dup-   19  E_tx   0.334 Wh  solar    0.00 Wh  SOC 100.0%  deaths 0  [grid]
  owls_head_slide        tx   200  rx   1761  col   13  dup-   14  E_tx   0.023 Wh  solar    0.00 Wh  SOC  0.0%  deaths 1  [battery]
  thirteen_falls         tx   205  rx   1101  col   13  dup-   10  E_tx   0.023 Wh  solar    0.00 Wh  SOC  0.0%  deaths 1  [battery]
  mt_hale                tx 15861  rx  46903  col  702  dup-  294  E_tx   1.823 Wh  solar 5023.11 Wh  SOC 99.5%  deaths 26  [solar]
  twin_mountain_village  tx  4472  rx  59582  col  499  dup-  160  E_tx   0.583 Wh  solar    0.00 Wh  SOC 100.0%  deaths 0  [grid]
  sugarloaf_middle       tx  5550  rx  14593  col  293  dup-   56  E_tx   0.638 Wh  solar  728.35 Wh  SOC  5.7%  deaths 237  [solar]
  isolation_davis        tx   272  rx   1599  col   53  dup-   64  E_tx   0.032 Wh  solar    0.00 Wh  SOC  0.0%  deaths 1  [battery]
  wild_river_cg          tx  9488  rx 116194  col 4278  dup- 1689  E_tx   1.239 Wh  solar    0.00 Wh  SOC 100.0%  deaths 0  [grid]
  wild_river_blue_brook  tx   269  rx   1834  col   59  dup-   26  E_tx   0.032 Wh  solar    0.00 Wh  SOC  0.0%  deaths 1  [battery]
  north_baldface         tx  3913  rx   8349  col    4  dup-   38  E_tx   0.426 Wh  solar  708.26 Wh  SOC  4.9%  deaths 238  [solar]
  jackson_village        tx     7  rx   5719  col    2  dup-    0  E_tx   0.001 Wh  solar    0.00 Wh  SOC 100.0%  deaths 0  [grid]
  doublehead_n           tx  3246  rx   2089  col    2  dup-    0  E_tx   0.331 Wh  solar  773.76 Wh  SOC  6.1%  deaths 242  [solar]
  iron_mtn               tx  3165  rx   6742  col    2  dup-    0  E_tx   0.322 Wh  solar  761.94 Wh  SOC  6.0%  deaths 236  [solar]
  mt_cube                tx  3206  rx   3148  col    0  dup-    0  E_tx   0.326 Wh  solar  769.95 Wh  SOC  6.0%  deaths 236  [solar]
  mead_base              tx   171  rx  12427  col   11  dup-    9  E_tx   0.022 Wh  solar    0.00 Wh  SOC 100.0%  deaths 0  [grid]
  mt_israel              tx  3807  rx  15079  col   82  dup-   63  E_tx   0.403 Wh  solar  782.98 Wh  SOC  6.0%  deaths 245  [solar]
  flat_mtn_pond          tx   150  rx   1223  col    7  dup-    2  E_tx   0.016 Wh  solar    0.00 Wh  SOC  0.0%  deaths 1  [battery]
  green_mtn_effingham    tx     0  rx      0  col    0  dup-    0  E_tx   0.000 Wh  solar  755.48 Wh  SOC  6.1%  deaths 236  [solar]
  bear_brook_hq          tx     6  rx   6663  col    2  dup-    0  E_tx   0.001 Wh  solar    0.00 Wh  SOC 100.0%  deaths 0  [grid]
  bear_brook_tower       tx  3281  rx    168  col    0  dup-    0  E_tx   0.334 Wh  solar  789.56 Wh  SOC  6.0%  deaths 245  [solar]
  crotched_base          tx     0  rx   3212  col    0  dup-    0  E_tx   0.000 Wh  solar    0.00 Wh  SOC 100.0%  deaths 0  [grid]
  crotched_summit        tx  3212  rx      0  col    0  dup-    0  E_tx   0.327 Wh  solar  774.20 Wh  SOC  6.2%  deaths 245  [solar]
  temple_mtn_ledges      tx  3282  rx   6495  col    4  dup-    0  E_tx   0.334 Wh  solar  793.10 Wh  SOC  6.1%  deaths 247  [solar]
  washington_town        tx     0  rx  31728  col   57  dup-    0  E_tx   0.000 Wh  solar    0.00 Wh  SOC 100.0%  deaths 0  [grid]
  lovewell_mtn           tx  3442  rx  31830  col  239  dup-    0  E_tx   0.350 Wh  solar  790.46 Wh  SOC  6.0%  deaths 244  [solar]
  pillsbury_sp           tx  3275  rx  12445  col   41  dup-    0  E_tx   0.333 Wh  solar  789.08 Wh  SOC  6.1%  deaths 245  [solar]
  kilburn_th             tx  3304  rx   9122  col    2  dup-    0  E_tx   0.336 Wh  solar  794.62 Wh  SOC  6.0%  deaths 246  [solar]
  milan_hill             tx     0  rx      0  col    0  dup-    0  E_tx   0.000 Wh  solar    0.00 Wh  SOC 100.0%  deaths 0  [grid]
  sugarloaf_nash         tx  3218  rx   6141  col    0  dup-    0  E_tx   0.327 Wh  solar  773.51 Wh  SOC  6.0%  deaths 242  [solar]
  deer_mtn_pittsburg     tx  3201  rx      0  col    0  dup-    0  E_tx   0.326 Wh  solar  773.20 Wh  SOC  5.9%  deaths 241  [solar]
  champney_th            tx  3290  rx   9815  col    2  dup-    0  E_tx   0.336 Wh  solar  779.53 Wh  SOC  5.9%  deaths 242  [solar]
  buffalo_rd_lot         tx   161  rx  10066  col    3  dup-    3  E_tx   0.021 Wh  solar    0.00 Wh  SOC 100.0%  deaths 0  [grid]
  stinson_lake_gw        tx    36  rx   3436  col    0  dup-    0  E_tx   0.005 Wh  solar    0.00 Wh  SOC 100.0%  deaths 0  [grid]
  attitash_base          tx     0  rx  10398  col    2  dup-    0  E_tx   0.000 Wh  solar    0.00 Wh  SOC 100.0%  deaths 0  [grid]
  iron_s_ledge           tx  5871  rx  11913  col    3  dup-    0  E_tx   0.597 Wh  solar  726.65 Wh  SOC  6.0%  deaths 224  [solar]
  rocky_branch_knoll     tx  8993  rx  11881  col    6  dup-    0  E_tx   0.915 Wh  solar  778.98 Wh  SOC  6.0%  deaths 244  [solar]
  mt_cube_farm           tx     0  rx   6409  col    0  dup-    0  E_tx   0.000 Wh  solar    0.00 Wh  SOC 100.0%  deaths 0  [grid]
  cube_s_ledge           tx  3199  rx   3148  col    0  dup-    0  E_tx   0.325 Wh  solar  768.73 Wh  SOC  6.0%  deaths 236  [solar]
  deer_mtn_cg            tx     0  rx   3201  col    0  dup-    0  E_tx   0.000 Wh  solar    0.00 Wh  SOC 100.0%  deaths 0  [grid]
  millen_pond            tx 19193  rx  21429  col    6  dup-    0  E_tx   1.952 Wh  solar  790.49 Wh  SOC  6.0%  deaths 246  [solar]
  faxon_hill             tx  3641  rx  43363  col  166  dup-    0  E_tx   0.370 Wh  solar  786.88 Wh  SOC  6.0%  deaths 245  [solar]
  greenway_mid           tx 12526  rx  35052  col  372  dup-    0  E_tx   1.274 Wh  solar  776.46 Wh  SOC  6.0%  deaths 244  [solar]
  kittredge_hill         tx  3278  rx  36106  col  310  dup-    0  E_tx   0.333 Wh  solar  790.21 Wh  SOC  6.0%  deaths 244  [solar]
  bryant_ledge           tx  6495  rx  28091  col   39  dup-    0  E_tx   0.661 Wh  solar  783.93 Wh  SOC  6.1%  deaths 245  [solar]
  pisgah_w_knoll         tx  3217  rx  10827  col    2  dup-    0  E_tx   0.327 Wh  solar  776.76 Wh  SOC  5.9%  deaths 245  [solar]
  kilburn_ridge          tx  6529  rx   9260  col    0  dup-    0  E_tx   0.664 Wh  solar  789.54 Wh  SOC  6.0%  deaths 246  [solar]
  moose_mtn_at           tx  3191  rx   6405  col    1  dup-    0  E_tx   0.325 Wh  solar  770.55 Wh  SOC  5.9%  deaths 244  [solar]
  black_mtn_benton       tx  3294  rx  16732  col    5  dup-   20  E_tx   0.336 Wh  solar  784.51 Wh  SOC  6.1%  deaths 244  [solar]
  prospect_weeks         tx     0  rx      0  col    0  dup-    0  E_tx   0.000 Wh  solar    0.00 Wh  SOC 100.0%  deaths 0  [grid]
  moose_mtn_lodge        tx     0  rx   7065  col    1  dup-    0  E_tx   0.000 Wh  solar    0.00 Wh  SOC 100.0%  deaths 0  [grid]
  moose_s_ledge          tx  6419  rx   3387  col    0  dup-    0  E_tx   0.653 Wh  solar  786.65 Wh  SOC  6.0%  deaths 244  [solar]
  radio_gateway_marshfield_0 tx 12560  rx 121344  col 17010  dup-    0  E_tx   1.376 Wh  solar    0.00 Wh  SOC 100.0%  deaths 0  [battery]
  radio_gateway_marshfield_1 tx 12509  rx  96919  col 11827  dup-    0  E_tx   1.370 Wh  solar    0.00 Wh  SOC 100.0%  deaths 0  [battery]
  radio_gateway_marshfield_2 tx 12453  rx  96073  col 11983  dup-    0  E_tx   1.364 Wh  solar    0.00 Wh  SOC 100.0%  deaths 0  [battery]
  radio_gateway_marshfield_3 tx 14642  rx 145998  col 20558  dup-    0  E_tx   1.604 Wh  solar    0.00 Wh  SOC 100.0%  deaths 0  [battery]
  radio_pinkham_notch_vc_0 tx 14673  rx 150161  col 19869  dup-    0  E_tx   1.608 Wh  solar    0.00 Wh  SOC 100.0%  deaths 0  [battery]
  radio_pinkham_notch_vc_1 tx 12462  rx  82281  col 8273  dup-    0  E_tx   1.363 Wh  solar    0.00 Wh  SOC 100.0%  deaths 0  [battery]
  radio_pinkham_notch_vc_2 tx 10339  rx  99117  col 8722  dup-    0  E_tx   1.131 Wh  solar    0.00 Wh  SOC 100.0%  deaths 0  [battery]
  radio_pinkham_notch_vc_3 tx 10354  rx 119619  col 10226  dup-    0  E_tx   1.132 Wh  solar    0.00 Wh  SOC 100.0%  deaths 0  [battery]
  radio_highland_center_0 tx    34  rx    360  col   62  dup-    0  E_tx   0.004 Wh  solar    0.00 Wh  SOC 100.0%  deaths 0  [battery]
  radio_highland_center_1 tx    34  rx    383  col   77  dup-    0  E_tx   0.004 Wh  solar    0.00 Wh  SOC 100.0%  deaths 0  [battery]
  radio_highland_center_2 tx    34  rx    370  col   71  dup-    0  E_tx   0.004 Wh  solar    0.00 Wh  SOC 100.0%  deaths 0  [battery]
  radio_highland_center_3 tx    36  rx    378  col   55  dup-    0  E_tx   0.004 Wh  solar    0.00 Wh  SOC 100.0%  deaths 0  [battery]
  radio_appalachia_th_0  tx  9627  rx  42773  col  908  dup-    0  E_tx   1.052 Wh  solar    0.00 Wh  SOC 100.0%  deaths 0  [battery]
  radio_appalachia_th_1  tx  9708  rx  43445  col 1060  dup-    0  E_tx   1.062 Wh  solar    0.00 Wh  SOC 100.0%  deaths 0  [battery]
  radio_appalachia_th_2  tx     0  rx      0  col    0  dup-    0  E_tx   0.000 Wh  solar    0.00 Wh  SOC 100.0%  deaths 0  [battery]
  radio_appalachia_th_3  tx     0  rx      0  col    0  dup-    0  E_tx   0.000 Wh  solar    0.00 Wh  SOC 100.0%  deaths 0  [battery]
  radio_glen_house_0     tx    36  rx    284  col   28  dup-    0  E_tx   0.004 Wh  solar    0.00 Wh  SOC 100.0%  deaths 0  [battery]
  radio_glen_house_1     tx    33  rx    291  col   43  dup-    0  E_tx   0.004 Wh  solar    0.00 Wh  SOC 100.0%  deaths 0  [battery]
  radio_glen_house_2     tx    34  rx    269  col   27  dup-    0  E_tx   0.004 Wh  solar    0.00 Wh  SOC 100.0%  deaths 0  [battery]
  radio_glen_house_3     tx    35  rx    280  col   37  dup-    0  E_tx   0.004 Wh  solar    0.00 Wh  SOC 100.0%  deaths 0  [battery]
  radio_great_gulf_th_0  tx  5958  rx  35818  col 2106  dup-    0  E_tx   0.648 Wh  solar    0.00 Wh  SOC 100.0%  deaths 0  [battery]
  radio_great_gulf_th_1  tx  5929  rx  54101  col 4003  dup-    0  E_tx   0.644 Wh  solar    0.00 Wh  SOC 100.0%  deaths 0  [battery]
  radio_great_gulf_th_2  tx     0  rx      0  col    0  dup-    0  E_tx   0.000 Wh  solar    0.00 Wh  SOC 100.0%  deaths 0  [battery]
  radio_great_gulf_th_3  tx     0  rx      0  col    0  dup-    0  E_tx   0.000 Wh  solar    0.00 Wh  SOC 100.0%  deaths 0  [battery]
  radio_lafayette_place_0 tx  3101  rx   7685  col  166  dup-    0  E_tx   0.333 Wh  solar    0.00 Wh  SOC 100.0%  deaths 0  [battery]
  radio_lafayette_place_1 tx  9296  rx  37293  col 3017  dup-    0  E_tx   1.016 Wh  solar    0.00 Wh  SOC 100.0%  deaths 0  [battery]
  radio_lafayette_place_2 tx  3115  rx  16032  col  999  dup-    0  E_tx   0.335 Wh  solar    0.00 Wh  SOC 100.0%  deaths 0  [battery]
  radio_lafayette_place_3 tx  9265  rx  43845  col 3672  dup-    0  E_tx   1.012 Wh  solar    0.00 Wh  SOC 100.0%  deaths 0  [battery]
  radio_lafayette_place_4 tx     0  rx      0  col    0  dup-    0  E_tx   0.000 Wh  solar    0.00 Wh  SOC 100.0%  deaths 0  [battery]
  radio_lafayette_place_5 tx     0  rx      0  col    0  dup-    0  E_tx   0.000 Wh  solar    0.00 Wh  SOC 100.0%  deaths 0  [battery]
  radio_lincoln_woods_th_0 tx  8918  rx  19564  col  441  dup-    0  E_tx   0.974 Wh  solar    0.00 Wh  SOC 100.0%  deaths 0  [battery]
  radio_lincoln_woods_th_1 tx 17305  rx  60495  col 1437  dup-    0  E_tx   1.898 Wh  solar    0.00 Wh  SOC 100.0%  deaths 0  [battery]
  radio_lincoln_woods_th_2 tx  8910  rx  21838  col  547  dup-    0  E_tx   0.973 Wh  solar    0.00 Wh  SOC 100.0%  deaths 0  [battery]
  radio_lincoln_woods_th_3 tx 17290  rx  64874  col 1668  dup-    0  E_tx   1.897 Wh  solar    0.00 Wh  SOC 100.0%  deaths 0  [battery]
  radio_lincoln_woods_th_4 tx     0  rx      0  col    0  dup-    0  E_tx   0.000 Wh  solar    0.00 Wh  SOC 100.0%  deaths 0  [battery]
  radio_lincoln_woods_th_5 tx     0  rx      0  col    0  dup-    0  E_tx   0.000 Wh  solar    0.00 Wh  SOC 100.0%  deaths 0  [battery]
  radio_ravine_lodge_0   tx  6450  rx   8789  col  211  dup-    0  E_tx   0.702 Wh  solar    0.00 Wh  SOC 100.0%  deaths 0  [battery]
  radio_ravine_lodge_1   tx  6441  rx   9100  col  202  dup-    0  E_tx   0.701 Wh  solar    0.00 Wh  SOC 100.0%  deaths 0  [battery]
  radio_ravine_lodge_2   tx     0  rx      0  col    0  dup-    0  E_tx   0.000 Wh  solar    0.00 Wh  SOC 100.0%  deaths 0  [battery]
  radio_ravine_lodge_3   tx     0  rx      0  col    0  dup-    0  E_tx   0.000 Wh  solar    0.00 Wh  SOC 100.0%  deaths 0  [battery]
  radio_waterville_valley_0 tx 20107  rx  26442  col  793  dup-    0  E_tx   2.206 Wh  solar    0.00 Wh  SOC 100.0%  deaths 0  [battery]
  radio_waterville_valley_1 tx 20150  rx  26782  col  785  dup-    0  E_tx   2.212 Wh  solar    0.00 Wh  SOC 100.0%  deaths 0  [battery]
  radio_waterville_valley_2 tx     0  rx      0  col    0  dup-    0  E_tx   0.000 Wh  solar    0.00 Wh  SOC 100.0%  deaths 0  [battery]
  radio_waterville_valley_3 tx     0  rx      0  col    0  dup-    0  E_tx   0.000 Wh  solar    0.00 Wh  SOC 100.0%  deaths 0  [battery]
  radio_piper_th_0       tx  3652  rx   2267  col    9  dup-    0  E_tx   0.394 Wh  solar    0.00 Wh  SOC 100.0%  deaths 0  [battery]
  radio_piper_th_1       tx  3672  rx   2610  col   10  dup-    0  E_tx   0.397 Wh  solar    0.00 Wh  SOC 100.0%  deaths 0  [battery]
  radio_piper_th_2       tx     0  rx      0  col    0  dup-    0  E_tx   0.000 Wh  solar    0.00 Wh  SOC 100.0%  deaths 0  [battery]
  radio_piper_th_3       tx     0  rx      0  col    0  dup-    0  E_tx   0.000 Wh  solar    0.00 Wh  SOC 100.0%  deaths 0  [battery]
  radio_sawyer_river_th_0 tx  7508  rx  18401  col   97  dup-    0  E_tx   0.819 Wh  solar    0.00 Wh  SOC 100.0%  deaths 0  [battery]
  radio_sawyer_river_th_1 tx  7592  rx  22937  col  156  dup-    0  E_tx   0.830 Wh  solar    0.00 Wh  SOC 100.0%  deaths 0  [battery]
  radio_sawyer_river_th_2 tx     0  rx      0  col    0  dup-    0  E_tx   0.000 Wh  solar    0.00 Wh  SOC 100.0%  deaths 0  [battery]
  radio_sawyer_river_th_3 tx     0  rx      0  col    0  dup-    0  E_tx   0.000 Wh  solar    0.00 Wh  SOC 100.0%  deaths 0  [battery]
  radio_monadnock_hq_0   tx  3808  rx   1478  col    3  dup-    0  E_tx   0.411 Wh  solar    0.00 Wh  SOC 100.0%  deaths 0  [battery]
  radio_monadnock_hq_1   tx  3820  rx   1509  col    7  dup-    0  E_tx   0.412 Wh  solar    0.00 Wh  SOC 100.0%  deaths 0  [battery]
  radio_monadnock_hq_2   tx     0  rx      0  col    0  dup-    0  E_tx   0.000 Wh  solar    0.00 Wh  SOC 100.0%  deaths 0  [battery]
  radio_monadnock_hq_3   tx     0  rx      0  col    0  dup-    0  E_tx   0.000 Wh  solar    0.00 Wh  SOC 100.0%  deaths 0  [battery]
  radio_cardigan_lodge_0 tx  3953  rx   1639  col    1  dup-    0  E_tx   0.427 Wh  solar    0.00 Wh  SOC 100.0%  deaths 0  [battery]
  radio_cardigan_lodge_1 tx  3980  rx   1650  col    1  dup-    0  E_tx   0.431 Wh  solar    0.00 Wh  SOC 100.0%  deaths 0  [battery]
  radio_cardigan_lodge_2 tx     0  rx      0  col    0  dup-    0  E_tx   0.000 Wh  solar    0.00 Wh  SOC 100.0%  deaths 0  [battery]
  radio_cardigan_lodge_3 tx     0  rx      0  col    0  dup-    0  E_tx   0.000 Wh  solar    0.00 Wh  SOC 100.0%  deaths 0  [battery]
  radio_gunstock_top_0   tx  7333  rx   5502  col   18  dup-    0  E_tx   0.799 Wh  solar    0.00 Wh  SOC 100.0%  deaths 0  [battery]
  radio_gunstock_top_1   tx  7301  rx   5792  col   27  dup-    0  E_tx   0.796 Wh  solar    0.00 Wh  SOC 100.0%  deaths 0  [battery]
  radio_gunstock_top_2   tx     0  rx      0  col    0  dup-    0  E_tx   0.000 Wh  solar    0.00 Wh  SOC 100.0%  deaths 0  [battery]
  radio_gunstock_top_3   tx     0  rx      0  col    0  dup-    0  E_tx   0.000 Wh  solar    0.00 Wh  SOC 100.0%  deaths 0  [battery]
  radio_winslow_hq_0     tx  3920  rx     53  col    0  dup-    0  E_tx   0.420 Wh  solar    0.00 Wh  SOC 100.0%  deaths 0  [battery]
  radio_winslow_hq_1     tx     0  rx      0  col    0  dup-    0  E_tx   0.000 Wh  solar    0.00 Wh  SOC 100.0%  deaths 0  [battery]
  radio_winslow_hq_2     tx     0  rx      0  col    0  dup-    0  E_tx   0.000 Wh  solar    0.00 Wh  SOC 100.0%  deaths 0  [battery]
  radio_winslow_hq_3     tx     0  rx      0  col    0  dup-    0  E_tx   0.000 Wh  solar    0.00 Wh  SOC 100.0%  deaths 0  [battery]
  radio_miller_hq_0      tx  3169  rx     79  col    0  dup-    0  E_tx   0.339 Wh  solar    0.00 Wh  SOC 100.0%  deaths 0  [battery]
  radio_miller_hq_1      tx     0  rx      0  col    0  dup-    0  E_tx   0.000 Wh  solar    0.00 Wh  SOC 100.0%  deaths 0  [battery]
  radio_miller_hq_2      tx     0  rx      0  col    0  dup-    0  E_tx   0.000 Wh  solar    0.00 Wh  SOC 100.0%  deaths 0  [battery]
  radio_miller_hq_3      tx     0  rx      0  col    0  dup-    0  E_tx   0.000 Wh  solar    0.00 Wh  SOC 100.0%  deaths 0  [battery]
  radio_rockywold_camps_0 tx  4173  rx   2017  col   34  dup-    0  E_tx   0.451 Wh  solar    0.00 Wh  SOC 100.0%  deaths 0  [battery]
  radio_rockywold_camps_1 tx  4214  rx   2191  col   30  dup-    0  E_tx   0.457 Wh  solar    0.00 Wh  SOC 100.0%  deaths 0  [battery]
  radio_rockywold_camps_2 tx     0  rx      0  col    0  dup-    0  E_tx   0.000 Wh  solar    0.00 Wh  SOC 100.0%  deaths 0  [battery]
  radio_rockywold_camps_3 tx     0  rx      0  col    0  dup-    0  E_tx   0.000 Wh  solar    0.00 Wh  SOC 100.0%  deaths 0  [battery]
  radio_rumney_village_0 tx  4185  rx   1867  col   41  dup-    0  E_tx   0.453 Wh  solar    0.00 Wh  SOC 100.0%  deaths 0  [battery]
  radio_rumney_village_1 tx  4217  rx   1974  col   51  dup-    0  E_tx   0.457 Wh  solar    0.00 Wh  SOC 100.0%  deaths 0  [battery]
  radio_rumney_village_2 tx     0  rx      0  col    0  dup-    0  E_tx   0.000 Wh  solar    0.00 Wh  SOC 100.0%  deaths 0  [battery]
  radio_rumney_village_3 tx     0  rx      0  col    0  dup-    0  E_tx   0.000 Wh  solar    0.00 Wh  SOC 100.0%  deaths 0  [battery]
  radio_glen_ellis_0     tx 17721  rx 145188  col 14522  dup-    0  E_tx   1.943 Wh  solar    0.00 Wh  SOC 100.0%  deaths 0  [battery]
  radio_glen_ellis_1     tx 17692  rx 131943  col 12163  dup-    0  E_tx   1.940 Wh  solar    0.00 Wh  SOC 100.0%  deaths 0  [battery]
  radio_glen_ellis_2     tx     0  rx      0  col    0  dup-    0  E_tx   0.000 Wh  solar    0.00 Wh  SOC 100.0%  deaths 0  [battery]
  radio_glen_ellis_3     tx     0  rx      0  col    0  dup-    0  E_tx   0.000 Wh  solar    0.00 Wh  SOC 100.0%  deaths 0  [battery]
  radio_twin_mountain_village_0 tx 21117  rx  50707  col 2203  dup-    0  E_tx   2.320 Wh  solar    0.00 Wh  SOC 100.0%  deaths 0  [battery]
  radio_twin_mountain_village_1 tx 21082  rx  50606  col 2245  dup-    0  E_tx   2.315 Wh  solar    0.00 Wh  SOC 98.9%  deaths 0  [battery]
  radio_twin_mountain_village_2 tx     0  rx      0  col    0  dup-    0  E_tx   0.000 Wh  solar    0.00 Wh  SOC 100.0%  deaths 0  [battery]
  radio_twin_mountain_village_3 tx     0  rx      0  col    0  dup-    0  E_tx   0.000 Wh  solar    0.00 Wh  SOC 100.0%  deaths 0  [battery]
  radio_wild_river_cg_0  tx 14494  rx  38991  col 2165  dup-    0  E_tx   1.589 Wh  solar    0.00 Wh  SOC 100.0%  deaths 0  [battery]
  radio_wild_river_cg_1  tx 14501  rx  39215  col 2374  dup-    0  E_tx   1.590 Wh  solar    0.00 Wh  SOC 100.0%  deaths 0  [battery]
  radio_wild_river_cg_2  tx     0  rx      0  col    0  dup-    0  E_tx   0.000 Wh  solar    0.00 Wh  SOC 100.0%  deaths 0  [battery]
  radio_wild_river_cg_3  tx     0  rx      0  col    0  dup-    0  E_tx   0.000 Wh  solar    0.00 Wh  SOC 100.0%  deaths 0  [battery]
  radio_bear_brook_hq_0  tx  3384  rx     41  col    1  dup-    0  E_tx   0.363 Wh  solar    0.00 Wh  SOC 100.0%  deaths 0  [battery]
  radio_bear_brook_hq_1  tx     0  rx      0  col    0  dup-    0  E_tx   0.000 Wh  solar    0.00 Wh  SOC 100.0%  deaths 0  [battery]
  radio_bear_brook_hq_2  tx     0  rx      0  col    0  dup-    0  E_tx   0.000 Wh  solar    0.00 Wh  SOC 100.0%  deaths 0  [battery]
  radio_bear_brook_hq_3  tx     0  rx      0  col    0  dup-    0  E_tx   0.000 Wh  solar    0.00 Wh  SOC 100.0%  deaths 0  [battery]
wrote artifacts/sim/kiosk_trace_energy_aware.jsonl, artifacts/sim/kiosk_summary_energy_aware.json
