learned policy (266 Q entries, 1589544 updates, eps 0.02) -> artifacts/sim/ml/policy_rl_duty.json
{
  "mode": "rl_duty",
  "days": 365.0,
  "hop_limit": 3,
  "n_renters": 0,
  "rental": {
    "walker_days": 17885,
    "served": 17885,
    "starved": 0,
    "availability": 1.0,
    "mean_checkout_soc": 1.0
  },
  "fleet_energy": {
    "mean_duty": 0.0365,
    "final_soc_std": 0.1048,
    "final_soc_min": 0.0564,
    "deaths_total": 1463,
    "relay_energy_gini": 0.3419,
    "soc_series_6h": [
      [
        0.25,
        0.989,
        0.991,
        0.991,
        0.0042
      ],
      [
        0.5,
        0.985,
        0.988,
        1.0,
        0.0104
      ],
      [
        0.75,
        1.0,
        1.0,
        1.0,
        0.0092
      ],
      [
        1.0,
        0.999,
        1.0,
        1.0,
        0.0106
      ],
      [
        1.25,
        0.988,
        0.989,
        0.99,
        0.0149
      ],
      [
        1.5,
        0.986,
        0.989,
        1.0,
        0.0201
      ],
      [
        1.75,
        1.0,
        1.0,
        1.0,
        0.0182
      ],
      [
        2.0,
        0.998,
        1.0,
        1.0,
        0.0185
      ],
      [
        2.25,
        0.988,
        0.99,
        0.991,
        0.0228
      ],
      [
        2.5,
        0.985,
        0.988,
        1.0,
        0.0279
      ],
      [
        2.75,
        1.0,
        1.0,
        1.0,
        0.0269
      ],
      [
        3.0,
        0.998,
        1.0,
        1.0,
        0.0276
      ],
      [
        3.25,
        0.988,
        0.99,
        0.991,
        0.0319
      ],
      [
        3.5,
        0.985,
        0.987,
        1.0,
        0.037
      ],
      [
        3.75,
        1.0,
        1.0,
        1.0,
        0.0369
      ],
      [
        4.0,
        0.998,
        1.0,
        1.0,
        0.0382
      ],
      [
        4.25,
        0.988,
        0.99,
        0.991,
        0.0425
      ],
      [
        4.5,
        0.986,
        0.989,
        1.0,
        0.0473
      ],
      [
        4.75,
        1.0,
        1.0,
        1.0,
        0.0462
      ],
      [
        5.0,
        0.998,
        1.0,
        1.0,
        0.0467
      ],
      [
        5.25,
        0.988,
        0.989,
        0.991,
        0.051
      ],
      [
        5.5,
        0.986,
        0.988,
        1.0,
        0.0558
      ],
      [
        5.75,
        1.0,
        1.0,
        1.0,
        0.0546
      ],
      [
        6.0,
        0.998,
        1.0,
        1.0,
        0.0551
      ],
      [
        6.25,
        0.988,
        0.99,
        0.991,
        0.0594
      ],
      [
        6.5,
        0.986,
        0.989,
        1.0,
        0.064
      ],
      [
        6.75,
        1.0,
        1.0,
        1.0,
        0.0621
      ],
      [
        7.0,
        0.998,
        1.0,
        1.0,
        0.062
      ],
      [
        7.25,
        0.988,
        0.989,
        0.99,
        0.0662
      ],
      [
        7.5,
        0.984,
        0.987,
        1.0,
        0.0711
      ],
      [
        7.75,
        1.0,
        1.0,
        1.0,
        0.0708
      ],
      [
        8.0,
        0.998,
        1.0,
        1.0,
        0.0718
      ],
      [
        8.25,
        0.988,
        0.989,
        0.99,
        0.076
      ],
      [
        8.5,
        0.982,
        0.985,
        1.0,
        0.081
      ],
      [
        8.75,
        1.0,
        1.0,
        1.0,
        0.0825
      ],
      [
        9.0,
        0.999,
        1.0,
        1.0,
        0.0846
      ],
      [
        9.25,
        0.988,
        0.99,
        0.99,
        0.0888
      ],
      [
        9.5,
        0.982,
        0.984,
        1.0,
        0.0938
      ],
      [
        9.75,
        1.0,
        1.0,
        1.0,
        0.0959
      ],
      [
        10.0,
        0.998,
        0.999,
        1.0,
        0.0983
      ],
      [
        10.25,
        0.988,
        0.989,
        0.99,
        0.1025
      ],
      [
        10.5,
        0.985,
        0.988,
        1.0,
        0.1072
      ],
      [
        10.75,
        1.0,
        1.0,
        1.0,
        0.106
      ],
      [
        11.0,
        0.998,
        1.0,
        1.0,
        0.1064
      ],
      [
        11.25,
        0.988,
        0.989,
        0.99,
        0.1093
      ],
      [
        11.5,
        0.984,
        0.987,
        1.0,
        0.1096
      ],
      [
        11.75,
        1.0,
        1.0,
        1.0,
        0.105
      ],
      [
        12.0,
        0.998,
        1.0,
        1.0,
        0.1057
      ],
      [
        12.25,
        0.987,
        0.989,
        0.99,
        0.1098
      ],
      [
        12.5,
        0.983,
        0.987,
        1.0,
        0.1096
      ],
      [
        12.75,
        1.0,
        1.0,
        1.0,
        0.1051
      ],
      [
        13.0,
        0.998,
        1.0,
        1.0,
        0.1058
      ],
      [
        13.25,
        0.988,
        0.989,
        0.99,
        0.11
      ],
      [
        13.5,
        0.981,
        0.984,
        1.0,
        0.1098
      ],
      [
        13.75,
        1.0,
        1.0,
        1.0,
        0.1067
      ],
      [
        14.0,
        0.998,
        0.999,
        1.0,
        0.1081
      ],
      [
        14.25,
        0.988,
        0.989,
        0.99,
        0.1102
      ],
      [
        14.5,
        0.985,
        0.989,
        1.0,
        0.1095
      ],
      [
        14.75,
        1.0,
        1.0,
        1.0,
        0.1037
      ],
      [
        15.0,
        0.998,
        1.0,
        1.0,
        0.1032
      ],
      [
        15.25,
        0.988,
        0.99,
        0.99,
        0.1074
      ],
      [
        15.5,
        0.986,
        0.989,
        1.0,
        0.1095
      ],
      [
        15.75,
        1.0,
        1.0,
        1.0,
        0.1041
      ],
      [
        16.0,
        0.998,
        1.0,
        1.0,
        0.1039
      ],
      [
        16.25,
        0.988,
        0.989,
        0.99,
        0.1082
      ],
      [
        16.5,
        0.984,
        0.987,
        1.0,
        0.1096
      ],
      [
        16.75,
        1.0,
        1.0,
        1.0,
        0.1051
      ],
      [
        17.0,
        0.998,
        1.0,
        1.0,
        0.106
      ],
      [
        17.25,
        0.988,
        0.99,
        0.99,
        0.1101
      ],
      [
        17.5,
        0.985,
        0.989,
        1.0,
        0.1096
      ],
      [
        17.75,
        0.999,
        1.0,
        1.0,
        0.1045
      ],
      [
        18.0,
        0.998,
        1.0,
        1.0,
        0.1047
      ],
      [
        18.25,
        0.987,
        0.989,
        0.99,
        0.1089
      ],
      [
        18.5,
        0.984,
        0.989,
        1.0,
        0.1095
      ],
      [
        18.75,
        1.0,
        1.0,
        1.0,
        0.1038
      ],
      [
        19.0,
        0.998,
        1.0,
        1.0,
        0.1033
      ],
      [
        19.25,
        0.987,
        0.989,
        0.99,
        0.1075
      ],
      [
        19.5,
        0.981,
        0.984,
        1.0,
        0.1099
      ],
      [
        19.75,
        1.0,
        1.0,
        1.0,
        0.1068
      ],
      [
        20.0,
        0.998,
        0.999,
        1.0,
        0.1082
      ],
      [
        20.25,
        0.988,
        0.989,
        0.99,
        0.1102
      ],
      [
        20.5,
        0.983,
        0.986,
        1.0,
        0.1097
      ],
      [
        20.75,
        1.0,
        1.0,
        1.0,
        0.1054
      ],
      [
        21.0,
        0.998,
        0.999,
        1.0,
        0.1065
      ],
      [
        21.25,
        0.986,
        0.988,
        0.99,
        0.1102
      ],
      [
        21.5,
        0.983,
        0.989,
        1.0,
        0.1095
      ],
      [
        21.75,
        1.0,
        1.0,
        1.0,
        0.1041
      ],
      [
        22.0,
        0.998,
        1.0,
        1.0,
        0.1038
      ],
      [
        22.25,
        0.987,
        0.988,
        0.99,
        0.108
      ],
      [
        22.5,
        0.984,
        0.989,
        1.0,
        0.1095
      ],
      [
        22.75,
        0.999,
        1.0,
        1.0,
        0.1037
      ],
      [
        23.0,
        0.998,
        1.0,
        1.0,
        0.1031
      ],
      [
        23.25,
        0.987,
        0.989,
        0.99,
        0.1074
      ],
      [
        23.5,
        0.984,
        0.989,
        1.0,
        0.1095
      ],
      [
        23.75,
        1.0,
        1.0,
        1.0,
        0.1037
      ],
      [
        24.0,
        0.998,
        0.999,
        1.0,
        0.1032
      ],
      [
        24.25,
        0.987,
        0.989,
        0.99,
        0.1074
      ],
      [
        24.5,
        0.981,
        0.984,
        1.0,
        0.1098
      ],
      [
        24.75,
        1.0,
        1.0,
        1.0,
        0.1064
      ],
      [
        25.0,
        0.998,
        0.999,
        1.0,
        0.1081
      ],
      [
        25.25,
        0.988,
        0.989,
        0.99,
        0.1102
      ],
      [
        25.5,
        0.986,
        0.989,
        1.0,
        0.1096
      ],
      [
        25.75,
        1.0,
        1.0,
        1.0,
        0.1037
      ],
      [
        26.0,
        0.998,
        0.999,
        1.0,
        0.1031
      ],
      [
        26.25,
        0.987,
        0.989,
        0.99,
        0.1073
      ],
      [
        26.5,
        0.981,
        0.985,
        1.0,
        0.1098
      ],
      [
        26.75,
        1.0,
        1.0,
        1.0,
        0.1058
      ],
      [
        27.0,
        0.998,
        0.999,
        1.0,
        0.1076
      ],
      [
        27.25,
        0.987,
        0.989,
        0.99,
        0.1102
      ],
      [
        27.5,
        0.983,
        0.988,
        1.0,
        0.1096
      ],
      [
        27.75,
        1.0,
        1.0,
        1.0,
        0.1044
      ],
      [
        28.0,
        0.998,
        0.999,
        1.0,
        0.1045
      ],
      [
        28.25,
        0.988,
        0.989,
        0.99,
        0.1088
      ],
      [
        28.5,
        0.984,
        0.988,
        1.0,
        0.1096
      ],
      [
        28.75,
        0.999,
        1.0,
        1.0,
        0.1044
      ],
      [
        29.0,
        0.998,
        0.999,
        1.0,
        0.1046
      ],
      [
        29.25,
        0.987,
        0.989,
        0.99,
        0.1088
      ],
      [
        29.5,
        0.983,
        0.987,
        1.0,
        0.1096
      ],
      [
        29.75,
        1.0,
        1.0,
        1.0,
        0.1048
      ],
      [
        30.0,
        0.998,
        0.999,
        1.0,
        0.1053
      ],
      [
        30.25,
        0.988,
        0.99,
        0.99,
        0.1096
      ],
      [
        30.5,
        0.98,
        0.982,
        0.992,
        0.1096
      ],
      [
        30.75,
        0.991,
        0.994,
        1.0,
        0.1084
      ],
      [
        31.0,
        0.995,
        0.998,
        1.0,
        0.1071
      ],
      [
        31.25,
        0.985,
        0.988,
        0.989,
        0.106
      ],
      [
        31.5,
        0.98,
        0.986,
        1.0,
        0.1054
      ],
      [
        31.75,
        1.0,
        1.0,
        1.0,
        0.103
      ],
      [
        32.0,
        0.997,
        0.999,
        1.0,
        0.1032
      ],
      [
        32.25,
        0.986,
        0.988,
        0.99,
        0.1073
      ],
      [
        32.5,
        0.983,
        0.987,
        1.0,
        0.1096
      ],
      [
        32.75,
        1.0,
        1.0,
        1.0,
        0.1042
      ],
      [
        33.0,
        0.997,
        0.999,
        1.0,
        0.1042
      ],
      [
        33.25,
        0.987,
        0.989,
        0.99,
        0.1085
      ],
      [
        33.5,
        0.982,
        0.987,
        1.0,
        0.1096
      ],
      [
        33.75,
        1.0,
        1.0,
        1.0,
        0.1043
      ],
      [
        34.0,
        0.998,
        0.999,
        1.0,
        0.1044
      ],
      [
        34.25,
        0.986,
        0.989,
        0.99,
        0.1086
      ],
      [
        34.5,
        0.982,
        0.987,
        1.0,
        0.1096
      ],
      [
        34.75,
        0.999,
        1.0,
        1.0,
        0.1041
      ],
      [
        35.0,
        0.997,
        0.999,
        1.0,
        0.1041
      ],
      [
        35.25,
        0.987,
        0.988,
        0.99,
        0.1083
      ],
      [
        35.5,
        0.982,
        0.985,
        1.0,
        0.1097
      ],
      [
        35.75,
        1.0,
        1.0,
        1.0,
        0.1054
      ],
      [
        36.0,
        0.998,
        0.999,
        1.0,
        0.1067
      ],
      [
        36.25,
        0.987,
        0.988,
        0.99,
        0.1101
      ],
      [
        36.5,
        0.982,
        0.984,
        1.0,
        0.1097
      ],
      [
        36.75,
        1.0,
        1.0,
        1.0,
        0.1057
      ],
      [
        37.0,
        0.998,
        0.999,
        0.999,
        0.1073
      ],
      [
        37.25,
        0.986,
        0.988,
        0.99,
        0.1101
      ],
      [
        37.5,
        0.982,
        0.986,
        1.0,
        0.1096
      ],
      [
        37.75,
        1.0,
        1.0,
        1.0,
        0.1047
      ],
      [
        38.0,
        0.997,
        0.999,
        1.0,
        0.1052
      ],
      [
        38.25,
        0.987,
        0.988,
        0.99,
        0.1094
      ],
      [
        38.5,
        0.981,
        0.984,
        1.0,
        0.1097
      ],
      [
        38.75,
        0.999,
        1.0,
        1.0,
        0.1055
      ],
      [
        39.0,
        0.998,
        0.999,
        1.0,
        0.1069
      ],
      [
        39.25,
        0.988,
        0.989,
        0.99,
        0.1102
      ],
      [
        39.5,
        0.982,
        0.986,
        1.0,
        0.1097
      ],
      [
        39.75,
        1.0,
        1.0,
        1.0,
        0.1045
      ],
      [
        40.0,
        0.997,
        0.999,
        0.999,
        0.1049
      ],
      [
        40.25,
        0.988,
        0.989,
        0.99,
        0.1092
      ],
      [
        40.5,
        0.983,
        0.987,
        1.0,
        0.1097
      ],
      [
        40.75,
        1.0,
        1.0,
        1.0,
        0.1044
      ],
      [
        41.0,
        0.997,
        0.999,
        0.999,
        0.1047
      ],
      [
        41.25,
        0.987,
        0.989,
        0.99,
        0.1089
      ],
      [
        41.5,
        0.982,
        0.986,
        1.0,
        0.1097
      ],
      [
        41.75,
        0.999,
        1.0,
        1.0,
        0.1045
      ],
      [
        42.0,
        0.997,
        0.999,
        0.999,
        0.1049
      ],
      [
        42.25,
        0.987,
        0.989,
        0.99,
        0.1091
      ],
      [
        42.5,
        0.982,
        0.986,
        1.0,
        0.1097
      ],
      [
        42.75,
        1.0,
        1.0,
        1.0,
        0.1047
      ],
      [
        43.0,
        0.997,
        0.999,
        0.999,
        0.1052
      ],
      [
        43.25,
        0.987,
        0.989,
        0.99,
        0.1095
      ],
      [
        43.5,
        0.982,
        0.985,
        1.0,
        0.1097
      ],
      [
        43.75,
        0.999,
        1.0,
        1.0,
        0.105
      ],
      [
        44.0,
        0.997,
        0.999,
        0.999,
        0.1058
      ],
      [
        44.25,
        0.986,
        0.988,
        0.99,
        0.1099
      ],
      [
        44.5,
        0.981,
        0.985,
        1.0,
        0.1097
      ],
      [
        44.75,
        1.0,
        1.0,
        1.0,
        0.105
      ],
      [
        45.0,
        0.997,
        0.999,
        0.999,
        0.1059
      ],
      [
        45.25,
        0.987,
        0.989,
        0.99,
        0.11
      ],
      [
        45.5,
        0.983,
        0.986,
        1.0,
        0.1097
      ],
      [
        45.75,
        1.0,
        1.0,
        1.0,
        0.1043
      ],
      [
        46.0,
        0.997,
        0.999,
        0.999,
        0.1045
      ],
      [
        46.25,
        0.987,
        0.989,
        0.99,
        0.1088
      ],
      [
        46.5,
        0.982,
        0.986,
        1.0,
        0.1097
      ],
      [
        46.75,
        1.0,
        1.0,
        1.0,
        0.1042
      ],
      [
        47.0,
        0.997,
        0.999,
        0.999,
        0.1045
      ],
      [
        47.25,
        0.988,
        0.988,
        0.99,
        0.1087
      ],
      [
        47.5,
        0.982,
        0.985,
        1.0,
        0.1097
      ],
      [
        47.75,
        1.0,
        1.0,
        1.0,
        0.1052
      ],
      [
        48.0,
        0.997,
        0.999,
        0.999,
        0.1064
      ],
      [
        48.25,
        0.987,
        0.989,
        0.99,
        0.1102
      ],
      [
        48.5,
        0.982,
        0.986,
        1.0,
        0.1096
      ],
      [
        48.75,
        1.0,
        1.0,
        1.0,
        0.1042
      ],
      [
        49.0,
        0.997,
        0.999,
        0.999,
        0.1044
      ],
      [
        49.25,
        0.987,
        0.988,
        0.989,
        0.1086
      ],
      [
        49.5,
        0.98,
        0.984,
        1.0,
        0.1096
      ],
      [
        49.75,
        1.0,
        1.0,
        1.0,
        0.105
      ],
      [
        50.0,
        0.997,
        0.999,
        0.999,
        0.106
      ],
      [
        50.25,
        0.987,
        0.988,
        0.989,
        0.11
      ],
      [
        50.5,
        0.979,
        0.983,
        1.0,
        0.1098
      ],
      [
        50.75,
        1.0,
        1.0,
        1.0,
        0.1063
      ],
      [
        51.0,
        0.998,
        0.999,
        0.999,
        0.1081
      ],
      [
        51.25,
        0.987,
        0.989,
        0.989,
        0.1102
      ],
      [
        51.5,
        0.981,
        0.985,
        1.0,
        0.1097
      ],
      [
        51.75,
        1.0,
        1.0,
        1.0,
        0.1043
      ],
      [
        52.0,
        0.997,
        0.999,
        0.999,
        0.1047
      ],
      [
        52.25,
        0.986,
        0.989,
        0.99,
        0.1089
      ],
      [
        52.5,
        0.98,
        0.985,
        1.0,
        0.1097
      ],
      [
        52.75,
        1.0,
        1.0,
        1.0,
        0.1048
      ],
      [
        53.0,
        0.997,
        0.998,
        0.999,
        0.1056
      ],
      [
        53.25,
        0.985,
        0.987,
        0.989,
        0.1097
      ],
      [
        53.5,
        0.98,
        0.984,
        1.0,
        0.1097
      ],
      [
        53.75,
        0.999,
        1.0,
        1.0,
        0.1053
      ],
      [
        54.0,
        0.997,
        0.998,
        0.999,
        0.1067
      ],
      [
        54.25,
        0.987,
        0.988,
        0.989,
        0.1101
      ],
      [
        54.5,
        0.979,
        0.983,
        1.0,
        0.1097
      ],
      [
        54.75,
        1.0,
        1.0,
        1.0,
        0.1056
      ],
      [
        55.0,
        0.997,
        0.998,
        0.999,
        0.1073
      ],
      [
        55.25,
        0.986,
        0.988,
        0.989,
        0.1101
      ],
      [
        55.5,
        0.978,
        0.982,
        1.0,
        0.1097
      ],
      [
        55.75,
        1.0,
        1.0,
        1.0,
        0.1065
      ],
      [
        56.0,
        0.996,
        0.998,
        0.998,
        0.1082
      ],
      [
        56.25,
        0.985,
        0.987,
        0.989,
        0.11
      ],
      [
        56.5,
        0.978,
        0.983,
        1.0,
        0.1097
      ],
      [
        56.75,
        1.0,
        1.0,
        1.0,
        0.1057
      ],
      [
        57.0,
        0.997,
        0.998,
        0.999,
        0.1078
      ],
      [
        57.25,
        0.986,
        0.988,
        0.989,
        0.1101
      ],
      [
        57.5,
        0.979,
        0.983,
        1.0,
        0.1097
      ],
      [
        57.75,
        1.0,
        1.0,
        1.0,
        0.1057
      ],
      [
        58.0,
        0.997,
        0.998,
        0.999,
        0.1076
      ],
      [
        58.25,
        0.987,
        0.988,
        0.989,
        0.1101
      ],
      [
        58.5,
        0.981,
        0.984,
        1.0,
        0.1097
      ],
      [
        58.75,
        1.0,
        1.0,
        1.0,
        0.1048
      ],
      [
        59.0,
        0.997,
        0.998,
        0.999,
        0.1057
      ],
      [
        59.25,
        0.987,
        0.988,
        0.989,
        0.1098
      ],
      [
        59.5,
        0.979,
        0.982,
        0.995,
        0.1095
      ],
      [
        59.75,
        1.0,
        1.0,
        1.0,
        0.107
      ],
      [
        60.0,
        0.997,
        0.998,
        0.999,
        0.1083
      ],
      [
        60.25,
        0.986,
        0.988,
        0.989,
        0.11
      ],
      [
        60.5,
        0.979,
        0.981,
        0.993,
        0.1095
      ],
      [
        60.75,
        1.0,
        1.0,
        1.0,
        0.1071
      ],
      [
        61.0,
        0.997,
        0.998,
        0.999,
        0.1083
      ],
      [
        61.25,
        0.987,
        0.988,
        0.989,
        0.1101
      ],
      [
        61.5,
        0.98,
        0.984,
        1.0,
        0.1097
      ],
      [
        61.75,
        0.999,
        1.0,
        1.0,
        0.1046
      ],
      [
        62.0,
        0.997,
        0.998,
        0.998,
        0.1055
      ],
      [
        62.25,
        0.985,
        0.988,
        0.989,
        0.1097
      ],
      [
        62.5,
        0.979,
        0.983,
        1.0,
        0.1097
      ],
      [
        62.75,
        1.0,
        1.0,
        1.0,
        0.1052
      ],
      [
        63.0,
        0.996,
        0.998,
        0.998,
        0.1066
      ],
      [
        63.25,
        0.987,
        0.988,
        0.989,
        0.1101
      ],
      [
        63.5,
        0.979,
        0.982,
        1.0,
        0.1097
      ],
      [
        63.75,
        1.0,
        1.0,
        1.0,
        0.1054
      ],
      [
        64.0,
        0.996,
        0.998,
        0.998,
        0.107
      ],
      [
        64.25,
        0.986,
        0.988,
        0.989,
        0.1101
      ],
      [
        64.5,
        0.979,
        0.982,
        1.0,
        0.1097
      ],
      [
        64.75,
        1.0,
        1.0,
        1.0,
        0.1053
      ],
      [
        65.0,
        0.996,
        0.998,
        0.998,
        0.1069
      ],
      [
        65.25,
        0.985,
        0.987,
        0.989,
        0.11
      ],
      [
        65.5,
        0.978,
        0.982,
        1.0,
        0.1097
      ],
      [
        65.75,
        1.0,
        1.0,
        1.0,
        0.1055
      ],
      [
        66.0,
        0.996,
        0.998,
        0.998,
        0.1072
      ],
      [
        66.25,
        0.985,
        0.987,
        0.989,
        0.11
      ],
      [
        66.5,
        0.978,
        0.981,
        0.995,
        0.1095
      ],
      [
        66.75,
        1.0,
        1.0,
        1.0,
        0.1059
      ],
      [
        67.0,
        0.996,
        0.997,
        0.998,
        0.108
      ],
      [
        67.25,
        0.986,
        0.988,
        0.989,
        0.1101
      ],
      [
        67.5,
        0.978,
        0.98,
        0.988,
        0.1093
      ],
      [
        67.75,
        0.993,
        0.997,
        1.0,
        0.1081
      ],
      [
        68.0,
        0.996,
        0.997,
        0.998,
        0.1065
      ],
      [
        68.25,
        0.986,
        0.987,
        0.988,
        0.1054
      ],
      [
        68.5,
        0.978,
        0.98,
        0.991,
        0.1048
      ],
      [
        68.75,
        1.0,
        1.0,
        1.0,
        0.1064
      ],
      [
        69.0,
        0.997,
        0.997,
        0.998,
        0.1094
      ],
      [
        69.25,
        0.987,
        0.987,
        0.988,
        0.11
      ],
      [
        69.5,
        0.98,
        0.982,
        1.0,
        0.1097
      ],
      [
        69.75,
        1.0,
        1.0,
        1.0,
        0.105
      ],
      [
        70.0,
        0.996,
        0.998,
        0.998,
        0.1064
      ],
      [
        70.25,
        0.986,
        0.987,
        0.988,
        0.11
      ],
      [
        70.5,
        0.979,
        0.982,
        1.0,
        0.1097
      ],
      [
        70.75,
        1.0,
        1.0,
        1.0,
        0.1049
      ],
      [
        71.0,
        0.996,
        0.998,
        0.998,
        0.1062
      ],
      [
        71.25,
        0.986,
        0.987,
        0.988,
        0.11
      ],
      [
        71.5,
        0.979,
        0.981,
        1.0,
        0.1097
      ],
      [
        71.75,
        0.999,
        1.0,
        1.0,
        0.105
      ],
      [
        72.0,
        0.996,
        0.998,
        0.998,
        0.1063
      ],
      [
        72.25,
        0.985,
        0.987,
        0.988,
        0.11
      ],
      [
        72.5,
        0.978,
        0.981,
        0.999,
        0.1096
      ],
      [
        72.75,
        1.0,
        1.0,
        1.0,
        0.1053
      ],
      [
        73.0,
        0.996,
        0.997,
        0.998,
        0.107
      ],
      [
        73.25,
        0.986,
        0.987,
        0.988,
        0.11
      ],
      [
        73.5,
        0.978,
        0.981,
        1.0,
        0.1096
      ],
      [
        73.75,
        1.0,
        1.0,
        1.0,
        0.105
      ],
      [
        74.0,
        0.996,
        0.998,
        0.998,
        0.1064
      ],
      [
        74.25,
        0.986,
        0.987,
        0.988,
        0.11
      ],
      [
        74.5,
        0.977,
        0.98,
        0.992,
        0.1094
      ],
      [
        74.75,
        1.0,
        1.0,
        1.0,
        0.1066
      ],
      [
        75.0,
        0.996,
        0.997,
        0.998,
        0.1084
      ],
      [
        75.25,
        0.986,
        0.988,
        0.988,
        0.1101
      ],
      [
        75.5,
        0.979,
        0.981,
        1.0,
        0.1097
      ],
      [
        75.75,
        1.0,
        1.0,
        1.0,
        0.1054
      ],
      [
        76.0,
        0.996,
        0.997,
        0.998,
        0.1072
      ],
      [
        76.25,
        0.986,
        0.988,
        0.988,
        0.1101
      ],
      [
        76.5,
        0.979,
        0.982,
        1.0,
        0.1097
      ],
      [
        76.75,
        0.999,
        1.0,
        1.0,
        0.1051
      ],
      [
        77.0,
        0.996,
        0.997,
        0.998,
        0.1066
      ],
      [
        77.25,
        0.986,
        0.988,
        0.988,
        0.11
      ],
      [
        77.5,
        0.978,
        0.982,
        1.0,
        0.1097
      ],
      [
        77.75,
        1.0,
        1.0,
        1.0,
        0.1052
      ],
      [
        78.0,
        0.996,
        0.997,
        0.998,
        0.1067
      ],
      [
        78.25,
        0.985,
        0.987,
        0.988,
        0.11
      ],
      [
        78.5,
        0.977,
        0.981,
        1.0,
        0.1097
      ],
      [
        78.75,
        1.0,
        1.0,
        1.0,
        0.1053
      ],
      [
        79.0,
        0.995,
        0.997,
        0.998,
        0.1069
      ],
      [
        79.25,
        0.983,
        0.987,
        0.988,
        0.1099
      ],
      [
        79.5,
        0.975,
        0.981,
        1.0,
        0.1096
      ],
      [
        79.75,
        1.0,
        1.0,
        1.0,
        0.1052
      ],
      [
        80.0,
        0.996,
        0.997,
        0.998,
        0.1069
      ],
      [
        80.25,
        0.986,
        0.987,
        0.988,
        0.11
      ],
      [
        80.5,
        0.978,
        0.981,
        1.0,
        0.1097
      ],
      [
        80.75,
        1.0,
        1.0,
        1.0,
        0.1053
      ],
      [
        81.0,
        0.996,
        0.997,
        0.998,
        0.107
      ],
      [
        81.25,
        0.985,
        0.987,
        0.988,
        0.1099
      ],
      [
        81.5,
        0.977,
        0.981,
        0.999,
        0.1096
      ],
      [
        81.75,
        0.999,
        1.0,
        1.0,
        0.1052
      ],
      [
        82.0,
        0.995,
        0.997,
        0.997,
        0.107
      ],
      [
        82.25,
        0.985,
        0.986,
        0.988,
        0.1099
      ],
      [
        82.5,
        0.977,
        0.98,
        0.997,
        0.1095
      ],
      [
        82.75,
        1.0,
        1.0,
        1.0,
        0.1052
      ],
      [
        83.0,
        0.996,
        0.997,
        0.998,
        0.107
      ],
      [
        83.25,
        0.984,
        0.986,
        0.988,
        0.1099
      ],
      [
        83.5,
        0.976,
        0.98,
        0.995,
        0.1094
      ],
      [
        83.75,
        1.0,
        1.0,
        1.0,
        0.1053
      ],
      [
        84.0,
        0.996,
        0.997,
        0.997,
        0.1072
      ],
      [
        84.25,
        0.984,
        0.987,
        0.988,
        0.11
      ],
      [
        84.5,
        0.977,
        0.978,
        0.979,
        0.109
      ],
      [
        84.75,
        0.984,
        0.986,
        1.0,
        0.1086
      ],
      [
        85.0,
        0.983,
        0.985,
        0.997,
        0.1074
      ],
      [
        85.25,
        0.973,
        0.976,
        0.987,
        0.1064
      ],
      [
        85.5,
        0.965,
        0.967,
        0.985,
        0.1057
      ],
      [
        85.75,
        0.982,
        0.987,
        0.999,
        0.1051
      ],
      [
        86.0,
        0.986,
        0.993,
        0.997,
        0.109
      ],
      [
        86.25,
        0.976,
        0.983,
        0.987,
        0.1096
      ],
      [
        86.5,
        0.966,
        0.974,
        0.98,
        0.1086
      ],
      [
        86.75,
        0.966,
        0.977,
        1.0,
        0.1087
      ],
      [
        87.0,
        0.96,
        0.973,
        0.997,
        0.1077
      ],
      [
        87.25,
        0.95,
        0.963,
        0.987,
        0.1067
      ],
      [
        87.5,
        0.941,
        0.956,
        0.989,
        0.1065
      ],
      [
        87.75,
        0.973,
        0.989,
        1.0,
        0.1048
      ],
      [
        88.0,
        0.985,
        0.997,
        0.997,
        0.1083
      ],
      [
        88.25,
        0.975,
        0.987,
        0.988,
        0.1098
      ],
      [
        88.5,
        0.966,
        0.979,
        0.995,
        0.1094
      ],
      [
        88.75,
        1.0,
        1.0,
        1.0,
        0.1055
      ],
      [
        89.0,
        0.995,
        0.997,
        0.997,
        0.1077
      ],
      [
        89.25,
        0.985,
        0.987,
        0.988,
        0.11
      ],
      [
        89.5,
        0.976,
        0.979,
        0.992,
        0.1093
      ],
      [
        89.75,
        1.0,
        1.0,
        1.0,
        0.1056
      ],
      [
        90.0,
        0.995,
        0.997,
        0.997,
        0.1079
      ],
      [
        90.25,
        0.985,
        0.986,
        0.988,
        0.1099
      ],
      [
        90.5,
        0.976,
        0.98,
        0.992,
        0.1093
      ],
      [
        90.75,
        1.0,
        1.0,
        1.0,
        0.1055
      ],
      [
        91.0,
        0.995,
        0.997,
        0.997,
        0.1077
      ],
      [
        91.25,
        0.985,
        0.986,
        0.987,
        0.1099
      ],
      [
        91.5,
        0.975,
        0.979,
        0.994,
        0.1094
      ],
      [
        91.75,
        1.0,
        1.0,
        1.0,
        0.1055
      ],
      [
        92.0,
        0.995,
        0.996,
        0.997,
        0.1077
      ],
      [
        92.25,
        0.984,
        0.986,
        0.988,
        0.1099
      ],
      [
        92.5,
        0.976,
        0.979,
        0.993,
        0.1093
      ],
      [
        92.75,
        1.0,
        1.0,
        1.0,
        0.1056
      ],
      [
        93.0,
        0.995,
        0.996,
        0.997,
        0.1078
      ],
      [
        93.25,
        0.984,
        0.986,
        0.987,
        0.1099
      ],
      [
        93.5,
        0.975,
        0.979,
        0.992,
        0.1093
      ],
      [
        93.75,
        1.0,
        1.0,
        1.0,
        0.1056
      ],
      [
        94.0,
        0.995,
        0.996,
        0.997,
        0.1079
      ],
      [
        94.25,
        0.984,
        0.986,
        0.987,
        0.1099
      ],
      [
        94.5,
        0.975,
        0.979,
        0.991,
        0.1093
      ],
      [
        94.75,
        1.0,
        1.0,
        1.0,
        0.1056
      ],
      [
        95.0,
        0.995,
        0.996,
        0.997,
        0.1079
      ],
      [
        95.25,
        0.985,
        0.986,
        0.987,
        0.1099
      ],
      [
        95.5,
        0.976,
        0.978,
        0.991,
        0.1093
      ],
      [
        95.75,
        1.0,
        1.0,
        1.0,
        0.1055
      ],
      [
        96.0,
        0.995,
        0.996,
        0.997,
        0.1079
      ],
      [
        96.25,
        0.984,
        0.986,
        0.987,
        0.1099
      ],
      [
        96.5,
        0.974,
        0.978,
        0.99,
        0.1092
      ],
      [
        96.75,
        1.0,
        1.0,
        1.0,
        0.1056
      ],
      [
        97.0,
        0.995,
        0.996,
        0.997,
        0.108
      ],
      [
        97.25,
        0.983,
        0.985,
        0.987,
        0.1098
      ],
      [
        97.5,
        0.974,
        0.979,
        0.989,
        0.1091
      ],
      [
        97.75,
        1.0,
        1.0,
        1.0,
        0.1057
      ],
      [
        98.0,
        0.995,
        0.996,
        0.997,
        0.1081
      ],
      [
        98.25,
        0.984,
        0.986,
        0.987,
        0.1099
      ],
      [
        98.5,
        0.976,
        0.978,
        0.989,
        0.1092
      ],
      [
        98.75,
        1.0,
        1.0,
        1.0,
        0.1057
      ],
      [
        99.0,
        0.995,
        0.996,
        0.997,
        0.1083
      ],
      [
        99.25,
        0.985,
        0.986,
        0.987,
        0.1099
      ],
      [
        99.5,
        0.976,
        0.978,
        0.983,
        0.109
      ],
      [
        99.75,
        0.997,
        1.0,
        1.0,
        0.1077
      ],
      [
        100.0,
        0.995,
        0.996,
        0.997,
        0.1059
      ],
      [
        100.25,
        0.985,
        0.987,
        0.987,
        0.1048
      ],
      [
        100.5,
        0.976,
        0.978,
        0.986,
        0.104
      ],
      [
        100.75,
        1.0,
        1.0,
        1.0,
        0.1059
      ],
      [
        101.0,
        0.994,
        0.996,
        0.997,
        0.1089
      ],
      [
        101.25,
        0.985,
        0.986,
        0.987,
        0.1099
      ],
      [
        101.5,
        0.976,
        0.978,
        0.988,
        0.1091
      ],
      [
        101.75,
        1.0,
        1.0,
        1.0,
        0.1057
      ],
      [
        102.0,
        0.995,
        0.996,
        0.997,
        0.1084
      ],
      [
        102.25,
        0.985,
        0.986,
        0.987,
        0.1099
      ],
      [
        102.5,
        0.976,
        0.978,
        0.988,
        0.1091
      ],
      [
        102.75,
        1.0,
        1.0,
        1.0,
        0.1057
      ],
      [
        103.0,
        0.994,
        0.995,
        0.996,
        0.1083
      ],
      [
        103.25,
        0.984,
        0.985,
        0.987,
        0.1098
      ],
      [
        103.5,
        0.975,
        0.978,
        0.985,
        0.109
      ],
      [
        103.75,
        1.0,
        1.0,
        1.0,
        0.106
      ],
      [
        104.0,
        0.994,
        0.996,
        0.996,
        0.1086
      ],
      [
        104.25,
        0.985,
        0.986,
        0.987,
        0.1099
      ],
      [
        104.5,
        0.975,
        0.977,
        0.978,
        0.1088
      ],
      [
        104.75,
        0.978,
        0.98,
        1.0,
        0.1088
      ],
      [
        105.0,
        0.973,
        0.976,
        0.996,
        0.1078
      ],
      [
        105.25,
        0.963,
        0.967,
        0.987,
        0.1067
      ],
      [
        105.5,
        0.953,
        0.957,
        0.978,
        0.1057
      ],
      [
        105.75,
        0.95,
        0.957,
        1.0,
        0.1068
      ],
      [
        106.0,
        0.944,
        0.952,
        0.996,
        0.106
      ],
      [
        106.25,
        0.934,
        0.942,
        0.986,
        0.1049
      ],
      [
        106.5,
        0.925,
        0.933,
        0.981,
        0.1042
      ],
      [
        106.75,
        0.944,
        0.956,
        1.0,
        0.1047
      ],
      [
        107.0,
        0.946,
        0.961,
        0.995,
        0.1081
      ],
      [
        107.25,
        0.936,
        0.951,
        0.985,
        0.1083
      ],
      [
        107.5,
        0.926,
        0.942,
        0.979,
        0.1075
      ],
      [
        107.75,
        0.94,
        0.96,
        1.0,
        0.1071
      ],
      [
        108.0,
        0.939,
        0.963,
        0.996,
        0.1055
      ],
      [
        108.25,
        0.929,
        0.953,
        0.986,
        0.1045
      ],
      [
        108.5,
        0.921,
        0.944,
        0.984,
        0.104
      ],
      [
        108.75,
        0.958,
        0.984,
        1.0,
        0.1043
      ],
      [
        109.0,
        0.966,
        0.994,
        0.996,
        0.1078
      ],
      [
        109.25,
        0.955,
        0.984,
        0.987,
        0.1096
      ],
      [
        109.5,
        0.945,
        0.976,
        0.982,
        0.1088
      ],
      [
        109.75,
        0.981,
        1.0,
        1.0,
        0.1058
      ],
      [
        110.0,
        0.989,
        0.995,
        0.996,
        0.1087
      ],
      [
        110.25,
        0.976,
        0.985,
        0.986,
        0.1097
      ],
      [
        110.5,
        0.966,
        0.976,
        0.98,
        0.1087
      ],
      [
        110.75,
        1.0,
        1.0,
        1.0,
        0.1061
      ],
      [
        111.0,
        0.994,
        0.995,
        0.996,
        0.1087
      ],
      [
        111.25,
        0.984,
        0.985,
        0.987,
        0.1098
      ],
      [
        111.5,
        0.974,
        0.976,
        0.977,
        0.1087
      ],
      [
        111.75,
        0.969,
        0.972,
        0.998,
        0.1092
      ],
      [
        112.0,
        0.961,
        0.965,
        0.995,
        0.1086
      ],
      [
        112.25,
        0.95,
        0.955,
        0.986,
        0.1075
      ],
      [
        112.5,
        0.94,
        0.946,
        0.978,
        0.1066
      ],
      [
        112.75,
        0.955,
        0.962,
        1.0,
        0.1063
      ],
      [
        113.0,
        0.955,
        0.963,
        0.996,
        0.1049
      ],
      [
        113.25,
        0.945,
        0.954,
        0.986,
        0.1038
      ],
      [
        113.5,
        0.935,
        0.945,
        0.978,
        0.1029
      ],
      [
        113.75,
        0.941,
        0.955,
        1.0,
        0.1056
      ],
      [
        114.0,
        0.939,
        0.955,
        0.996,
        0.1095
      ],
      [
        114.25,
        0.929,
        0.945,
        0.986,
        0.1085
      ],
      [
        114.5,
        0.919,
        0.936,
        0.98,
        0.1077
      ],
      [
        114.75,
        0.941,
        0.959,
        1.0,
        0.1065
      ],
      [
        115.0,
        0.942,
        0.964,
        0.996,
        0.1048
      ],
      [
        115.25,
        0.932,
        0.955,
        0.985,
        0.1037
      ],
      [
        115.5,
        0.922,
        0.945,
        0.976,
        0.1027
      ],
      [
        115.75,
        0.918,
        0.943,
        1.0,
        0.106
      ],
      [
        116.0,
        0.909,
        0.936,
        0.995,
        0.1105
      ],
      [
        116.25,
        0.899,
        0.926,
        0.985,
        0.1093
      ],
      [
        116.5,
        0.889,
        0.918,
        0.978,
        0.1087
      ],
      [
        116.75,
        0.909,
        0.941,
        1.0,
        0.1079
      ],
      [
        117.0,
        0.909,
        0.945,
        0.994,
        0.1061
      ],
      [
        117.25,
        0.899,
        0.936,
        0.984,
        0.105
      ],
      [
        117.5,
        0.889,
        0.927,
        0.976,
        0.1042
      ],
      [
        117.75,
        0.905,
        0.945,
        0.999,
        0.1076
      ],
      [
        118.0,
        0.904,
        0.947,
        0.996,
        0.1113
      ],
      [
        118.25,
        0.894,
        0.937,
        0.986,
        0.1104
      ],
      [
        118.5,
        0.883,
        0.928,
        0.978,
        0.1097
      ],
      [
        118.75,
        0.896,
        0.942,
        1.0,
        0.1103
      ],
      [
        119.0,
        0.895,
        0.942,
        0.995,
        0.1089
      ],
      [
        119.25,
        0.885,
        0.932,
        0.984,
        0.1077
      ],
      [
        119.5,
        0.875,
        0.923,
        0.978,
        0.1071
      ],
      [
        119.75,
        0.905,
        0.958,
        1.0,
        0.1069
      ],
      [
        120.0,
        0.91,
        0.966,
        0.995,
        0.11
      ],
      [
        120.25,
        0.899,
        0.957,
        0.985,
        0.1109
      ],
      [
        120.5,
        0.89,
        0.948,
        0.977,
        0.1102
      ],
      [
        120.75,
        0.92,
        0.982,
        1.0,
        0.1084
      ],
      [
        121.0,
        0.924,
        0.99,
        0.995,
        0.1109
      ],
      [
        121.25,
        0.914,
        0.98,
        0.986,
        0.1117
      ],
      [
        121.5,
        0.904,
        0.971,
        0.976,
        0.1107
      ],
      [
        121.75,
        0.908,
        0.975,
        1.0,
        0.112
      ],
      [
        122.0,
        0.902,
        0.971,
        0.996,
        0.1111
      ],
      [
        122.25,
        0.892,
        0.961,
        0.986,
        0.1101
      ],
      [
        122.5,
        0.882,
        0.952,
        0.975,
        0.109
      ],
      [
        122.75,
        0.884,
        0.955,
        1.0,
        0.1114
      ],
      [
        123.0,
        0.88,
        0.952,
        0.996,
        0.1105
      ],
      [
        123.25,
        0.87,
        0.942,
        0.985,
        0.1095
      ],
      [
        123.5,
        0.86,
        0.932,
        0.972,
        0.108
      ],
      [
        123.75,
        0.853,
        0.926,
        0.977,
        0.1093
      ],
      [
        124.0,
        0.843,
        0.918,
        0.973,
        0.1095
      ],
      [
        124.25,
        0.833,
        0.908,
        0.962,
        0.1085
      ],
      [
        124.5,
        0.822,
        0.899,
        0.954,
        0.1079
      ],
      [
        124.75,
        0.847,
        0.93,
        1.0,
        0.1137
      ],
      [
        125.0,
        0.848,
        0.937,
        0.995,
        0.1164
      ],
      [
        125.25,
        0.837,
        0.927,
        0.984,
        0.1168
      ],
      [
        125.5,
        0.825,
        0.918,
        0.975,
        0.1161
      ],
      [
        125.75,
        0.854,
        0.95,
        1.0,
        0.1148
      ],
      [
        126.0,
        0.855,
        0.958,
        0.995,
        0.1166
      ],
      [
        126.25,
        0.844,
        0.948,
        0.985,
        0.1172
      ],
      [
        126.5,
        0.834,
        0.939,
        0.975,
        0.1163
      ],
      [
        126.75,
        0.828,
        0.935,
        0.996,
        0.1203
      ],
      [
        127.0,
        0.819,
        0.928,
        0.994,
        0.121
      ],
      [
        127.25,
        0.809,
        0.918,
        0.984,
        0.1203
      ],
      [
        127.5,
        0.799,
        0.908,
        0.974,
        0.1194
      ],
      [
        127.75,
        0.79,
        0.902,
        0.987,
        0.1233
      ],
      [
        128.0,
        0.78,
        0.894,
        0.986,
        0.1244
      ],
      [
        128.25,
        0.769,
        0.884,
        0.973,
        0.1233
      ],
      [
        128.5,
        0.759,
        0.875,
        0.963,
        0.1227
      ],
      [
        128.75,
        0.756,
        0.874,
        0.999,
        0.1313
      ],
      [
        129.0,
        0.749,
        0.868,
        0.995,
        0.1316
      ],
      [
        129.25,
        0.739,
        0.858,
        0.985,
        0.1308
      ],
      [
        129.5,
        0.73,
        0.849,
        0.975,
        0.1301
      ],
      [
        129.75,
        0.732,
        0.853,
        1.0,
        0.1365
      ],
      [
        130.0,
        0.727,
        0.849,
        0.995,
        0.1361
      ],
      [
        130.25,
        0.717,
        0.839,
        0.982,
        0.1346
      ],
      [
        130.5,
        0.708,
        0.83,
        0.973,
        0.1339
      ],
      [
        130.75,
        0.725,
        0.85,
        0.999,
        0.1378
      ],
      [
        131.0,
        0.724,
        0.852,
        0.995,
        0.1394
      ],
      [
        131.25,
        0.714,
        0.843,
        0.984,
        0.1387
      ],
      [
        131.5,
        0.705,
        0.833,
        0.974,
        0.1377
      ],
      [
        131.75,
        0.698,
        0.826,
        0.973,
        0.1392
      ],
      [
        132.0,
        0.689,
        0.817,
        0.967,
        0.1394
      ],
      [
        132.25,
        0.68,
        0.808,
        0.957,
        0.1386
      ],
      [
        132.5,
        0.67,
        0.798,
        0.947,
        0.1376
      ],
      [
        132.75,
        0.674,
        0.803,
        1.0,
        0.1537
      ],
      [
        133.0,
        0.668,
        0.799,
        0.995,
        0.1533
      ],
      [
        133.25,
        0.659,
        0.79,
        0.986,
        0.1525
      ],
      [
        133.5,
        0.649,
        0.78,
        0.973,
        0.1511
      ],
      [
        133.75,
        0.642,
        0.773,
        0.981,
        0.1557
      ],
      [
        134.0,
        0.634,
        0.765,
        0.979,
        0.1572
      ],
      [
        134.25,
        0.624,
        0.755,
        0.969,
        0.1565
      ],
      [
        134.5,
        0.615,
        0.746,
        0.959,
        0.1558
      ],
      [
        134.75,
        0.624,
        0.755,
        1.0,
        0.1675
      ],
      [
        135.0,
        0.618,
        0.753,
        0.995,
        0.1665
      ],
      [
        135.25,
        0.609,
        0.743,
        0.985,
        0.1659
      ],
      [
        135.5,
        0.599,
        0.734,
        0.975,
        0.1653
      ],
      [
        135.75,
        0.592,
        0.727,
        0.985,
        0.1724
      ],
      [
        136.0,
        0.583,
        0.719,
        0.983,
        0.1759
      ],
      [
        136.25,
        0.573,
        0.709,
        0.97,
        0.1748
      ],
      [
        136.5,
        0.564,
        0.7,
        0.96,
        0.174
      ],
      [
        136.75,
        0.557,
        0.694,
        0.969,
        0.1798
      ],
      [
        137.0,
        0.548,
        0.686,
        0.968,
        0.1822
      ],
      [
        137.25,
        0.539,
        0.677,
        0.957,
        0.1814
      ],
      [
        137.5,
        0.529,
        0.667,
        0.947,
        0.1807
      ],
      [
        137.75,
        0.541,
        0.684,
        1.0,
        0.195
      ],
      [
        138.0,
        0.539,
        0.684,
        0.993,
        0.1927
      ],
      [
        138.25,
        0.529,
        0.675,
        0.983,
        0.1922
      ],
      [
        138.5,
        0.52,
        0.665,
        0.973,
        0.1917
      ],
      [
        138.75,
        0.512,
        0.658,
        0.976,
        0.1953
      ],
      [
        139.0,
        0.503,
        0.649,
        0.968,
        0.1955
      ],
      [
        139.25,
        0.494,
        0.64,
        0.958,
        0.195
      ],
      [
        139.5,
        0.485,
        0.63,
        0.948,
        0.1945
      ],
      [
        139.75,
        0.478,
        0.623,
        0.953,
        0.199
      ],
      [
        140.0,
        0.469,
        0.615,
        0.948,
        0.2001
      ],
      [
        140.25,
        0.46,
        0.605,
        0.937,
        0.1993
      ],
      [
        140.5,
        0.45,
        0.596,
        0.927,
        0.1987
      ],
      [
        140.75,
        0.451,
        0.597,
        0.991,
        0.2239
      ],
      [
        141.0,
        0.444,
        0.592,
        0.995,
        0.2292
      ],
      [
        141.25,
        0.435,
        0.582,
        0.982,
        0.2279
      ],
      [
        141.5,
        0.426,
        0.573,
        0.972,
        0.227
      ],
      [
        141.75,
        0.441,
        0.599,
        1.0,
        0.2293
      ],
      [
        142.0,
        0.438,
        0.602,
        0.995,
        0.2268
      ],
      [
        142.25,
        0.429,
        0.593,
        0.984,
        0.2258
      ],
      [
        142.5,
        0.42,
        0.584,
        0.974,
        0.2248
      ],
      [
        142.75,
        0.443,
        0.608,
        1.0,
        0.2274
      ],
      [
        143.0,
        0.439,
        0.612,
        0.995,
        0.2267
      ],
      [
        143.25,
        0.43,
        0.602,
        0.985,
        0.2263
      ],
      [
        143.5,
        0.42,
        0.593,
        0.974,
        0.2257
      ],
      [
        143.75,
        0.415,
        0.588,
        0.988,
        0.2331
      ],
      [
        144.0,
        0.405,
        0.58,
        0.986,
        0.2356
      ],
      [
        144.25,
        0.395,
        0.571,
        0.975,
        0.2349
      ],
      [
        144.5,
        0.386,
        0.562,
        0.965,
        0.2342
      ],
      [
        144.75,
        0.398,
        0.575,
        1.0,
        0.2437
      ],
      [
        145.0,
        0.392,
        0.573,
        0.993,
        0.242
      ],
      [
        145.25,
        0.382,
        0.564,
        0.983,
        0.2415
      ],
      [
        145.5,
        0.373,
        0.555,
        0.972,
        0.2407
      ],
      [
        145.75,
        0.383,
        0.568,
        1.0,
        0.248
      ],
      [
        146.0,
        0.377,
        0.568,
        0.995,
        0.2481
      ],
      [
        146.25,
        0.367,
        0.558,
        0.984,
        0.2477
      ],
      [
        146.5,
        0.358,
        0.548,
        0.973,
        0.247
      ],
      [
        146.75,
        0.35,
        0.541,
        0.976,
        0.2513
      ],
      [
        147.0,
        0.341,
        0.532,
        0.972,
        0.253
      ],
      [
        147.25,
        0.332,
        0.523,
        0.962,
        0.2525
      ],
      [
        147.5,
        0.323,
        0.513,
        0.952,
        0.252
      ],
      [
        147.75,
        0.336,
        0.531,
        1.0,
        0.2653
      ],
      [
        148.0,
        0.333,
        0.532,
        0.995,
        0.2635
      ],
      [
        148.25,
        0.323,
        0.523,
        0.985,
        0.2632
      ],
      [
        148.5,
        0.314,
        0.513,
        0.975,
        0.2627
      ],
      [
        148.75,
        0.32,
        0.526,
        1.0,
        0.2696
      ],
      [
        149.0,
        0.314,
        0.524,
        0.995,
        0.27
      ],
      [
        149.25,
        0.304,
        0.515,
        0.984,
        0.2694
      ],
      [
        149.5,
        0.294,
        0.506,
        0.973,
        0.2689
      ],
      [
        149.75,
        0.308,
        0.525,
        1.0,
        0.2734
      ],
      [
        150.0,
        0.304,
        0.527,
        0.994,
        0.2716
      ],
      [
        150.25,
        0.294,
        0.516,
        0.981,
        0.2703
      ],
      [
        150.5,
        0.284,
        0.507,
        0.97,
        0.2697
      ],
      [
        150.75,
        0.277,
        0.505,
        0.999,
        0.2823
      ],
      [
        151.0,
        0.27,
        0.498,
        0.994,
        0.2829
      ],
      [
        151.25,
        0.26,
        0.489,
        0.982,
        0.282
      ],
      [
        151.5,
        0.249,
        0.48,
        0.971,
        0.2814
      ],
      [
        151.75,
        0.242,
        0.474,
        0.982,
        0.289
      ],
      [
        152.0,
        0.233,
        0.465,
        0.98,
        0.2913
      ],
      [
        152.25,
        0.224,
        0.456,
        0.97,
        0.2913
      ],
      [
        152.5,
        0.213,
        0.446,
        0.96,
        0.2909
      ],
      [
        152.75,
        0.204,
        0.437,
        0.955,
        0.2928
      ],
      [
        153.0,
        0.194,
        0.428,
        0.948,
        0.2935
      ],
      [
        153.25,
        0.184,
        0.419,
        0.938,
        0.2932
      ],
      [
        153.5,
        0.173,
        0.409,
        0.927,
        0.2926
      ],
      [
        153.75,
        0.178,
        0.418,
        1.0,
        0.3204
      ],
      [
        154.0,
        0.173,
        0.415,
        0.995,
        0.3208
      ],
      [
        154.25,
        0.163,
        0.406,
        0.985,
        0.3205
      ],
      [
        154.5,
        0.151,
        0.396,
        0.975,
        0.3207
      ],
      [
        154.75,
        0.142,
        0.388,
        0.972,
        0.3232
      ],
      [
        155.0,
        0.133,
        0.378,
        0.966,
        0.3242
      ],
      [
        155.25,
        0.123,
        0.369,
        0.954,
        0.3232
      ],
      [
        155.5,
        0.111,
        0.358,
        0.944,
        0.3231
      ],
      [
        155.75,
        0.104,
        0.356,
        0.978,
        0.3382
      ],
      [
        156.0,
        0.095,
        0.349,
        0.987,
        0.343
      ],
      [
        156.25,
        0.086,
        0.339,
        0.976,
        0.3421
      ],
      [
        156.5,
        0.073,
        0.329,
        0.965,
        0.3419
      ],
      [
        156.75,
        0.059,
        0.322,
        0.974,
        0.3497
      ],
      [
        157.0,
        0.049,
        0.313,
        0.971,
        0.3521
      ],
      [
        157.25,
        0.04,
        0.302,
        0.958,
        0.3504
      ],
      [
        157.5,
        0.027,
        0.292,
        0.947,
        0.3502
      ],
      [
        157.75,
        0.045,
        0.315,
        1.0,
        0.3661
      ],
      [
        158.0,
        0.048,
        0.319,
        0.993,
        0.3631
      ],
      [
        158.25,
        0.039,
        0.31,
        0.983,
        0.3623
      ],
      [
        158.5,
        0.032,
        0.3,
        0.973,
        0.3619
      ],
      [
        158.75,
        0.043,
        0.318,
        1.0,
        0.3675
      ],
      [
        159.0,
        0.043,
        0.321,
        0.994,
        0.3653
      ],
      [
        159.25,
        0.037,
        0.311,
        0.983,
        0.3642
      ],
      [
        159.5,
        0.033,
        0.3,
        0.973,
        0.3638
      ],
      [
        159.75,
        0.047,
        0.321,
        1.0,
        0.3678
      ],
      [
        160.0,
        0.047,
        0.324,
        0.994,
        0.3654
      ],
      [
        160.25,
        0.038,
        0.315,
        0.984,
        0.3646
      ],
      [
        160.5,
        0.033,
        0.303,
        0.973,
        0.3639
      ],
      [
        160.75,
        0.033,
        0.298,
        1.0,
        0.3758
      ],
      [
        161.0,
        0.032,
        0.292,
        0.994,
        0.3757
      ],
      [
        161.25,
        0.024,
        0.283,
        0.981,
        0.3737
      ],
      [
        161.5,
        0.021,
        0.271,
        0.969,
        0.3723
      ],
      [
        161.75,
        0.037,
        0.293,
        1.0,
        0.3773
      ],
      [
        162.0,
        0.038,
        0.298,
        0.994,
        0.3744
      ],
      [
        162.25,
        0.037,
        0.288,
        0.983,
        0.3729
      ],
      [
        162.5,
        0.032,
        0.278,
        0.973,
        0.3718
      ],
      [
        162.75,
        0.032,
        0.271,
        0.975,
        0.3751
      ],
      [
        163.0,
        0.028,
        0.262,
        0.97,
        0.3756
      ],
      [
        163.25,
        0.02,
        0.253,
        0.957,
        0.3735
      ],
      [
        163.5,
        0.013,
        0.242,
        0.947,
        0.372
      ],
      [
        163.75,
        0.006,
        0.234,
        0.951,
        0.3757
      ],
      [
        164.0,
        0.004,
        0.225,
        0.948,
        0.3765
      ],
      [
        164.25,
        0.004,
        0.214,
        0.938,
        0.3743
      ],
      [
        164.5,
        0.004,
        0.203,
        0.928,
        0.3721
      ],
      [
        164.75,
        0.005,
        0.196,
        0.934,
        0.3753
      ],
      [
        165.0,
        0.004,
        0.187,
        0.931,
        0.3752
      ],
      [
        165.25,
        0.004,
        0.178,
        0.919,
        0.3721
      ],
      [
        165.5,
        0.004,
        0.169,
        0.909,
        0.3694
      ],
      [
        165.75,
        0.024,
        0.18,
        1.0,
        0.4008
      ],
      [
        166.0,
        0.032,
        0.179,
        0.994,
        0.3984
      ],
      [
        166.25,
        0.03,
        0.169,
        0.983,
        0.3959
      ],
      [
        166.5,
        0.026,
        0.16,
        0.972,
        0.3935
      ],
      [
        166.75,
        0.023,
        0.152,
        0.978,
        0.3976
      ],
      [
        167.0,
        0.019,
        0.144,
        0.975,
        0.3978
      ],
      [
        167.25,
        0.008,
        0.134,
        0.963,
        0.395
      ],
      [
        167.5,
        0.001,
        0.124,
        0.953,
        0.3925
      ],
      [
        167.75,
        0.017,
        0.132,
        1.0,
        0.4075
      ],
      [
        168.0,
        0.021,
        0.13,
        0.995,
        0.4065
      ],
      [
        168.25,
        0.021,
        0.119,
        0.982,
        0.4044
      ],
      [
        168.5,
        0.021,
        0.11,
        0.972,
        0.4028
      ],
      [
        168.75,
        0.039,
        0.13,
        1.0,
        0.4067
      ],
      [
        169.0,
        0.042,
        0.132,
        0.995,
        0.4037
      ],
      [
        169.25,
        0.034,
        0.122,
        0.985,
        0.403
      ],
      [
        169.5,
        0.025,
        0.112,
        0.973,
        0.4015
      ],
      [
        169.75,
        0.033,
        0.123,
        1.0,
        0.409
      ],
      [
        170.0,
        0.028,
        0.121,
        0.995,
        0.4087
      ],
      [
        170.25,
        0.018,
        0.11,
        0.985,
        0.4084
      ],
      [
        170.5,
        0.009,
        0.101,
        0.975,
        0.4078
      ],
      [
        170.75,
        0.026,
        0.12,
        1.0,
        0.4114
      ],
      [
        171.0,
        0.026,
        0.124,
        0.995,
        0.4087
      ],
      [
        171.25,
        0.016,
        0.114,
        0.985,
        0.4084
      ],
      [
        171.5,
        0.008,
        0.105,
        0.974,
        0.4074
      ],
      [
        171.75,
        0.001,
        0.094,
        0.966,
        0.4075
      ],
      [
        172.0,
        0.0,
        0.084,
        0.957,
        0.4058
      ],
      [
        172.25,
        0.0,
        0.074,
        0.946,
        0.4031
      ],
      [
        172.5,
        0.0,
        0.064,
        0.936,
        0.4
      ],
      [
        172.75,
        0.007,
        0.061,
        0.97,
        0.4121
      ],
      [
        173.0,
        0.009,
        0.055,
        0.98,
        0.4155
      ],
      [
        173.25,
        0.009,
        0.046,
        0.97,
        0.4126
      ],
      [
        173.5,
        0.008,
        0.046,
        0.959,
        0.4094
      ],
      [
        173.75,
        0.024,
        0.058,
        1.0,
        0.4218
      ],
      [
        174.0,
        0.026,
        0.057,
        0.995,
        0.4188
      ],
      [
        174.25,
        0.026,
        0.045,
        0.984,
        0.4155
      ],
      [
        174.5,
        0.025,
        0.04,
        0.974,
        0.413
      ],
      [
        174.75,
        0.041,
        0.061,
        1.0,
        0.4165
      ],
      [
        175.0,
        0.042,
        0.063,
        0.995,
        0.4138
      ],
      [
        175.25,
        0.036,
        0.053,
        0.985,
        0.4133
      ],
      [
        175.5,
        0.028,
        0.045,
        0.975,
        0.4128
      ],
      [
        175.75,
        0.023,
        0.042,
        0.995,
        0.4224
      ],
      [
        176.0,
        0.016,
        0.04,
        0.994,
        0.425
      ],
      [
        176.25,
        0.006,
        0.034,
        0.985,
        0.4245
      ],
      [
        176.5,
        0.0,
        0.026,
        0.973,
        0.423
      ],
      [
        176.75,
        0.001,
        0.017,
        0.977,
        0.4259
      ],
      [
        177.0,
        0.002,
        0.009,
        0.974,
        0.4251
      ],
      [
        177.25,
        0.001,
        0.005,
        0.964,
        0.4216
      ],
      [
        177.5,
        0.0,
        0.003,
        0.951,
        0.4166
      ],
      [
        177.75,
        0.002,
        0.005,
        0.951,
        0.4168
      ],
      [
        178.0,
        0.003,
        0.006,
        0.945,
        0.4141
      ],
      [
        178.25,
        0.002,
        0.006,
        0.934,
        0.4091
      ],
      [
        178.5,
        0.002,
        0.006,
        0.921,
        0.4038
      ],
      [
        178.75,
        0.03,
        0.034,
        1.0,
        0.4268
      ],
      [
        179.0,
        0.039,
        0.045,
        0.995,
        0.421
      ],
      [
        179.25,
        0.036,
        0.045,
        0.983,
        0.4165
      ],
      [
        179.5,
        0.036,
        0.045,
        0.973,
        0.4124
      ],
      [
        179.75,
        0.052,
        0.066,
        1.0,
        0.416
      ],
      [
        180.0,
        0.047,
        0.067,
        0.995,
        0.4134
      ],
      [
        180.25,
        0.042,
        0.057,
        0.984,
        0.4134
      ],
      [
        180.5,
        0.033,
        0.047,
        0.975,
        0.4129
      ],
      [
        180.75,
        0.049,
        0.066,
        1.0,
        0.4169
      ],
      [
        181.0,
        0.046,
        0.068,
        0.994,
        0.4144
      ],
      [
        181.25,
        0.036,
        0.058,
        0.984,
        0.4147
      ],
      [
        181.5,
        0.027,
        0.048,
        0.974,
        0.4141
      ],
      [
        181.75,
        0.018,
        0.039,
        0.969,
        0.4154
      ],
      [
        182.0,
        0.009,
        0.029,
        0.96,
        0.4155
      ],
      [
        182.25,
        0.001,
        0.019,
        0.95,
        0.415
      ],
      [
        182.5,
        0.0,
        0.01,
        0.94,
        0.4136
      ],
      [
        182.75,
        0.001,
        0.004,
        0.95,
        0.4191
      ],
      [
        183.0,
        0.0,
        0.004,
        0.948,
        0.4184
      ],
      [
        183.25,
        0.0,
        0.004,
        0.937,
        0.4136
      ],
      [
        183.5,
        0.0,
        0.004,
        0.924,
        0.4082
      ],
      [
        183.75,
        0.028,
        0.031,
        1.0,
        0.4285
      ],
      [
        184.0,
        0.038,
        0.043,
        0.994,
        0.4216
      ],
      [
        184.25,
        0.038,
        0.043,
        0.983,
        0.4171
      ],
      [
        184.5,
        0.038,
        0.043,
        0.972,
        0.4121
      ],
      [
        184.75,
        0.041,
        0.047,
        0.986,
        0.4166
      ],
      [
        185.0,
        0.041,
        0.049,
        0.988,
        0.4164
      ],
      [
        185.25,
        0.034,
        0.049,
        0.977,
        0.4123
      ],
      [
        185.5,
        0.024,
        0.049,
        0.967,
        0.4085
      ],
      [
        185.75,
        0.043,
        0.069,
        1.0,
        0.4156
      ],
      [
        186.0,
        0.045,
        0.071,
        0.995,
        0.4129
      ],
      [
        186.25,
        0.035,
        0.062,
        0.983,
        0.4118
      ],
      [
        186.5,
        0.026,
        0.052,
        0.972,
        0.4112
      ],
      [
        186.75,
        0.034,
        0.06,
        1.0,
        0.4199
      ],
      [
        187.0,
        0.031,
        0.058,
        0.994,
        0.4186
      ],
      [
        187.25,
        0.025,
        0.048,
        0.984,
        0.4184
      ],
      [
        187.5,
        0.018,
        0.039,
        0.974,
        0.418
      ],
      [
        187.75,
        0.028,
        0.054,
        1.0,
        0.4231
      ],
      [
        188.0,
        0.028,
        0.054,
        0.994,
        0.4208
      ],
      [
        188.25,
        0.019,
        0.045,
        0.983,
        0.4201
      ],
      [
        188.5,
        0.009,
        0.035,
        0.974,
        0.4195
      ],
      [
        188.75,
        0.02,
        0.046,
        1.0,
        0.4268
      ],
      [
        189.0,
        0.02,
        0.045,
        0.994,
        0.4247
      ],
      [
        189.25,
        0.011,
        0.039,
        0.984,
        0.4237
      ],
      [
        189.5,
        0.001,
        0.03,
        0.974,
        0.423
      ],
      [
        189.75,
        0.007,
        0.028,
        1.0,
        0.4342
      ],
      [
        190.0,
        0.003,
        0.024,
        0.994,
        0.433
      ],
      [
        190.25,
        0.0,
        0.014,
        0.983,
        0.4306
      ],
      [
        190.5,
        0.0,
        0.009,
        0.971,
        0.4272
      ],
      [
        190.75,
        0.001,
        0.002,
        0.973,
        0.4281
      ],
      [
        191.0,
        0.002,
        0.003,
        0.968,
        0.4257
      ],
      [
        191.25,
        0.002,
        0.003,
        0.959,
        0.4212
      ],
      [
        191.5,
        0.002,
        0.003,
        0.947,
        0.4162
      ],
      [
        191.75,
        0.015,
        0.017,
        1.0,
        0.4335
      ],
      [
        192.0,
        0.021,
        0.024,
        0.995,
        0.4297
      ],
      [
        192.25,
        0.021,
        0.024,
        0.985,
        0.4256
      ],
      [
        192.5,
        0.021,
        0.023,
        0.975,
        0.4214
      ],
      [
        192.75,
        0.044,
        0.049,
        1.0,
        0.4221
      ],
      [
        193.0,
        0.045,
        0.052,
        0.995,
        0.419
      ],
      [
        193.25,
        0.036,
        0.041,
        0.985,
        0.4188
      ],
      [
        193.5,
        0.026,
        0.031,
        0.975,
        0.4185
      ],
      [
        193.75,
        0.038,
        0.044,
        1.0,
        0.4245
      ],
      [
        194.0,
        0.035,
        0.045,
        0.995,
        0.4228
      ],
      [
        194.25,
        0.025,
        0.035,
        0.986,
        0.4229
      ],
      [
        194.5,
        0.013,
        0.024,
        0.975,
        0.4228
      ],
      [
        194.75,
        0.007,
        0.021,
        0.999,
        0.4348
      ],
      [
        195.0,
        0.0,
        0.014,
        0.994,
        0.4362
      ],
      [
        195.25,
        0.0,
        0.003,
        0.983,
        0.4339
      ],
      [
        195.5,
        0.0,
        0.0,
        0.972,
        0.4298
      ],
      [
        195.75,
        0.004,
        0.005,
        0.989,
        0.4353
      ],
      [
        196.0,
        0.006,
        0.007,
        0.993,
        0.4349
      ],
      [
        196.25,
        0.006,
        0.007,
        0.982,
        0.4305
      ],
      [
        196.5,
        0.006,
        0.007,
        0.972,
        0.426
      ],
      [
        196.75,
        0.032,
        0.037,
        1.0,
        0.4273
      ],
      [
        197.0,
        0.043,
        0.048,
        0.995,
        0.4211
      ],
      [
        197.25,
        0.036,
        0.043,
        0.986,
        0.4193
      ],
      [
        197.5,
        0.026,
        0.043,
        0.975,
        0.4173
      ],
      [
        197.75,
        0.031,
        0.054,
        1.0,
        0.425
      ],
      [
        198.0,
        0.029,
        0.05,
        0.995,
        0.4239
      ],
      [
        198.25,
        0.02,
        0.042,
        0.985,
        0.4235
      ],
      [
        198.5,
        0.01,
        0.032,
        0.976,
        0.4233
      ],
      [
        198.75,
        0.002,
        0.024,
        0.983,
        0.4293
      ],
      [
        199.0,
        0.0,
        0.015,
        0.98,
        0.4306
      ],
      [
        199.25,
        0.0,
        0.005,
        0.97,
        0.4278
      ],
      [
        199.5,
        0.0,
        0.0,
        0.959,
        0.4239
      ],
      [
        199.75,
        0.012,
        0.013,
        1.0,
        0.4365
      ],
      [
        200.0,
        0.017,
        0.02,
        0.995,
        0.4322
      ],
      [
        200.25,
        0.017,
        0.02,
        0.985,
        0.4279
      ],
      [
        200.5,
        0.017,
        0.02,
        0.974,
        0.4232
      ],
      [
        200.75,
        0.019,
        0.022,
        0.979,
        0.4243
      ],
      [
        201.0,
        0.02,
        0.024,
        0.977,
        0.4228
      ],
      [
        201.25,
        0.02,
        0.024,
        0.967,
        0.4185
      ],
      [
        201.5,
        0.02,
        0.024,
        0.956,
        0.4136
      ],
      [
        201.75,
        0.036,
        0.04,
        1.0,
        0.4261
      ],
      [
        202.0,
        0.042,
        0.048,
        0.995,
        0.4212
      ],
      [
        202.25,
        0.036,
        0.048,
        0.984,
        0.4165
      ],
      [
        202.5,
        0.026,
        0.048,
        0.972,
        0.4122
      ],
      [
        202.75,
        0.023,
        0.049,
        0.985,
        0.4176
      ],
      [
        203.0,
        0.02,
        0.042,
        0.988,
        0.421
      ],
      [
        203.25,
        0.018,
        0.033,
        0.976,
        0.4193
      ],
      [
        203.5,
        0.013,
        0.022,
        0.965,
        0.4177
      ],
      [
        203.75,
        0.033,
        0.04,
        1.0,
        0.4246
      ],
      [
        204.0,
        0.039,
        0.046,
        0.996,
        0.4207
      ],
      [
        204.25,
        0.029,
        0.046,
        0.986,
        0.4198
      ],
      [
        204.5,
        0.018,
        0.041,
        0.976,
        0.419
      ],
      [
        204.75,
        0.04,
        0.057,
        1.0,
        0.4209
      ],
      [
        205.0,
        0.044,
        0.054,
        0.996,
        0.4173
      ],
      [
        205.25,
        0.035,
        0.045,
        0.986,
        0.4173
      ],
      [
        205.5,
        0.023,
        0.037,
        0.977,
        0.4177
      ],
      [
        205.75,
        0.02,
        0.033,
        1.0,
        0.4292
      ],
      [
        206.0,
        0.013,
        0.026,
        0.996,
        0.4301
      ],
      [
        206.25,
        0.004,
        0.017,
        0.986,
        0.4299
      ],
      [
        206.5,
        0.0,
        0.01,
        0.975,
        0.4286
      ],
      [
        206.75,
        0.004,
        0.006,
        0.994,
        0.436
      ],
      [
        207.0,
        0.004,
        0.007,
        0.995,
        0.4364
      ],
      [
        207.25,
        0.0,
        0.007,
        0.983,
        0.4322
      ],
      [
        207.5,
        0.0,
        0.007,
        0.972,
        0.4277
      ],
      [
        207.75,
        0.032,
        0.04,
        1.0,
        0.427
      ],
      [
        208.0,
        0.043,
        0.05,
        0.995,
        0.4204
      ],
      [
        208.25,
        0.036,
        0.04,
        0.984,
        0.4195
      ],
      [
        208.5,
        0.026,
        0.03,
        0.974,
        0.4182
      ],
      [
        208.75,
        0.02,
        0.025,
        0.988,
        0.4257
      ],
      [
        209.0,
        0.012,
        0.017,
        0.991,
        0.4291
      ],
      [
        209.25,
        0.001,
        0.006,
        0.981,
        0.4285
      ],
      [
        209.5,
        0.0,
        0.0,
        0.97,
        0.4248
      ],
      [
        209.75,
        0.003,
        0.003,
        0.976,
        0.4265
      ],
      [
        210.0,
        0.004,
        0.004,
        0.975,
        0.4259
      ],
      [
        210.25,
        0.004,
        0.004,
        0.963,
        0.4221
      ],
      [
        210.5,
        0.004,
        0.004,
        0.952,
        0.4178
      ],
      [
        210.75,
        0.012,
        0.012,
        0.994,
        0.4321
      ],
      [
        211.0,
        0.01,
        0.017,
        0.996,
        0.4323
      ],
      [
        211.25,
        0.008,
        0.017,
        0.985,
        0.4285
      ],
      [
        211.5,
        0.008,
        0.017,
        0.974,
        0.4238
      ],
      [
        211.75,
        0.025,
        0.042,
        1.0,
        0.4263
      ],
      [
        212.0,
        0.034,
        0.049,
        0.996,
        0.4217
      ],
      [
        212.25,
        0.034,
        0.04,
        0.986,
        0.4209
      ],
      [
        212.5,
        0.02,
        0.03,
        0.977,
        0.4211
      ],
      [
        212.75,
        0.034,
        0.047,
        1.0,
        0.4239
      ],
      [
        213.0,
        0.037,
        0.052,
        0.996,
        0.4206
      ],
      [
        213.25,
        0.028,
        0.041,
        0.986,
        0.4206
      ],
      [
        213.5,
        0.017,
        0.031,
        0.976,
        0.4206
      ],
      [
        213.75,
        0.04,
        0.056,
        1.0,
        0.421
      ],
      [
        214.0,
        0.045,
        0.064,
        0.996,
        0.4164
      ],
      [
        214.25,
        0.036,
        0.055,
        0.986,
        0.4159
      ],
      [
        214.5,
        0.025,
        0.044,
        0.974,
        0.4155
      ],
      [
        214.75,
        0.048,
        0.069,
        1.0,
        0.4164
      ],
      [
        215.0,
        0.056,
        0.076,
        0.996,
        0.4114
      ],
      [
        215.25,
        0.046,
        0.066,
        0.985,
        0.4108
      ],
      [
        215.5,
        0.036,
        0.056,
        0.974,
        0.4106
      ],
      [
        215.75,
        0.058,
        0.081,
        1.0,
        0.4113
      ],
      [
        216.0,
        0.064,
        0.089,
        0.996,
        0.4063
      ],
      [
        216.25,
        0.053,
        0.08,
        0.985,
        0.4059
      ],
      [
        216.5,
        0.043,
        0.07,
        0.974,
        0.4058
      ],
      [
        216.75,
        0.068,
        0.095,
        1.0,
        0.4062
      ],
      [
        217.0,
        0.074,
        0.105,
        0.996,
        0.4004
      ],
      [
        217.25,
        0.065,
        0.096,
        0.986,
        0.4002
      ],
      [
        217.5,
        0.053,
        0.085,
        0.972,
        0.3993
      ],
      [
        217.75,
        0.077,
        0.111,
        1.0,
        0.4005
      ],
      [
        218.0,
        0.083,
        0.121,
        0.996,
        0.3954
      ],
      [
        218.25,
        0.073,
        0.111,
        0.986,
        0.3956
      ],
      [
        218.5,
        0.063,
        0.101,
        0.976,
        0.3956
      ],
      [
        218.75,
        0.077,
        0.117,
        1.0,
        0.3992
      ],
      [
        219.0,
        0.078,
        0.122,
        0.995,
        0.3957
      ],
      [
        219.25,
        0.068,
        0.112,
        0.984,
        0.3951
      ],
      [
        219.5,
        0.058,
        0.102,
        0.975,
        0.3949
      ],
      [
        219.75,
        0.08,
        0.124,
        1.0,
        0.3969
      ],
      [
        220.0,
        0.086,
        0.133,
        0.996,
        0.3925
      ],
      [
        220.25,
        0.077,
        0.123,
        0.986,
        0.3921
      ],
      [
        220.5,
        0.067,
        0.114,
        0.977,
        0.392
      ],
      [
        220.75,
        0.083,
        0.132,
        1.0,
        0.3945
      ],
      [
        221.0,
        0.087,
        0.138,
        0.996,
        0.3909
      ],
      [
        221.25,
        0.078,
        0.129,
        0.987,
        0.3907
      ],
      [
        221.5,
        0.067,
        0.119,
        0.977,
        0.3906
      ],
      [
        221.75,
        0.057,
        0.113,
        0.995,
        0.4012
      ],
      [
        222.0,
        0.05,
        0.106,
        0.996,
        0.4049
      ],
      [
        222.25,
        0.042,
        0.097,
        0.985,
        0.4042
      ],
      [
        222.5,
        0.031,
        0.085,
        0.975,
        0.4042
      ],
      [
        222.75,
        0.056,
        0.112,
        0.999,
        0.4037
      ],
      [
        223.0,
        0.063,
        0.125,
        0.996,
        0.3981
      ],
      [
        223.25,
        0.053,
        0.115,
        0.986,
        0.3978
      ],
      [
        223.5,
        0.044,
        0.105,
        0.975,
        0.3975
      ],
      [
        223.75,
        0.073,
        0.132,
        1.0,
        0.3963
      ],
      [
        224.0,
        0.077,
        0.145,
        0.997,
        0.3913
      ],
      [
        224.25,
        0.066,
        0.135,
        0.986,
        0.3911
      ],
      [
        224.5,
        0.055,
        0.125,
        0.975,
        0.3908
      ],
      [
        224.75,
        0.083,
        0.153,
        1.0,
        0.3902
      ],
      [
        225.0,
        0.09,
        0.166,
        0.996,
        0.3855
      ],
      [
        225.25,
        0.08,
        0.156,
        0.986,
        0.3855
      ],
      [
        225.5,
        0.069,
        0.143,
        0.976,
        0.3864
      ],
      [
        225.75,
        0.062,
        0.136,
        0.991,
        0.3956
      ],
      [
        226.0,
        0.052,
        0.126,
        0.994,
        0.4012
      ],
      [
        226.25,
        0.043,
        0.116,
        0.984,
        0.401
      ],
      [
        226.5,
        0.032,
        0.103,
        0.975,
        0.4017
      ],
      [
        226.75,
        0.027,
        0.099,
        1.0,
        0.4142
      ],
      [
        227.0,
        0.02,
        0.092,
        0.996,
        0.416
      ],
      [
        227.25,
        0.013,
        0.082,
        0.985,
        0.4151
      ],
      [
        227.5,
        0.004,
        0.072,
        0.973,
        0.414
      ],
      [
        227.75,
        0.039,
        0.102,
        1.0,
        0.4131
      ],
      [
        228.0,
        0.048,
        0.114,
        0.996,
        0.4067
      ],
      [
        228.25,
        0.039,
        0.105,
        0.986,
        0.4064
      ],
      [
        228.5,
        0.028,
        0.093,
        0.976,
        0.4068
      ],
      [
        228.75,
        0.04,
        0.105,
        1.0,
        0.4119
      ],
      [
        229.0,
        0.04,
        0.108,
        0.996,
        0.4094
      ],
      [
        229.25,
        0.03,
        0.099,
        0.985,
        0.4087
      ],
      [
        229.5,
        0.02,
        0.088,
        0.975,
        0.4089
      ],
      [
        229.75,
        0.049,
        0.118,
        1.0,
        0.4072
      ],
      [
        230.0,
        0.054,
        0.132,
        0.996,
        0.4009
      ],
      [
        230.25,
        0.044,
        0.122,
        0.987,
        0.4009
      ],
      [
        230.5,
        0.034,
        0.111,
        0.977,
        0.4013
      ],
      [
        230.75,
        0.052,
        0.129,
        1.0,
        0.4037
      ],
      [
        231.0,
        0.054,
        0.134,
        0.997,
        0.4001
      ],
      [
        231.25,
        0.045,
        0.125,
        0.987,
        0.3999
      ],
      [
        231.5,
        0.038,
        0.115,
        0.977,
        0.4001
      ],
      [
        231.75,
        0.049,
        0.131,
        1.0,
        0.4037
      ],
      [
        232.0,
        0.051,
        0.136,
        0.997,
        0.4011
      ],
      [
        232.25,
        0.042,
        0.127,
        0.987,
        0.401
      ],
      [
        232.5,
        0.031,
        0.116,
        0.976,
        0.4008
      ],
      [
        232.75,
        0.054,
        0.142,
        0.999,
        0.4002
      ],
      [
        233.0,
        0.061,
        0.153,
        0.997,
        0.3949
      ],
      [
        233.25,
        0.051,
        0.143,
        0.986,
        0.3947
      ],
      [
        233.5,
        0.041,
        0.134,
        0.976,
        0.3947
      ],
      [
        233.75,
        0.071,
        0.166,
        1.0,
        0.3915
      ],
      [
        234.0,
        0.079,
        0.181,
        0.997,
        0.3845
      ],
      [
        234.25,
        0.07,
        0.172,
        0.986,
        0.3841
      ],
      [
        234.5,
        0.058,
        0.162,
        0.976,
        0.3842
      ],
      [
        234.75,
        0.07,
        0.173,
        1.0,
        0.3896
      ],
      [
        235.0,
        0.071,
        0.176,
        0.997,
        0.387
      ],
      [
        235.25,
        0.061,
        0.167,
        0.987,
        0.3867
      ],
      [
        235.5,
        0.051,
        0.157,
        0.977,
        0.3869
      ],
      [
        235.75,
        0.048,
        0.154,
        1.0,
        0.3982
      ],
      [
        236.0,
        0.043,
        0.148,
        0.996,
        0.399
      ],
      [
        236.25,
        0.034,
        0.139,
        0.986,
        0.3985
      ],
      [
        236.5,
        0.023,
        0.129,
        0.975,
        0.3984
      ],
      [
        236.75,
        0.038,
        0.145,
        0.999,
        0.4022
      ],
      [
        237.0,
        0.04,
        0.151,
        0.997,
        0.399
      ],
      [
        237.25,
        0.031,
        0.142,
        0.987,
        0.3988
      ],
      [
        237.5,
        0.021,
        0.131,
        0.977,
        0.3989
      ],
      [
        237.75,
        0.014,
        0.125,
        0.991,
        0.4074
      ],
      [
        238.0,
        0.006,
        0.118,
        0.994,
        0.4118
      ],
      [
        238.25,
        0.006,
        0.106,
        0.983,
        0.411
      ],
      [
        238.5,
        0.001,
        0.097,
        0.973,
        0.41
      ],
      [
        238.75,
        0.04,
        0.128,
        1.0,
        0.4079
      ],
      [
        239.0,
        0.052,
        0.142,
        0.997,
        0.4011
      ],
      [
        239.25,
        0.042,
        0.132,
        0.987,
        0.4011
      ],
      [
        239.5,
        0.032,
        0.123,
        0.977,
        0.401
      ],
      [
        239.75,
        0.028,
        0.119,
        1.0,
        0.4126
      ],
      [
        240.0,
        0.022,
        0.113,
        0.997,
        0.4138
      ],
      [
        240.25,
        0.012,
        0.104,
        0.986,
        0.4135
      ],
      [
        240.5,
        0.003,
        0.094,
        0.976,
        0.4127
      ],
      [
        240.75,
        0.035,
        0.125,
        1.0,
        0.4104
      ],
      [
        241.0,
        0.046,
        0.14,
        0.997,
        0.404
      ],
      [
        241.25,
        0.036,
        0.13,
        0.987,
        0.4039
      ],
      [
        241.5,
        0.026,
        0.12,
        0.975,
        0.4031
      ],
      [
        241.75,
        0.058,
        0.153,
        1.0,
        0.4009
      ],
      [
        242.0,
        0.069,
        0.168,
        0.997,
        0.3938
      ],
      [
        242.25,
        0.059,
        0.159,
        0.986,
        0.3934
      ],
      [
        242.5,
        0.05,
        0.149,
        0.976,
        0.3931
      ],
      [
        242.75,
        0.071,
        0.172,
        1.0,
        0.3938
      ],
      [
        243.0,
        0.078,
        0.181,
        0.997,
        0.3888
      ],
      [
        243.25,
        0.068,
        0.171,
        0.986,
        0.3884
      ],
      [
        243.5,
        0.059,
        0.161,
        0.976,
        0.3882
      ],
      [
        243.75,
        0.095,
        0.199,
        1.0,
        0.3827
      ],
      [
        244.0,
        0.107,
        0.218,
        0.997,
        0.3745
      ],
      [
        244.25,
        0.098,
        0.208,
        0.987,
        0.3745
      ],
      [
        244.5,
        0.088,
        0.198,
        0.979,
        0.3749
      ],
      [
        244.75,
        0.124,
        0.236,
        1.0,
        0.3682
      ],
      [
        245.0,
        0.138,
        0.255,
        0.997,
        0.3599
      ],
      [
        245.25,
        0.129,
        0.246,
        0.987,
        0.36
      ],
      [
        245.5,
        0.119,
        0.235,
        0.978,
        0.3602
      ],
      [
        245.75,
        0.153,
        0.272,
        1.0,
        0.3537
      ],
      [
        246.0,
        0.168,
        0.29,
        0.997,
        0.3457
      ],
      [
        246.25,
        0.158,
        0.281,
        0.986,
        0.3455
      ],
      [
        246.5,
        0.148,
        0.272,
        0.976,
        0.3452
      ],
      [
        246.75,
        0.15,
        0.275,
        1.0,
        0.3547
      ],
      [
        247.0,
        0.146,
        0.273,
        0.997,
        0.3547
      ],
      [
        247.25,
        0.137,
        0.263,
        0.986,
        0.3538
      ],
      [
        247.5,
        0.127,
        0.254,
        0.977,
        0.3539
      ],
      [
        247.75,
        0.163,
        0.294,
        1.0,
        0.3472
      ],
      [
        248.0,
        0.178,
        0.314,
        0.997,
        0.3387
      ],
      [
        248.25,
        0.169,
        0.304,
        0.986,
        0.3385
      ],
      [
        248.5,
        0.159,
        0.294,
        0.976,
        0.3381
      ],
      [
        248.75,
        0.156,
        0.29,
        1.0,
        0.35
      ],
      [
        249.0,
        0.15,
        0.285,
        0.997,
        0.3513
      ],
      [
        249.25,
        0.14,
        0.275,
        0.986,
        0.3503
      ],
      [
        249.5,
        0.131,
        0.266,
        0.977,
        0.3505
      ],
      [
        249.75,
        0.149,
        0.287,
        0.999,
        0.3518
      ],
      [
        250.0,
        0.156,
        0.295,
        0.997,
        0.3477
      ],
      [
        250.25,
        0.146,
        0.286,
        0.985,
        0.347
      ],
      [
        250.5,
        0.137,
        0.277,
        0.978,
        0.3475
      ],
      [
        250.75,
        0.166,
        0.307,
        1.0,
        0.3435
      ],
      [
        251.0,
        0.177,
        0.323,
        0.997,
        0.337
      ],
      [
        251.25,
        0.167,
        0.313,
        0.987,
        0.337
      ],
      [
        251.5,
        0.158,
        0.304,
        0.98,
        0.3375
      ],
      [
        251.75,
        0.198,
        0.346,
        1.0,
        0.3286
      ],
      [
        252.0,
        0.212,
        0.366,
        0.997,
        0.3199
      ],
      [
        252.25,
        0.203,
        0.357,
        0.986,
        0.3198
      ],
      [
        252.5,
        0.193,
        0.348,
        0.981,
        0.3207
      ],
      [
        252.75,
        0.234,
        0.392,
        1.0,
        0.311
      ],
      [
        253.0,
        0.251,
        0.415,
        0.997,
        0.3023
      ],
      [
        253.25,
        0.241,
        0.405,
        0.987,
        0.3025
      ],
      [
        253.5,
        0.232,
        0.396,
        0.98,
        0.3028
      ],
      [
        253.75,
        0.253,
        0.417,
        1.0,
        0.3019
      ],
      [
        254.0,
        0.26,
        0.427,
        0.997,
        0.2972
      ],
      [
        254.25,
        0.25,
        0.416,
        0.985,
        0.2964
      ],
      [
        254.5,
        0.241,
        0.407,
        0.975,
        0.2959
      ],
      [
        254.75,
        0.242,
        0.408,
        1.0,
        0.3061
      ],
      [
        255.0,
        0.238,
        0.405,
        0.997,
        0.3065
      ],
      [
        255.25,
        0.228,
        0.396,
        0.987,
        0.3059
      ],
      [
        255.5,
        0.219,
        0.386,
        0.983,
        0.3071
      ],
      [
        255.75,
        0.256,
        0.425,
        1.0,
        0.299
      ],
      [
        256.0,
        0.27,
        0.445,
        0.997,
        0.2913
      ],
      [
        256.25,
        0.26,
        0.436,
        0.987,
        0.291
      ],
      [
        256.5,
        0.251,
        0.427,
        0.977,
        0.2907
      ],
      [
        256.75,
        0.248,
        0.425,
        1.0,
        0.3017
      ],
      [
        257.0,
        0.242,
        0.419,
        0.997,
        0.3025
      ],
      [
        257.25,
        0.233,
        0.409,
        0.987,
        0.302
      ],
      [
        257.5,
        0.224,
        0.4,
        0.979,
        0.3023
      ],
      [
        257.75,
        0.231,
        0.408,
        1.0,
        0.3086
      ],
      [
        258.0,
        0.23,
        0.409,
        0.997,
        0.3071
      ],
      [
        258.25,
        0.221,
        0.4,
        0.988,
        0.3067
      ],
      [
        258.5,
        0.212,
        0.39,
        0.978,
        0.3066
      ],
      [
        258.75,
        0.213,
        0.391,
        1.0,
        0.315
      ],
      [
        259.0,
        0.21,
        0.389,
        0.997,
        0.3159
      ],
      [
        259.25,
        0.2,
        0.379,
        0.985,
        0.3151
      ],
      [
        259.5,
        0.192,
        0.371,
        0.985,
        0.3171
      ],
      [
        259.75,
        0.237,
        0.416,
        1.0,
        0.3052
      ],
      [
        260.0,
        0.255,
        0.44,
        0.998,
        0.2956
      ],
      [
        260.25,
        0.246,
        0.431,
        0.987,
        0.2954
      ],
      [
        260.5,
        0.237,
        0.423,
        0.986,
        0.2976
      ],
      [
        260.75,
        0.284,
        0.471,
        1.0,
        0.2847
      ],
      [
        261.0,
        0.303,
        0.496,
        0.997,
        0.2752
      ],
      [
        261.25,
        0.293,
        0.487,
        0.986,
        0.2753
      ],
      [
        261.5,
        0.284,
        0.479,
        0.984,
        0.2768
      ],
      [
        261.75,
        0.316,
        0.513,
        0.999,
        0.2702
      ],
      [
        262.0,
        0.33,
        0.529,
        0.998,
        0.264
      ],
      [
        262.25,
        0.32,
        0.52,
        0.987,
        0.2642
      ],
      [
        262.5,
        0.311,
        0.51,
        0.977,
        0.2637
      ],
      [
        262.75,
        0.305,
        0.507,
        1.0,
        0.275
      ],
      [
        263.0,
        0.298,
        0.5,
        0.997,
        0.2764
      ],
      [
        263.25,
        0.289,
        0.491,
        0.987,
        0.2758
      ],
      [
        263.5,
        0.28,
        0.482,
        0.981,
        0.2766
      ],
      [
        263.75,
        0.291,
        0.494,
        1.0,
        0.2797
      ],
      [
        264.0,
        0.294,
        0.497,
        0.997,
        0.2773
      ],
      [
        264.25,
        0.284,
        0.488,
        0.987,
        0.2768
      ],
      [
        264.5,
        0.274,
        0.478,
        0.976,
        0.2761
      ],
      [
        264.75,
        0.265,
        0.47,
        0.978,
        0.2801
      ],
      [
        265.0,
        0.256,
        0.462,
        0.975,
        0.2823
      ],
      [
        265.25,
        0.247,
        0.452,
        0.965,
        0.2819
      ],
      [
        265.5,
        0.238,
        0.443,
        0.956,
        0.2817
      ],
      [
        265.75,
        0.24,
        0.445,
        1.0,
        0.3
      ],
      [
        266.0,
        0.237,
        0.442,
        0.997,
        0.3009
      ],
      [
        266.25,
        0.227,
        0.433,
        0.987,
        0.3005
      ],
      [
        266.5,
        0.218,
        0.424,
        0.98,
        0.3011
      ],
      [
        266.75,
        0.22,
        0.426,
        1.0,
        0.3086
      ],
      [
        267.0,
        0.217,
        0.424,
        0.997,
        0.3084
      ],
      [
        267.25,
        0.208,
        0.414,
        0.987,
        0.3081
      ],
      [
        267.5,
        0.199,
        0.405,
        0.985,
        0.3099
      ],
      [
        267.75,
        0.224,
        0.431,
        1.0,
        0.3058
      ],
      [
        268.0,
        0.236,
        0.444,
        0.998,
        0.3011
      ],
      [
        268.25,
        0.226,
        0.435,
        0.988,
        0.3011
      ],
      [
        268.5,
        0.217,
        0.426,
        0.979,
        0.3012
      ],
      [
        268.75,
        0.218,
        0.424,
        1.0,
        0.3098
      ],
      [
        269.0,
        0.216,
        0.421,
        0.997,
        0.3099
      ],
      [
        269.25,
        0.206,
        0.411,
        0.986,
        0.3089
      ],
      [
        269.5,
        0.198,
        0.404,
        0.994,
        0.3136
      ],
      [
        269.75,
        0.25,
        0.456,
        1.0,
        0.2962
      ],
      [
        270.0,
        0.276,
        0.484,
        0.998,
        0.2855
      ],
      [
        270.25,
        0.266,
        0.475,
        0.986,
        0.2856
      ],
      [
        270.5,
        0.258,
        0.468,
        0.996,
        0.2904
      ],
      [
        270.75,
        0.31,
        0.521,
        1.0,
        0.2725
      ],
      [
        271.0,
        0.335,
        0.549,
        0.998,
        0.2623
      ],
      [
        271.25,
        0.325,
        0.54,
        0.986,
        0.2622
      ],
      [
        271.5,
        0.318,
        0.532,
        0.989,
        0.2655
      ],
      [
        271.75,
        0.353,
        0.569,
        1.0,
        0.2561
      ],
      [
        272.0,
        0.369,
        0.587,
        0.998,
        0.2499
      ],
      [
        272.25,
        0.359,
        0.578,
        0.986,
        0.2496
      ],
      [
        272.5,
        0.352,
        0.571,
        0.996,
        0.2544
      ],
      [
        272.75,
        0.401,
        0.624,
        1.0,
        0.2372
      ],
      [
        273.0,
        0.428,
        0.653,
        0.998,
        0.228
      ],
      [
        273.25,
        0.418,
        0.643,
        0.988,
        0.2288
      ],
      [
        273.5,
        0.41,
        0.633,
        0.982,
        0.2297
      ],
      [
        273.75,
        0.42,
        0.641,
        1.0,
        0.2325
      ],
      [
        274.0,
        0.422,
        0.642,
        0.998,
        0.2305
      ],
      [
        274.25,
        0.413,
        0.633,
        0.985,
        0.2292
      ],
      [
        274.5,
        0.404,
        0.625,
        0.983,
        0.2309
      ],
      [
        274.75,
        0.422,
        0.645,
        1.0,
        0.2306
      ],
      [
        275.0,
        0.427,
        0.653,
        0.998,
        0.2286
      ],
      [
        275.25,
        0.418,
        0.644,
        0.985,
        0.2277
      ],
      [
        275.5,
        0.41,
        0.637,
        0.992,
        0.2316
      ],
      [
        275.75,
        0.449,
        0.678,
        1.0,
        0.2201
      ],
      [
        276.0,
        0.468,
        0.7,
        0.998,
        0.2142
      ],
      [
        276.25,
        0.459,
        0.69,
        0.988,
        0.2148
      ],
      [
        276.5,
        0.45,
        0.683,
        0.991,
        0.2175
      ],
      [
        276.75,
        0.479,
        0.713,
        1.0,
        0.2103
      ],
      [
        277.0,
        0.493,
        0.728,
        0.998,
        0.2062
      ],
      [
        277.25,
        0.483,
        0.719,
        0.987,
        0.2064
      ],
      [
        277.5,
        0.475,
        0.713,
        1.0,
        0.2109
      ],
      [
        277.75,
        0.525,
        0.765,
        1.0,
        0.1946
      ],
      [
        278.0,
        0.552,
        0.792,
        0.998,
        0.1878
      ],
      [
        278.25,
        0.542,
        0.782,
        0.986,
        0.1887
      ],
      [
        278.5,
        0.534,
        0.773,
        0.98,
        0.189
      ],
      [
        278.75,
        0.538,
        0.777,
        1.0,
        0.1936
      ],
      [
        279.0,
        0.536,
        0.774,
        0.998,
        0.1932
      ],
      [
        279.25,
        0.526,
        0.765,
        0.988,
        0.1925
      ],
      [
        279.5,
        0.518,
        0.757,
        0.988,
        0.1943
      ],
      [
        279.75,
        0.537,
        0.775,
        1.0,
        0.1919
      ],
      [
        280.0,
        0.543,
        0.783,
        0.998,
        0.1909
      ],
      [
        280.25,
        0.534,
        0.773,
        0.989,
        0.1912
      ],
      [
        280.5,
        0.525,
        0.765,
        0.981,
        0.191
      ],
      [
        280.75,
        0.52,
        0.762,
        1.0,
        0.1985
      ],
      [
        281.0,
        0.514,
        0.757,
        0.998,
        0.1993
      ],
      [
        281.25,
        0.505,
        0.747,
        0.988,
        0.1985
      ],
      [
        281.5,
        0.497,
        0.742,
        1.0,
        0.2028
      ],
      [
        281.75,
        0.553,
        0.799,
        1.0,
        0.1855
      ],
      [
        282.0,
        0.583,
        0.831,
        0.998,
        0.1784
      ],
      [
        282.25,
        0.574,
        0.821,
        0.985,
        0.1795
      ],
      [
        282.5,
        0.566,
        0.815,
        1.0,
        0.1838
      ],
      [
        282.75,
        0.623,
        0.872,
        1.0,
        0.1685
      ],
      [
        283.0,
        0.653,
        0.904,
        0.998,
        0.1633
      ],
      [
        283.25,
        0.644,
        0.892,
        0.988,
        0.1654
      ],
      [
        283.5,
        0.636,
        0.885,
        1.0,
        0.1684
      ],
      [
        283.75,
        0.683,
        0.933,
        1.0,
        0.1562
      ],
      [
        284.0,
        0.708,
        0.96,
        0.998,
        0.1525
      ],
      [
        284.25,
        0.699,
        0.948,
        0.989,
        0.1545
      ],
      [
        284.5,
        0.691,
        0.94,
        1.0,
        0.1567
      ],
      [
        284.75,
        0.733,
        0.982,
        1.0,
        0.1467
      ],
      [
        285.0,
        0.754,
        0.997,
        0.998,
        0.1437
      ],
      [
        285.25,
        0.744,
        0.986,
        0.988,
        0.1455
      ],
      [
        285.5,
        0.736,
        0.98,
        1.0,
        0.1472
      ],
      [
        285.75,
        0.787,
        1.0,
        1.0,
        0.1345
      ],
      [
        286.0,
        0.814,
        0.998,
        0.999,
        0.1304
      ],
      [
        286.25,
        0.804,
        0.986,
        0.989,
        0.1332
      ],
      [
        286.5,
        0.795,
        0.978,
        0.981,
        0.1327
      ],
      [
        286.75,
        0.793,
        0.977,
        1.0,
        0.1348
      ],
      [
        287.0,
        0.788,
        0.972,
        0.998,
        0.1346
      ],
      [
        287.25,
        0.778,
        0.963,
        0.987,
        0.1337
      ],
      [
        287.5,
        0.77,
        0.956,
        0.997,
        0.1353
      ],
      [
        287.75,
        0.802,
        0.987,
        1.0,
        0.1306
      ],
      [
        288.0,
        0.817,
        0.998,
        0.999,
        0.1314
      ],
      [
        288.25,
        0.807,
        0.988,
        0.989,
        0.1329
      ],
      [
        288.5,
        0.799,
        0.982,
        1.0,
        0.134
      ],
      [
        288.75,
        0.834,
        1.0,
        1.0,
        0.1268
      ],
      [
        289.0,
        0.851,
        0.998,
        0.999,
        0.1256
      ],
      [
        289.25,
        0.841,
        0.988,
        0.989,
        0.1273
      ],
      [
        289.5,
        0.833,
        0.981,
        0.996,
        0.1278
      ],
      [
        289.75,
        0.86,
        1.0,
        1.0,
        0.1235
      ],
      [
        290.0,
        0.872,
        0.998,
        0.998,
        0.1226
      ],
      [
        290.25,
        0.862,
        0.988,
        0.989,
        0.1242
      ],
      [
        290.5,
        0.853,
        0.983,
        1.0,
        0.1248
      ],
      [
        290.75,
        0.907,
        1.0,
        1.0,
        0.1151
      ],
      [
        291.0,
        0.936,
        0.998,
        0.999,
        0.1135
      ],
      [
        291.25,
        0.927,
        0.988,
        0.989,
        0.1171
      ],
      [
        291.5,
        0.918,
        0.984,
        1.0,
        0.1174
      ],
      [
        291.75,
        0.975,
        1.0,
        1.0,
        0.1092
      ],
      [
        292.0,
        0.996,
        0.998,
        0.999,
        0.1087
      ],
      [
        292.25,
        0.986,
        0.988,
        0.989,
        0.1127
      ],
      [
        292.5,
        0.975,
        0.979,
        0.98,
        0.1119
      ],
      [
        292.75,
        0.967,
        0.972,
        0.986,
        0.1117
      ],
      [
        293.0,
        0.959,
        0.965,
        0.987,
        0.1114
      ],
      [
        293.25,
        0.947,
        0.955,
        0.976,
        0.1103
      ],
      [
        293.5,
        0.941,
        0.951,
        1.0,
        0.1119
      ],
      [
        293.75,
        0.995,
        1.0,
        1.0,
        0.1076
      ],
      [
        294.0,
        0.996,
        0.998,
        0.999,
        0.1078
      ],
      [
        294.25,
        0.986,
        0.988,
        0.989,
        0.1117
      ],
      [
        294.5,
        0.981,
        0.985,
        1.0,
        0.1117
      ],
      [
        294.75,
        1.0,
        1.0,
        1.0,
        0.1053
      ],
      [
        295.0,
        0.997,
        0.998,
        0.999,
        0.1054
      ],
      [
        295.25,
        0.986,
        0.988,
        0.989,
        0.1096
      ],
      [
        295.5,
        0.98,
        0.982,
        1.0,
        0.1104
      ],
      [
        295.75,
        1.0,
        1.0,
        1.0,
        0.1068
      ],
      [
        296.0,
        0.997,
        0.998,
        0.999,
        0.1085
      ],
      [
        296.25,
        0.987,
        0.988,
        0.989,
        0.1105
      ],
      [
        296.5,
        0.979,
        0.98,
        0.99,
        0.1097
      ],
      [
        296.75,
        0.983,
        0.988,
        1.0,
        0.1088
      ],
      [
        297.0,
        0.984,
        0.989,
        0.999,
        0.1077
      ],
      [
        297.25,
        0.972,
        0.979,
        0.988,
        0.1066
      ],
      [
        297.5,
        0.967,
        0.976,
        1.0,
        0.1065
      ],
      [
        297.75,
        1.0,
        1.0,
        1.0,
        0.1043
      ],
      [
        298.0,
        0.997,
        0.998,
        0.999,
        0.1054
      ],
      [
        298.25,
        0.987,
        0.988,
        0.989,
        0.1096
      ],
      [
        298.5,
        0.982,
        0.986,
        1.0,
        0.1097
      ],
      [
        298.75,
        0.999,
        1.0,
        1.0,
        0.1042
      ],
      [
        299.0,
        0.997,
        0.998,
        0.999,
        0.1046
      ],
      [
        299.25,
        0.987,
        0.988,
        0.989,
        0.1089
      ],
      [
        299.5,
        0.982,
        0.985,
        1.0,
        0.1097
      ],
      [
        299.75,
        1.0,
        1.0,
        1.0,
        0.105
      ],
      [
        300.0,
        0.997,
        0.998,
        0.999,
        0.1062
      ],
      [
        300.25,
        0.987,
        0.988,
        0.989,
        0.1101
      ],
      [
        300.5,
        0.983,
        0.986,
        1.0,
        0.1097
      ],
      [
        300.75,
        1.0,
        1.0,
        1.0,
        0.1047
      ],
      [
        301.0,
        0.997,
        0.999,
        0.999,
        0.1055
      ],
      [
        301.25,
        0.987,
        0.989,
        0.989,
        0.1098
      ],
      [
        301.5,
        0.983,
        0.986,
        1.0,
        0.1096
      ],
      [
        301.75,
        0.999,
        1.0,
        1.0,
        0.1041
      ],
      [
        302.0,
        0.997,
        0.999,
        0.999,
        0.1044
      ],
      [
        302.25,
        0.987,
        0.988,
        0.989,
        0.1086
      ],
      [
        302.5,
        0.984,
        0.987,
        1.0,
        0.1096
      ],
      [
        302.75,
        1.0,
        1.0,
        1.0,
        0.104
      ],
      [
        303.0,
        0.997,
        0.999,
        0.999,
        0.1043
      ],
      [
        303.25,
        0.987,
        0.988,
        0.99,
        0.1085
      ],
      [
        303.5,
        0.978,
        0.981,
        0.987,
        0.1093
      ],
      [
        303.75,
        0.982,
        0.985,
        1.0,
        0.1087
      ],
      [
        304.0,
        0.98,
        0.984,
        0.999,
        0.1077
      ],
      [
        304.25,
        0.97,
        0.975,
        0.989,
        0.1066
      ],
      [
        304.5,
        0.966,
        0.973,
        1.0,
        0.1064
      ],
      [
        304.75,
        0.999,
        1.0,
        1.0,
        0.1033
      ],
      [
        305.0,
        0.997,
        0.999,
        0.999,
        0.1039
      ],
      [
        305.25,
        0.987,
        0.989,
        0.99,
        0.1082
      ],
      [
        305.5,
        0.979,
        0.98,
        0.984,
        0.1092
      ],
      [
        305.75,
        0.975,
        0.977,
        1.0,
        0.1092
      ],
      [
        306.0,
        0.97,
        0.972,
        0.999,
        0.1084
      ],
      [
        306.25,
        0.96,
        0.962,
        0.988,
        0.1073
      ],
      [
        306.5,
        0.953,
        0.957,
        1.0,
        0.1078
      ],
      [
        306.75,
        0.984,
        0.988,
        1.0,
        0.1049
      ],
      [
        307.0,
        0.998,
        0.999,
        0.999,
        0.1083
      ],
      [
        307.25,
        0.987,
        0.988,
        0.989,
        0.1102
      ],
      [
        307.5,
        0.982,
        0.985,
        1.0,
        0.1097
      ],
      [
        307.75,
        1.0,
        1.0,
        1.0,
        0.1054
      ],
      [
        308.0,
        0.997,
        0.999,
        0.999,
        0.1069
      ],
      [
        308.25,
        0.988,
        0.989,
        0.99,
        0.1102
      ],
      [
        308.5,
        0.985,
        0.988,
        1.0,
        0.1096
      ],
      [
        308.75,
        1.0,
        1.0,
        1.0,
        0.1041
      ],
      [
        309.0,
        0.997,
        0.999,
        0.999,
        0.1043
      ],
      [
        309.25,
        0.987,
        0.989,
        0.99,
        0.1086
      ],
      [
        309.5,
        0.979,
        0.981,
        0.992,
        0.1095
      ],
      [
        309.75,
        0.986,
        0.99,
        1.0,
        0.1084
      ],
      [
        310.0,
        0.988,
        0.992,
        0.999,
        0.1072
      ],
      [
        310.25,
        0.977,
        0.982,
        0.989,
        0.1061
      ],
      [
        310.5,
        0.973,
        0.979,
        1.0,
        0.1058
      ],
      [
        310.75,
        1.0,
        1.0,
        1.0,
        0.1041
      ],
      [
        311.0,
        0.997,
        0.999,
        0.999,
        0.1052
      ],
      [
        311.25,
        0.987,
        0.989,
        0.99,
        0.1094
      ],
      [
        311.5,
        0.98,
        0.981,
        0.992,
        0.1095
      ],
      [
        311.75,
        0.985,
        0.989,
        1.0,
        0.1085
      ],
      [
        312.0,
        0.986,
        0.99,
        0.999,
        0.1074
      ],
      [
        312.25,
        0.976,
        0.981,
        0.988,
        0.1063
      ],
      [
        312.5,
        0.971,
        0.977,
        1.0,
        0.1062
      ],
      [
        312.75,
        1.0,
        1.0,
        1.0,
        0.1055
      ],
      [
        313.0,
        0.998,
        0.999,
        0.999,
        0.1076
      ],
      [
        313.25,
        0.988,
        0.989,
        0.99,
        0.1102
      ],
      [
        313.5,
        0.983,
        0.986,
        1.0,
        0.1097
      ],
      [
        313.75,
        0.999,
        1.0,
        1.0,
        0.1055
      ],
      [
        314.0,
        0.998,
        0.999,
        0.999,
        0.1072
      ],
      [
        314.25,
        0.988,
        0.989,
        0.99,
        0.1102
      ],
      [
        314.5,
        0.984,
        0.987,
        1.0,
        0.1097
      ],
      [
        314.75,
        1.0,
        1.0,
        1.0,
        0.1052
      ],
      [
        315.0,
        0.997,
        0.999,
        0.999,
        0.1065
      ],
      [
        315.25,
        0.988,
        0.989,
        0.99,
        0.1102
      ],
      [
        315.5,
        0.984,
        0.987,
        1.0,
        0.1097
      ],
      [
        315.75,
        1.0,
        1.0,
        1.0,
        0.1052
      ],
      [
        316.0,
        0.998,
        0.999,
        0.999,
        0.1064
      ],
      [
        316.25,
        0.987,
        0.989,
        0.99,
        0.1102
      ],
      [
        316.5,
        0.98,
        0.982,
        0.996,
        0.1097
      ],
      [
        316.75,
        0.995,
        0.997,
        1.0,
        0.1082
      ],
      [
        317.0,
        0.998,
        0.998,
        0.999,
        0.1066
      ],
      [
        317.25,
        0.987,
        0.989,
        0.99,
        0.1055
      ],
      [
        317.5,
        0.979,
        0.981,
        0.992,
        0.1048
      ],
      [
        317.75,
        0.986,
        0.988,
        1.0,
        0.1067
      ],
      [
        318.0,
        0.986,
        0.99,
        0.999,
        0.1106
      ],
      [
        318.25,
        0.976,
        0.98,
        0.989,
        0.1095
      ],
      [
        318.5,
        0.97,
        0.975,
        1.0,
        0.1095
      ],
      [
        318.75,
        0.996,
        0.999,
        1.0,
        0.1068
      ],
      [
        319.0,
        0.998,
        0.999,
        0.999,
        0.1082
      ],
      [
        319.25,
        0.988,
        0.989,
        0.989,
        0.1102
      ],
      [
        319.5,
        0.986,
        0.99,
        1.0,
        0.1095
      ],
      [
        319.75,
        1.0,
        1.0,
        1.0,
        0.1036
      ],
      [
        320.0,
        0.997,
        0.999,
        1.0,
        0.1034
      ],
      [
        320.25,
        0.987,
        0.988,
        0.99,
        0.1075
      ],
      [
        320.5,
        0.984,
        0.99,
        1.0,
        0.1095
      ],
      [
        320.75,
        1.0,
        1.0,
        1.0,
        0.1036
      ],
      [
        321.0,
        0.997,
        0.999,
        1.0,
        0.1034
      ],
      [
        321.25,
        0.986,
        0.989,
        0.99,
        0.1076
      ],
      [
        321.5,
        0.982,
        0.987,
        1.0,
        0.1096
      ],
      [
        321.75,
        1.0,
        1.0,
        1.0,
        0.105
      ],
      [
        322.0,
        0.998,
        0.999,
        1.0,
        0.1061
      ],
      [
        322.25,
        0.988,
        0.989,
        0.99,
        0.1101
      ],
      [
        322.5,
        0.986,
        0.989,
        1.0,
        0.1096
      ],
      [
        322.75,
        1.0,
        1.0,
        1.0,
        0.1046
      ],
      [
        323.0,
        0.997,
        0.999,
        1.0,
        0.1051
      ],
      [
        323.25,
        0.987,
        0.989,
        0.99,
        0.1094
      ],
      [
        323.5,
        0.985,
        0.988,
        1.0,
        0.1096
      ],
      [
        323.75,
        1.0,
        1.0,
        1.0,
        0.1047
      ],
      [
        324.0,
        0.998,
        0.999,
        1.0,
        0.1055
      ],
      [
        324.25,
        0.988,
        0.99,
        0.99,
        0.1098
      ],
      [
        324.5,
        0.987,
        0.99,
        1.0,
        0.1095
      ],
      [
        324.75,
        0.999,
        1.0,
        1.0,
        0.1035
      ],
      [
        325.0,
        0.998,
        0.999,
        1.0,
        0.1031
      ],
      [
        325.25,
        0.988,
        0.989,
        0.99,
        0.1074
      ],
      [
        325.5,
        0.988,
        0.991,
        1.0,
        0.1095
      ],
      [
        325.75,
        1.0,
        1.0,
        1.0,
        0.1034
      ],
      [
        326.0,
        0.998,
        0.999,
        1.0,
        0.1031
      ],
      [
        326.25,
        0.988,
        0.99,
        0.99,
        0.1074
      ],
      [
        326.5,
        0.985,
        0.988,
        1.0,
        0.1097
      ],
      [
        326.75,
        0.999,
        1.0,
        1.0,
        0.1052
      ],
      [
        327.0,
        0.998,
        0.999,
        1.0,
        0.1064
      ],
      [
        327.25,
        0.988,
        0.989,
        0.99,
        0.1103
      ],
      [
        327.5,
        0.98,
        0.981,
        0.991,
        0.1095
      ],
      [
        327.75,
        0.985,
        0.987,
        1.0,
        0.1086
      ],
      [
        328.0,
        0.986,
        0.988,
        0.999,
        0.1075
      ],
      [
        328.25,
        0.975,
        0.978,
        0.99,
        0.1064
      ],
      [
        328.5,
        0.969,
        0.973,
        1.0,
        0.1064
      ],
      [
        328.75,
        0.994,
        0.999,
        1.0,
        0.1059
      ],
      [
        329.0,
        0.998,
        0.999,
        1.0,
        0.1088
      ],
      [
        329.25,
        0.988,
        0.989,
        0.99,
        0.1102
      ],
      [
        329.5,
        0.987,
        0.991,
        1.0,
        0.1095
      ],
      [
        329.75,
        1.0,
        1.0,
        1.0,
        0.1035
      ],
      [
        330.0,
        0.998,
        0.999,
        1.0,
        0.1031
      ],
      [
        330.25,
        0.988,
        0.989,
        0.99,
        0.1073
      ],
      [
        330.5,
        0.987,
        0.99,
        1.0,
        0.1095
      ],
      [
        330.75,
        1.0,
        1.0,
        1.0,
        0.104
      ],
      [
        331.0,
        0.998,
        0.999,
        1.0,
        0.104
      ],
      [
        331.25,
        0.988,
        0.99,
        0.99,
        0.1083
      ],
      [
        331.5,
        0.986,
        0.988,
        1.0,
        0.1096
      ],
      [
        331.75,
        1.0,
        1.0,
        1.0,
        0.1049
      ],
      [
        332.0,
        0.998,
        0.999,
        1.0,
        0.1057
      ],
      [
        332.25,
        0.988,
        0.989,
        0.99,
        0.11
      ],
      [
        332.5,
        0.983,
        0.985,
        1.0,
        0.1098
      ],
      [
        332.75,
        1.0,
        1.0,
        1.0,
        0.1062
      ],
      [
        333.0,
        0.998,
        0.999,
        1.0,
        0.1081
      ],
      [
        333.25,
        0.987,
        0.989,
        0.99,
        0.1102
      ],
      [
        333.5,
        0.98,
        0.982,
        0.991,
        0.1095
      ],
      [
        333.75,
        0.984,
        0.987,
        1.0,
        0.1086
      ],
      [
        334.0,
        0.982,
        0.987,
        1.0,
        0.1075
      ],
      [
        334.25,
        0.972,
        0.977,
        0.989,
        0.1064
      ],
      [
        334.5,
        0.964,
        0.972,
        1.0,
        0.1065
      ],
      [
        334.75,
        0.986,
        0.995,
        1.0,
        0.1056
      ],
      [
        335.0,
        0.997,
        0.999,
        1.0,
        0.1091
      ],
      [
        335.25,
        0.986,
        0.989,
        0.99,
        0.1102
      ],
      [
        335.5,
        0.985,
        0.99,
        1.0,
        0.1095
      ],
      [
        335.75,
        1.0,
        1.0,
        1.0,
        0.1042
      ],
      [
        336.0,
        0.998,
        0.999,
        1.0,
        0.1043
      ],
      [
        336.25,
        0.988,
        0.99,
        0.99,
        0.1086
      ],
      [
        336.5,
        0.988,
        0.991,
        1.0,
        0.1095
      ],
      [
        336.75,
        1.0,
        1.0,
        1.0,
        0.1036
      ],
      [
        337.0,
        0.998,
        1.0,
        1.0,
        0.1033
      ],
      [
        337.25,
        0.988,
        0.99,
        0.991,
        0.1075
      ],
      [
        337.5,
        0.988,
        0.992,
        1.0,
        0.1095
      ],
      [
        337.75,
        1.0,
        1.0,
        1.0,
        0.1033
      ],
      [
        338.0,
        0.998,
        1.0,
        1.0,
        0.1027
      ],
      [
        338.25,
        0.988,
        0.99,
        0.991,
        0.107
      ],
      [
        338.5,
        0.989,
        0.992,
        1.0,
        0.1095
      ],
      [
        338.75,
        1.0,
        1.0,
        1.0,
        0.1033
      ],
      [
        339.0,
        0.998,
        1.0,
        1.0,
        0.1027
      ],
      [
        339.25,
        0.988,
        0.99,
        0.991,
        0.107
      ],
      [
        339.5,
        0.988,
        0.99,
        1.0,
        0.1096
      ],
      [
        339.75,
        1.0,
        1.0,
        1.0,
        0.1046
      ],
      [
        340.0,
        0.998,
        1.0,
        1.0,
        0.1049
      ],
      [
        340.25,
        0.988,
        0.99,
        0.99,
        0.1092
      ],
      [
        340.5,
        0.981,
        0.984,
        1.0,
        0.1099
      ],
      [
        340.75,
        0.999,
        1.0,
        1.0,
        0.1076
      ],
      [
        341.0,
        0.998,
        0.999,
        1.0,
        0.1074
      ],
      [
        341.25,
        0.987,
        0.989,
        0.99,
        0.1102
      ],
      [
        341.5,
        0.982,
        0.984,
        1.0,
        0.1099
      ],
      [
        341.75,
        1.0,
        1.0,
        1.0,
        0.1071
      ],
      [
        342.0,
        0.998,
        0.999,
        1.0,
        0.1081
      ],
      [
        342.25,
        0.987,
        0.989,
        0.99,
        0.1102
      ],
      [
        342.5,
        0.989,
        0.992,
        1.0,
        0.1095
      ],
      [
        342.75,
        1.0,
        1.0,
        1.0,
        0.1033
      ],
      [
        343.0,
        0.998,
        1.0,
        1.0,
        0.1026
      ],
      [
        343.25,
        0.988,
        0.99,
        0.991,
        0.1069
      ],
      [
        343.5,
        0.99,
        0.992,
        1.0,
        0.1096
      ],
      [
        343.75,
        1.0,
        1.0,
        1.0,
        0.1033
      ],
      [
        344.0,
        0.998,
        1.0,
        1.0,
        0.1026
      ],
      [
        344.25,
        0.988,
        0.99,
        0.991,
        0.1069
      ],
      [
        344.5,
        0.987,
        0.99,
        1.0,
        0.1097
      ],
      [
        344.75,
        1.0,
        1.0,
        1.0,
        0.1048
      ],
      [
        345.0,
        0.998,
        1.0,
        1.0,
        0.1054
      ],
      [
        345.25,
        0.989,
        0.99,
        0.991,
        0.1097
      ],
      [
        345.5,
        0.986,
        0.989,
        1.0,
        0.1097
      ],
      [
        345.75,
        0.999,
        1.0,
        1.0,
        0.1051
      ],
      [
        346.0,
        0.998,
        1.0,
        1.0,
        0.106
      ],
      [
        346.25,
        0.988,
        0.99,
        0.991,
        0.1102
      ],
      [
        346.5,
        0.987,
        0.991,
        1.0,
        0.1096
      ],
      [
        346.75,
        1.0,
        1.0,
        1.0,
        0.1041
      ],
      [
        347.0,
        0.998,
        1.0,
        1.0,
        0.1041
      ],
      [
        347.25,
        0.988,
        0.99,
        0.99,
        0.1084
      ],
      [
        347.5,
        0.988,
        0.992,
        1.0,
        0.1095
      ],
      [
        347.75,
        1.0,
        1.0,
        1.0,
        0.1034
      ],
      [
        348.0,
        0.998,
        1.0,
        1.0,
        0.1027
      ],
      [
        348.25,
        0.988,
        0.989,
        0.99,
        0.107
      ],
      [
        348.5,
        0.987,
        0.989,
        1.0,
        0.1097
      ],
      [
        348.75,
        1.0,
        1.0,
        1.0,
        0.1049
      ],
      [
        349.0,
        0.998,
        1.0,
        1.0,
        0.1056
      ],
      [
        349.25,
        0.989,
        0.99,
        0.991,
        0.1099
      ],
      [
        349.5,
        0.986,
        0.989,
        1.0,
        0.1097
      ],
      [
        349.75,
        1.0,
        1.0,
        1.0,
        0.1052
      ],
      [
        350.0,
        0.998,
        1.0,
        1.0,
        0.1063
      ],
      [
        350.25,
        0.989,
        0.99,
        0.991,
        0.1103
      ],
      [
        350.5,
        0.989,
        0.991,
        1.0,
        0.1096
      ],
      [
        350.75,
        1.0,
        1.0,
        1.0,
        0.104
      ],
      [
        351.0,
        0.998,
        1.0,
        1.0,
        0.1039
      ],
      [
        351.25,
        0.987,
        0.989,
        0.991,
        0.108
      ],
      [
        351.5,
        0.988,
        0.991,
        1.0,
        0.1096
      ],
      [
        351.75,
        0.999,
        1.0,
        1.0,
        0.104
      ],
      [
        352.0,
        0.998,
        1.0,
        1.0,
        0.1039
      ],
      [
        352.25,
        0.987,
        0.989,
        0.99,
        0.1081
      ],
      [
        352.5,
        0.979,
        0.982,
        0.995,
        0.1097
      ],
      [
        352.75,
        0.988,
        0.99,
        1.0,
        0.1084
      ],
      [
        353.0,
        0.99,
        0.993,
        1.0,
        0.1072
      ],
      [
        353.25,
        0.98,
        0.984,
        0.991,
        0.1061
      ],
      [
        353.5,
        0.979,
        0.984,
        1.0,
        0.1056
      ],
      [
        353.75,
        1.0,
        1.0,
        1.0,
        0.1034
      ],
      [
        354.0,
        0.998,
        1.0,
        1.0,
        0.1036
      ],
      [
        354.25,
        0.988,
        0.99,
        0.99,
        0.1078
      ],
      [
        354.5,
        0.983,
        0.986,
        1.0,
        0.1098
      ],
      [
        354.75,
        1.0,
        1.0,
        1.0,
        0.1062
      ],
      [
        355.0,
        0.999,
        0.999,
        1.0,
        0.108
      ],
      [
        355.25,
        0.987,
        0.989,
        0.99,
        0.1102
      ],
      [
        355.5,
        0.985,
        0.988,
        1.0,
        0.1097
      ],
      [
        355.75,
        1.0,
        1.0,
        1.0,
        0.1052
      ],
      [
        356.0,
        0.998,
        1.0,
        1.0,
        0.1062
      ],
      [
        356.25,
        0.988,
        0.989,
        0.99,
        0.1102
      ],
      [
        356.5,
        0.985,
        0.987,
        1.0,
        0.1097
      ],
      [
        356.75,
        1.0,
        1.0,
        1.0,
        0.1055
      ],
      [
        357.0,
        0.999,
        1.0,
        1.0,
        0.1069
      ],
      [
        357.25,
        0.988,
        0.989,
        0.99,
        0.1103
      ],
      [
        357.5,
        0.983,
        0.985,
        1.0,
        0.1098
      ],
      [
        357.75,
        1.0,
        1.0,
        1.0,
        0.1061
      ],
      [
        358.0,
        0.999,
        0.999,
        1.0,
        0.108
      ],
      [
        358.25,
        0.988,
        0.989,
        0.99,
        0.1102
      ],
      [
        358.5,
        0.987,
        0.991,
        1.0,
        0.1095
      ],
      [
        358.75,
        1.0,
        1.0,
        1.0,
        0.1037
      ],
      [
        359.0,
        0.998,
        1.0,
        1.0,
        0.1032
      ],
      [
        359.25,
        0.987,
        0.99,
        0.991,
        0.1074
      ],
      [
        359.5,
        0.984,
        0.99,
        1.0,
        0.1096
      ],
      [
        359.75,
        1.0,
        1.0,
        1.0,
        0.1045
      ],
      [
        360.0,
        0.998,
        1.0,
        1.0,
        0.1048
      ],
      [
        360.25,
        0.988,
        0.99,
        0.991,
        0.109
      ],
      [
        360.5,
        0.985,
        0.987,
        1.0,
        0.1098
      ],
      [
        360.75,
        1.0,
        1.0,
        1.0,
        0.1057
      ],
      [
        361.0,
        0.999,
        1.0,
        1.0,
        0.1073
      ],
      [
        361.25,
        0.989,
        0.99,
        0.991,
        0.1103
      ],
      [
        361.5,
        0.988,
        0.991,
        1.0,
        0.1096
      ],
      [
        361.75,
        1.0,
        1.0,
        1.0,
        0.1043
      ],
      [
        362.0,
        0.998,
        1.0,
        1.0,
        0.1042
      ],
      [
        362.25,
        0.989,
        0.99,
        0.991,
        0.1085
      ],
      [
        362.5,
        0.99,
        0.992,
        1.0,
        0.1096
      ],
      [
        362.75,
        0.999,
        1.0,
        1.0,
        0.1035
      ],
      [
        363.0,
        0.998,
        1.0,
        1.0,
        0.1028
      ],
      [
        363.25,
        0.989,
        0.99,
        0.991,
        0.1071
      ],
      [
        363.5,
        0.99,
        0.992,
        1.0,
        0.1096
      ],
      [
        363.75,
        0.999,
        1.0,
        1.0,
        0.1033
      ],
      [
        364.0,
        0.998,
        1.0,
        1.0,
        0.1025
      ],
      [
        364.25,
        0.989,
        0.99,
        0.991,
        0.1068
      ],
      [
        364.5,
        0.988,
        0.99,
        1.0,
        0.1097
      ],
      [
        364.75,
        1.0,
        1.0,
        1.0,
        0.1046
      ]
    ]
  },
  "beacon_interval_s": 900.0,
  "n_nodes": 312,
  "daily_kt": [],
  "channel_utilization": 0.11737,
  "start_date": "2025-07-01",
  "weather_driven": true,
  "packets_originated": 1738236,
  "pdr_overall": 0.9141,
  "sos": {
    "sent": 184,
    "delivered": 184,
    "latencies_s": [
      1.34,
      1.19,
      3.91,
      1.68,
      1.17,
      0.84,
      1.05,
      1.11,
      2.57,
      1.24,
      1.08,
      1.66,
      1.36,
      5.76,
      1.72,
      0.94,
      1.34,
      0.98,
      2.67,
      7.61,
      1.41,
      2.88,
      1.46,
      0.8,
      1.58,
      1.26,
      1.49,
      1.02,
      3.4,
      1.64,
      1.29,
      1.59,
      1.45,
      0.83,
      2.48,
      1.35,
      1.04,
      3.32,
      4.78,
      1.17,
      1.53,
      0.96,
      1.17,
      4.29,
      1.1,
      0.88,
      1.76,
      1.41,
      0.96,
      1.08,
      1.1,
      396.76,
      1.33,
      1.68,
      1.29,
      2.95,
      1.69,
      1.22,
      0.8,
      1.13,
      1.09,
      3.07,
      1.45,
      1.64,
      1.23,
      0.9,
      3.29,
      4.49,
      0.91,
      1.08,
      0.88,
      1.22,
      1.28,
      1.64,
      1.34,
      4.27,
      1.4,
      3.25,
      1.41,
      3.9,
      0.86,
      1.09,
      1.12,
      2.69,
      1.31,
      2.31,
      3.33,
      1.31,
      2.98,
      1.64,
      3.39,
      0.81,
      1.52,
      1.13,
      0.78,
      1.97,
      1.55,
      1.32,
      1.31,
      1.49,
      1.51,
      1.31,
      1599.7,
      2.99,
      1.18,
      1.08,
      1.07,
      3.88,
      0.87,
      1.68,
      1.1,
      1.71,
      1.6,
      1.44,
      2.7,
      3.41,
      1.03,
      3.98,
      2.79,
      1.05,
      1.57,
      1.2,
      1.38,
      1.69,
      2.76,
      1.49,
      0.97,
      2.51,
      1.46,
      0.75,
      1.36,
      1.49,
      1.08,
      2.62,
      1.18,
      0.82,
      0.95,
      1.4,
      3.46,
      1.26,
      0.95,
      4.41,
      1.27,
      1.57,
      1.24,
      1.19,
      0.88,
      1.54,
      1.68,
      7.48,
      3.01,
      0.87,
      1.28,
      1.05,
      1.27,
      1.6,
      2.38,
      1.35,
      2.83,
      1.66,
      1.09,
      1.71,
      1.64,
      2.46,
      1.52,
      0.82,
      1.64,
      1.52,
      1.07,
      1.39,
      1.65,
      1.04,
      2.2,
      1.71,
      0.97,
      3.99,
      0.88,
      1.36,
      1.24,
      1.68,
      0.86,
      6.95,
      2.57,
      1.72
    ],
    "mean_tries": 5.42,
    "level": "incident"
  }
}
struggling links (356 of 604 active):
       garfield_summit <-> hancock_th           PRR 0.05  margin  -13.3 dB  (44863 tries)
             crag_camp <-> great_gulf_th        PRR 0.05  margin  -12.5 dB  (44178 tries)
            baldface_s <-> wild_river_cg        PRR 0.05  margin  -13.1 dB  (18457 tries)
            glen_ellis <-> madison_hut          PRR 0.05  margin  -12.7 dB  (64249 tries)
            ammo_relay <-> jefferson_lawn       PRR 0.05  margin  -12.1 dB  (42536 tries)
             kinsman_n <-> lafayette_place      PRR 0.05  margin  -12.3 dB  (15808 tries)
           cog_skyline <-> jackson_summit       PRR 0.05  margin  -11.2 dB  (43299 tries)
         kinsman_notch <-> moosilauke_summit    PRR 0.05  margin  -13.4 dB  (16276 tries)
             bondcliff <-> south_twin           PRR 0.05  margin  -12.9 dB  (29885 tries)
       isolation_davis <-> jewell_relay         PRR 0.06  margin  -11.1 dB  (3186 tries)
           imp_shelter <-> pulpit_rock          PRR 0.06  margin  -12.3 dB  (50270 tries)
       highland_center <-> mizpah_hut           PRR 0.06  margin  -12.3 dB  (29412 tries)
per-node:
  summit_shermanadams    tx 12768  rx 582884  col 239573  dup- 4438  E_tx   2.806 Wh  solar    0.00 Wh  SOC 100.0%  deaths 0  [grid]
  gateway_marshfield     tx 16223  rx 278219  col 36333  dup- 5281  E_tx   3.607 Wh  solar    0.00 Wh  SOC 100.0%  deaths 0  [grid]
  pinkham_notch_vc       tx 17617  rx 221393  col 11809  dup- 4946  E_tx   3.912 Wh  solar    0.00 Wh  SOC 100.0%  deaths 0  [grid]
  highland_center        tx 15674  rx  95052  col 5274  dup- 3400  E_tx   3.488 Wh  solar    0.00 Wh  SOC 100.0%  deaths 0  [grid]
  lakes_hut              tx 27050  rx 278954  col 37965  dup- 4583  E_tx   5.749 Wh  solar 5140.80 Wh  SOC 100.0%  deaths 0  [solar]
  madison_hut            tx 54476  rx 148510  col 12973  dup- 2757  E_tx  11.154 Wh  solar 4915.94 Wh  SOC 100.0%  deaths 0  [solar]
  mizpah_hut             tx 26908  rx 156193  col 12255  dup- 3525  E_tx   5.711 Wh  solar 5180.97 Wh  SOC 100.0%  deaths 0  [solar]
  carter_notch_hut       tx 15368  rx  65241  col  940  dup-   98  E_tx   3.159 Wh  solar  676.54 Wh  SOC 99.7%  deaths 13  [solar]
  grayknob_cabin         tx 26916  rx 174147  col 15714  dup- 5304  E_tx   5.727 Wh  solar 5098.70 Wh  SOC 100.0%  deaths 0  [solar]
  hermit_lake            tx 26282  rx 220167  col 9010  dup- 4797  E_tx   5.585 Wh  solar 4803.78 Wh  SOC 100.0%  deaths 0  [solar]
  crag_camp              tx 33169  rx 229298  col 41886  dup- 6421  E_tx   6.874 Wh  solar 5087.08 Wh  SOC 100.0%  deaths 0  [solar]
  dolly_copp             tx 20654  rx 129746  col 15577  dup- 5081  E_tx   4.334 Wh  solar  733.30 Wh  SOC 99.8%  deaths 12  [solar]
  ammo_relay             tx 27511  rx 197235  col 15923  dup- 4464  E_tx   5.811 Wh  solar 4658.82 Wh  SOC 100.0%  deaths 0  [solar]
  jewell_relay           tx 25899  rx 292070  col 50053  dup- 4760  E_tx   5.487 Wh  solar 4960.32 Wh  SOC 100.0%  deaths 0  [solar]
  clay_relay             tx 40226  rx 247134  col 58112  dup- 5662  E_tx   8.251 Wh  solar 5009.53 Wh  SOC 100.0%  deaths 0  [solar]
  monroe_flank           tx 26744  rx 382395  col 101774  dup- 4598  E_tx   5.687 Wh  solar 5221.11 Wh  SOC 100.0%  deaths 0  [solar]
  lion_head              tx 36847  rx 327624  col 74420  dup- 4981  E_tx   7.611 Wh  solar 5088.65 Wh  SOC 100.0%  deaths 0  [solar]
  boott_spur             tx 32227  rx 287076  col 37908  dup- 5053  E_tx   6.758 Wh  solar 4160.93 Wh  SOC 100.0%  deaths 0  [solar]
  jefferson_lawn         tx 23630  rx 368838  col 109986  dup- 6482  E_tx   4.950 Wh  solar 5182.37 Wh  SOC 100.0%  deaths 0  [solar]
  thunderstorm_jct       tx 29651  rx 322178  col 83087  dup- 7503  E_tx   6.178 Wh  solar 5217.91 Wh  SOC 100.0%  deaths 0  [solar]
  eisenhower_relay       tx 25304  rx 328359  col 76355  dup- 5633  E_tx   5.360 Wh  solar 5221.97 Wh  SOC 100.0%  deaths 0  [solar]
  pierce_relay           tx 26356  rx 185721  col 43758  dup- 3545  E_tx   5.551 Wh  solar  758.99 Wh  SOC 100.0%  deaths 10  [solar]
  wildcat_d              tx 28564  rx 325616  col 86195  dup- 6085  E_tx   5.904 Wh  solar  760.38 Wh  SOC 99.9%  deaths 9  [solar]
  nelson_crag            tx 22731  rx 433943  col 128992  dup- 6491  E_tx   4.790 Wh  solar 4985.31 Wh  SOC 100.0%  deaths 0  [solar]
  appalachia_th          tx 18505  rx  80216  col  133  dup-  292  E_tx   3.840 Wh  solar  777.06 Wh  SOC 100.0%  deaths 9  [solar]
  caps_ridge_th          tx 22546  rx 272779  col 53101  dup- 5559  E_tx   4.765 Wh  solar  761.45 Wh  SOC 100.0%  deaths 10  [solar]
  glen_ellis             tx 26587  rx 167285  col 18822  dup- 2275  E_tx   5.660 Wh  solar  726.95 Wh  SOC 99.8%  deaths 12  [solar]
  great_gulf_th          tx 24816  rx 164944  col 20476  dup- 4312  E_tx   5.259 Wh  solar  766.17 Wh  SOC 99.8%  deaths 9  [solar]
  glen_house             tx 23646  rx 251800  col 55530  dup- 5587  E_tx   5.017 Wh  solar  747.79 Wh  SOC 99.9%  deaths 12  [solar]
  jackson_summit         tx 25602  rx 212813  col 47399  dup- 6431  E_tx   5.421 Wh  solar 5225.52 Wh  SOC 100.0%  deaths 0  [solar]
  webster_cliff          tx 22825  rx 146542  col 26582  dup- 5328  E_tx   4.843 Wh  solar  767.38 Wh  SOC 100.0%  deaths 9  [solar]
  cog_skyline            tx 25343  rx 274993  col 38293  dup- 4753  E_tx   5.365 Wh  solar 5026.65 Wh  SOC 100.0%  deaths 0  [solar]
  wildcat_a              tx 24721  rx 302839  col 74339  dup- 5990  E_tx   5.193 Wh  solar  709.07 Wh  SOC 100.0%  deaths 13  [solar]
  madison_summit         tx 29544  rx 277945  col 60814  dup- 6399  E_tx   6.196 Wh  solar 5207.56 Wh  SOC 100.0%  deaths 0  [solar]
  durand_ridge           tx 20454  rx  93499  col 1253  dup- 1779  E_tx   4.247 Wh  solar  776.06 Wh  SOC 100.0%  deaths 9  [solar]
  cannon_tram_top        tx  5575  rx 191694  col 26610  dup- 1257  E_tx   1.225 Wh  solar    0.00 Wh  SOC 100.0%  deaths 0  [grid]
  lafayette_place        tx  5944  rx 115288  col 4997  dup- 1254  E_tx   1.321 Wh  solar    0.00 Wh  SOC 100.0%  deaths 0  [grid]
  flume_vc               tx  6005  rx 108768  col 4406  dup- 1220  E_tx   1.333 Wh  solar    0.00 Wh  SOC 100.0%  deaths 0  [grid]
  greenleaf_hut          tx 14632  rx 124520  col 6642  dup- 1324  E_tx   2.993 Wh  solar 5133.14 Wh  SOC 100.0%  deaths 0  [solar]
  lonesome_lake_hut      tx 13858  rx 130211  col 10197  dup- 1273  E_tx   2.839 Wh  solar  771.08 Wh  SOC 99.9%  deaths 7  [solar]
  lafayette_summit       tx 38913  rx 170648  col 26345  dup- 1308  E_tx   7.714 Wh  solar 5228.13 Wh  SOC 100.0%  deaths 0  [solar]
  little_haystack        tx 15173  rx 111580  col 9750  dup- 1420  E_tx   3.086 Wh  solar 4712.45 Wh  SOC 100.0%  deaths 0  [solar]
  liberty_summit         tx 14615  rx 108207  col 14610  dup- 1472  E_tx   2.994 Wh  solar 4899.09 Wh  SOC 100.0%  deaths 0  [solar]
  kinsman_n              tx 14640  rx 105088  col 2954  dup- 1335  E_tx   3.000 Wh  solar 5169.84 Wh  SOC 100.0%  deaths 0  [solar]
  kinsman_pond           tx 13779  rx 127472  col 7096  dup- 1292  E_tx   2.816 Wh  solar  752.15 Wh  SOC 99.8%  deaths 9  [solar]
  lincoln_woods_th       tx   235  rx  26827  col   27  dup-    0  E_tx   0.049 Wh  solar    0.00 Wh  SOC 100.0%  deaths 0  [grid]
  garfield_summit        tx 36610  rx  76994  col 6325  dup-  740  E_tx   7.270 Wh  solar 5225.96 Wh  SOC 100.0%  deaths 0  [solar]
  galehead_hut           tx 26001  rx  60642  col  659  dup-  206  E_tx   5.181 Wh  solar 5059.70 Wh  SOC 100.0%  deaths 0  [solar]
  south_twin             tx 15366  rx  71875  col 2390  dup-  191  E_tx   3.076 Wh  solar 5152.51 Wh  SOC 100.0%  deaths 0  [solar]
  guyot_summit           tx 11911  rx 100361  col  242  dup-  113  E_tx   2.349 Wh  solar 4916.03 Wh  SOC 100.0%  deaths 0  [solar]
  bondcliff              tx 15450  rx  87727  col 1038  dup-  789  E_tx   3.158 Wh  solar 4374.33 Wh  SOC 100.0%  deaths 0  [solar]
  zealand_hut            tx 21639  rx 120327  col 1763  dup-  175  E_tx   4.367 Wh  solar  755.35 Wh  SOC 99.9%  deaths 10  [solar]
  zeacliff               tx 11248  rx 103247  col  456  dup-  105  E_tx   2.237 Wh  solar  688.05 Wh  SOC 99.8%  deaths 13  [solar]
  hancock_th             tx 15515  rx  55370  col  196  dup-  141  E_tx   3.145 Wh  solar  724.23 Wh  SOC 100.0%  deaths 13  [solar]
  carrigain_summit       tx 71298  rx  85199  col 2157  dup-  377  E_tx  13.864 Wh  solar 5230.30 Wh  SOC 100.0%  deaths 0  [solar]
  willey_summit          tx 13715  rx 109796  col 1137  dup-   42  E_tx   2.765 Wh  solar  781.33 Wh  SOC 100.0%  deaths 9  [solar]
  sawyer_river_th        tx  9271  rx  31422  col  109  dup-    6  E_tx   1.791 Wh  solar  779.50 Wh  SOC 99.9%  deaths 7  [solar]
  waterville_valley      tx    85  rx  44301  col   67  dup-    0  E_tx   0.017 Wh  solar    0.00 Wh  SOC 100.0%  deaths 0  [grid]
  kanc_pass              tx  8656  rx  20817  col   26  dup-    2  E_tx   1.672 Wh  solar  771.87 Wh  SOC 100.0%  deaths 7  [solar]
  osceola_summit         tx  8376  rx  45299  col  132  dup-    2  E_tx   1.623 Wh  solar  770.20 Wh  SOC 99.9%  deaths 7  [solar]
  greeley_ponds          tx 13930  rx  39024  col   85  dup-    0  E_tx   2.687 Wh  solar  716.52 Wh  SOC 100.0%  deaths 11  [solar]
  tripyramid_n           tx 10939  rx  19717  col   35  dup-    0  E_tx   2.132 Wh  solar  696.18 Wh  SOC 100.0%  deaths 14  [solar]
  sandwich_dome          tx  8397  rx  17599  col    7  dup-    1  E_tx   1.615 Wh  solar  776.15 Wh  SOC 99.9%  deaths 7  [solar]
  whiteface_summit       tx 20672  rx  33577  col   51  dup-    0  E_tx   3.977 Wh  solar 5040.12 Wh  SOC 100.0%  deaths 0  [solar]
  passaconaway           tx 38460  rx  89022  col  763  dup-    0  E_tx   7.442 Wh  solar 5240.50 Wh  SOC 100.0%  deaths 0  [solar]
  ferncroft_th           tx 41432  rx  41841  col   46  dup-    0  E_tx   8.002 Wh  solar  775.55 Wh  SOC 99.9%  deaths 9  [solar]
  welch_dickey_th        tx  8376  rx  10474  col    1  dup-    0  E_tx   1.617 Wh  solar  770.72 Wh  SOC 99.9%  deaths 7  [solar]
  chocorua_summit        tx  8064  rx  42194  col   65  dup-    0  E_tx   1.555 Wh  solar  748.40 Wh  SOC 100.0%  deaths 9  [solar]
  piper_th               tx 15721  rx  48049  col   62  dup-    0  E_tx   3.029 Wh  solar  724.29 Wh  SOC 99.8%  deaths 12  [solar]
  ravine_lodge           tx    40  rx  40334  col   26  dup-    0  E_tx   0.007 Wh  solar    0.00 Wh  SOC 100.0%  deaths 0  [grid]
  moosilauke_summit      tx  8770  rx  57626  col   50  dup-    0  E_tx   1.688 Wh  solar 5232.43 Wh  SOC 100.0%  deaths 0  [solar]
  kinsman_notch          tx  8149  rx   8625  col    0  dup-    0  E_tx   1.564 Wh  solar  730.60 Wh  SOC 99.8%  deaths 10  [solar]
  glencliff_th           tx  8357  rx  39800  col   20  dup-    0  E_tx   1.607 Wh  solar  773.02 Wh  SOC 100.0%  deaths 7  [solar]
  gorham_info            tx  1305  rx  10722  col   99  dup-    1  E_tx   0.287 Wh  solar    0.00 Wh  SOC 100.0%  deaths 0  [grid]
  carter_dome            tx 62134  rx 241335  col 73810  dup- 3754  E_tx  12.580 Wh  solar 5208.27 Wh  SOC 100.0%  deaths 0  [solar]
  imp_shelter            tx 17548  rx  84080  col 4831  dup-  479  E_tx   3.610 Wh  solar 5064.96 Wh  SOC 100.0%  deaths 0  [solar]
  moriah_summit          tx 19110  rx  28893  col   97  dup-   16  E_tx   3.745 Wh  solar 4804.08 Wh  SOC 100.0%  deaths 0  [solar]
  baldface_s             tx 16655  rx  56834  col  421  dup-   36  E_tx   3.471 Wh  solar  748.43 Wh  SOC 100.0%  deaths 10  [solar]
  mt_hayes               tx  8590  rx  18210  col   27  dup-    0  E_tx   1.663 Wh  solar  766.27 Wh  SOC 99.8%  deaths 7  [solar]
  gentian_pond           tx  8408  rx  28588  col   19  dup-    4  E_tx   1.618 Wh  solar  761.99 Wh  SOC 99.9%  deaths 7  [solar]
  success_summit         tx  8666  rx  15392  col   31  dup-    3  E_tx   1.666 Wh  solar  781.42 Wh  SOC 100.0%  deaths 7  [solar]
  berlin_gateway         tx    15  rx   6296  col    0  dup-    0  E_tx   0.002 Wh  solar    0.00 Wh  SOC 100.0%  deaths 0  [grid]
  cabot_summit           tx  8764  rx  24512  col   13  dup-    0  E_tx   1.689 Wh  solar 5119.52 Wh  SOC 100.0%  deaths 0  [solar]
  unknown_pond           tx  8355  rx  68461  col   46  dup-    0  E_tx   1.608 Wh  solar  768.65 Wh  SOC 99.9%  deaths 7  [solar]
  percy_peaks            tx  8193  rx  41823  col   34  dup-    0  E_tx   1.580 Wh  solar  750.40 Wh  SOC 99.8%  deaths 9  [solar]
  nash_stream_th         tx  7790  rx  15800  col    0  dup-    0  E_tx   1.501 Wh  solar  699.87 Wh  SOC 99.8%  deaths 14  [solar]
  waumbek_summit         tx 15089  rx  24832  col   21  dup-    0  E_tx   3.118 Wh  solar  746.31 Wh  SOC 99.8%  deaths 9  [solar]
  cherry_mtn             tx 29860  rx  80436  col 2008  dup- 1497  E_tx   6.190 Wh  solar  775.39 Wh  SOC 100.0%  deaths 9  [solar]
  cardigan_lodge         tx    42  rx  15927  col    4  dup-    0  E_tx   0.008 Wh  solar    0.00 Wh  SOC 100.0%  deaths 0  [grid]
  cardigan_summit        tx  8427  rx   7247  col   22  dup-    0  E_tx   1.630 Wh  solar  788.80 Wh  SOC 100.0%  deaths 7  [solar]
  sunapee_summit         tx     0  rx      6  col    0  dup-    0  E_tx   0.000 Wh  solar    0.00 Wh  SOC 100.0%  deaths 0  [grid]
  ragged_mtn             tx  8310  rx      0  col    0  dup-    0  E_tx   1.612 Wh  solar  781.99 Wh  SOC 100.0%  deaths 7  [solar]
  gunstock_top           tx    30  rx  31026  col   23  dup-    0  E_tx   0.005 Wh  solar    0.00 Wh  SOC 100.0%  deaths 0  [grid]
  major_summit           tx  8324  rx  20891  col   25  dup-    1  E_tx   1.599 Wh  solar  767.57 Wh  SOC 100.0%  deaths 8  [solar]
  shaw_summit            tx  8142  rx  20136  col  208  dup-    0  E_tx   1.571 Wh  solar  767.18 Wh  SOC 100.0%  deaths 9  [solar]
  monadnock_hq           tx  1544  rx  38704  col  508  dup-  271  E_tx   0.340 Wh  solar    0.00 Wh  SOC 100.0%  deaths 0  [grid]
  monadnock_summit       tx 10005  rx  25810  col  129  dup-  114  E_tx   1.965 Wh  solar  795.79 Wh  SOC 100.0%  deaths 7  [solar]
  dublin_th              tx  9960  rx  22855  col   79  dup-  121  E_tx   1.965 Wh  solar  790.09 Wh  SOC 100.0%  deaths 8  [solar]
  miller_hq              tx    12  rx  20065  col    5  dup-    0  E_tx   0.002 Wh  solar    0.00 Wh  SOC 100.0%  deaths 0  [grid]
  pack_monadnock         tx 16820  rx  11239  col    8  dup-    0  E_tx   3.240 Wh  solar  795.21 Wh  SOC 100.0%  deaths 10  [solar]
  smarts_mtn             tx  7959  rx  24601  col   18  dup-    0  E_tx   1.524 Wh  solar  757.29 Wh  SOC 100.0%  deaths 11  [solar]
  lyme_dorchester_th     tx 31744  rx  34216  col   20  dup-    0  E_tx   6.107 Wh  solar  778.44 Wh  SOC 100.0%  deaths 9  [solar]
  winslow_hq             tx     0  rx  12237  col    3  dup-    0  E_tx   0.000 Wh  solar    0.00 Wh  SOC 100.0%  deaths 0  [grid]
  kearsarge_summit       tx  8625  rx   3732  col    3  dup-    0  E_tx   1.663 Wh  solar  791.17 Wh  SOC 100.0%  deaths 7  [solar]
  cranmore_top           tx     0  rx  41469  col  274  dup-    0  E_tx   0.000 Wh  solar    0.00 Wh  SOC 100.0%  deaths 0  [grid]
  kearsarge_north        tx  8367  rx  40993  col 1114  dup-    0  E_tx   1.616 Wh  solar  783.94 Wh  SOC 100.0%  deaths 7  [solar]
  pawtuckaway_hq         tx     0  rx   8383  col    0  dup-    0  E_tx   0.000 Wh  solar    0.00 Wh  SOC 100.0%  deaths 0  [grid]
  pawtuckaway_tower      tx  8412  rx      0  col    0  dup-    0  E_tx   1.633 Wh  solar  793.61 Wh  SOC 100.0%  deaths 8  [solar]
  pisgah_hq              tx     0  rx  34383  col   10  dup-    0  E_tx   0.000 Wh  solar    0.00 Wh  SOC 100.0%  deaths 0  [grid]
  pisgah_ridge           tx  8385  rx  26057  col    6  dup-    0  E_tx   1.612 Wh  solar  789.49 Wh  SOC 100.0%  deaths 7  [solar]
  uncanoonuc_s           tx     0  rx      0  col    0  dup-    0  E_tx   0.000 Wh  solar    0.00 Wh  SOC 100.0%  deaths 0  [grid]
  blue_job               tx     0  rx      0  col    0  dup-    0  E_tx   0.000 Wh  solar    0.00 Wh  SOC 100.0%  deaths 0  [grid]
  balsams_gateway        tx     0  rx   7648  col    0  dup-    0  E_tx   0.000 Wh  solar    0.00 Wh  SOC 100.0%  deaths 0  [grid]
  table_rock             tx  7648  rx      0  col    0  dup-    0  E_tx   1.471 Wh  solar  721.45 Wh  SOC 100.0%  deaths 14  [solar]
  pittsburg_village      tx     0  rx    298  col    0  dup-    0  E_tx   0.000 Wh  solar    0.00 Wh  SOC 100.0%  deaths 0  [grid]
  magalloway_tower       tx     0  rx      0  col    0  dup-    0  E_tx   0.000 Wh  solar  729.53 Wh  SOC  5.6%  deaths 237  [solar]
  pulpit_rock            tx 39167  rx 107647  col 5648  dup- 1190  E_tx   8.038 Wh  solar 4199.31 Wh  SOC 100.0%  deaths 0  [solar]
  tremont_summit         tx  8694  rx  15727  col   82  dup-   17  E_tx   1.675 Wh  solar  748.55 Wh  SOC 99.8%  deaths 7  [solar]
  noon_peak              tx  7878  rx  23783  col   37  dup-    0  E_tx   1.514 Wh  solar  715.65 Wh  SOC 99.9%  deaths 14  [solar]
  dickey_ledges          tx  8320  rx  10690  col   11  dup-    0  E_tx   1.612 Wh  solar  740.25 Wh  SOC 99.8%  deaths 8  [solar]
  tecumseh_ski_top       tx    63  rx  49235  col   62  dup-    0  E_tx   0.013 Wh  solar    0.00 Wh  SOC 100.0%  deaths 0  [grid]
  blue_ridge_ledge       tx  8788  rx  16516  col    7  dup-    0  E_tx   1.696 Wh  solar 4987.93 Wh  SOC 100.0%  deaths 0  [solar]
  north_carter           tx 10568  rx  47433  col 1102  dup-  481  E_tx   2.104 Wh  solar  735.83 Wh  SOC 99.8%  deaths 11  [solar]
  the_horn               tx 47171  rx  44728  col   26  dup-    0  E_tx   9.095 Wh  solar 4657.16 Wh  SOC 100.0%  deaths 0  [solar]
  victor_head            tx  8142  rx  45950  col   42  dup-    0  E_tx   1.564 Wh  solar  765.30 Wh  SOC 100.0%  deaths 9  [solar]
  ragged_ski_base        tx     0  rx   8310  col    0  dup-    0  E_tx   0.000 Wh  solar    0.00 Wh  SOC 100.0%  deaths 0  [grid]
  castle_clouds          tx     0  rx  61655  col   96  dup-    0  E_tx   0.000 Wh  solar    0.00 Wh  SOC 100.0%  deaths 0  [grid]
  dartmouth_skiway       tx     0  rx  30598  col   28  dup-    0  E_tx   0.000 Wh  solar    0.00 Wh  SOC 100.0%  deaths 0  [grid]
  holts_ledge            tx  8358  rx  35062  col   30  dup-    0  E_tx   1.613 Wh  solar  775.68 Wh  SOC 100.0%  deaths 7  [solar]
  first_lake_dam         tx     0  rx   1011  col    0  dup-    0  E_tx   0.000 Wh  solar    0.00 Wh  SOC 100.0%  deaths 0  [grid]
  moosilauke_s_peak      tx 34395  rx  31446  col   47  dup-    0  E_tx   6.643 Wh  solar 5232.10 Wh  SOC 100.0%  deaths 0  [solar]
  belknap_summit         tx  8402  rx  17277  col   16  dup-    1  E_tx   1.619 Wh  solar  787.45 Wh  SOC 100.0%  deaths 7  [solar]
  newbury_station        tx     0  rx    248  col    0  dup-    0  E_tx   0.000 Wh  solar    0.00 Wh  SOC 100.0%  deaths 0  [grid]
  kilkenny_lookout       tx  8270  rx  54127  col   35  dup-    0  E_tx   1.597 Wh  solar  746.21 Wh  SOC 99.8%  deaths 8  [solar]
  stark_village          tx     1  rx  73534  col   80  dup-    0  E_tx   0.000 Wh  solar    0.00 Wh  SOC 100.0%  deaths 0  [grid]
  signal_ridge           tx  9357  rx 103366  col  269  dup-   37  E_tx   1.813 Wh  solar 4833.72 Wh  SOC 100.0%  deaths 0  [solar]
  white_ledge_cg         tx     4  rx  66473  col   98  dup-    1  E_tx   0.001 Wh  solar    0.00 Wh  SOC 100.0%  deaths 0  [grid]
  notchland_inn          tx   809  rx  98632  col  258  dup-   17  E_tx   0.174 Wh  solar    0.00 Wh  SOC 100.0%  deaths 0  [grid]
  mt_hight               tx 24009  rx  90121  col 2200  dup- 1723  E_tx   5.059 Wh  solar 4550.05 Wh  SOC 100.0%  deaths 0  [solar]
  south_carter           tx 22833  rx 147768  col 31974  dup- 5620  E_tx   4.815 Wh  solar 4510.48 Wh  SOC 100.0%  deaths 0  [solar]
  piper_mtn_belknap      tx  8369  rx  18121  col   21  dup-    0  E_tx   1.617 Wh  solar  776.94 Wh  SOC 100.0%  deaths 7  [solar]
  jennings_peak          tx 12285  rx  79386  col  226  dup-    0  E_tx   2.377 Wh  solar  760.61 Wh  SOC 99.9%  deaths 8  [solar]
  welch_ledges           tx  8402  rx  16869  col   28  dup-    0  E_tx   1.615 Wh  solar  781.75 Wh  SOC 100.0%  deaths 7  [solar]
  the_bulge              tx 16042  rx  61745  col   45  dup-    0  E_tx   3.095 Wh  solar  733.40 Wh  SOC 99.8%  deaths 11  [solar]
  turtleback_mtn         tx 17091  rx  68848  col   66  dup-    0  E_tx   3.296 Wh  solar  768.21 Wh  SOC 100.0%  deaths 8  [solar]
  lambert_ridge          tx  8335  rx  36795  col  167  dup-    0  E_tx   1.602 Wh  solar  763.77 Wh  SOC 99.8%  deaths 7  [solar]
  black_cap              tx 24394  rx  50599  col 2504  dup-    0  E_tx   4.717 Wh  solar  777.49 Wh  SOC 100.0%  deaths 9  [solar]
  second_lake_dam        tx     0  rx      0  col    0  dup-    0  E_tx   0.000 Wh  solar    0.00 Wh  SOC 100.0%  deaths 0  [grid]
  middle_carter          tx 12936  rx  81966  col 4464  dup-  891  E_tx   2.621 Wh  solar  759.14 Wh  SOC 99.9%  deaths 8  [solar]
  zeta_pass              tx 11303  rx  45479  col  896  dup-  521  E_tx   2.280 Wh  solar  684.96 Wh  SOC 99.8%  deaths 10  [solar]
  smarts_ranger_ledge    tx 24228  rx  47297  col   43  dup-    0  E_tx   4.657 Wh  solar  772.66 Wh  SOC 100.0%  deaths 9  [solar]
  hurricane_col          tx 16238  rx  48643  col   40  dup-    0  E_tx   3.124 Wh  solar  770.86 Wh  SOC 100.0%  deaths 9  [solar]
  cranmore_ledge         tx 32556  rx  46250  col   52  dup-    0  E_tx   6.261 Wh  solar  766.86 Wh  SOC 100.0%  deaths 9  [solar]
  bald_knob_ossipee      tx 33044  rx  62600  col  246  dup-    0  E_tx   6.377 Wh  solar  765.04 Wh  SOC 100.0%  deaths 9  [solar]
  mt_roberts             tx 39886  rx  81727  col  867  dup-    0  E_tx   7.659 Wh  solar  782.35 Wh  SOC 100.0%  deaths 9  [solar]
  faraway_ledge          tx  8284  rx  79908  col  670  dup-    0  E_tx   1.601 Wh  solar  773.01 Wh  SOC 100.0%  deaths 8  [solar]
  ossipee_saddle         tx 24098  rx  69746  col  319  dup-    0  E_tx   4.651 Wh  solar  766.01 Wh  SOC 99.9%  deaths 10  [solar]
  black_snout            tx 16049  rx  41102  col  195  dup-    0  E_tx   3.090 Wh  solar  767.93 Wh  SOC 99.9%  deaths 10  [solar]
  rockywold_camps        tx     1  rx  35364  col   36  dup-    0  E_tx   0.000 Wh  solar    0.00 Wh  SOC 100.0%  deaths 0  [grid]
  morgan_percival        tx  8985  rx  27191  col   14  dup-    0  E_tx   1.741 Wh  solar  771.70 Wh  SOC 99.9%  deaths 7  [solar]
  rattlesnake_west       tx 15430  rx  34429  col   43  dup-    0  E_tx   2.978 Wh  solar  782.58 Wh  SOC 100.0%  deaths 9  [solar]
  red_hill_tower         tx 25010  rx  22871  col   15  dup-    1  E_tx   4.833 Wh  solar  774.69 Wh  SOC 100.0%  deaths 9  [solar]
  rumney_village         tx     4  rx   4689  col    3  dup-    0  E_tx   0.001 Wh  solar    0.00 Wh  SOC 100.0%  deaths 0  [grid]
  stinson_summit         tx  8217  rx     31  col    0  dup-    0  E_tx   1.586 Wh  solar  763.05 Wh  SOC 100.0%  deaths 8  [solar]
  rattlesnake_rumney     tx  9262  rx   9771  col    5  dup-    0  E_tx   1.794 Wh  solar  783.47 Wh  SOC 100.0%  deaths 7  [solar]
  rumney_cliff_top       tx  8384  rx   9751  col    3  dup-    0  E_tx   1.605 Wh  solar  785.89 Wh  SOC 100.0%  deaths 7  [solar]
  loon_summit            tx  5605  rx  21356  col   43  dup-   35  E_tx   1.243 Wh  solar    0.00 Wh  SOC 100.0%  deaths 0  [grid]
  owls_head_slide        tx  1044  rx   7290  col  134  dup-   25  E_tx   0.212 Wh  solar    0.00 Wh  SOC  0.0%  deaths 1  [battery]
  thirteen_falls         tx   904  rx   3817  col   81  dup-   62  E_tx   0.180 Wh  solar    0.00 Wh  SOC  0.0%  deaths 1  [battery]
  mt_hale                tx 21104  rx  62494  col 1670  dup-  221  E_tx   4.410 Wh  solar 5023.11 Wh  SOC 100.0%  deaths 0  [solar]
  twin_mountain_village  tx  5782  rx  49586  col  320  dup-   84  E_tx   1.279 Wh  solar    0.00 Wh  SOC 100.0%  deaths 0  [grid]
  sugarloaf_middle       tx 17826  rx  33507  col 1231  dup-  173  E_tx   3.735 Wh  solar  728.35 Wh  SOC 99.8%  deaths 11  [solar]
  isolation_davis        tx  1834  rx   9585  col  480  dup-  264  E_tx   0.389 Wh  solar    0.00 Wh  SOC  0.0%  deaths 1  [battery]
  wild_river_cg          tx 13998  rx 150194  col 7171  dup- 1292  E_tx   3.105 Wh  solar    0.00 Wh  SOC 100.0%  deaths 0  [grid]
  wild_river_blue_brook  tx  1623  rx   9218  col  440  dup-   44  E_tx   0.346 Wh  solar    0.00 Wh  SOC  0.0%  deaths 1  [battery]
  north_baldface         tx  9466  rx  21303  col   13  dup-    0  E_tx   1.858 Wh  solar  708.26 Wh  SOC 99.7%  deaths 10  [solar]
  jackson_village        tx    45  rx  14889  col    6  dup-    0  E_tx   0.010 Wh  solar    0.00 Wh  SOC 100.0%  deaths 0  [grid]
  doublehead_n           tx  8498  rx   6226  col   18  dup-    0  E_tx   1.642 Wh  solar  773.76 Wh  SOC 100.0%  deaths 7  [solar]
  iron_mtn               tx  8175  rx  17483  col    6  dup-    0  E_tx   1.573 Wh  solar  761.94 Wh  SOC 99.9%  deaths 9  [solar]
  mt_cube                tx  8135  rx   8140  col    0  dup-    0  E_tx   1.570 Wh  solar  769.95 Wh  SOC 100.0%  deaths 9  [solar]
  mead_base              tx     4  rx  27020  col   16  dup-    0  E_tx   0.001 Wh  solar    0.00 Wh  SOC 100.0%  deaths 0  [grid]
  mt_israel              tx  8416  rx  40898  col   44  dup-    0  E_tx   1.616 Wh  solar  782.98 Wh  SOC 99.9%  deaths 7  [solar]
  flat_mtn_pond          tx   869  rx   5757  col    7  dup-    0  E_tx   0.166 Wh  solar    0.00 Wh  SOC  0.0%  deaths 1  [battery]
  green_mtn_effingham    tx     0  rx      0  col    0  dup-    0  E_tx   0.000 Wh  solar  755.48 Wh  SOC  6.1%  deaths 236  [solar]
  bear_brook_hq          tx     0  rx  10067  col    1  dup-    0  E_tx   0.000 Wh  solar    0.00 Wh  SOC 100.0%  deaths 0  [grid]
  bear_brook_tower       tx  8368  rx   1611  col    1  dup-    0  E_tx   1.609 Wh  solar  789.56 Wh  SOC 100.0%  deaths 7  [solar]
  crotched_base          tx     0  rx   8380  col    0  dup-    0  E_tx   0.000 Wh  solar    0.00 Wh  SOC 100.0%  deaths 0  [grid]
  crotched_summit        tx  8380  rx      0  col    0  dup-    0  E_tx   1.611 Wh  solar  774.20 Wh  SOC 100.0%  deaths 7  [solar]
  temple_mtn_ledges      tx  8425  rx  17431  col    4  dup-    0  E_tx   1.625 Wh  solar  793.10 Wh  SOC 100.0%  deaths 7  [solar]
  washington_town        tx     0  rx  80916  col  486  dup-    0  E_tx   0.000 Wh  solar    0.00 Wh  SOC 100.0%  deaths 0  [grid]
  lovewell_mtn           tx 18457  rx  74444  col  439  dup-    0  E_tx   3.554 Wh  solar  790.46 Wh  SOC 100.0%  deaths 9  [solar]
  pillsbury_sp           tx  8402  rx  30657  col  134  dup-    0  E_tx   1.617 Wh  solar  789.08 Wh  SOC 100.0%  deaths 8  [solar]
  kilburn_th             tx  8412  rx  23240  col    5  dup-    0  E_tx   1.626 Wh  solar  794.62 Wh  SOC 100.0%  deaths 8  [solar]
  milan_hill             tx     0  rx      0  col    0  dup-    0  E_tx   0.000 Wh  solar    0.00 Wh  SOC 100.0%  deaths 0  [grid]
  sugarloaf_nash         tx  8324  rx  16736  col    0  dup-    0  E_tx   1.605 Wh  solar  773.51 Wh  SOC 100.0%  deaths 7  [solar]
  deer_mtn_pittsburg     tx  8302  rx      0  col    0  dup-    0  E_tx   1.596 Wh  solar  773.20 Wh  SOC 100.0%  deaths 7  [solar]
  champney_th            tx  8354  rx  29188  col   15  dup-    0  E_tx   1.611 Wh  solar  779.53 Wh  SOC 99.9%  deaths 7  [solar]
  buffalo_rd_lot         tx     1  rx  17647  col    5  dup-    0  E_tx   0.000 Wh  solar    0.00 Wh  SOC 100.0%  deaths 0  [grid]
  stinson_lake_gw        tx     1  rx   8240  col    1  dup-    0  E_tx   0.000 Wh  solar    0.00 Wh  SOC 100.0%  deaths 0  [grid]
  attitash_base          tx    17  rx  26838  col   15  dup-    0  E_tx   0.004 Wh  solar    0.00 Wh  SOC 100.0%  deaths 0  [grid]
  iron_s_ledge           tx 14900  rx  30664  col   16  dup-    0  E_tx   2.875 Wh  solar  726.65 Wh  SOC 100.0%  deaths 9  [solar]
  rocky_branch_knoll     tx 23010  rx  31111  col   32  dup-    0  E_tx   4.423 Wh  solar  778.98 Wh  SOC 99.9%  deaths 9  [solar]
  mt_cube_farm           tx     0  rx  16308  col    0  dup-    0  E_tx   0.000 Wh  solar    0.00 Wh  SOC 100.0%  deaths 0  [grid]
  cube_s_ledge           tx  8156  rx   8127  col    0  dup-    0  E_tx   1.577 Wh  solar  768.73 Wh  SOC 100.0%  deaths 9  [solar]
  deer_mtn_cg            tx     0  rx   8302  col    0  dup-    0  E_tx   0.000 Wh  solar    0.00 Wh  SOC 100.0%  deaths 0  [grid]
  millen_pond            tx 38253  rx  60226  col  297  dup-    0  E_tx   7.372 Wh  solar  790.49 Wh  SOC 100.0%  deaths 10  [solar]
  faxon_hill             tx 16664  rx 100585  col  671  dup-    0  E_tx   3.213 Wh  solar  786.88 Wh  SOC 99.9%  deaths 8  [solar]
  greenway_mid           tx 24136  rx  94895  col 1065  dup-    0  E_tx   4.654 Wh  solar  776.46 Wh  SOC 99.9%  deaths 9  [solar]
  kittredge_hill         tx  8416  rx  87830  col  772  dup-    0  E_tx   1.621 Wh  solar  790.21 Wh  SOC 100.0%  deaths 7  [solar]
  bryant_ledge           tx 16493  rx  74049  col  465  dup-    0  E_tx   3.172 Wh  solar  783.93 Wh  SOC 100.0%  deaths 10  [solar]
  pisgah_w_knoll         tx  8395  rx  27986  col    9  dup-    0  E_tx   1.618 Wh  solar  776.76 Wh  SOC 99.8%  deaths 7  [solar]
  kilburn_ridge          tx 16519  rx  23605  col    7  dup-    0  E_tx   3.181 Wh  solar  789.54 Wh  SOC 100.0%  deaths 10  [solar]
  moose_mtn_at           tx  8370  rx  16520  col    7  dup-    0  E_tx   1.610 Wh  solar  770.55 Wh  SOC 99.8%  deaths 7  [solar]
  black_mtn_benton       tx  8384  rx  43980  col   21  dup-    1  E_tx   1.621 Wh  solar  784.51 Wh  SOC 100.0%  deaths 7  [solar]
  prospect_weeks         tx     0  rx      0  col    0  dup-    0  E_tx   0.000 Wh  solar    0.00 Wh  SOC 100.0%  deaths 0  [grid]
  moose_mtn_lodge        tx     0  rx  17958  col    7  dup-    0  E_tx   0.000 Wh  solar    0.00 Wh  SOC 100.0%  deaths 0  [grid]
  moose_s_ledge          tx 16391  rx   8798  col    1  dup-    0  E_tx   3.154 Wh  solar  786.65 Wh  SOC 100.0%  deaths 9  [solar]
  radio_gateway_marshfield_0 tx 12456  rx 152831  col 29223  dup-    0  E_tx   2.499 Wh  solar    0.00 Wh  SOC 100.0%  deaths 0  [battery]
  radio_gateway_marshfield_1 tx 13114  rx 175458  col 36242  dup-    0  E_tx   2.636 Wh  solar    0.00 Wh  SOC 100.0%  deaths 0  [battery]
  radio_gateway_marshfield_2 tx 12911  rx 177951  col 35478  dup-    0  E_tx   2.592 Wh  solar    0.00 Wh  SOC 100.0%  deaths 0  [battery]
  radio_gateway_marshfield_3 tx 13309  rx 190546  col 40758  dup-    0  E_tx   2.675 Wh  solar    0.00 Wh  SOC 100.0%  deaths 0  [battery]
  radio_gateway_marshfield_4 tx 14496  rx 208681  col 43837  dup-    0  E_tx   2.920 Wh  solar    0.00 Wh  SOC 100.0%  deaths 0  [battery]
  radio_gateway_marshfield_5 tx 13459  rx 188067  col 38129  dup-    0  E_tx   2.725 Wh  solar    0.00 Wh  SOC 100.0%  deaths 0  [battery]
  radio_gateway_marshfield_6 tx 12946  rx 180751  col 35859  dup-    0  E_tx   2.614 Wh  solar    0.00 Wh  SOC 100.0%  deaths 0  [battery]
  radio_wild_river_cg_0  tx 13000  rx  40861  col 4485  dup-    0  E_tx   2.586 Wh  solar    0.00 Wh  SOC 100.0%  deaths 0  [battery]
  radio_wild_river_cg_1  tx    70  rx    201  col   17  dup-    0  E_tx   0.014 Wh  solar    0.00 Wh  SOC 100.0%  deaths 0  [battery]
  radio_wild_river_cg_2  tx     0  rx      0  col    0  dup-    0  E_tx   0.000 Wh  solar    0.00 Wh  SOC 100.0%  deaths 0  [battery]
  radio_bear_brook_hq_0  tx  1700  rx    326  col    0  dup-    0  E_tx   0.335 Wh  solar    0.00 Wh  SOC 100.0%  deaths 0  [battery]
  radio_bear_brook_hq_1  tx     0  rx      0  col    0  dup-    0  E_tx   0.000 Wh  solar    0.00 Wh  SOC 100.0%  deaths 0  [battery]
  radio_bear_brook_hq_2  tx     0  rx      0  col    0  dup-    0  E_tx   0.000 Wh  solar    0.00 Wh  SOC 100.0%  deaths 0  [battery]
  radio_gunstock_top_0   tx  6788  rx   3373  col   26  dup-    0  E_tx   1.356 Wh  solar    0.00 Wh  SOC 100.0%  deaths 0  [battery]
  radio_gunstock_top_1   tx     0  rx      0  col    0  dup-    0  E_tx   0.000 Wh  solar    0.00 Wh  SOC 100.0%  deaths 0  [battery]
  radio_gunstock_top_2   tx     0  rx      0  col    0  dup-    0  E_tx   0.000 Wh  solar    0.00 Wh  SOC 100.0%  deaths 0  [battery]
  radio_cardigan_lodge_0 tx  7571  rx   1505  col   22  dup-    0  E_tx   1.502 Wh  solar    0.00 Wh  SOC 100.0%  deaths 0  [battery]
  radio_cardigan_lodge_1 tx    21  rx      5  col    0  dup-    0  E_tx   0.004 Wh  solar    0.00 Wh  SOC 100.0%  deaths 0  [battery]
  radio_cardigan_lodge_2 tx     0  rx      0  col    0  dup-    0  E_tx   0.000 Wh  solar    0.00 Wh  SOC 100.0%  deaths 0  [battery]
  radio_cardigan_lodge_3 tx     0  rx      0  col    0  dup-    0  E_tx   0.000 Wh  solar    0.00 Wh  SOC 100.0%  deaths 0  [battery]
  radio_sawyer_river_th_0 tx  6937  rx  15670  col   39  dup-    0  E_tx   1.368 Wh  solar    0.00 Wh  SOC 100.0%  deaths 0  [battery]
  radio_sawyer_river_th_1 tx     0  rx      0  col    0  dup-    0  E_tx   0.000 Wh  solar    0.00 Wh  SOC 100.0%  deaths 0  [battery]
  radio_sawyer_river_th_2 tx     0  rx      0  col    0  dup-    0  E_tx   0.000 Wh  solar    0.00 Wh  SOC 100.0%  deaths 0  [battery]
  radio_glen_house_0     tx 12540  rx 174551  col 34208  dup-    0  E_tx   2.521 Wh  solar    0.00 Wh  SOC 100.0%  deaths 0  [battery]
  radio_glen_house_1     tx 12638  rx 173569  col 33768  dup-    0  E_tx   2.546 Wh  solar    0.00 Wh  SOC 100.0%  deaths 0  [battery]
  radio_glen_house_2     tx 11240  rx 165297  col 29482  dup-    0  E_tx   2.266 Wh  solar    0.00 Wh  SOC 100.0%  deaths 0  [battery]
  radio_glen_house_3     tx 11776  rx 168832  col 31173  dup-    0  E_tx   2.378 Wh  solar    0.00 Wh  SOC 100.0%  deaths 0  [battery]
  radio_piper_th_0       tx  7063  rx  16710  col  125  dup-    0  E_tx   1.396 Wh  solar    0.00 Wh  SOC 100.0%  deaths 0  [battery]
  radio_piper_th_1       tx    21  rx     41  col    3  dup-    0  E_tx   0.004 Wh  solar    0.00 Wh  SOC 100.0%  deaths 0  [battery]
  radio_piper_th_2       tx    14  rx     18  col    1  dup-    0  E_tx   0.003 Wh  solar    0.00 Wh  SOC 100.0%  deaths 0  [battery]
  radio_piper_th_3       tx     0  rx      0  col    0  dup-    0  E_tx   0.000 Wh  solar    0.00 Wh  SOC 100.0%  deaths 0  [battery]
  radio_highland_center_0 tx 10626  rx 146071  col 27575  dup-    0  E_tx   2.145 Wh  solar    0.00 Wh  SOC 100.0%  deaths 0  [battery]
  radio_highland_center_1 tx 10414  rx 137314  col 25239  dup-    0  E_tx   2.094 Wh  solar    0.00 Wh  SOC 100.0%  deaths 0  [battery]
  radio_highland_center_2 tx  8469  rx 104994  col 20450  dup-    0  E_tx   1.691 Wh  solar    0.00 Wh  SOC 100.0%  deaths 0  [battery]
  radio_highland_center_3 tx  2955  rx  37066  col 8031  dup-    0  E_tx   0.594 Wh  solar    0.00 Wh  SOC 100.0%  deaths 0  [battery]
  radio_lafayette_place_0 tx 12906  rx  80018  col 15045  dup-    0  E_tx   2.596 Wh  solar    0.00 Wh  SOC 100.0%  deaths 0  [battery]
  radio_lafayette_place_1 tx  9149  rx  54631  col 8718  dup-    0  E_tx   1.826 Wh  solar    0.00 Wh  SOC 100.0%  deaths 0  [battery]
  radio_lafayette_place_2 tx  9741  rx  65679  col 13007  dup-    0  E_tx   1.969 Wh  solar    0.00 Wh  SOC 100.0%  deaths 0  [battery]
  radio_lafayette_place_3 tx  4060  rx  31016  col 4668  dup-    0  E_tx   0.806 Wh  solar    0.00 Wh  SOC 100.0%  deaths 0  [battery]
  radio_lafayette_place_4 tx  9657  rx  61462  col 12403  dup-    0  E_tx   1.950 Wh  solar    0.00 Wh  SOC 100.0%  deaths 0  [battery]
  radio_lafayette_place_5 tx  8308  rx  43367  col 7873  dup-    0  E_tx   1.674 Wh  solar    0.00 Wh  SOC 100.0%  deaths 0  [battery]
  radio_lafayette_place_6 tx   752  rx   4635  col  809  dup-    0  E_tx   0.149 Wh  solar    0.00 Wh  SOC 100.0%  deaths 0  [battery]
  radio_lafayette_place_7 tx   598  rx   3767  col  688  dup-    0  E_tx   0.122 Wh  solar    0.00 Wh  SOC 100.0%  deaths 0  [battery]
  radio_lafayette_place_8 tx   459  rx   2764  col  429  dup-    0  E_tx   0.093 Wh  solar    0.00 Wh  SOC 100.0%  deaths 0  [battery]
  radio_great_gulf_th_0  tx  5545  rx  32756  col 3925  dup-    0  E_tx   1.099 Wh  solar    0.00 Wh  SOC 100.0%  deaths 0  [battery]
  radio_great_gulf_th_1  tx     0  rx      0  col    0  dup-    0  E_tx   0.000 Wh  solar    0.00 Wh  SOC 100.0%  deaths 0  [battery]
  radio_great_gulf_th_2  tx     0  rx      0  col    0  dup-    0  E_tx   0.000 Wh  solar    0.00 Wh  SOC 100.0%  deaths 0  [battery]
  radio_twin_mountain_village_0 tx 16296  rx  37177  col 1689  dup-    0  E_tx   3.220 Wh  solar    0.00 Wh  SOC 100.0%  deaths 0  [battery]
  radio_twin_mountain_village_1 tx  2586  rx   5040  col  200  dup-    0  E_tx   0.515 Wh  solar    0.00 Wh  SOC 100.0%  deaths 0  [battery]
  radio_twin_mountain_village_2 tx     0  rx      0  col    0  dup-    0  E_tx   0.000 Wh  solar    0.00 Wh  SOC 100.0%  deaths 0  [battery]
  radio_glen_ellis_0     tx 14560  rx 196575  col 32880  dup-    0  E_tx   2.882 Wh  solar    0.00 Wh  SOC 100.0%  deaths 0  [battery]
  radio_glen_ellis_1     tx  1341  rx  17430  col 2743  dup-    0  E_tx   0.265 Wh  solar    0.00 Wh  SOC 100.0%  deaths 0  [battery]
  radio_glen_ellis_2     tx     0  rx      0  col    0  dup-    0  E_tx   0.000 Wh  solar    0.00 Wh  SOC 100.0%  deaths 0  [battery]
  radio_winslow_hq_0     tx  3918  rx    986  col    0  dup-    0  E_tx   0.772 Wh  solar    0.00 Wh  SOC 100.0%  deaths 0  [battery]
  radio_winslow_hq_1     tx     0  rx      0  col    0  dup-    0  E_tx   0.000 Wh  solar    0.00 Wh  SOC 100.0%  deaths 0  [battery]
  radio_winslow_hq_2     tx     0  rx      0  col    0  dup-    0  E_tx   0.000 Wh  solar    0.00 Wh  SOC 100.0%  deaths 0  [battery]
  radio_winslow_hq_3     tx     0  rx      0  col    0  dup-    0  E_tx   0.000 Wh  solar    0.00 Wh  SOC 100.0%  deaths 0  [battery]
  radio_monadnock_hq_0   tx 11656  rx  14280  col  641  dup-    0  E_tx   2.338 Wh  solar    0.00 Wh  SOC 100.0%  deaths 0  [battery]
  radio_monadnock_hq_1   tx  7944  rx  12768  col  593  dup-    0  E_tx   1.595 Wh  solar    0.00 Wh  SOC 100.0%  deaths 0  [battery]
  radio_monadnock_hq_2   tx   480  rx    720  col   22  dup-    0  E_tx   0.096 Wh  solar    0.00 Wh  SOC 100.0%  deaths 0  [battery]
  radio_monadnock_hq_3   tx    47  rx     62  col    3  dup-    0  E_tx   0.010 Wh  solar    0.00 Wh  SOC 100.0%  deaths 0  [battery]
  radio_monadnock_hq_4   tx    26  rx     42  col    2  dup-    0  E_tx   0.005 Wh  solar    0.00 Wh  SOC 100.0%  deaths 0  [battery]
  radio_monadnock_hq_5   tx     0  rx      0  col    0  dup-    0  E_tx   0.000 Wh  solar    0.00 Wh  SOC 100.0%  deaths 0  [battery]
  radio_monadnock_hq_6   tx     0  rx      0  col    0  dup-    0  E_tx   0.000 Wh  solar    0.00 Wh  SOC 100.0%  deaths 0  [battery]
  radio_ravine_lodge_0   tx  6016  rx   5899  col   33  dup-    0  E_tx   1.192 Wh  solar    0.00 Wh  SOC 100.0%  deaths 0  [battery]
  radio_ravine_lodge_1   tx     0  rx      0  col    0  dup-    0  E_tx   0.000 Wh  solar    0.00 Wh  SOC 100.0%  deaths 0  [battery]
  radio_ravine_lodge_2   tx     0  rx      0  col    0  dup-    0  E_tx   0.000 Wh  solar    0.00 Wh  SOC 100.0%  deaths 0  [battery]
  radio_waterville_valley_0 tx 15895  rx  10848  col  119  dup-    0  E_tx   3.144 Wh  solar    0.00 Wh  SOC 100.0%  deaths 0  [battery]
  radio_waterville_valley_1 tx  2178  rx   1070  col   15  dup-    0  E_tx   0.433 Wh  solar    0.00 Wh  SOC 100.0%  deaths 0  [battery]
  radio_waterville_valley_2 tx     0  rx      0  col    0  dup-    0  E_tx   0.000 Wh  solar    0.00 Wh  SOC 100.0%  deaths 0  [battery]
  radio_lincoln_woods_th_0 tx  8161  rx  15167  col  301  dup-    0  E_tx   1.618 Wh  solar    0.00 Wh  SOC 100.0%  deaths 0  [battery]
  radio_lincoln_woods_th_1 tx 13204  rx  45753  col 1432  dup-    0  E_tx   2.607 Wh  solar    0.00 Wh  SOC 100.0%  deaths 0  [battery]
  radio_lincoln_woods_th_2 tx  2372  rx   7512  col  206  dup-    0  E_tx   0.468 Wh  solar    0.00 Wh  SOC 100.0%  deaths 0  [battery]
  radio_lincoln_woods_th_3 tx     0  rx      0  col    0  dup-    0  E_tx   0.000 Wh  solar    0.00 Wh  SOC 100.0%  deaths 0  [battery]
  radio_miller_hq_0      tx  3179  rx   1640  col    5  dup-    0  E_tx   0.633 Wh  solar    0.00 Wh  SOC 100.0%  deaths 0  [battery]
  radio_miller_hq_1      tx     0  rx      0  col    0  dup-    0  E_tx   0.000 Wh  solar    0.00 Wh  SOC 100.0%  deaths 0  [battery]
  radio_miller_hq_2      tx     0  rx      0  col    0  dup-    0  E_tx   0.000 Wh  solar    0.00 Wh  SOC 100.0%  deaths 0  [battery]
  radio_miller_hq_3      tx     0  rx      0  col    0  dup-    0  E_tx   0.000 Wh  solar    0.00 Wh  SOC 100.0%  deaths 0  [battery]
  radio_rumney_village_0 tx  4010  rx   1774  col    5  dup-    0  E_tx   0.794 Wh  solar    0.00 Wh  SOC 100.0%  deaths 0  [battery]
  radio_rumney_village_1 tx     0  rx      0  col    0  dup-    0  E_tx   0.000 Wh  solar    0.00 Wh  SOC 100.0%  deaths 0  [battery]
  radio_rumney_village_2 tx     0  rx      0  col    0  dup-    0  E_tx   0.000 Wh  solar    0.00 Wh  SOC 100.0%  deaths 0  [battery]
  radio_rockywold_camps_0 tx  3993  rx   5658  col   32  dup-    0  E_tx   0.785 Wh  solar    0.00 Wh  SOC 100.0%  deaths 0  [battery]
  radio_rockywold_camps_1 tx     0  rx      0  col    0  dup-    0  E_tx   0.000 Wh  solar    0.00 Wh  SOC 100.0%  deaths 0  [battery]
  radio_rockywold_camps_2 tx     0  rx      0  col    0  dup-    0  E_tx   0.000 Wh  solar    0.00 Wh  SOC 100.0%  deaths 0  [battery]
  radio_pinkham_notch_vc_0 tx  1240  rx  19266  col 3443  dup-    0  E_tx   0.251 Wh  solar    0.00 Wh  SOC 100.0%  deaths 0  [battery]
  radio_pinkham_notch_vc_1 tx  2526  rx  33329  col 6823  dup-    0  E_tx   0.508 Wh  solar    0.00 Wh  SOC 100.0%  deaths 0  [battery]
  radio_pinkham_notch_vc_2 tx  3945  rx  55299  col 8699  dup-    0  E_tx   0.798 Wh  solar    0.00 Wh  SOC 100.0%  deaths 0  [battery]
  radio_pinkham_notch_vc_3 tx   676  rx   8019  col 1583  dup-    0  E_tx   0.136 Wh  solar    0.00 Wh  SOC 100.0%  deaths 0  [battery]
  radio_pinkham_notch_vc_4 tx   322  rx   4980  col  853  dup-    0  E_tx   0.064 Wh  solar    0.00 Wh  SOC 100.0%  deaths 0  [battery]
  radio_pinkham_notch_vc_5 tx    93  rx   1447  col  219  dup-    0  E_tx   0.019 Wh  solar    0.00 Wh  SOC 100.0%  deaths 0  [battery]
  radio_pinkham_notch_vc_6 tx   357  rx   4316  col  839  dup-    0  E_tx   0.071 Wh  solar    0.00 Wh  SOC 100.0%  deaths 0  [battery]
  radio_appalachia_th_0  tx  9247  rx  47691  col 2015  dup-    0  E_tx   1.842 Wh  solar    0.00 Wh  SOC 100.0%  deaths 0  [battery]
  radio_appalachia_th_1  tx  9128  rx  58895  col 3623  dup-    0  E_tx   1.826 Wh  solar    0.00 Wh  SOC 100.0%  deaths 0  [battery]
  radio_appalachia_th_2  tx   155  rx    703  col   43  dup-    0  E_tx   0.030 Wh  solar    0.00 Wh  SOC 100.0%  deaths 0  [battery]
  radio_appalachia_th_3  tx     0  rx      0  col    0  dup-    0  E_tx   0.000 Wh  solar    0.00 Wh  SOC 100.0%  deaths 0  [battery]
wrote artifacts/sim/kiosk_trace_rl_duty.jsonl, artifacts/sim/kiosk_summary_rl_duty.json
