{
  "mode": "lb_energy",
  "days": 365.0,
  "hop_limit": 3,
  "n_renters": 0,
  "rental": {
    "walker_days": 18250,
    "served": 18250,
    "starved": 0,
    "availability": 1.0,
    "mean_checkout_soc": 1.0
  },
  "fleet_energy": {
    "mean_duty": 1.0,
    "final_soc_std": 0.4221,
    "final_soc_min": 0.0466,
    "deaths_total": 28632,
    "relay_energy_gini": 0.4638,
    "soc_series_6h": [
      [
        0.25,
        0.953,
        0.953,
        0.953,
        0.0
      ],
      [
        0.5,
        0.911,
        0.912,
        0.953,
        0.0167
      ],
      [
        0.75,
        0.916,
        0.917,
        0.999,
        0.0371
      ],
      [
        1.0,
        0.903,
        0.906,
        0.999,
        0.0418
      ],
      [
        1.25,
        0.855,
        0.858,
        0.953,
        0.0423
      ],
      [
        1.5,
        0.815,
        0.819,
        0.964,
        0.0633
      ],
      [
        1.75,
        0.834,
        0.838,
        0.999,
        0.0731
      ],
      [
        2.0,
        0.83,
        0.838,
        0.999,
        0.0729
      ],
      [
        2.25,
        0.782,
        0.79,
        0.952,
        0.0734
      ],
      [
        2.5,
        0.742,
        0.75,
        0.956,
        0.0921
      ],
      [
        2.75,
        0.755,
        0.764,
        0.999,
        0.1076
      ],
      [
        3.0,
        0.747,
        0.759,
        0.999,
        0.1095
      ],
      [
        3.25,
        0.699,
        0.711,
        0.952,
        0.1099
      ],
      [
        3.5,
        0.658,
        0.67,
        0.947,
        0.1259
      ],
      [
        3.75,
        0.663,
        0.676,
        0.999,
        0.148
      ],
      [
        4.0,
        0.65,
        0.666,
        0.999,
        0.1524
      ],
      [
        4.25,
        0.602,
        0.618,
        0.953,
        0.1529
      ],
      [
        4.5,
        0.562,
        0.578,
        0.959,
        0.1722
      ],
      [
        4.75,
        0.578,
        0.594,
        0.999,
        0.1853
      ],
      [
        5.0,
        0.572,
        0.592,
        0.999,
        0.1862
      ],
      [
        5.25,
        0.524,
        0.544,
        0.953,
        0.1867
      ],
      [
        5.5,
        0.484,
        0.505,
        0.959,
        0.2061
      ],
      [
        5.75,
        0.501,
        0.521,
        0.999,
        0.2191
      ],
      [
        6.0,
        0.495,
        0.52,
        0.999,
        0.2197
      ],
      [
        6.25,
        0.447,
        0.472,
        0.953,
        0.2202
      ],
      [
        6.5,
        0.408,
        0.433,
        0.966,
        0.2418
      ],
      [
        6.75,
        0.432,
        0.458,
        0.999,
        0.2489
      ],
      [
        7.0,
        0.43,
        0.461,
        0.999,
        0.247
      ],
      [
        7.25,
        0.382,
        0.413,
        0.952,
        0.2474
      ],
      [
        7.5,
        0.342,
        0.373,
        0.95,
        0.2644
      ],
      [
        7.75,
        0.351,
        0.382,
        0.999,
        0.2837
      ],
      [
        8.0,
        0.341,
        0.376,
        0.999,
        0.2866
      ],
      [
        8.25,
        0.293,
        0.328,
        0.952,
        0.2869
      ],
      [
        8.5,
        0.251,
        0.285,
        0.937,
        0.2992
      ],
      [
        8.75,
        0.246,
        0.28,
        0.999,
        0.3305
      ],
      [
        9.0,
        0.226,
        0.263,
        0.998,
        0.3381
      ],
      [
        9.25,
        0.178,
        0.215,
        0.951,
        0.3383
      ],
      [
        9.5,
        0.135,
        0.171,
        0.932,
        0.349
      ],
      [
        9.75,
        0.125,
        0.161,
        0.999,
        0.3844
      ],
      [
        10.0,
        0.102,
        0.14,
        0.998,
        0.3934
      ],
      [
        10.25,
        0.054,
        0.092,
        0.952,
        0.3937
      ],
      [
        10.5,
        0.013,
        0.053,
        0.961,
        0.4123
      ],
      [
        10.75,
        0.047,
        0.072,
        0.999,
        0.4228
      ],
      [
        11.0,
        0.045,
        0.072,
        0.999,
        0.4225
      ],
      [
        11.25,
        0.0,
        0.024,
        0.952,
        0.4216
      ],
      [
        11.5,
        0.006,
        0.008,
        0.954,
        0.424
      ],
      [
        11.75,
        0.057,
        0.058,
        0.999,
        0.4239
      ],
      [
        12.0,
        0.051,
        0.054,
        0.999,
        0.4251
      ],
      [
        12.25,
        0.003,
        0.006,
        0.952,
        0.4254
      ],
      [
        12.5,
        0.006,
        0.008,
        0.952,
        0.4236
      ],
      [
        12.75,
        0.056,
        0.057,
        0.999,
        0.4242
      ],
      [
        13.0,
        0.049,
        0.053,
        0.999,
        0.4259
      ],
      [
        13.25,
        0.001,
        0.005,
        0.951,
        0.426
      ],
      [
        13.5,
        0.004,
        0.005,
        0.931,
        0.4164
      ],
      [
        13.75,
        0.042,
        0.043,
        0.999,
        0.4308
      ],
      [
        14.0,
        0.029,
        0.031,
        0.998,
        0.4355
      ],
      [
        14.25,
        0.0,
        0.0,
        0.952,
        0.4279
      ],
      [
        14.5,
        0.008,
        0.01,
        0.97,
        0.4286
      ],
      [
        14.75,
        0.068,
        0.069,
        0.999,
        0.4189
      ],
      [
        15.0,
        0.072,
        0.077,
        0.999,
        0.415
      ],
      [
        15.25,
        0.024,
        0.029,
        0.952,
        0.4153
      ],
      [
        15.5,
        0.007,
        0.01,
        0.964,
        0.4268
      ],
      [
        15.75,
        0.065,
        0.066,
        0.999,
        0.4203
      ],
      [
        16.0,
        0.066,
        0.071,
        0.999,
        0.4178
      ],
      [
        16.25,
        0.018,
        0.023,
        0.952,
        0.418
      ],
      [
        16.5,
        0.006,
        0.008,
        0.95,
        0.4223
      ],
      [
        16.75,
        0.056,
        0.057,
        0.999,
        0.4244
      ],
      [
        17.0,
        0.048,
        0.051,
        0.999,
        0.4264
      ],
      [
        17.25,
        0.0,
        0.003,
        0.952,
        0.4265
      ],
      [
        17.5,
        0.006,
        0.009,
        0.958,
        0.4249
      ],
      [
        17.75,
        0.061,
        0.062,
        0.999,
        0.4221
      ],
      [
        18.0,
        0.058,
        0.063,
        0.999,
        0.4211
      ],
      [
        18.25,
        0.01,
        0.015,
        0.952,
        0.4215
      ],
      [
        18.5,
        0.007,
        0.01,
        0.965,
        0.4268
      ],
      [
        18.75,
        0.067,
        0.069,
        0.999,
        0.4191
      ],
      [
        19.0,
        0.07,
        0.076,
        0.999,
        0.4155
      ],
      [
        19.25,
        0.022,
        0.028,
        0.951,
        0.4156
      ],
      [
        19.5,
        0.003,
        0.004,
        0.929,
        0.4152
      ],
      [
        19.75,
        0.041,
        0.041,
        0.999,
        0.4314
      ],
      [
        20.0,
        0.029,
        0.03,
        0.998,
        0.4356
      ],
      [
        20.25,
        0.0,
        0.0,
        0.95,
        0.4274
      ],
      [
        20.5,
        0.005,
        0.007,
        0.945,
        0.4205
      ],
      [
        20.75,
        0.054,
        0.055,
        0.999,
        0.4255
      ],
      [
        21.0,
        0.043,
        0.046,
        0.999,
        0.4289
      ],
      [
        21.25,
        0.0,
        0.0,
        0.951,
        0.4276
      ],
      [
        21.5,
        0.007,
        0.009,
        0.962,
        0.4258
      ],
      [
        21.75,
        0.066,
        0.067,
        0.999,
        0.42
      ],
      [
        22.0,
        0.067,
        0.072,
        0.999,
        0.4172
      ],
      [
        22.25,
        0.018,
        0.024,
        0.951,
        0.4174
      ],
      [
        22.5,
        0.007,
        0.01,
        0.964,
        0.4265
      ],
      [
        22.75,
        0.069,
        0.07,
        0.999,
        0.4186
      ],
      [
        23.0,
        0.072,
        0.078,
        0.999,
        0.4146
      ],
      [
        23.25,
        0.024,
        0.03,
        0.951,
        0.4148
      ],
      [
        23.5,
        0.007,
        0.01,
        0.963,
        0.4261
      ],
      [
        23.75,
        0.068,
        0.069,
        0.999,
        0.4189
      ],
      [
        24.0,
        0.071,
        0.077,
        0.999,
        0.4151
      ],
      [
        24.25,
        0.023,
        0.029,
        0.951,
        0.4152
      ],
      [
        24.5,
        0.004,
        0.004,
        0.929,
        0.4156
      ],
      [
        24.75,
        0.044,
        0.045,
        0.999,
        0.4296
      ],
      [
        25.0,
        0.029,
        0.031,
        0.998,
        0.4351
      ],
      [
        25.25,
        0.0,
        0.0,
        0.95,
        0.4273
      ],
      [
        25.5,
        0.007,
        0.01,
        0.964,
        0.4259
      ],
      [
        25.75,
        0.069,
        0.07,
        0.999,
        0.4186
      ],
      [
        26.0,
        0.072,
        0.078,
        0.999,
        0.4145
      ],
      [
        26.25,
        0.024,
        0.03,
        0.951,
        0.4145
      ],
      [
        26.5,
        0.004,
        0.005,
        0.933,
        0.4169
      ],
      [
        26.75,
        0.05,
        0.051,
        0.999,
        0.4271
      ],
      [
        27.0,
        0.033,
        0.035,
        0.998,
        0.4333
      ],
      [
        27.25,
        0.0,
        0.0,
        0.95,
        0.4273
      ],
      [
        27.5,
        0.006,
        0.008,
        0.955,
        0.4233
      ],
      [
        27.75,
        0.062,
        0.063,
        0.999,
        0.4215
      ],
      [
        28.0,
        0.06,
        0.065,
        0.998,
        0.42
      ],
      [
        28.25,
        0.012,
        0.017,
        0.951,
        0.42
      ],
      [
        28.5,
        0.006,
        0.008,
        0.952,
        0.4226
      ],
      [
        28.75,
        0.062,
        0.063,
        0.999,
        0.4217
      ],
      [
        29.0,
        0.059,
        0.064,
        0.998,
        0.4203
      ],
      [
        29.25,
        0.011,
        0.016,
        0.95,
        0.4203
      ],
      [
        29.5,
        0.005,
        0.008,
        0.948,
        0.4211
      ],
      [
        29.75,
        0.059,
        0.06,
        0.999,
        0.4231
      ],
      [
        30.0,
        0.053,
        0.057,
        0.998,
        0.4232
      ],
      [
        30.25,
        0.005,
        0.009,
        0.95,
        0.4232
      ],
      [
        30.5,
        0.002,
        0.002,
        0.914,
        0.4098
      ],
      [
        30.75,
        0.023,
        0.023,
        0.999,
        0.4394
      ],
      [
        31.0,
        0.037,
        0.037,
        0.994,
        0.4306
      ],
      [
        31.25,
        0.037,
        0.037,
        0.946,
        0.409
      ],
      [
        31.5,
        0.043,
        0.045,
        0.952,
        0.4044
      ],
      [
        31.75,
        0.074,
        0.075,
        0.999,
        0.4162
      ],
      [
        32.0,
        0.072,
        0.077,
        0.998,
        0.4145
      ],
      [
        32.25,
        0.024,
        0.029,
        0.95,
        0.4145
      ],
      [
        32.5,
        0.006,
        0.008,
        0.952,
        0.4224
      ],
      [
        32.75,
        0.064,
        0.065,
        0.999,
        0.4207
      ],
      [
        33.0,
        0.063,
        0.068,
        0.998,
        0.4185
      ],
      [
        33.25,
        0.015,
        0.02,
        0.95,
        0.4185
      ],
      [
        33.5,
        0.006,
        0.008,
        0.951,
        0.4218
      ],
      [
        33.75,
        0.063,
        0.065,
        0.999,
        0.421
      ],
      [
        34.0,
        0.062,
        0.067,
        0.998,
        0.4191
      ],
      [
        34.25,
        0.014,
        0.019,
        0.95,
        0.4191
      ],
      [
        34.5,
        0.006,
        0.008,
        0.952,
        0.422
      ],
      [
        34.75,
        0.065,
        0.066,
        0.999,
        0.4205
      ],
      [
        35.0,
        0.064,
        0.069,
        0.998,
        0.418
      ],
      [
        35.25,
        0.016,
        0.021,
        0.95,
        0.418
      ],
      [
        35.5,
        0.004,
        0.006,
        0.936,
        0.4174
      ],
      [
        35.75,
        0.053,
        0.054,
        0.999,
        0.4257
      ],
      [
        36.0,
        0.041,
        0.044,
        0.997,
        0.4288
      ],
      [
        36.25,
        0.0,
        0.0,
        0.949,
        0.4266
      ],
      [
        36.5,
        0.004,
        0.005,
        0.931,
        0.4159
      ],
      [
        36.75,
        0.051,
        0.052,
        0.999,
        0.4267
      ],
      [
        37.0,
        0.035,
        0.038,
        0.997,
        0.4316
      ],
      [
        37.25,
        0.0,
        0.0,
        0.949,
        0.4266
      ],
      [
        37.5,
        0.005,
        0.007,
        0.945,
        0.4196
      ],
      [
        37.75,
        0.059,
        0.061,
        0.999,
        0.4227
      ],
      [
        38.0,
        0.054,
        0.058,
        0.997,
        0.4224
      ],
      [
        38.25,
        0.006,
        0.01,
        0.949,
        0.4223
      ],
      [
        38.5,
        0.004,
        0.005,
        0.933,
        0.4162
      ],
      [
        38.75,
        0.053,
        0.053,
        0.999,
        0.426
      ],
      [
        39.0,
        0.039,
        0.042,
        0.997,
        0.4296
      ],
      [
        39.25,
        0.0,
        0.0,
        0.949,
        0.4264
      ],
      [
        39.5,
        0.005,
        0.007,
        0.944,
        0.4196
      ],
      [
        39.75,
        0.061,
        0.062,
        0.999,
        0.4223
      ],
      [
        40.0,
        0.056,
        0.061,
        0.997,
        0.4213
      ],
      [
        40.25,
        0.008,
        0.012,
        0.949,
        0.4212
      ],
      [
        40.5,
        0.005,
        0.007,
        0.945,
        0.4196
      ],
      [
        40.75,
        0.062,
        0.063,
        0.999,
        0.4216
      ],
      [
        41.0,
        0.058,
        0.063,
        0.997,
        0.4199
      ],
      [
        41.25,
        0.01,
        0.015,
        0.949,
        0.4199
      ],
      [
        41.5,
        0.005,
        0.007,
        0.944,
        0.4192
      ],
      [
        41.75,
        0.062,
        0.063,
        0.999,
        0.4218
      ],
      [
        42.0,
        0.057,
        0.062,
        0.996,
        0.4204
      ],
      [
        42.25,
        0.009,
        0.014,
        0.948,
        0.4204
      ],
      [
        42.5,
        0.005,
        0.007,
        0.941,
        0.4184
      ],
      [
        42.75,
        0.06,
        0.061,
        0.999,
        0.4226
      ],
      [
        43.0,
        0.053,
        0.059,
        0.996,
        0.4219
      ],
      [
        43.25,
        0.005,
        0.011,
        0.948,
        0.4218
      ],
      [
        43.5,
        0.004,
        0.006,
        0.938,
        0.4172
      ],
      [
        43.75,
        0.057,
        0.058,
        0.999,
        0.4239
      ],
      [
        44.0,
        0.047,
        0.053,
        0.996,
        0.4244
      ],
      [
        44.25,
        0.0,
        0.004,
        0.948,
        0.4242
      ],
      [
        44.5,
        0.004,
        0.006,
        0.937,
        0.4168
      ],
      [
        44.75,
        0.057,
        0.058,
        0.999,
        0.424
      ],
      [
        45.0,
        0.047,
        0.052,
        0.996,
        0.4245
      ],
      [
        45.25,
        0.0,
        0.004,
        0.948,
        0.4243
      ],
      [
        45.5,
        0.005,
        0.007,
        0.943,
        0.4185
      ],
      [
        45.75,
        0.064,
        0.065,
        0.999,
        0.4208
      ],
      [
        46.0,
        0.06,
        0.066,
        0.996,
        0.4185
      ],
      [
        46.25,
        0.012,
        0.018,
        0.948,
        0.4185
      ],
      [
        46.5,
        0.005,
        0.007,
        0.942,
        0.4183
      ],
      [
        46.75,
        0.064,
        0.065,
        0.999,
        0.4209
      ],
      [
        47.0,
        0.06,
        0.065,
        0.995,
        0.4186
      ],
      [
        47.25,
        0.012,
        0.017,
        0.947,
        0.4186
      ],
      [
        47.5,
        0.003,
        0.006,
        0.932,
        0.4152
      ],
      [
        47.75,
        0.055,
        0.056,
        0.999,
        0.4249
      ],
      [
        48.0,
        0.043,
        0.047,
        0.995,
        0.4266
      ],
      [
        48.25,
        0.0,
        0.0,
        0.947,
        0.4255
      ],
      [
        48.5,
        0.004,
        0.007,
        0.941,
        0.4178
      ],
      [
        48.75,
        0.064,
        0.065,
        0.999,
        0.4207
      ],
      [
        49.0,
        0.06,
        0.066,
        0.995,
        0.4183
      ],
      [
        49.25,
        0.012,
        0.018,
        0.947,
        0.4183
      ],
      [
        49.5,
        0.004,
        0.006,
        0.934,
        0.4155
      ],
      [
        49.75,
        0.057,
        0.058,
        0.999,
        0.424
      ],
      [
        50.0,
        0.046,
        0.051,
        0.995,
        0.4247
      ],
      [
        50.25,
        0.0,
        0.003,
        0.947,
        0.4243
      ],
      [
        50.5,
        0.003,
        0.004,
        0.919,
        0.4111
      ],
      [
        50.75,
        0.045,
        0.046,
        0.999,
        0.4293
      ],
      [
        51.0,
        0.028,
        0.03,
        0.994,
        0.4338
      ],
      [
        51.25,
        0.0,
        0.0,
        0.946,
        0.4253
      ],
      [
        51.5,
        0.004,
        0.007,
        0.939,
        0.4169
      ],
      [
        51.75,
        0.063,
        0.064,
        0.999,
        0.4212
      ],
      [
        52.0,
        0.058,
        0.064,
        0.994,
        0.419
      ],
      [
        52.25,
        0.01,
        0.016,
        0.946,
        0.419
      ],
      [
        52.5,
        0.004,
        0.006,
        0.934,
        0.4153
      ],
      [
        52.75,
        0.059,
        0.06,
        0.999,
        0.4231
      ],
      [
        53.0,
        0.05,
        0.055,
        0.994,
        0.4227
      ],
      [
        53.25,
        0.002,
        0.007,
        0.946,
        0.4226
      ],
      [
        53.5,
        0.003,
        0.005,
        0.928,
        0.4135
      ],
      [
        53.75,
        0.054,
        0.055,
        0.999,
        0.4252
      ],
      [
        54.0,
        0.04,
        0.045,
        0.994,
        0.4271
      ],
      [
        54.25,
        0.0,
        0.0,
        0.946,
        0.4249
      ],
      [
        54.5,
        0.003,
        0.004,
        0.925,
        0.4123
      ],
      [
        54.75,
        0.052,
        0.052,
        0.999,
        0.4263
      ],
      [
        55.0,
        0.035,
        0.038,
        0.993,
        0.4298
      ],
      [
        55.25,
        0.0,
        0.0,
        0.945,
        0.4249
      ],
      [
        55.5,
        0.002,
        0.003,
        0.916,
        0.41
      ],
      [
        55.75,
        0.043,
        0.044,
        0.999,
        0.43
      ],
      [
        56.0,
        0.027,
        0.029,
        0.993,
        0.4338
      ],
      [
        56.25,
        0.0,
        0.0,
        0.944,
        0.4248
      ],
      [
        56.5,
        0.003,
        0.004,
        0.92,
        0.411
      ],
      [
        56.75,
        0.05,
        0.051,
        0.999,
        0.4271
      ],
      [
        57.0,
        0.03,
        0.033,
        0.993,
        0.432
      ],
      [
        57.25,
        0.0,
        0.0,
        0.945,
        0.4248
      ],
      [
        57.5,
        0.003,
        0.004,
        0.921,
        0.4113
      ],
      [
        57.75,
        0.051,
        0.052,
        0.999,
        0.4266
      ],
      [
        58.0,
        0.032,
        0.036,
        0.993,
        0.4307
      ],
      [
        58.25,
        0.0,
        0.0,
        0.945,
        0.4246
      ],
      [
        58.5,
        0.003,
        0.006,
        0.93,
        0.4139
      ],
      [
        58.75,
        0.059,
        0.06,
        0.999,
        0.423
      ],
      [
        59.0,
        0.049,
        0.054,
        0.993,
        0.4224
      ],
      [
        59.25,
        0.001,
        0.006,
        0.945,
        0.4222
      ],
      [
        59.5,
        0.002,
        0.003,
        0.912,
        0.4084
      ],
      [
        59.75,
        0.039,
        0.04,
        0.999,
        0.4319
      ],
      [
        60.0,
        0.026,
        0.028,
        0.991,
        0.4339
      ],
      [
        60.25,
        0.0,
        0.0,
        0.943,
        0.4244
      ],
      [
        60.5,
        0.002,
        0.003,
        0.911,
        0.4082
      ],
      [
        60.75,
        0.038,
        0.039,
        0.999,
        0.4323
      ],
      [
        61.0,
        0.026,
        0.028,
        0.991,
        0.4338
      ],
      [
        61.25,
        0.0,
        0.0,
        0.943,
        0.4243
      ],
      [
        61.5,
        0.003,
        0.006,
        0.929,
        0.4133
      ],
      [
        61.75,
        0.06,
        0.062,
        0.999,
        0.4224
      ],
      [
        62.0,
        0.051,
        0.056,
        0.992,
        0.4214
      ],
      [
        62.25,
        0.003,
        0.008,
        0.944,
        0.4213
      ],
      [
        62.5,
        0.003,
        0.005,
        0.923,
        0.4116
      ],
      [
        62.75,
        0.055,
        0.056,
        0.999,
        0.4247
      ],
      [
        63.0,
        0.041,
        0.045,
        0.992,
        0.4258
      ],
      [
        63.25,
        0.0,
        0.0,
        0.944,
        0.4239
      ],
      [
        63.5,
        0.002,
        0.004,
        0.921,
        0.4106
      ],
      [
        63.75,
        0.053,
        0.054,
        0.999,
        0.4256
      ],
      [
        64.0,
        0.037,
        0.041,
        0.991,
        0.4276
      ],
      [
        64.25,
        0.0,
        0.0,
        0.943,
        0.4237
      ],
      [
        64.5,
        0.002,
        0.004,
        0.921,
        0.4105
      ],
      [
        64.75,
        0.054,
        0.055,
        0.999,
        0.4252
      ],
      [
        65.0,
        0.038,
        0.042,
        0.991,
        0.4269
      ],
      [
        65.25,
        0.0,
        0.0,
        0.943,
        0.4236
      ],
      [
        65.5,
        0.002,
        0.004,
        0.919,
        0.4099
      ],
      [
        65.75,
        0.053,
        0.054,
        0.999,
        0.4259
      ],
      [
        66.0,
        0.035,
        0.039,
        0.991,
        0.4282
      ],
      [
        66.25,
        0.0,
        0.0,
        0.943,
        0.4236
      ],
      [
        66.5,
        0.002,
        0.003,
        0.914,
        0.4083
      ],
      [
        66.75,
        0.049,
        0.05,
        0.999,
        0.4276
      ],
      [
        67.0,
        0.028,
        0.031,
        0.99,
        0.432
      ],
      [
        67.25,
        0.0,
        0.0,
        0.942,
        0.4237
      ],
      [
        67.5,
        0.001,
        0.002,
        0.903,
        0.4054
      ],
      [
        67.75,
        0.027,
        0.027,
        0.999,
        0.4377
      ],
      [
        68.0,
        0.041,
        0.042,
        0.988,
        0.4259
      ],
      [
        68.25,
        0.041,
        0.042,
        0.94,
        0.4043
      ],
      [
        68.5,
        0.043,
        0.044,
        0.905,
        0.3872
      ],
      [
        68.75,
        0.044,
        0.045,
        0.999,
        0.4298
      ],
      [
        69.0,
        0.015,
        0.017,
        0.989,
        0.4377
      ],
      [
        69.25,
        0.0,
        0.0,
        0.941,
        0.4234
      ],
      [
        69.5,
        0.003,
        0.005,
        0.921,
        0.4103
      ],
      [
        69.75,
        0.057,
        0.058,
        0.999,
        0.4238
      ],
      [
        70.0,
        0.043,
        0.048,
        0.99,
        0.424
      ],
      [
        70.25,
        0.0,
        0.0,
        0.942,
        0.4231
      ],
      [
        70.5,
        0.003,
        0.005,
        0.921,
        0.4103
      ],
      [
        70.75,
        0.058,
        0.059,
        0.999,
        0.4233
      ],
      [
        71.0,
        0.045,
        0.05,
        0.99,
        0.423
      ],
      [
        71.25,
        0.0,
        0.002,
        0.942,
        0.4225
      ],
      [
        71.5,
        0.002,
        0.004,
        0.919,
        0.4099
      ],
      [
        71.75,
        0.058,
        0.059,
        0.999,
        0.4235
      ],
      [
        72.0,
        0.044,
        0.049,
        0.99,
        0.4233
      ],
      [
        72.25,
        0.0,
        0.001,
        0.942,
        0.4227
      ],
      [
        72.5,
        0.002,
        0.004,
        0.916,
        0.4089
      ],
      [
        72.75,
        0.054,
        0.056,
        0.999,
        0.4251
      ],
      [
        73.0,
        0.038,
        0.042,
        0.989,
        0.4263
      ],
      [
        73.25,
        0.0,
        0.0,
        0.941,
        0.4228
      ],
      [
        73.5,
        0.002,
        0.004,
        0.918,
        0.4092
      ],
      [
        73.75,
        0.057,
        0.059,
        0.999,
        0.4237
      ],
      [
        74.0,
        0.043,
        0.048,
        0.989,
        0.4236
      ],
      [
        74.25,
        0.0,
        0.0,
        0.941,
        0.4227
      ],
      [
        74.5,
        0.001,
        0.002,
        0.906,
        0.406
      ],
      [
        74.75,
        0.043,
        0.044,
        0.999,
        0.4302
      ],
      [
        75.0,
        0.024,
        0.026,
        0.988,
        0.433
      ],
      [
        75.25,
        0.0,
        0.0,
        0.94,
        0.4228
      ],
      [
        75.5,
        0.002,
        0.004,
        0.914,
        0.4082
      ],
      [
        75.75,
        0.054,
        0.054,
        0.999,
        0.4255
      ],
      [
        76.0,
        0.035,
        0.039,
        0.989,
        0.4272
      ],
      [
        76.25,
        0.0,
        0.0,
        0.941,
        0.4225
      ],
      [
        76.5,
        0.002,
        0.004,
        0.915,
        0.4084
      ],
      [
        76.75,
        0.056,
        0.058,
        0.999,
        0.4241
      ],
      [
        77.0,
        0.041,
        0.046,
        0.988,
        0.4244
      ],
      [
        77.25,
        0.0,
        0.0,
        0.94,
        0.4224
      ],
      [
        77.5,
        0.002,
        0.004,
        0.914,
        0.4082
      ],
      [
        77.75,
        0.056,
        0.057,
        0.999,
        0.4243
      ],
      [
        78.0,
        0.04,
        0.045,
        0.988,
        0.4247
      ],
      [
        78.25,
        0.0,
        0.0,
        0.94,
        0.4223
      ],
      [
        78.5,
        0.002,
        0.004,
        0.912,
        0.4076
      ],
      [
        78.75,
        0.055,
        0.056,
        0.999,
        0.4249
      ],
      [
        79.0,
        0.037,
        0.041,
        0.988,
        0.426
      ],
      [
        79.25,
        0.0,
        0.0,
        0.94,
        0.4222
      ],
      [
        79.5,
        0.002,
        0.004,
        0.912,
        0.4073
      ],
      [
        79.75,
        0.055,
        0.056,
        0.999,
        0.4249
      ],
      [
        80.0,
        0.036,
        0.041,
        0.988,
        0.4259
      ],
      [
        80.25,
        0.0,
        0.0,
        0.94,
        0.4221
      ],
      [
        80.5,
        0.002,
        0.004,
        0.911,
        0.4069
      ],
      [
        80.75,
        0.055,
        0.056,
        0.999,
        0.4249
      ],
      [
        81.0,
        0.036,
        0.041,
        0.987,
        0.426
      ],
      [
        81.25,
        0.0,
        0.0,
        0.939,
        0.4219
      ],
      [
        81.5,
        0.002,
        0.004,
        0.91,
        0.4069
      ],
      [
        81.75,
        0.055,
        0.056,
        0.999,
        0.4247
      ],
      [
        82.0,
        0.037,
        0.042,
        0.987,
        0.4255
      ],
      [
        82.25,
        0.0,
        0.0,
        0.939,
        0.4219
      ],
      [
        82.5,
        0.001,
        0.003,
        0.91,
        0.4066
      ],
      [
        82.75,
        0.055,
        0.056,
        0.999,
        0.4249
      ],
      [
        83.0,
        0.036,
        0.041,
        0.987,
        0.4257
      ],
      [
        83.25,
        0.0,
        0.0,
        0.939,
        0.4217
      ],
      [
        83.5,
        0.001,
        0.003,
        0.908,
        0.4062
      ],
      [
        83.75,
        0.054,
        0.055,
        0.999,
        0.4251
      ],
      [
        84.0,
        0.035,
        0.039,
        0.987,
        0.4263
      ],
      [
        84.25,
        0.0,
        0.0,
        0.939,
        0.4216
      ],
      [
        84.5,
        0.0,
        0.001,
        0.894,
        0.4014
      ],
      [
        84.75,
        0.017,
        0.017,
        0.956,
        0.4219
      ],
      [
        85.0,
        0.025,
        0.026,
        0.965,
        0.4215
      ],
      [
        85.25,
        0.025,
        0.026,
        0.917,
        0.3998
      ],
      [
        85.5,
        0.026,
        0.027,
        0.876,
        0.3808
      ],
      [
        85.75,
        0.048,
        0.049,
        0.999,
        0.428
      ],
      [
        86.0,
        0.014,
        0.016,
        0.985,
        0.4361
      ],
      [
        86.25,
        0.0,
        0.0,
        0.937,
        0.4214
      ],
      [
        86.5,
        0.0,
        0.0,
        0.891,
        0.4007
      ],
      [
        86.75,
        0.012,
        0.012,
        0.919,
        0.408
      ],
      [
        87.0,
        0.017,
        0.018,
        0.909,
        0.4006
      ],
      [
        87.25,
        0.017,
        0.018,
        0.861,
        0.379
      ],
      [
        87.5,
        0.018,
        0.02,
        0.824,
        0.3612
      ],
      [
        87.75,
        0.051,
        0.052,
        0.999,
        0.4266
      ],
      [
        88.0,
        0.023,
        0.026,
        0.985,
        0.4316
      ],
      [
        88.25,
        0.0,
        0.0,
        0.937,
        0.4213
      ],
      [
        88.5,
        0.001,
        0.003,
        0.904,
        0.4047
      ],
      [
        88.75,
        0.053,
        0.054,
        0.999,
        0.4258
      ],
      [
        89.0,
        0.031,
        0.036,
        0.985,
        0.4274
      ],
      [
        89.25,
        0.0,
        0.0,
        0.937,
        0.421
      ],
      [
        89.5,
        0.001,
        0.003,
        0.902,
        0.4041
      ],
      [
        89.75,
        0.052,
        0.053,
        0.999,
        0.4263
      ],
      [
        90.0,
        0.028,
        0.032,
        0.985,
        0.4286
      ],
      [
        90.25,
        0.0,
        0.0,
        0.937,
        0.4208
      ],
      [
        90.5,
        0.0,
        0.003,
        0.902,
        0.404
      ],
      [
        90.75,
        0.053,
        0.054,
        0.999,
        0.4258
      ],
      [
        91.0,
        0.03,
        0.035,
        0.985,
        0.4273
      ],
      [
        91.25,
        0.0,
        0.0,
        0.937,
        0.4208
      ],
      [
        91.5,
        0.0,
        0.003,
        0.902,
        0.4038
      ],
      [
        91.75,
        0.053,
        0.054,
        0.999,
        0.4259
      ],
      [
        92.0,
        0.03,
        0.035,
        0.985,
        0.4275
      ],
      [
        92.25,
        0.0,
        0.0,
        0.937,
        0.4207
      ],
      [
        92.5,
        0.0,
        0.002,
        0.901,
        0.4036
      ],
      [
        92.75,
        0.053,
        0.054,
        0.999,
        0.4259
      ],
      [
        93.0,
        0.03,
        0.034,
        0.984,
        0.4277
      ],
      [
        93.25,
        0.0,
        0.0,
        0.936,
        0.4206
      ],
      [
        93.5,
        0.0,
        0.002,
        0.901,
        0.4033
      ],
      [
        93.75,
        0.052,
        0.053,
        0.999,
        0.426
      ],
      [
        94.0,
        0.029,
        0.033,
        0.984,
        0.4279
      ],
      [
        94.25,
        0.0,
        0.0,
        0.936,
        0.4205
      ],
      [
        94.5,
        0.0,
        0.002,
        0.9,
        0.4031
      ],
      [
        94.75,
        0.052,
        0.053,
        0.999,
        0.4262
      ],
      [
        95.0,
        0.028,
        0.033,
        0.984,
        0.4281
      ],
      [
        95.25,
        0.0,
        0.0,
        0.936,
        0.4204
      ],
      [
        95.5,
        0.0,
        0.002,
        0.899,
        0.4028
      ],
      [
        95.75,
        0.052,
        0.053,
        0.999,
        0.4263
      ],
      [
        96.0,
        0.027,
        0.032,
        0.984,
        0.4283
      ],
      [
        96.25,
        0.0,
        0.0,
        0.936,
        0.4203
      ],
      [
        96.5,
        0.0,
        0.002,
        0.899,
        0.4025
      ],
      [
        96.75,
        0.052,
        0.053,
        0.999,
        0.4263
      ],
      [
        97.0,
        0.027,
        0.031,
        0.983,
        0.4284
      ],
      [
        97.25,
        0.0,
        0.0,
        0.935,
        0.4201
      ],
      [
        97.5,
        0.0,
        0.002,
        0.898,
        0.4023
      ],
      [
        97.75,
        0.051,
        0.052,
        0.999,
        0.4264
      ],
      [
        98.0,
        0.026,
        0.031,
        0.983,
        0.4286
      ],
      [
        98.25,
        0.0,
        0.0,
        0.935,
        0.42
      ],
      [
        98.5,
        0.0,
        0.002,
        0.897,
        0.4019
      ],
      [
        98.75,
        0.051,
        0.052,
        0.999,
        0.4268
      ],
      [
        99.0,
        0.024,
        0.029,
        0.983,
        0.4293
      ],
      [
        99.25,
        0.0,
        0.0,
        0.935,
        0.4199
      ],
      [
        99.5,
        0.0,
        0.001,
        0.89,
        0.4002
      ],
      [
        99.75,
        0.033,
        0.034,
        0.999,
        0.435
      ],
      [
        100.0,
        0.045,
        0.049,
        0.982,
        0.4204
      ],
      [
        100.25,
        0.045,
        0.049,
        0.934,
        0.3993
      ],
      [
        100.5,
        0.046,
        0.049,
        0.893,
        0.3806
      ],
      [
        100.75,
        0.046,
        0.048,
        0.999,
        0.4284
      ],
      [
        101.0,
        0.017,
        0.02,
        0.982,
        0.4325
      ],
      [
        101.25,
        0.0,
        0.0,
        0.934,
        0.4195
      ],
      [
        101.5,
        0.0,
        0.002,
        0.894,
        0.401
      ],
      [
        101.75,
        0.051,
        0.052,
        0.999,
        0.4268
      ],
      [
        102.0,
        0.024,
        0.028,
        0.982,
        0.4292
      ],
      [
        102.25,
        0.0,
        0.0,
        0.934,
        0.4196
      ],
      [
        102.5,
        0.0,
        0.002,
        0.894,
        0.4009
      ],
      [
        102.75,
        0.051,
        0.052,
        0.999,
        0.4269
      ],
      [
        103.0,
        0.024,
        0.028,
        0.982,
        0.4293
      ],
      [
        103.25,
        0.0,
        0.0,
        0.934,
        0.4195
      ],
      [
        103.5,
        0.0,
        0.002,
        0.893,
        0.4006
      ],
      [
        103.75,
        0.048,
        0.051,
        0.999,
        0.4275
      ],
      [
        104.0,
        0.021,
        0.026,
        0.982,
        0.4301
      ],
      [
        104.25,
        0.0,
        0.0,
        0.934,
        0.4193
      ],
      [
        104.5,
        0.0,
        0.0,
        0.887,
        0.3982
      ],
      [
        104.75,
        0.013,
        0.013,
        0.922,
        0.408
      ],
      [
        105.0,
        0.018,
        0.018,
        0.911,
        0.3999
      ],
      [
        105.25,
        0.018,
        0.018,
        0.863,
        0.3783
      ],
      [
        105.5,
        0.018,
        0.018,
        0.815,
        0.357
      ],
      [
        105.75,
        0.027,
        0.028,
        0.828,
        0.3584
      ],
      [
        106.0,
        0.031,
        0.032,
        0.807,
        0.3467
      ],
      [
        106.25,
        0.031,
        0.032,
        0.759,
        0.325
      ],
      [
        106.5,
        0.031,
        0.032,
        0.713,
        0.3049
      ],
      [
        106.75,
        0.047,
        0.048,
        0.877,
        0.3689
      ],
      [
        107.0,
        0.012,
        0.014,
        0.925,
        0.4021
      ],
      [
        107.25,
        0.0,
        0.0,
        0.877,
        0.3865
      ],
      [
        107.5,
        0.0,
        0.001,
        0.831,
        0.366
      ],
      [
        107.75,
        0.027,
        0.028,
        0.963,
        0.4114
      ],
      [
        108.0,
        0.037,
        0.04,
        0.98,
        0.4136
      ],
      [
        108.25,
        0.037,
        0.04,
        0.932,
        0.392
      ],
      [
        108.5,
        0.038,
        0.041,
        0.89,
        0.3726
      ],
      [
        108.75,
        0.056,
        0.057,
        0.999,
        0.4226
      ],
      [
        109.0,
        0.026,
        0.031,
        0.981,
        0.4261
      ],
      [
        109.25,
        0.0,
        0.0,
        0.933,
        0.4175
      ],
      [
        109.5,
        0.0,
        0.001,
        0.89,
        0.398
      ],
      [
        109.75,
        0.047,
        0.05,
        0.999,
        0.4272
      ],
      [
        110.0,
        0.02,
        0.025,
        0.98,
        0.4293
      ],
      [
        110.25,
        0.0,
        0.0,
        0.932,
        0.418
      ],
      [
        110.5,
        0.0,
        0.001,
        0.888,
        0.3983
      ],
      [
        110.75,
        0.047,
        0.049,
        0.999,
        0.4273
      ],
      [
        111.0,
        0.019,
        0.024,
        0.98,
        0.4293
      ],
      [
        111.25,
        0.0,
        0.0,
        0.932,
        0.4178
      ],
      [
        111.5,
        0.0,
        0.0,
        0.885,
        0.3963
      ],
      [
        111.75,
        0.005,
        0.005,
        0.868,
        0.3868
      ],
      [
        112.0,
        0.007,
        0.007,
        0.833,
        0.3701
      ],
      [
        112.25,
        0.007,
        0.007,
        0.785,
        0.3485
      ],
      [
        112.5,
        0.007,
        0.007,
        0.739,
        0.3277
      ],
      [
        112.75,
        0.032,
        0.033,
        0.859,
        0.3679
      ],
      [
        113.0,
        0.041,
        0.044,
        0.884,
        0.3718
      ],
      [
        113.25,
        0.041,
        0.044,
        0.836,
        0.3502
      ],
      [
        113.5,
        0.041,
        0.044,
        0.789,
        0.3292
      ],
      [
        113.75,
        0.037,
        0.039,
        0.876,
        0.3694
      ],
      [
        114.0,
        0.0,
        0.0,
        0.887,
        0.3894
      ],
      [
        114.25,
        0.0,
        0.0,
        0.839,
        0.368
      ],
      [
        114.5,
        0.0,
        0.001,
        0.792,
        0.3474
      ],
      [
        114.75,
        0.032,
        0.034,
        0.963,
        0.4055
      ],
      [
        115.0,
        0.044,
        0.048,
        0.979,
        0.4078
      ],
      [
        115.25,
        0.044,
        0.048,
        0.931,
        0.3863
      ],
      [
        115.5,
        0.044,
        0.048,
        0.883,
        0.365
      ],
      [
        115.75,
        0.023,
        0.038,
        0.882,
        0.3703
      ],
      [
        116.0,
        0.0,
        0.0,
        0.855,
        0.3703
      ],
      [
        116.25,
        0.0,
        0.0,
        0.807,
        0.3491
      ],
      [
        116.5,
        0.0,
        0.001,
        0.76,
        0.3286
      ],
      [
        116.75,
        0.033,
        0.034,
        0.934,
        0.3888
      ],
      [
        117.0,
        0.042,
        0.048,
        0.978,
        0.4009
      ],
      [
        117.25,
        0.042,
        0.048,
        0.93,
        0.3806
      ],
      [
        117.5,
        0.042,
        0.048,
        0.883,
        0.36
      ],
      [
        117.75,
        0.03,
        0.038,
        0.999,
        0.4156
      ],
      [
        118.0,
        0.0,
        0.001,
        0.978,
        0.4235
      ],
      [
        118.25,
        0.0,
        0.0,
        0.93,
        0.4026
      ],
      [
        118.5,
        0.0,
        0.0,
        0.883,
        0.3819
      ],
      [
        118.75,
        0.023,
        0.024,
        0.991,
        0.419
      ],
      [
        119.0,
        0.031,
        0.034,
        0.977,
        0.4129
      ],
      [
        119.25,
        0.031,
        0.034,
        0.929,
        0.3919
      ],
      [
        119.5,
        0.031,
        0.034,
        0.883,
        0.3715
      ],
      [
        119.75,
        0.053,
        0.054,
        0.999,
        0.4166
      ],
      [
        120.0,
        0.02,
        0.025,
        0.978,
        0.4198
      ],
      [
        120.25,
        0.0,
        0.0,
        0.93,
        0.4083
      ],
      [
        120.5,
        0.0,
        0.0,
        0.883,
        0.3877
      ],
      [
        120.75,
        0.042,
        0.045,
        0.999,
        0.4218
      ],
      [
        121.0,
        0.017,
        0.022,
        0.978,
        0.4229
      ],
      [
        121.25,
        0.0,
        0.0,
        0.93,
        0.4102
      ],
      [
        121.5,
        0.0,
        0.0,
        0.882,
        0.389
      ],
      [
        121.75,
        0.013,
        0.014,
        0.923,
        0.4006
      ],
      [
        122.0,
        0.018,
        0.019,
        0.911,
        0.3924
      ],
      [
        122.25,
        0.018,
        0.019,
        0.863,
        0.3711
      ],
      [
        122.5,
        0.018,
        0.019,
        0.815,
        0.3498
      ],
      [
        122.75,
        0.032,
        0.033,
        0.859,
        0.3626
      ],
      [
        123.0,
        0.037,
        0.039,
        0.848,
        0.3547
      ],
      [
        123.25,
        0.037,
        0.039,
        0.8,
        0.3334
      ],
      [
        123.5,
        0.037,
        0.039,
        0.752,
        0.3121
      ],
      [
        123.75,
        0.04,
        0.042,
        0.723,
        0.2978
      ],
      [
        124.0,
        0.041,
        0.043,
        0.683,
        0.2792
      ],
      [
        124.25,
        0.041,
        0.043,
        0.635,
        0.2578
      ],
      [
        124.5,
        0.041,
        0.043,
        0.587,
        0.2369
      ],
      [
        124.75,
        0.049,
        0.05,
        0.806,
        0.3257
      ],
      [
        125.0,
        0.014,
        0.019,
        0.869,
        0.3635
      ],
      [
        125.25,
        0.0,
        0.0,
        0.821,
        0.3498
      ],
      [
        125.5,
        0.0,
        0.0,
        0.774,
        0.329
      ],
      [
        125.75,
        0.039,
        0.043,
        0.999,
        0.4046
      ],
      [
        126.0,
        0.017,
        0.022,
        0.977,
        0.4128
      ],
      [
        126.25,
        0.0,
        0.0,
        0.929,
        0.3999
      ],
      [
        126.5,
        0.0,
        0.0,
        0.881,
        0.3787
      ],
      [
        126.75,
        0.005,
        0.005,
        0.867,
        0.3701
      ],
      [
        127.0,
        0.007,
        0.007,
        0.833,
        0.3545
      ],
      [
        127.25,
        0.007,
        0.007,
        0.785,
        0.3336
      ],
      [
        127.5,
        0.007,
        0.007,
        0.737,
        0.3126
      ],
      [
        127.75,
        0.01,
        0.011,
        0.713,
        0.3007
      ],
      [
        128.0,
        0.012,
        0.012,
        0.675,
        0.2835
      ],
      [
        128.25,
        0.012,
        0.012,
        0.626,
        0.2627
      ],
      [
        128.5,
        0.012,
        0.012,
        0.579,
        0.2419
      ],
      [
        128.75,
        0.019,
        0.021,
        0.585,
        0.2407
      ],
      [
        129.0,
        0.022,
        0.024,
        0.56,
        0.2277
      ],
      [
        129.25,
        0.022,
        0.024,
        0.512,
        0.207
      ],
      [
        129.5,
        0.022,
        0.024,
        0.464,
        0.1863
      ],
      [
        129.75,
        0.035,
        0.037,
        0.502,
        0.1965
      ],
      [
        130.0,
        0.038,
        0.043,
        0.489,
        0.1882
      ],
      [
        130.25,
        0.038,
        0.043,
        0.441,
        0.1677
      ],
      [
        130.5,
        0.038,
        0.043,
        0.393,
        0.147
      ],
      [
        130.75,
        0.043,
        0.045,
        0.548,
        0.2093
      ],
      [
        131.0,
        0.006,
        0.008,
        0.583,
        0.2372
      ],
      [
        131.25,
        0.0,
        0.0,
        0.535,
        0.2202
      ],
      [
        131.5,
        0.0,
        0.0,
        0.487,
        0.1996
      ],
      [
        131.75,
        0.002,
        0.002,
        0.451,
        0.1832
      ],
      [
        132.0,
        0.002,
        0.003,
        0.408,
        0.1641
      ],
      [
        132.25,
        0.002,
        0.003,
        0.36,
        0.1435
      ],
      [
        132.5,
        0.003,
        0.003,
        0.312,
        0.1231
      ],
      [
        132.75,
        0.016,
        0.017,
        0.357,
        0.136
      ],
      [
        133.0,
        0.021,
        0.022,
        0.346,
        0.1287
      ],
      [
        133.25,
        0.021,
        0.022,
        0.298,
        0.109
      ],
      [
        133.5,
        0.021,
        0.022,
        0.25,
        0.0892
      ],
      [
        133.75,
        0.023,
        0.025,
        0.221,
        0.076
      ],
      [
        134.0,
        0.024,
        0.026,
        0.18,
        0.0591
      ],
      [
        134.25,
        0.023,
        0.026,
        0.132,
        0.0403
      ],
      [
        134.5,
        0.023,
        0.026,
        0.084,
        0.0226
      ],
      [
        134.75,
        0.043,
        0.045,
        0.16,
        0.0435
      ],
      [
        135.0,
        0.015,
        0.022,
        0.16,
        0.0522
      ],
      [
        135.25,
        0.0,
        0.0,
        0.112,
        0.0411
      ],
      [
        135.5,
        0.0,
        0.0,
        0.064,
        0.0273
      ],
      [
        135.75,
        0.003,
        0.003,
        0.046,
        0.0168
      ],
      [
        136.0,
        0.0,
        0.004,
        0.025,
        0.0118
      ],
      [
        136.25,
        0.0,
        0.004,
        0.025,
        0.012
      ],
      [
        136.5,
        0.0,
        0.004,
        0.025,
        0.012
      ],
      [
        136.75,
        0.004,
        0.008,
        0.047,
        0.0151
      ],
      [
        137.0,
        0.005,
        0.01,
        0.036,
        0.0118
      ],
      [
        137.25,
        0.0,
        0.009,
        0.036,
        0.0126
      ],
      [
        137.5,
        0.0,
        0.009,
        0.036,
        0.0126
      ],
      [
        137.75,
        0.03,
        0.036,
        0.171,
        0.0545
      ],
      [
        138.0,
        0.036,
        0.046,
        0.19,
        0.0579
      ],
      [
        138.25,
        0.036,
        0.046,
        0.142,
        0.0387
      ],
      [
        138.5,
        0.028,
        0.046,
        0.094,
        0.022
      ],
      [
        138.75,
        0.015,
        0.047,
        0.059,
        0.0147
      ],
      [
        139.0,
        0.002,
        0.04,
        0.049,
        0.0178
      ],
      [
        139.25,
        0.0,
        0.04,
        0.049,
        0.0215
      ],
      [
        139.5,
        0.0,
        0.04,
        0.049,
        0.0215
      ],
      [
        139.75,
        0.012,
        0.031,
        0.049,
        0.0157
      ],
      [
        140.0,
        0.0,
        0.02,
        0.049,
        0.0179
      ],
      [
        140.25,
        0.0,
        0.02,
        0.049,
        0.0185
      ],
      [
        140.5,
        0.0,
        0.02,
        0.049,
        0.0185
      ],
      [
        140.75,
        0.011,
        0.026,
        0.074,
        0.0255
      ],
      [
        141.0,
        0.0,
        0.016,
        0.054,
        0.0201
      ],
      [
        141.25,
        0.0,
        0.006,
        0.019,
        0.0104
      ],
      [
        141.5,
        0.0,
        0.0,
        0.019,
        0.0111
      ],
      [
        141.75,
        0.034,
        0.05,
        0.21,
        0.0694
      ],
      [
        142.0,
        0.016,
        0.042,
        0.256,
        0.0934
      ],
      [
        142.25,
        0.0,
        0.042,
        0.208,
        0.0785
      ],
      [
        142.5,
        0.0,
        0.042,
        0.16,
        0.0588
      ],
      [
        142.75,
        0.035,
        0.046,
        0.346,
        0.1242
      ],
      [
        143.0,
        0.008,
        0.025,
        0.394,
        0.1482
      ],
      [
        143.25,
        0.0,
        0.0,
        0.346,
        0.1336
      ],
      [
        143.5,
        0.0,
        0.0,
        0.298,
        0.1134
      ],
      [
        143.75,
        0.004,
        0.005,
        0.279,
        0.1046
      ],
      [
        144.0,
        0.0,
        0.006,
        0.242,
        0.0903
      ],
      [
        144.25,
        0.0,
        0.006,
        0.194,
        0.0708
      ],
      [
        144.5,
        0.0,
        0.006,
        0.146,
        0.0519
      ],
      [
        144.75,
        0.022,
        0.029,
        0.245,
        0.082
      ],
      [
        145.0,
        0.03,
        0.037,
        0.255,
        0.0834
      ],
      [
        145.25,
        0.03,
        0.037,
        0.207,
        0.0654
      ],
      [
        145.5,
        0.02,
        0.036,
        0.158,
        0.0481
      ],
      [
        145.75,
        0.044,
        0.047,
        0.26,
        0.0804
      ],
      [
        146.0,
        0.005,
        0.008,
        0.271,
        0.0985
      ],
      [
        146.25,
        0.0,
        0.0,
        0.223,
        0.082
      ],
      [
        146.5,
        0.0,
        0.0,
        0.175,
        0.0638
      ],
      [
        146.75,
        0.002,
        0.002,
        0.142,
        0.0506
      ],
      [
        147.0,
        0.003,
        0.003,
        0.1,
        0.0357
      ],
      [
        147.25,
        0.003,
        0.003,
        0.052,
        0.0206
      ],
      [
        147.5,
        0.002,
        0.003,
        0.02,
        0.0086
      ],
      [
        147.75,
        0.028,
        0.03,
        0.151,
        0.0513
      ],
      [
        148.0,
        0.034,
        0.041,
        0.167,
        0.055
      ],
      [
        148.25,
        0.034,
        0.041,
        0.119,
        0.0358
      ],
      [
        148.5,
        0.033,
        0.041,
        0.071,
        0.0177
      ],
      [
        148.75,
        0.041,
        0.045,
        0.168,
        0.0512
      ],
      [
        149.0,
        0.003,
        0.004,
        0.176,
        0.0689
      ],
      [
        149.25,
        0.0,
        0.0,
        0.128,
        0.0505
      ],
      [
        149.5,
        0.0,
        0.0,
        0.08,
        0.031
      ],
      [
        149.75,
        0.025,
        0.029,
        0.22,
        0.0763
      ],
      [
        150.0,
        0.033,
        0.04,
        0.247,
        0.082
      ],
      [
        150.25,
        0.033,
        0.04,
        0.199,
        0.0627
      ],
      [
        150.5,
        0.032,
        0.04,
        0.151,
        0.0443
      ],
      [
        150.75,
        0.038,
        0.047,
        0.152,
        0.042
      ],
      [
        151.0,
        0.01,
        0.043,
        0.125,
        0.0388
      ],
      [
        151.25,
        0.0,
        0.04,
        0.077,
        0.0295
      ],
      [
        151.5,
        0.0,
        0.029,
        0.049,
        0.022
      ],
      [
        151.75,
        0.003,
        0.022,
        0.047,
        0.0172
      ],
      [
        152.0,
        0.0,
        0.005,
        0.046,
        0.0173
      ],
      [
        152.25,
        0.0,
        0.005,
        0.046,
        0.0176
      ],
      [
        152.5,
        0.0,
        0.005,
        0.046,
        0.0176
      ],
      [
        152.75,
        0.001,
        0.006,
        0.047,
        0.0173
      ],
      [
        153.0,
        0.002,
        0.007,
        0.046,
        0.0172
      ],
      [
        153.25,
        0.002,
        0.007,
        0.046,
        0.0172
      ],
      [
        153.5,
        0.002,
        0.007,
        0.046,
        0.0172
      ],
      [
        153.75,
        0.019,
        0.025,
        0.116,
        0.0381
      ],
      [
        154.0,
        0.0,
        0.031,
        0.105,
        0.0372
      ],
      [
        154.25,
        0.0,
        0.031,
        0.057,
        0.0192
      ],
      [
        154.5,
        0.0,
        0.025,
        0.032,
        0.0129
      ],
      [
        154.75,
        0.001,
        0.026,
        0.034,
        0.0129
      ],
      [
        155.0,
        0.002,
        0.027,
        0.034,
        0.0122
      ],
      [
        155.25,
        0.002,
        0.027,
        0.034,
        0.0122
      ],
      [
        155.5,
        0.002,
        0.027,
        0.034,
        0.0122
      ],
      [
        155.75,
        0.009,
        0.04,
        0.053,
        0.014
      ],
      [
        156.0,
        0.01,
        0.036,
        0.044,
        0.0132
      ],
      [
        156.25,
        0.0,
        0.036,
        0.044,
        0.0185
      ],
      [
        156.5,
        0.0,
        0.036,
        0.044,
        0.0185
      ],
      [
        156.75,
        0.013,
        0.039,
        0.047,
        0.0139
      ],
      [
        157.0,
        0.014,
        0.04,
        0.048,
        0.013
      ],
      [
        157.25,
        0.014,
        0.04,
        0.048,
        0.0131
      ],
      [
        157.5,
        0.014,
        0.04,
        0.048,
        0.0131
      ],
      [
        157.75,
        0.041,
        0.047,
        0.202,
        0.0661
      ],
      [
        158.0,
        0.008,
        0.011,
        0.237,
        0.0911
      ],
      [
        158.25,
        0.0,
        0.0,
        0.189,
        0.0747
      ],
      [
        158.5,
        0.0,
        0.0,
        0.141,
        0.0546
      ],
      [
        158.75,
        0.025,
        0.028,
        0.274,
        0.0975
      ],
      [
        159.0,
        0.025,
        0.038,
        0.298,
        0.1039
      ],
      [
        159.25,
        0.025,
        0.038,
        0.25,
        0.0842
      ],
      [
        159.5,
        0.019,
        0.038,
        0.202,
        0.065
      ],
      [
        159.75,
        0.047,
        0.048,
        0.355,
        0.12
      ],
      [
        160.0,
        0.009,
        0.013,
        0.388,
        0.1448
      ],
      [
        160.25,
        0.0,
        0.0,
        0.34,
        0.129
      ],
      [
        160.5,
        0.0,
        0.0,
        0.292,
        0.1093
      ],
      [
        160.75,
        0.007,
        0.007,
        0.291,
        0.1057
      ],
      [
        161.0,
        0.009,
        0.01,
        0.263,
        0.0929
      ],
      [
        161.25,
        0.009,
        0.01,
        0.215,
        0.0743
      ],
      [
        161.5,
        0.008,
        0.01,
        0.167,
        0.0564
      ],
      [
        161.75,
        0.036,
        0.041,
        0.322,
        0.1046
      ],
      [
        162.0,
        0.017,
        0.023,
        0.356,
        0.1232
      ],
      [
        162.25,
        0.0,
        0.012,
        0.308,
        0.1094
      ],
      [
        162.5,
        0.0,
        0.012,
        0.26,
        0.091
      ],
      [
        162.75,
        0.002,
        0.011,
        0.228,
        0.0786
      ],
      [
        163.0,
        0.0,
        0.003,
        0.186,
        0.0649
      ],
      [
        163.25,
        0.0,
        0.003,
        0.138,
        0.0488
      ],
      [
        163.5,
        0.0,
        0.003,
        0.09,
        0.0343
      ],
      [
        163.75,
        0.005,
        0.006,
        0.06,
        0.0236
      ],
      [
        164.0,
        0.004,
        0.007,
        0.034,
        0.013
      ],
      [
        164.25,
        0.0,
        0.007,
        0.025,
        0.0103
      ],
      [
        164.5,
        0.0,
        0.007,
        0.025,
        0.0104
      ],
      [
        164.75,
        0.006,
        0.01,
        0.04,
        0.0122
      ],
      [
        165.0,
        0.003,
        0.011,
        0.045,
        0.0139
      ],
      [
        165.25,
        0.003,
        0.011,
        0.045,
        0.0139
      ],
      [
        165.5,
        0.003,
        0.011,
        0.045,
        0.0139
      ],
      [
        165.75,
        0.024,
        0.032,
        0.136,
        0.0467
      ],
      [
        166.0,
        0.029,
        0.041,
        0.145,
        0.0458
      ],
      [
        166.25,
        0.028,
        0.041,
        0.097,
        0.0266
      ],
      [
        166.5,
        0.027,
        0.04,
        0.049,
        0.0113
      ],
      [
        166.75,
        0.013,
        0.037,
        0.045,
        0.0129
      ],
      [
        167.0,
        0.0,
        0.038,
        0.046,
        0.0179
      ],
      [
        167.25,
        0.0,
        0.038,
        0.046,
        0.0179
      ],
      [
        167.5,
        0.0,
        0.038,
        0.046,
        0.0179
      ],
      [
        167.75,
        0.037,
        0.045,
        0.098,
        0.0241
      ],
      [
        168.0,
        0.0,
        0.004,
        0.096,
        0.0381
      ],
      [
        168.25,
        0.0,
        0.0,
        0.049,
        0.0202
      ],
      [
        168.5,
        0.0,
        0.0,
        0.002,
        0.0105
      ],
      [
        168.75,
        0.026,
        0.03,
        0.169,
        0.0578
      ],
      [
        169.0,
        0.031,
        0.042,
        0.201,
        0.0662
      ],
      [
        169.25,
        0.031,
        0.042,
        0.153,
        0.0467
      ],
      [
        169.5,
        0.027,
        0.042,
        0.105,
        0.0284
      ],
      [
        169.75,
        0.041,
        0.045,
        0.194,
        0.0588
      ],
      [
        170.0,
        0.003,
        0.004,
        0.202,
        0.0754
      ],
      [
        170.25,
        0.0,
        0.0,
        0.154,
        0.0574
      ],
      [
        170.5,
        0.0,
        0.0,
        0.106,
        0.0387
      ],
      [
        170.75,
        0.026,
        0.03,
        0.252,
        0.0849
      ],
      [
        171.0,
        0.032,
        0.042,
        0.287,
        0.0946
      ],
      [
        171.25,
        0.032,
        0.042,
        0.239,
        0.0757
      ],
      [
        171.5,
        0.031,
        0.042,
        0.191,
        0.0576
      ],
      [
        171.75,
        0.013,
        0.043,
        0.148,
        0.0427
      ],
      [
        172.0,
        0.005,
        0.042,
        0.103,
        0.029
      ],
      [
        172.25,
        0.001,
        0.041,
        0.055,
        0.0189
      ],
      [
        172.5,
        0.0,
        0.039,
        0.045,
        0.0171
      ],
      [
        172.75,
        0.019,
        0.045,
        0.049,
        0.0119
      ],
      [
        173.0,
        0.0,
        0.01,
        0.047,
        0.0177
      ],
      [
        173.25,
        0.0,
        0.0,
        0.047,
        0.0195
      ],
      [
        173.5,
        0.0,
        0.0,
        0.047,
        0.0195
      ],
      [
        173.75,
        0.019,
        0.03,
        0.11,
        0.0357
      ],
      [
        174.0,
        0.0,
        0.028,
        0.115,
        0.0398
      ],
      [
        174.25,
        0.0,
        0.028,
        0.067,
        0.0217
      ],
      [
        174.5,
        0.0,
        0.024,
        0.029,
        0.0134
      ],
      [
        174.75,
        0.023,
        0.049,
        0.143,
        0.0437
      ],
      [
        175.0,
        0.011,
        0.015,
        0.164,
        0.0598
      ],
      [
        175.25,
        0.0,
        0.015,
        0.116,
        0.0439
      ],
      [
        175.5,
        0.0,
        0.0,
        0.068,
        0.0258
      ],
      [
        175.75,
        0.004,
        0.014,
        0.05,
        0.0182
      ],
      [
        176.0,
        0.0,
        0.007,
        0.037,
        0.0131
      ],
      [
        176.25,
        0.0,
        0.007,
        0.037,
        0.0136
      ],
      [
        176.5,
        0.0,
        0.007,
        0.037,
        0.0136
      ],
      [
        176.75,
        0.009,
        0.015,
        0.039,
        0.0123
      ],
      [
        177.0,
        0.01,
        0.021,
        0.041,
        0.0124
      ],
      [
        177.25,
        0.01,
        0.021,
        0.041,
        0.0124
      ],
      [
        177.5,
        0.01,
        0.021,
        0.041,
        0.0124
      ],
      [
        177.75,
        0.011,
        0.029,
        0.042,
        0.0132
      ],
      [
        178.0,
        0.012,
        0.02,
        0.043,
        0.0144
      ],
      [
        178.25,
        0.012,
        0.02,
        0.043,
        0.0144
      ],
      [
        178.5,
        0.012,
        0.02,
        0.043,
        0.0144
      ],
      [
        178.75,
        0.04,
        0.044,
        0.196,
        0.0632
      ],
      [
        179.0,
        0.006,
        0.019,
        0.231,
        0.0862
      ],
      [
        179.25,
        0.0,
        0.0,
        0.183,
        0.072
      ],
      [
        179.5,
        0.0,
        0.0,
        0.135,
        0.0523
      ],
      [
        179.75,
        0.024,
        0.027,
        0.262,
        0.0927
      ],
      [
        180.0,
        0.031,
        0.039,
        0.292,
        0.1009
      ],
      [
        180.25,
        0.03,
        0.039,
        0.244,
        0.0815
      ],
      [
        180.5,
        0.029,
        0.039,
        0.196,
        0.0624
      ],
      [
        180.75,
        0.047,
        0.048,
        0.34,
        0.1133
      ],
      [
        181.0,
        0.01,
        0.014,
        0.376,
        0.1401
      ],
      [
        181.25,
        0.0,
        0.0,
        0.328,
        0.1248
      ],
      [
        181.5,
        0.0,
        0.0,
        0.28,
        0.1054
      ],
      [
        181.75,
        0.001,
        0.001,
        0.239,
        0.0884
      ],
      [
        182.0,
        0.001,
        0.001,
        0.193,
        0.0705
      ],
      [
        182.25,
        0.001,
        0.001,
        0.145,
        0.0527
      ],
      [
        182.5,
        0.001,
        0.001,
        0.097,
        0.0362
      ],
      [
        182.75,
        0.005,
        0.005,
        0.072,
        0.0266
      ],
      [
        183.0,
        0.006,
        0.006,
        0.046,
        0.0162
      ],
      [
        183.25,
        0.0,
        0.006,
        0.029,
        0.0111
      ],
      [
        183.5,
        0.0,
        0.006,
        0.029,
        0.0113
      ],
      [
        183.75,
        0.032,
        0.036,
        0.169,
        0.0581
      ],
      [
        184.0,
        0.019,
        0.047,
        0.207,
        0.0713
      ],
      [
        184.25,
        0.0,
        0.047,
        0.159,
        0.0546
      ],
      [
        184.5,
        0.0,
        0.047,
        0.111,
        0.0362
      ],
      [
        184.75,
        0.004,
        0.042,
        0.09,
        0.0285
      ],
      [
        185.0,
        0.0,
        0.006,
        0.055,
        0.0221
      ],
      [
        185.25,
        0.0,
        0.004,
        0.046,
        0.0164
      ],
      [
        185.5,
        0.0,
        0.0,
        0.046,
        0.0167
      ],
      [
        185.75,
        0.027,
        0.035,
        0.161,
        0.0534
      ],
      [
        186.0,
        0.006,
        0.041,
        0.197,
        0.0673
      ],
      [
        186.25,
        0.0,
        0.041,
        0.149,
        0.0488
      ],
      [
        186.5,
        0.0,
        0.041,
        0.101,
        0.031
      ],
      [
        186.75,
        0.018,
        0.044,
        0.176,
        0.055
      ],
      [
        187.0,
        0.0,
        0.013,
        0.185,
        0.0679
      ],
      [
        187.25,
        0.0,
        0.0,
        0.137,
        0.05
      ],
      [
        187.5,
        0.0,
        0.0,
        0.089,
        0.0319
      ],
      [
        187.75,
        0.025,
        0.027,
        0.211,
        0.0694
      ],
      [
        188.0,
        0.011,
        0.038,
        0.245,
        0.0814
      ],
      [
        188.25,
        0.0,
        0.038,
        0.197,
        0.064
      ],
      [
        188.5,
        0.0,
        0.038,
        0.149,
        0.0467
      ],
      [
        188.75,
        0.02,
        0.046,
        0.236,
        0.0733
      ],
      [
        189.0,
        0.007,
        0.016,
        0.251,
        0.0889
      ],
      [
        189.25,
        0.0,
        0.0,
        0.203,
        0.0727
      ],
      [
        189.5,
        0.0,
        0.0,
        0.155,
        0.0552
      ],
      [
        189.75,
        0.007,
        0.008,
        0.156,
        0.0523
      ],
      [
        190.0,
        0.01,
        0.011,
        0.131,
        0.0433
      ],
      [
        190.25,
        0.006,
        0.011,
        0.083,
        0.0285
      ],
      [
        190.5,
        0.0,
        0.011,
        0.044,
        0.0163
      ],
      [
        190.75,
        0.012,
        0.013,
        0.038,
        0.0109
      ],
      [
        191.0,
        0.002,
        0.014,
        0.038,
        0.0117
      ],
      [
        191.25,
        0.001,
        0.014,
        0.038,
        0.0117
      ],
      [
        191.5,
        0.001,
        0.014,
        0.038,
        0.0117
      ],
      [
        191.75,
        0.026,
        0.028,
        0.082,
        0.0227
      ],
      [
        192.0,
        0.006,
        0.034,
        0.07,
        0.0217
      ],
      [
        192.25,
        0.0,
        0.029,
        0.035,
        0.0132
      ],
      [
        192.5,
        0.0,
        0.029,
        0.035,
        0.0166
      ],
      [
        192.75,
        0.025,
        0.048,
        0.149,
        0.0451
      ],
      [
        193.0,
        0.011,
        0.014,
        0.183,
        0.0665
      ],
      [
        193.25,
        0.0,
        0.0,
        0.135,
        0.0509
      ],
      [
        193.5,
        0.0,
        0.0,
        0.087,
        0.0321
      ],
      [
        193.75,
        0.022,
        0.024,
        0.192,
        0.0643
      ],
      [
        194.0,
        0.008,
        0.035,
        0.22,
        0.0752
      ],
      [
        194.25,
        0.0,
        0.035,
        0.172,
        0.0572
      ],
      [
        194.5,
        0.0,
        0.035,
        0.124,
        0.0393
      ],
      [
        194.75,
        0.006,
        0.04,
        0.113,
        0.0333
      ],
      [
        195.0,
        0.007,
        0.042,
        0.084,
        0.0245
      ],
      [
        195.25,
        0.002,
        0.041,
        0.045,
        0.0177
      ],
      [
        195.5,
        0.0,
        0.036,
        0.044,
        0.0194
      ],
      [
        195.75,
        0.012,
        0.041,
        0.049,
        0.0141
      ],
      [
        196.0,
        0.011,
        0.038,
        0.048,
        0.0163
      ],
      [
        196.25,
        0.0,
        0.038,
        0.048,
        0.0201
      ],
      [
        196.5,
        0.0,
        0.038,
        0.048,
        0.0201
      ],
      [
        196.75,
        0.031,
        0.044,
        0.209,
        0.071
      ],
      [
        197.0,
        0.009,
        0.046,
        0.262,
        0.0964
      ],
      [
        197.25,
        0.0,
        0.046,
        0.214,
        0.0803
      ],
      [
        197.5,
        0.0,
        0.046,
        0.166,
        0.0609
      ],
      [
        197.75,
        0.014,
        0.034,
        0.217,
        0.077
      ],
      [
        198.0,
        0.0,
        0.022,
        0.219,
        0.0812
      ],
      [
        198.25,
        0.0,
        0.021,
        0.171,
        0.0618
      ],
      [
        198.5,
        0.0,
        0.021,
        0.123,
        0.0424
      ],
      [
        198.75,
        0.003,
        0.024,
        0.092,
        0.0296
      ],
      [
        199.0,
        0.004,
        0.024,
        0.052,
        0.0167
      ],
      [
        199.25,
        0.0,
        0.011,
        0.026,
        0.0109
      ],
      [
        199.5,
        0.0,
        0.004,
        0.026,
        0.0116
      ],
      [
        199.75,
        0.017,
        0.038,
        0.072,
        0.0201
      ],
      [
        200.0,
        0.023,
        0.043,
        0.066,
        0.0155
      ],
      [
        200.25,
        0.01,
        0.024,
        0.045,
        0.014
      ],
      [
        200.5,
        0.0,
        0.024,
        0.045,
        0.0179
      ],
      [
        200.75,
        0.017,
        0.026,
        0.047,
        0.0125
      ],
      [
        201.0,
        0.023,
        0.028,
        0.049,
        0.0122
      ],
      [
        201.25,
        0.023,
        0.028,
        0.049,
        0.0122
      ],
      [
        201.5,
        0.023,
        0.028,
        0.049,
        0.0122
      ],
      [
        201.75,
        0.031,
        0.044,
        0.109,
        0.0305
      ],
      [
        202.0,
        0.0,
        0.019,
        0.116,
        0.0448
      ],
      [
        202.25,
        0.0,
        0.0,
        0.068,
        0.0277
      ],
      [
        202.5,
        0.0,
        0.0,
        0.023,
        0.012
      ],
      [
        202.75,
        0.003,
        0.004,
        0.026,
        0.0117
      ],
      [
        203.0,
        0.005,
        0.006,
        0.035,
        0.0127
      ],
      [
        203.25,
        0.005,
        0.006,
        0.035,
        0.0127
      ],
      [
        203.5,
        0.005,
        0.006,
        0.035,
        0.0127
      ],
      [
        203.75,
        0.032,
        0.035,
        0.181,
        0.0634
      ],
      [
        204.0,
        0.024,
        0.046,
        0.232,
        0.0826
      ],
      [
        204.25,
        0.0,
        0.046,
        0.184,
        0.0684
      ],
      [
        204.5,
        0.0,
        0.046,
        0.136,
        0.0491
      ],
      [
        204.75,
        0.032,
        0.046,
        0.301,
        0.1066
      ],
      [
        205.0,
        0.011,
        0.027,
        0.366,
        0.1374
      ],
      [
        205.25,
        0.0,
        0.0,
        0.318,
        0.1223
      ],
      [
        205.5,
        0.0,
        0.0,
        0.27,
        0.1022
      ],
      [
        205.75,
        0.007,
        0.008,
        0.275,
        0.1018
      ],
      [
        206.0,
        0.0,
        0.012,
        0.254,
        0.0937
      ],
      [
        206.25,
        0.0,
        0.012,
        0.206,
        0.0741
      ],
      [
        206.5,
        0.0,
        0.012,
        0.158,
        0.0548
      ],
      [
        206.75,
        0.005,
        0.017,
        0.142,
        0.0464
      ],
      [
        207.0,
        0.007,
        0.019,
        0.11,
        0.0344
      ],
      [
        207.25,
        0.007,
        0.018,
        0.062,
        0.0186
      ],
      [
        207.5,
        0.0,
        0.018,
        0.02,
        0.0091
      ],
      [
        207.75,
        0.04,
        0.051,
        0.191,
        0.0605
      ],
      [
        208.0,
        0.015,
        0.022,
        0.256,
        0.097
      ],
      [
        208.25,
        0.0,
        0.0,
        0.208,
        0.0843
      ],
      [
        208.5,
        0.0,
        0.0,
        0.16,
        0.0638
      ],
      [
        208.75,
        0.003,
        0.004,
        0.135,
        0.0517
      ],
      [
        209.0,
        0.005,
        0.006,
        0.1,
        0.0362
      ],
      [
        209.25,
        0.005,
        0.005,
        0.052,
        0.0189
      ],
      [
        209.5,
        0.0,
        0.005,
        0.012,
        0.0095
      ],
      [
        209.75,
        0.008,
        0.008,
        0.017,
        0.0081
      ],
      [
        210.0,
        0.009,
        0.01,
        0.026,
        0.0097
      ],
      [
        210.25,
        0.009,
        0.01,
        0.026,
        0.0098
      ],
      [
        210.5,
        0.009,
        0.01,
        0.026,
        0.0098
      ],
      [
        210.75,
        0.016,
        0.018,
        0.061,
        0.0192
      ],
      [
        211.0,
        0.019,
        0.022,
        0.043,
        0.0101
      ],
      [
        211.25,
        0.0,
        0.021,
        0.023,
        0.0108
      ],
      [
        211.5,
        0.0,
        0.021,
        0.023,
        0.0108
      ],
      [
        211.75,
        0.043,
        0.047,
        0.145,
        0.0417
      ],
      [
        212.0,
        0.015,
        0.018,
        0.187,
        0.0689
      ],
      [
        212.25,
        0.0,
        0.0,
        0.139,
        0.0556
      ],
      [
        212.5,
        0.0,
        0.0,
        0.091,
        0.0357
      ],
      [
        212.75,
        0.025,
        0.026,
        0.215,
        0.0754
      ],
      [
        213.0,
        0.034,
        0.041,
        0.261,
        0.0899
      ],
      [
        213.25,
        0.022,
        0.04,
        0.213,
        0.0707
      ],
      [
        213.5,
        0.022,
        0.04,
        0.165,
        0.0514
      ],
      [
        213.75,
        0.049,
        0.051,
        0.345,
        0.1179
      ],
      [
        214.0,
        0.018,
        0.022,
        0.424,
        0.1589
      ],
      [
        214.25,
        0.0,
        0.0,
        0.376,
        0.1465
      ],
      [
        214.5,
        0.0,
        0.0,
        0.328,
        0.1264
      ],
      [
        214.75,
        0.034,
        0.035,
        0.509,
        0.1876
      ],
      [
        215.0,
        0.022,
        0.026,
        0.59,
        0.2228
      ],
      [
        215.25,
        0.0,
        0.0,
        0.542,
        0.211
      ],
      [
        215.5,
        0.0,
        0.0,
        0.494,
        0.1909
      ],
      [
        215.75,
        0.033,
        0.036,
        0.677,
        0.2539
      ],
      [
        216.0,
        0.02,
        0.026,
        0.76,
        0.2912
      ],
      [
        216.25,
        0.0,
        0.0,
        0.712,
        0.2798
      ],
      [
        216.5,
        0.0,
        0.0,
        0.664,
        0.2597
      ],
      [
        216.75,
        0.034,
        0.036,
        0.851,
        0.3224
      ],
      [
        217.0,
        0.022,
        0.026,
        0.936,
        0.3591
      ],
      [
        217.25,
        0.0,
        0.0,
        0.888,
        0.3474
      ],
      [
        217.5,
        0.0,
        0.0,
        0.84,
        0.3272
      ],
      [
        217.75,
        0.034,
        0.036,
        0.999,
        0.3792
      ],
      [
        218.0,
        0.02,
        0.025,
        0.98,
        0.3915
      ],
      [
        218.25,
        0.0,
        0.0,
        0.932,
        0.3799
      ],
      [
        218.5,
        0.0,
        0.0,
        0.884,
        0.3594
      ],
      [
        218.75,
        0.025,
        0.027,
        0.999,
        0.3979
      ],
      [
        219.0,
        0.036,
        0.041,
        0.98,
        0.3926
      ],
      [
        219.25,
        0.035,
        0.041,
        0.932,
        0.3727
      ],
      [
        219.5,
        0.033,
        0.041,
        0.884,
        0.3522
      ],
      [
        219.75,
        0.047,
        0.049,
        0.999,
        0.3992
      ],
      [
        220.0,
        0.015,
        0.019,
        0.98,
        0.4061
      ],
      [
        220.25,
        0.0,
        0.0,
        0.932,
        0.3925
      ],
      [
        220.5,
        0.0,
        0.0,
        0.884,
        0.3719
      ],
      [
        220.75,
        0.027,
        0.028,
        0.999,
        0.4106
      ],
      [
        221.0,
        0.038,
        0.043,
        0.98,
        0.4003
      ],
      [
        221.25,
        0.036,
        0.043,
        0.932,
        0.3804
      ],
      [
        221.5,
        0.035,
        0.043,
        0.884,
        0.3599
      ],
      [
        221.75,
        0.039,
        0.047,
        0.864,
        0.3488
      ],
      [
        222.0,
        0.012,
        0.048,
        0.831,
        0.3368
      ],
      [
        222.25,
        0.0,
        0.048,
        0.783,
        0.3182
      ],
      [
        222.5,
        0.0,
        0.048,
        0.735,
        0.2974
      ],
      [
        222.75,
        0.038,
        0.048,
        0.936,
        0.3741
      ],
      [
        223.0,
        0.018,
        0.024,
        0.981,
        0.4056
      ],
      [
        223.25,
        0.0,
        0.0,
        0.933,
        0.3938
      ],
      [
        223.5,
        0.0,
        0.0,
        0.885,
        0.3733
      ],
      [
        223.75,
        0.036,
        0.038,
        0.999,
        0.4109
      ],
      [
        224.0,
        0.02,
        0.025,
        0.981,
        0.4102
      ],
      [
        224.25,
        0.0,
        0.0,
        0.933,
        0.3994
      ],
      [
        224.5,
        0.0,
        0.0,
        0.885,
        0.3788
      ],
      [
        224.75,
        0.036,
        0.039,
        0.999,
        0.4149
      ],
      [
        225.0,
        0.021,
        0.026,
        0.982,
        0.4135
      ],
      [
        225.25,
        0.0,
        0.0,
        0.934,
        0.4027
      ],
      [
        225.5,
        0.0,
        0.0,
        0.886,
        0.382
      ],
      [
        225.75,
        0.004,
        0.004,
        0.862,
        0.3704
      ],
      [
        226.0,
        0.006,
        0.006,
        0.828,
        0.3552
      ],
      [
        226.25,
        0.006,
        0.006,
        0.78,
        0.3347
      ],
      [
        226.5,
        0.006,
        0.006,
        0.732,
        0.3137
      ],
      [
        226.75,
        0.011,
        0.011,
        0.72,
        0.3056
      ],
      [
        227.0,
        0.013,
        0.014,
        0.692,
        0.2919
      ],
      [
        227.25,
        0.013,
        0.014,
        0.644,
        0.271
      ],
      [
        227.5,
        0.013,
        0.014,
        0.596,
        0.25
      ],
      [
        227.75,
        0.05,
        0.051,
        0.809,
        0.3236
      ],
      [
        228.0,
        0.021,
        0.026,
        0.913,
        0.3755
      ],
      [
        228.25,
        0.0,
        0.0,
        0.865,
        0.3652
      ],
      [
        228.5,
        0.0,
        0.0,
        0.817,
        0.3445
      ],
      [
        228.75,
        0.021,
        0.022,
        0.914,
        0.3759
      ],
      [
        229.0,
        0.032,
        0.035,
        0.948,
        0.3849
      ],
      [
        229.25,
        0.032,
        0.035,
        0.9,
        0.3645
      ],
      [
        229.5,
        0.032,
        0.035,
        0.852,
        0.3439
      ],
      [
        229.75,
        0.053,
        0.054,
        0.999,
        0.4053
      ],
      [
        230.0,
        0.024,
        0.029,
        0.982,
        0.4128
      ],
      [
        230.25,
        0.0,
        0.0,
        0.934,
        0.4036
      ],
      [
        230.5,
        0.0,
        0.0,
        0.886,
        0.3828
      ],
      [
        230.75,
        0.026,
        0.028,
        0.999,
        0.4209
      ],
      [
        231.0,
        0.041,
        0.044,
        0.982,
        0.4079
      ],
      [
        231.25,
        0.041,
        0.044,
        0.934,
        0.3872
      ],
      [
        231.5,
        0.041,
        0.044,
        0.886,
        0.3665
      ],
      [
        231.75,
        0.041,
        0.043,
        0.999,
        0.415
      ],
      [
        232.0,
        0.008,
        0.009,
        0.982,
        0.4226
      ],
      [
        232.25,
        0.0,
        0.0,
        0.934,
        0.4056
      ],
      [
        232.5,
        0.0,
        0.0,
        0.886,
        0.3848
      ],
      [
        232.75,
        0.034,
        0.036,
        0.999,
        0.4193
      ],
      [
        233.0,
        0.023,
        0.027,
        0.983,
        0.4157
      ],
      [
        233.25,
        0.0,
        0.0,
        0.935,
        0.4051
      ],
      [
        233.5,
        0.0,
        0.0,
        0.887,
        0.3842
      ],
      [
        233.75,
        0.04,
        0.043,
        0.999,
        0.4171
      ],
      [
        234.0,
        0.022,
        0.027,
        0.983,
        0.4169
      ],
      [
        234.25,
        0.0,
        0.0,
        0.935,
        0.407
      ],
      [
        234.5,
        0.0,
        0.0,
        0.887,
        0.3859
      ],
      [
        234.75,
        0.022,
        0.023,
        0.987,
        0.4188
      ],
      [
        235.0,
        0.033,
        0.035,
        0.982,
        0.4129
      ],
      [
        235.25,
        0.033,
        0.035,
        0.934,
        0.392
      ],
      [
        235.5,
        0.033,
        0.035,
        0.886,
        0.371
      ],
      [
        235.75,
        0.04,
        0.042,
        0.882,
        0.3658
      ],
      [
        236.0,
        0.043,
        0.046,
        0.859,
        0.3539
      ],
      [
        236.25,
        0.043,
        0.046,
        0.811,
        0.333
      ],
      [
        236.5,
        0.043,
        0.046,
        0.763,
        0.3123
      ],
      [
        236.75,
        0.038,
        0.041,
        0.887,
        0.3661
      ],
      [
        237.0,
        0.005,
        0.007,
        0.941,
        0.4016
      ],
      [
        237.25,
        0.0,
        0.0,
        0.893,
        0.3836
      ],
      [
        237.5,
        0.0,
        0.0,
        0.845,
        0.3628
      ],
      [
        237.75,
        0.004,
        0.004,
        0.823,
        0.3514
      ],
      [
        238.0,
        0.006,
        0.006,
        0.79,
        0.3358
      ],
      [
        238.25,
        0.006,
        0.006,
        0.742,
        0.315
      ],
      [
        238.5,
        0.006,
        0.006,
        0.694,
        0.2942
      ],
      [
        238.75,
        0.045,
        0.047,
        0.913,
        0.3693
      ],
      [
        239.0,
        0.023,
        0.027,
        0.984,
        0.4111
      ],
      [
        239.25,
        0.0,
        0.0,
        0.936,
        0.4011
      ],
      [
        239.5,
        0.0,
        0.0,
        0.888,
        0.3805
      ],
      [
        239.75,
        0.006,
        0.006,
        0.882,
        0.375
      ],
      [
        240.0,
        0.009,
        0.01,
        0.858,
        0.3631
      ],
      [
        240.25,
        0.009,
        0.01,
        0.81,
        0.3424
      ],
      [
        240.5,
        0.009,
        0.01,
        0.762,
        0.3218
      ],
      [
        240.75,
        0.049,
        0.051,
        0.985,
        0.3977
      ],
      [
        241.0,
        0.023,
        0.027,
        0.984,
        0.4147
      ],
      [
        241.25,
        0.0,
        0.0,
        0.936,
        0.405
      ],
      [
        241.5,
        0.0,
        0.0,
        0.889,
        0.3845
      ],
      [
        241.75,
        0.04,
        0.043,
        0.999,
        0.4167
      ],
      [
        242.0,
        0.023,
        0.027,
        0.985,
        0.4167
      ],
      [
        242.25,
        0.0,
        0.0,
        0.937,
        0.407
      ],
      [
        242.5,
        0.0,
        0.0,
        0.889,
        0.3862
      ],
      [
        242.75,
        0.031,
        0.032,
        0.999,
        0.4213
      ],
      [
        243.0,
        0.03,
        0.047,
        0.984,
        0.412
      ],
      [
        243.25,
        0.0,
        0.047,
        0.936,
        0.3997
      ],
      [
        243.5,
        0.0,
        0.047,
        0.889,
        0.3791
      ],
      [
        243.75,
        0.047,
        0.051,
        0.999,
        0.4146
      ],
      [
        244.0,
        0.027,
        0.031,
        0.985,
        0.4172
      ],
      [
        244.25,
        0.0,
        0.0,
        0.937,
        0.409
      ],
      [
        244.5,
        0.0,
        0.0,
        0.889,
        0.3882
      ],
      [
        244.75,
        0.046,
        0.048,
        0.999,
        0.4183
      ],
      [
        245.0,
        0.026,
        0.031,
        0.985,
        0.4208
      ],
      [
        245.25,
        0.0,
        0.0,
        0.937,
        0.4123
      ],
      [
        245.5,
        0.0,
        0.0,
        0.89,
        0.3913
      ],
      [
        245.75,
        0.045,
        0.047,
        0.999,
        0.4228
      ],
      [
        246.0,
        0.026,
        0.03,
        0.986,
        0.4246
      ],
      [
        246.25,
        0.0,
        0.0,
        0.937,
        0.4157
      ],
      [
        246.5,
        0.0,
        0.0,
        0.89,
        0.3943
      ],
      [
        246.75,
        0.012,
        0.012,
        0.921,
        0.4024
      ],
      [
        247.0,
        0.018,
        0.02,
        0.922,
        0.3975
      ],
      [
        247.25,
        0.018,
        0.02,
        0.874,
        0.3759
      ],
      [
        247.5,
        0.018,
        0.02,
        0.826,
        0.3552
      ],
      [
        247.75,
        0.055,
        0.056,
        0.999,
        0.4204
      ],
      [
        248.0,
        0.032,
        0.037,
        0.986,
        0.4234
      ],
      [
        248.25,
        0.0,
        0.0,
        0.938,
        0.4177
      ],
      [
        248.5,
        0.0,
        0.0,
        0.89,
        0.3961
      ],
      [
        248.75,
        0.006,
        0.006,
        0.882,
        0.3896
      ],
      [
        249.0,
        0.009,
        0.01,
        0.858,
        0.3765
      ],
      [
        249.25,
        0.009,
        0.01,
        0.81,
        0.3549
      ],
      [
        249.5,
        0.009,
        0.01,
        0.762,
        0.3339
      ],
      [
        249.75,
        0.039,
        0.04,
        0.914,
        0.387
      ],
      [
        250.0,
        0.023,
        0.025,
        0.984,
        0.4222
      ],
      [
        250.25,
        0.0,
        0.0,
        0.936,
        0.4114
      ],
      [
        250.5,
        0.0,
        0.001,
        0.889,
        0.3908
      ],
      [
        250.75,
        0.04,
        0.042,
        0.999,
        0.4284
      ],
      [
        251.0,
        0.024,
        0.027,
        0.986,
        0.4295
      ],
      [
        251.25,
        0.0,
        0.0,
        0.938,
        0.4196
      ],
      [
        251.5,
        0.0,
        0.001,
        0.892,
        0.3992
      ],
      [
        251.75,
        0.05,
        0.051,
        0.999,
        0.4271
      ],
      [
        252.0,
        0.029,
        0.034,
        0.986,
        0.4288
      ],
      [
        252.25,
        0.0,
        0.0,
        0.938,
        0.4215
      ],
      [
        252.5,
        0.0,
        0.001,
        0.893,
        0.4013
      ],
      [
        252.75,
        0.051,
        0.052,
        0.999,
        0.4268
      ],
      [
        253.0,
        0.03,
        0.035,
        0.987,
        0.4284
      ],
      [
        253.25,
        0.0,
        0.0,
        0.939,
        0.4216
      ],
      [
        253.5,
        0.0,
        0.0,
        0.892,
        0.4009
      ],
      [
        253.75,
        0.032,
        0.033,
        0.999,
        0.4352
      ],
      [
        254.0,
        0.03,
        0.033,
        0.986,
        0.4279
      ],
      [
        254.25,
        0.0,
        0.0,
        0.938,
        0.4178
      ],
      [
        254.5,
        0.0,
        0.0,
        0.891,
        0.3965
      ],
      [
        254.75,
        0.011,
        0.011,
        0.914,
        0.4048
      ],
      [
        255.0,
        0.001,
        0.017,
        0.907,
        0.4013
      ],
      [
        255.25,
        0.001,
        0.017,
        0.859,
        0.3797
      ],
      [
        255.5,
        0.001,
        0.018,
        0.815,
        0.3597
      ],
      [
        255.75,
        0.049,
        0.054,
        0.999,
        0.426
      ],
      [
        256.0,
        0.028,
        0.035,
        0.987,
        0.4286
      ],
      [
        256.25,
        0.0,
        0.0,
        0.939,
        0.4217
      ],
      [
        256.5,
        0.0,
        0.0,
        0.891,
        0.4003
      ],
      [
        256.75,
        0.007,
        0.007,
        0.891,
        0.3966
      ],
      [
        257.0,
        0.011,
        0.012,
        0.871,
        0.3851
      ],
      [
        257.25,
        0.011,
        0.012,
        0.823,
        0.3635
      ],
      [
        257.5,
        0.011,
        0.012,
        0.776,
        0.3425
      ],
      [
        257.75,
        0.028,
        0.029,
        0.842,
        0.3641
      ],
      [
        258.0,
        0.038,
        0.039,
        0.863,
        0.3671
      ],
      [
        258.25,
        0.038,
        0.039,
        0.815,
        0.3454
      ],
      [
        258.5,
        0.038,
        0.04,
        0.768,
        0.3242
      ],
      [
        258.75,
        0.047,
        0.049,
        0.795,
        0.3324
      ],
      [
        259.0,
        0.006,
        0.009,
        0.792,
        0.3485
      ],
      [
        259.25,
        0.0,
        0.0,
        0.744,
        0.3306
      ],
      [
        259.5,
        0.0,
        0.001,
        0.701,
        0.3116
      ],
      [
        259.75,
        0.052,
        0.053,
        0.999,
        0.422
      ],
      [
        260.0,
        0.034,
        0.039,
        0.988,
        0.4271
      ],
      [
        260.25,
        0.0,
        0.0,
        0.94,
        0.4221
      ],
      [
        260.5,
        0.0,
        0.002,
        0.898,
        0.4033
      ],
      [
        260.75,
        0.052,
        0.053,
        0.999,
        0.426
      ],
      [
        261.0,
        0.035,
        0.04,
        0.988,
        0.4269
      ],
      [
        261.25,
        0.0,
        0.0,
        0.94,
        0.4222
      ],
      [
        261.5,
        0.0,
        0.001,
        0.896,
        0.4028
      ],
      [
        261.75,
        0.043,
        0.044,
        0.999,
        0.4302
      ],
      [
        262.0,
        0.025,
        0.028,
        0.988,
        0.4317
      ],
      [
        262.25,
        0.0,
        0.0,
        0.94,
        0.4223
      ],
      [
        262.5,
        0.0,
        0.0,
        0.892,
        0.401
      ],
      [
        262.75,
        0.006,
        0.006,
        0.884,
        0.3944
      ],
      [
        263.0,
        0.009,
        0.01,
        0.86,
        0.3814
      ],
      [
        263.25,
        0.009,
        0.01,
        0.812,
        0.3598
      ],
      [
        263.5,
        0.01,
        0.01,
        0.766,
        0.3394
      ],
      [
        263.75,
        0.031,
        0.032,
        0.861,
        0.3715
      ],
      [
        264.0,
        0.043,
        0.045,
        0.898,
        0.3807
      ],
      [
        264.25,
        0.043,
        0.045,
        0.85,
        0.3591
      ],
      [
        264.5,
        0.043,
        0.045,
        0.803,
        0.3376
      ],
      [
        264.75,
        0.045,
        0.047,
        0.768,
        0.3211
      ],
      [
        265.0,
        0.046,
        0.048,
        0.728,
        0.3025
      ],
      [
        265.25,
        0.046,
        0.048,
        0.68,
        0.2809
      ],
      [
        265.5,
        0.046,
        0.048,
        0.634,
        0.2599
      ],
      [
        265.75,
        0.023,
        0.028,
        0.66,
        0.281
      ],
      [
        266.0,
        0.0,
        0.0,
        0.656,
        0.2909
      ],
      [
        266.25,
        0.0,
        0.0,
        0.608,
        0.2693
      ],
      [
        266.5,
        0.0,
        0.001,
        0.562,
        0.2485
      ],
      [
        266.75,
        0.012,
        0.012,
        0.591,
        0.2557
      ],
      [
        267.0,
        0.018,
        0.019,
        0.589,
        0.2508
      ],
      [
        267.25,
        0.018,
        0.019,
        0.541,
        0.2292
      ],
      [
        267.5,
        0.019,
        0.021,
        0.501,
        0.2103
      ],
      [
        267.75,
        0.05,
        0.05,
        0.69,
        0.2802
      ],
      [
        268.0,
        0.021,
        0.024,
        0.786,
        0.3316
      ],
      [
        268.25,
        0.0,
        0.0,
        0.738,
        0.3204
      ],
      [
        268.5,
        0.0,
        0.0,
        0.692,
        0.2997
      ],
      [
        268.75,
        0.011,
        0.012,
        0.718,
        0.3058
      ],
      [
        269.0,
        0.017,
        0.018,
        0.714,
        0.3003
      ],
      [
        269.25,
        0.017,
        0.018,
        0.666,
        0.2788
      ],
      [
        269.5,
        0.018,
        0.021,
        0.631,
        0.2624
      ],
      [
        269.75,
        0.062,
        0.063,
        0.991,
        0.4012
      ],
      [
        270.0,
        0.047,
        0.052,
        0.99,
        0.4197
      ],
      [
        270.25,
        0.0,
        0.004,
        0.942,
        0.4193
      ],
      [
        270.5,
        0.001,
        0.003,
        0.908,
        0.4044
      ],
      [
        270.75,
        0.055,
        0.056,
        0.999,
        0.4247
      ],
      [
        271.0,
        0.041,
        0.046,
        0.99,
        0.4247
      ],
      [
        271.25,
        0.0,
        0.0,
        0.942,
        0.423
      ],
      [
        271.5,
        0.001,
        0.002,
        0.904,
        0.4055
      ],
      [
        271.75,
        0.047,
        0.048,
        0.999,
        0.4284
      ],
      [
        272.0,
        0.028,
        0.03,
        0.989,
        0.4316
      ],
      [
        272.25,
        0.0,
        0.0,
        0.941,
        0.4231
      ],
      [
        272.5,
        0.001,
        0.003,
        0.911,
        0.4074
      ],
      [
        272.75,
        0.055,
        0.056,
        0.999,
        0.4247
      ],
      [
        273.0,
        0.041,
        0.046,
        0.99,
        0.4248
      ],
      [
        273.25,
        0.0,
        0.0,
        0.942,
        0.4231
      ],
      [
        273.5,
        0.001,
        0.001,
        0.898,
        0.4033
      ],
      [
        273.75,
        0.021,
        0.021,
        0.982,
        0.4322
      ],
      [
        274.0,
        0.032,
        0.033,
        0.987,
        0.4295
      ],
      [
        274.25,
        0.032,
        0.033,
        0.939,
        0.4079
      ],
      [
        274.5,
        0.033,
        0.034,
        0.898,
        0.3891
      ],
      [
        274.75,
        0.046,
        0.047,
        0.999,
        0.4289
      ],
      [
        275.0,
        0.015,
        0.016,
        0.989,
        0.4377
      ],
      [
        275.25,
        0.0,
        0.0,
        0.941,
        0.4232
      ],
      [
        275.5,
        0.001,
        0.003,
        0.909,
        0.4069
      ],
      [
        275.75,
        0.051,
        0.052,
        0.999,
        0.4267
      ],
      [
        276.0,
        0.031,
        0.034,
        0.99,
        0.4301
      ],
      [
        276.25,
        0.0,
        0.0,
        0.942,
        0.4234
      ],
      [
        276.5,
        0.001,
        0.002,
        0.905,
        0.4059
      ],
      [
        276.75,
        0.041,
        0.042,
        0.999,
        0.4311
      ],
      [
        277.0,
        0.025,
        0.028,
        0.99,
        0.4331
      ],
      [
        277.25,
        0.0,
        0.0,
        0.942,
        0.4236
      ],
      [
        277.5,
        0.002,
        0.004,
        0.916,
        0.409
      ],
      [
        277.75,
        0.055,
        0.056,
        0.999,
        0.4248
      ],
      [
        278.0,
        0.041,
        0.045,
        0.991,
        0.4254
      ],
      [
        278.25,
        0.0,
        0.0,
        0.943,
        0.4235
      ],
      [
        278.5,
        0.001,
        0.001,
        0.898,
        0.4033
      ],
      [
        278.75,
        0.014,
        0.014,
        0.942,
        0.4166
      ],
      [
        279.0,
        0.022,
        0.023,
        0.948,
        0.4154
      ],
      [
        279.25,
        0.022,
        0.023,
        0.9,
        0.3938
      ],
      [
        279.5,
        0.023,
        0.024,
        0.861,
        0.3755
      ],
      [
        279.75,
        0.049,
        0.05,
        0.999,
        0.4265
      ],
      [
        280.0,
        0.018,
        0.019,
        0.989,
        0.4367
      ],
      [
        280.25,
        0.0,
        0.0,
        0.941,
        0.4235
      ],
      [
        280.5,
        0.0,
        0.0,
        0.895,
        0.4027
      ],
      [
        280.75,
        0.007,
        0.007,
        0.892,
        0.3981
      ],
      [
        281.0,
        0.011,
        0.011,
        0.871,
        0.3864
      ],
      [
        281.25,
        0.011,
        0.011,
        0.823,
        0.3648
      ],
      [
        281.5,
        0.013,
        0.016,
        0.803,
        0.3519
      ],
      [
        281.75,
        0.064,
        0.065,
        0.999,
        0.4209
      ],
      [
        282.0,
        0.052,
        0.058,
        0.991,
        0.4201
      ],
      [
        282.25,
        0.004,
        0.01,
        0.943,
        0.42
      ],
      [
        282.5,
        0.003,
        0.005,
        0.923,
        0.4111
      ],
      [
        282.75,
        0.059,
        0.061,
        0.999,
        0.4228
      ],
      [
        283.0,
        0.049,
        0.054,
        0.991,
        0.4219
      ],
      [
        283.25,
        0.001,
        0.006,
        0.943,
        0.4217
      ],
      [
        283.5,
        0.002,
        0.004,
        0.92,
        0.4102
      ],
      [
        283.75,
        0.054,
        0.055,
        0.999,
        0.4254
      ],
      [
        284.0,
        0.038,
        0.042,
        0.992,
        0.427
      ],
      [
        284.25,
        0.0,
        0.0,
        0.943,
        0.4238
      ],
      [
        284.5,
        0.002,
        0.004,
        0.917,
        0.4093
      ],
      [
        284.75,
        0.051,
        0.052,
        0.999,
        0.4266
      ],
      [
        285.0,
        0.032,
        0.036,
        0.992,
        0.4302
      ],
      [
        285.25,
        0.0,
        0.0,
        0.943,
        0.4241
      ],
      [
        285.5,
        0.003,
        0.005,
        0.923,
        0.4115
      ],
      [
        285.75,
        0.056,
        0.057,
        0.999,
        0.4244
      ],
      [
        286.0,
        0.042,
        0.047,
        0.992,
        0.4251
      ],
      [
        286.25,
        0.0,
        0.0,
        0.944,
        0.424
      ],
      [
        286.5,
        0.0,
        0.0,
        0.898,
        0.4034
      ],
      [
        286.75,
        0.008,
        0.008,
        0.901,
        0.4011
      ],
      [
        287.0,
        0.012,
        0.013,
        0.884,
        0.3909
      ],
      [
        287.25,
        0.012,
        0.013,
        0.836,
        0.3692
      ],
      [
        287.5,
        0.015,
        0.016,
        0.806,
        0.3539
      ],
      [
        287.75,
        0.051,
        0.051,
        0.999,
        0.4268
      ],
      [
        288.0,
        0.027,
        0.029,
        0.992,
        0.4332
      ],
      [
        288.25,
        0.0,
        0.0,
        0.944,
        0.4244
      ],
      [
        288.5,
        0.002,
        0.003,
        0.915,
        0.4096
      ],
      [
        288.75,
        0.047,
        0.048,
        0.999,
        0.4285
      ],
      [
        289.0,
        0.028,
        0.03,
        0.992,
        0.433
      ],
      [
        289.25,
        0.0,
        0.0,
        0.944,
        0.4245
      ],
      [
        289.5,
        0.002,
        0.003,
        0.911,
        0.4085
      ],
      [
        289.75,
        0.039,
        0.039,
        0.999,
        0.4323
      ],
      [
        290.0,
        0.026,
        0.028,
        0.991,
        0.4338
      ],
      [
        290.25,
        0.0,
        0.0,
        0.943,
        0.4244
      ],
      [
        290.5,
        0.003,
        0.006,
        0.93,
        0.4136
      ],
      [
        290.75,
        0.057,
        0.058,
        0.999,
        0.4237
      ],
      [
        291.0,
        0.045,
        0.051,
        0.993,
        0.424
      ],
      [
        291.25,
        0.0,
        0.003,
        0.945,
        0.4236
      ],
      [
        291.5,
        0.004,
        0.006,
        0.932,
        0.4142
      ],
      [
        291.75,
        0.059,
        0.06,
        0.999,
        0.4231
      ],
      [
        292.0,
        0.048,
        0.053,
        0.993,
        0.4228
      ],
      [
        292.25,
        0.0,
        0.005,
        0.945,
        0.4226
      ],
      [
        292.5,
        0.0,
        0.0,
        0.898,
        0.4032
      ],
      [
        292.75,
        0.003,
        0.003,
        0.868,
        0.3886
      ],
      [
        293.0,
        0.005,
        0.005,
        0.831,
        0.3712
      ],
      [
        293.25,
        0.005,
        0.005,
        0.783,
        0.3495
      ],
      [
        293.5,
        0.008,
        0.01,
        0.77,
        0.3395
      ],
      [
        293.75,
        0.059,
        0.06,
        0.999,
        0.4229
      ],
      [
        294.0,
        0.048,
        0.053,
        0.993,
        0.4233
      ],
      [
        294.25,
        0.0,
        0.005,
        0.945,
        0.4231
      ],
      [
        294.5,
        0.004,
        0.007,
        0.938,
        0.4164
      ],
      [
        294.75,
        0.063,
        0.064,
        0.999,
        0.4212
      ],
      [
        295.0,
        0.056,
        0.062,
        0.994,
        0.4195
      ],
      [
        295.25,
        0.008,
        0.014,
        0.946,
        0.4194
      ],
      [
        295.5,
        0.003,
        0.004,
        0.918,
        0.4109
      ],
      [
        295.75,
        0.045,
        0.046,
        0.999,
        0.4293
      ],
      [
        296.0,
        0.027,
        0.029,
        0.993,
        0.4339
      ],
      [
        296.25,
        0.0,
        0.0,
        0.945,
        0.4249
      ],
      [
        296.5,
        0.001,
        0.002,
        0.907,
        0.4066
      ],
      [
        296.75,
        0.018,
        0.019,
        0.974,
        0.4289
      ],
      [
        297.0,
        0.028,
        0.03,
        0.99,
        0.431
      ],
      [
        297.25,
        0.028,
        0.03,
        0.942,
        0.4094
      ],
      [
        297.5,
        0.033,
        0.036,
        0.932,
        0.4002
      ],
      [
        297.75,
        0.065,
        0.066,
        0.999,
        0.4201
      ],
      [
        298.0,
        0.052,
        0.058,
        0.994,
        0.4212
      ],
      [
        298.25,
        0.004,
        0.01,
        0.946,
        0.4212
      ],
      [
        298.5,
        0.005,
        0.007,
        0.943,
        0.4184
      ],
      [
        298.75,
        0.064,
        0.065,
        0.999,
        0.4206
      ],
      [
        299.0,
        0.058,
        0.064,
        0.994,
        0.4185
      ],
      [
        299.25,
        0.01,
        0.016,
        0.946,
        0.4185
      ],
      [
        299.5,
        0.004,
        0.006,
        0.936,
        0.4164
      ],
      [
        299.75,
        0.057,
        0.058,
        0.999,
        0.4241
      ],
      [
        300.0,
        0.045,
        0.049,
        0.994,
        0.4251
      ],
      [
        300.25,
        0.0,
        0.001,
        0.946,
        0.4245
      ],
      [
        300.5,
        0.005,
        0.007,
        0.94,
        0.4175
      ],
      [
        300.75,
        0.06,
        0.061,
        0.999,
        0.4228
      ],
      [
        301.0,
        0.05,
        0.055,
        0.994,
        0.4226
      ],
      [
        301.25,
        0.002,
        0.007,
        0.946,
        0.4225
      ],
      [
        301.5,
        0.005,
        0.008,
        0.947,
        0.4197
      ],
      [
        301.75,
        0.065,
        0.066,
        0.999,
        0.4202
      ],
      [
        302.0,
        0.06,
        0.066,
        0.995,
        0.4179
      ],
      [
        302.25,
        0.012,
        0.018,
        0.947,
        0.4179
      ],
      [
        302.5,
        0.005,
        0.008,
        0.948,
        0.4202
      ],
      [
        302.75,
        0.065,
        0.067,
        0.999,
        0.42
      ],
      [
        303.0,
        0.061,
        0.067,
        0.995,
        0.4177
      ],
      [
        303.25,
        0.013,
        0.019,
        0.947,
        0.4177
      ],
      [
        303.5,
        0.001,
        0.001,
        0.906,
        0.4066
      ],
      [
        303.75,
        0.015,
        0.015,
        0.951,
        0.4203
      ],
      [
        304.0,
        0.023,
        0.024,
        0.959,
        0.4202
      ],
      [
        304.25,
        0.023,
        0.024,
        0.911,
        0.3986
      ],
      [
        304.5,
        0.029,
        0.032,
        0.912,
        0.3933
      ],
      [
        304.75,
        0.072,
        0.073,
        0.999,
        0.4172
      ],
      [
        305.0,
        0.065,
        0.071,
        0.995,
        0.416
      ],
      [
        305.25,
        0.017,
        0.023,
        0.947,
        0.416
      ],
      [
        305.5,
        0.001,
        0.001,
        0.903,
        0.4053
      ],
      [
        305.75,
        0.008,
        0.008,
        0.904,
        0.4022
      ],
      [
        306.0,
        0.012,
        0.013,
        0.886,
        0.3919
      ],
      [
        306.25,
        0.012,
        0.013,
        0.838,
        0.3702
      ],
      [
        306.5,
        0.016,
        0.017,
        0.815,
        0.358
      ],
      [
        306.75,
        0.05,
        0.051,
        0.999,
        0.427
      ],
      [
        307.0,
        0.027,
        0.029,
        0.994,
        0.4346
      ],
      [
        307.25,
        0.0,
        0.0,
        0.946,
        0.4256
      ],
      [
        307.5,
        0.005,
        0.006,
        0.937,
        0.4173
      ],
      [
        307.75,
        0.054,
        0.054,
        0.999,
        0.4255
      ],
      [
        308.0,
        0.039,
        0.042,
        0.995,
        0.4289
      ],
      [
        308.25,
        0.0,
        0.0,
        0.947,
        0.4257
      ],
      [
        308.5,
        0.006,
        0.009,
        0.954,
        0.4224
      ],
      [
        308.75,
        0.065,
        0.067,
        0.999,
        0.4201
      ],
      [
        309.0,
        0.061,
        0.067,
        0.996,
        0.4182
      ],
      [
        309.25,
        0.013,
        0.018,
        0.948,
        0.4182
      ],
      [
        309.5,
        0.002,
        0.002,
        0.911,
        0.4083
      ],
      [
        309.75,
        0.02,
        0.02,
        0.986,
        0.4339
      ],
      [
        310.0,
        0.031,
        0.032,
        0.99,
        0.4316
      ],
      [
        310.25,
        0.031,
        0.032,
        0.942,
        0.4099
      ],
      [
        310.5,
        0.037,
        0.039,
        0.943,
        0.4037
      ],
      [
        310.75,
        0.065,
        0.066,
        0.999,
        0.4202
      ],
      [
        311.0,
        0.054,
        0.058,
        0.996,
        0.4219
      ],
      [
        311.25,
        0.006,
        0.01,
        0.948,
        0.4219
      ],
      [
        311.5,
        0.002,
        0.002,
        0.911,
        0.4084
      ],
      [
        311.75,
        0.018,
        0.019,
        0.976,
        0.4299
      ],
      [
        312.0,
        0.029,
        0.03,
        0.992,
        0.4319
      ],
      [
        312.25,
        0.029,
        0.03,
        0.944,
        0.4103
      ],
      [
        312.5,
        0.033,
        0.035,
        0.928,
        0.4003
      ],
      [
        312.75,
        0.053,
        0.054,
        0.999,
        0.4256
      ],
      [
        313.0,
        0.033,
        0.036,
        0.995,
        0.432
      ],
      [
        313.25,
        0.0,
        0.0,
        0.947,
        0.4261
      ],
      [
        313.5,
        0.005,
        0.006,
        0.938,
        0.418
      ],
      [
        313.75,
        0.052,
        0.053,
        0.999,
        0.4263
      ],
      [
        314.0,
        0.036,
        0.039,
        0.996,
        0.4309
      ],
      [
        314.25,
        0.0,
        0.0,
        0.948,
        0.4261
      ],
      [
        314.5,
        0.005,
        0.007,
        0.944,
        0.42
      ],
      [
        314.75,
        0.055,
        0.056,
        0.999,
        0.4248
      ],
      [
        315.0,
        0.043,
        0.046,
        0.996,
        0.4276
      ],
      [
        315.25,
        0.0,
        0.0,
        0.948,
        0.4261
      ],
      [
        315.5,
        0.006,
        0.007,
        0.946,
        0.4205
      ],
      [
        315.75,
        0.056,
        0.056,
        0.999,
        0.4246
      ],
      [
        316.0,
        0.044,
        0.047,
        0.996,
        0.427
      ],
      [
        316.25,
        0.0,
        0.0,
        0.948,
        0.4261
      ],
      [
        316.5,
        0.002,
        0.003,
        0.917,
        0.4108
      ],
      [
        316.75,
        0.027,
        0.027,
        0.999,
        0.4377
      ],
      [
        317.0,
        0.042,
        0.043,
        0.993,
        0.4279
      ],
      [
        317.25,
        0.042,
        0.043,
        0.945,
        0.4062
      ],
      [
        317.5,
        0.044,
        0.044,
        0.909,
        0.3891
      ],
      [
        317.75,
        0.034,
        0.035,
        0.978,
        0.4248
      ],
      [
        318.0,
        0.0,
        0.0,
        0.991,
        0.4461
      ],
      [
        318.25,
        0.0,
        0.0,
        0.943,
        0.4245
      ],
      [
        318.5,
        0.004,
        0.004,
        0.922,
        0.4125
      ],
      [
        318.75,
        0.04,
        0.04,
        0.999,
        0.4318
      ],
      [
        319.0,
        0.027,
        0.029,
        0.995,
        0.4352
      ],
      [
        319.25,
        0.0,
        0.0,
        0.947,
        0.4262
      ],
      [
        319.5,
        0.008,
        0.011,
        0.968,
        0.4271
      ],
      [
        319.75,
        0.069,
        0.071,
        0.999,
        0.4181
      ],
      [
        320.0,
        0.07,
        0.076,
        0.997,
        0.4149
      ],
      [
        320.25,
        0.022,
        0.028,
        0.949,
        0.4149
      ],
      [
        320.5,
        0.008,
        0.011,
        0.967,
        0.4275
      ],
      [
        320.75,
        0.07,
        0.071,
        0.999,
        0.4181
      ],
      [
        321.0,
        0.07,
        0.076,
        0.998,
        0.4148
      ],
      [
        321.25,
        0.022,
        0.028,
        0.949,
        0.4148
      ],
      [
        321.5,
        0.006,
        0.008,
        0.95,
        0.4222
      ],
      [
        321.75,
        0.057,
        0.058,
        0.999,
        0.4241
      ],
      [
        322.0,
        0.046,
        0.05,
        0.997,
        0.4263
      ],
      [
        322.25,
        0.0,
        0.002,
        0.949,
        0.426
      ],
      [
        322.5,
        0.007,
        0.009,
        0.958,
        0.4245
      ],
      [
        322.75,
        0.061,
        0.061,
        0.999,
        0.4223
      ],
      [
        323.0,
        0.054,
        0.059,
        0.998,
        0.4225
      ],
      [
        323.25,
        0.006,
        0.01,
        0.95,
        0.4225
      ],
      [
        323.5,
        0.007,
        0.009,
        0.955,
        0.4237
      ],
      [
        323.75,
        0.059,
        0.06,
        0.999,
        0.4231
      ],
      [
        324.0,
        0.051,
        0.055,
        0.998,
        0.4241
      ],
      [
        324.25,
        0.003,
        0.007,
        0.95,
        0.4241
      ],
      [
        324.5,
        0.008,
        0.011,
        0.971,
        0.4288
      ],
      [
        324.75,
        0.07,
        0.071,
        0.999,
        0.4179
      ],
      [
        325.0,
        0.072,
        0.077,
        0.998,
        0.4143
      ],
      [
        325.25,
        0.024,
        0.029,
        0.95,
        0.4143
      ],
      [
        325.5,
        0.008,
        0.011,
        0.972,
        0.4292
      ],
      [
        325.75,
        0.07,
        0.072,
        0.999,
        0.4178
      ],
      [
        326.0,
        0.072,
        0.078,
        0.998,
        0.4142
      ],
      [
        326.25,
        0.024,
        0.03,
        0.95,
        0.4142
      ],
      [
        326.5,
        0.006,
        0.008,
        0.949,
        0.4224
      ],
      [
        326.75,
        0.055,
        0.056,
        0.999,
        0.4247
      ],
      [
        327.0,
        0.044,
        0.047,
        0.998,
        0.4279
      ],
      [
        327.25,
        0.0,
        0.0,
        0.95,
        0.4269
      ],
      [
        327.5,
        0.002,
        0.002,
        0.913,
        0.4096
      ],
      [
        327.75,
        0.017,
        0.017,
        0.968,
        0.4273
      ],
      [
        328.0,
        0.027,
        0.027,
        0.986,
        0.4308
      ],
      [
        328.25,
        0.027,
        0.027,
        0.938,
        0.4092
      ],
      [
        328.5,
        0.031,
        0.032,
        0.918,
        0.3979
      ],
      [
        328.75,
        0.047,
        0.048,
        0.999,
        0.4282
      ],
      [
        329.0,
        0.022,
        0.024,
        0.996,
        0.4379
      ],
      [
        329.25,
        0.0,
        0.0,
        0.949,
        0.4267
      ],
      [
        329.5,
        0.009,
        0.012,
        0.975,
        0.4298
      ],
      [
        329.75,
        0.07,
        0.071,
        0.999,
        0.4179
      ],
      [
        330.0,
        0.072,
        0.078,
        0.998,
        0.4144
      ],
      [
        330.25,
        0.024,
        0.03,
        0.951,
        0.4145
      ],
      [
        330.5,
        0.008,
        0.011,
        0.969,
        0.4285
      ],
      [
        330.75,
        0.066,
        0.067,
        0.999,
        0.4198
      ],
      [
        331.0,
        0.065,
        0.07,
        0.998,
        0.4178
      ],
      [
        331.25,
        0.017,
        0.022,
        0.951,
        0.4179
      ],
      [
        331.5,
        0.007,
        0.009,
        0.957,
        0.4247
      ],
      [
        331.75,
        0.058,
        0.059,
        0.999,
        0.4235
      ],
      [
        332.0,
        0.049,
        0.053,
        0.998,
        0.4252
      ],
      [
        332.25,
        0.001,
        0.005,
        0.95,
        0.4252
      ],
      [
        332.5,
        0.005,
        0.005,
        0.935,
        0.4178
      ],
      [
        332.75,
        0.046,
        0.047,
        0.999,
        0.429
      ],
      [
        333.0,
        0.029,
        0.03,
        0.997,
        0.4353
      ],
      [
        333.25,
        0.0,
        0.0,
        0.949,
        0.4271
      ],
      [
        333.5,
        0.002,
        0.002,
        0.914,
        0.41
      ],
      [
        333.75,
        0.016,
        0.017,
        0.964,
        0.426
      ],
      [
        334.0,
        0.026,
        0.027,
        0.983,
        0.4289
      ],
      [
        334.25,
        0.026,
        0.027,
        0.935,
        0.4073
      ],
      [
        334.5,
        0.03,
        0.031,
        0.913,
        0.3956
      ],
      [
        334.75,
        0.047,
        0.047,
        0.999,
        0.4286
      ],
      [
        335.0,
        0.019,
        0.021,
        0.997,
        0.4391
      ],
      [
        335.25,
        0.0,
        0.0,
        0.95,
        0.4267
      ],
      [
        335.5,
        0.008,
        0.011,
        0.968,
        0.4281
      ],
      [
        335.75,
        0.064,
        0.065,
        0.999,
        0.4208
      ],
      [
        336.0,
        0.062,
        0.066,
        0.999,
        0.4195
      ],
      [
        336.25,
        0.014,
        0.018,
        0.951,
        0.4197
      ],
      [
        336.5,
        0.009,
        0.012,
        0.975,
        0.4308
      ],
      [
        336.75,
        0.069,
        0.07,
        0.999,
        0.4184
      ],
      [
        337.0,
        0.071,
        0.076,
        0.999,
        0.4151
      ],
      [
        337.25,
        0.023,
        0.028,
        0.951,
        0.4153
      ],
      [
        337.5,
        0.009,
        0.012,
        0.979,
        0.4322
      ],
      [
        337.75,
        0.072,
        0.073,
        0.999,
        0.4171
      ],
      [
        338.0,
        0.076,
        0.082,
        0.999,
        0.4128
      ],
      [
        338.25,
        0.028,
        0.034,
        0.951,
        0.413
      ],
      [
        338.5,
        0.007,
        0.01,
        0.979,
        0.4332
      ],
      [
        338.75,
        0.071,
        0.073,
        0.999,
        0.4175
      ],
      [
        339.0,
        0.076,
        0.081,
        0.999,
        0.4131
      ],
      [
        339.25,
        0.028,
        0.033,
        0.951,
        0.4133
      ],
      [
        339.5,
        0.007,
        0.009,
        0.965,
        0.4281
      ],
      [
        339.75,
        0.061,
        0.062,
        0.999,
        0.4222
      ],
      [
        340.0,
        0.057,
        0.061,
        0.999,
        0.422
      ],
      [
        340.25,
        0.009,
        0.013,
        0.951,
        0.422
      ],
      [
        340.5,
        0.003,
        0.004,
        0.927,
        0.4147
      ],
      [
        340.75,
        0.034,
        0.034,
        0.999,
        0.4346
      ],
      [
        341.0,
        0.034,
        0.035,
        0.997,
        0.4329
      ],
      [
        341.25,
        0.0,
        0.0,
        0.949,
        0.4269
      ],
      [
        341.5,
        0.004,
        0.004,
        0.929,
        0.4159
      ],
      [
        341.75,
        0.038,
        0.039,
        0.999,
        0.4325
      ],
      [
        342.0,
        0.029,
        0.03,
        0.997,
        0.4354
      ],
      [
        342.25,
        0.0,
        0.0,
        0.95,
        0.4274
      ],
      [
        342.5,
        0.01,
        0.012,
        0.983,
        0.4328
      ],
      [
        342.75,
        0.072,
        0.074,
        0.999,
        0.4169
      ],
      [
        343.0,
        0.077,
        0.083,
        0.999,
        0.4123
      ],
      [
        343.25,
        0.029,
        0.035,
        0.952,
        0.4127
      ],
      [
        343.5,
        0.003,
        0.01,
        0.981,
        0.4348
      ],
      [
        343.75,
        0.069,
        0.072,
        0.999,
        0.4196
      ],
      [
        344.0,
        0.073,
        0.081,
        0.999,
        0.4149
      ],
      [
        344.25,
        0.025,
        0.033,
        0.952,
        0.4151
      ],
      [
        344.5,
        0.007,
        0.009,
        0.961,
        0.4271
      ],
      [
        344.75,
        0.059,
        0.06,
        0.999,
        0.4232
      ],
      [
        345.0,
        0.052,
        0.056,
        0.999,
        0.4242
      ],
      [
        345.25,
        0.004,
        0.008,
        0.952,
        0.4244
      ],
      [
        345.5,
        0.007,
        0.009,
        0.957,
        0.4253
      ],
      [
        345.75,
        0.056,
        0.057,
        0.999,
        0.4243
      ],
      [
        346.0,
        0.047,
        0.051,
        0.999,
        0.4267
      ],
      [
        346.25,
        0.0,
        0.003,
        0.952,
        0.4269
      ],
      [
        346.5,
        0.008,
        0.011,
        0.972,
        0.4299
      ],
      [
        346.75,
        0.064,
        0.065,
        0.999,
        0.4206
      ],
      [
        347.0,
        0.064,
        0.068,
        0.999,
        0.4188
      ],
      [
        347.25,
        0.016,
        0.02,
        0.952,
        0.4193
      ],
      [
        347.5,
        0.01,
        0.012,
        0.979,
        0.4325
      ],
      [
        347.75,
        0.071,
        0.073,
        0.999,
        0.4174
      ],
      [
        348.0,
        0.076,
        0.081,
        0.999,
        0.413
      ],
      [
        348.25,
        0.028,
        0.034,
        0.952,
        0.4134
      ],
      [
        348.5,
        0.006,
        0.008,
        0.959,
        0.4267
      ],
      [
        348.75,
        0.057,
        0.058,
        0.999,
        0.4238
      ],
      [
        349.0,
        0.051,
        0.053,
        0.999,
        0.4254
      ],
      [
        349.25,
        0.003,
        0.006,
        0.952,
        0.4257
      ],
      [
        349.5,
        0.007,
        0.008,
        0.955,
        0.4247
      ],
      [
        349.75,
        0.055,
        0.056,
        0.999,
        0.4248
      ],
      [
        350.0,
        0.045,
        0.048,
        0.999,
        0.4279
      ],
      [
        350.25,
        0.0,
        0.0,
        0.952,
        0.4279
      ],
      [
        350.5,
        0.009,
        0.011,
        0.974,
        0.4306
      ],
      [
        350.75,
        0.066,
        0.067,
        0.999,
        0.4199
      ],
      [
        351.0,
        0.066,
        0.071,
        0.999,
        0.4176
      ],
      [
        351.25,
        0.018,
        0.023,
        0.952,
        0.4181
      ],
      [
        351.5,
        0.009,
        0.011,
        0.972,
        0.4302
      ],
      [
        351.75,
        0.065,
        0.067,
        0.999,
        0.42
      ],
      [
        352.0,
        0.066,
        0.071,
        0.999,
        0.4177
      ],
      [
        352.25,
        0.018,
        0.023,
        0.951,
        0.4178
      ],
      [
        352.5,
        0.002,
        0.002,
        0.917,
        0.4112
      ],
      [
        352.75,
        0.02,
        0.021,
        0.992,
        0.4363
      ],
      [
        353.0,
        0.033,
        0.033,
        0.994,
        0.4326
      ],
      [
        353.25,
        0.033,
        0.033,
        0.948,
        0.4115
      ],
      [
        353.5,
        0.041,
        0.043,
        0.967,
        0.4122
      ],
      [
        353.75,
        0.071,
        0.072,
        0.999,
        0.4174
      ],
      [
        354.0,
        0.068,
        0.073,
        0.999,
        0.4167
      ],
      [
        354.25,
        0.02,
        0.025,
        0.951,
        0.417
      ],
      [
        354.5,
        0.005,
        0.006,
        0.938,
        0.4186
      ],
      [
        354.75,
        0.046,
        0.047,
        0.999,
        0.4289
      ],
      [
        355.0,
        0.03,
        0.031,
        0.998,
        0.4353
      ],
      [
        355.25,
        0.0,
        0.0,
        0.952,
        0.428
      ],
      [
        355.5,
        0.007,
        0.008,
        0.956,
        0.4251
      ],
      [
        355.75,
        0.055,
        0.056,
        0.999,
        0.4248
      ],
      [
        356.0,
        0.046,
        0.049,
        0.999,
        0.4275
      ],
      [
        356.25,
        0.0,
        0.001,
        0.952,
        0.4276
      ],
      [
        356.5,
        0.006,
        0.007,
        0.949,
        0.4229
      ],
      [
        356.75,
        0.052,
        0.053,
        0.999,
        0.4261
      ],
      [
        357.0,
        0.039,
        0.042,
        0.999,
        0.4308
      ],
      [
        357.25,
        0.0,
        0.0,
        0.952,
        0.4279
      ],
      [
        357.5,
        0.005,
        0.006,
        0.938,
        0.4192
      ],
      [
        357.75,
        0.047,
        0.047,
        0.999,
        0.4286
      ],
      [
        358.0,
        0.03,
        0.032,
        0.998,
        0.4352
      ],
      [
        358.25,
        0.0,
        0.0,
        0.953,
        0.4282
      ],
      [
        358.5,
        0.009,
        0.012,
        0.978,
        0.4318
      ],
      [
        358.75,
        0.069,
        0.07,
        0.999,
        0.4186
      ],
      [
        359.0,
        0.072,
        0.077,
        0.999,
        0.4149
      ],
      [
        359.25,
        0.024,
        0.03,
        0.953,
        0.4154
      ],
      [
        359.5,
        0.008,
        0.01,
        0.966,
        0.4282
      ],
      [
        359.75,
        0.061,
        0.062,
        0.999,
        0.422
      ],
      [
        360.0,
        0.058,
        0.063,
        0.999,
        0.4212
      ],
      [
        360.25,
        0.01,
        0.015,
        0.952,
        0.4216
      ],
      [
        360.5,
        0.005,
        0.007,
        0.944,
        0.4212
      ],
      [
        360.75,
        0.051,
        0.052,
        0.999,
        0.4266
      ],
      [
        361.0,
        0.036,
        0.038,
        0.999,
        0.4324
      ],
      [
        361.25,
        0.0,
        0.0,
        0.953,
        0.4282
      ],
      [
        361.5,
        0.008,
        0.011,
        0.971,
        0.4293
      ],
      [
        361.75,
        0.063,
        0.065,
        0.999,
        0.4209
      ],
      [
        362.0,
        0.062,
        0.068,
        0.999,
        0.4192
      ],
      [
        362.25,
        0.014,
        0.02,
        0.953,
        0.4198
      ],
      [
        362.5,
        0.009,
        0.012,
        0.977,
        0.4316
      ],
      [
        362.75,
        0.07,
        0.071,
        0.999,
        0.4179
      ],
      [
        363.0,
        0.075,
        0.081,
        0.999,
        0.4135
      ],
      [
        363.25,
        0.027,
        0.033,
        0.953,
        0.414
      ],
      [
        363.5,
        0.009,
        0.011,
        0.98,
        0.4328
      ],
      [
        363.75,
        0.072,
        0.073,
        0.999,
        0.4172
      ],
      [
        364.0,
        0.079,
        0.084,
        0.999,
        0.412
      ],
      [
        364.25,
        0.031,
        0.036,
        0.953,
        0.4126
      ],
      [
        364.5,
        0.005,
        0.007,
        0.964,
        0.4284
      ],
      [
        364.75,
        0.059,
        0.061,
        0.999,
        0.4227
      ]
    ]
  },
  "beacon_interval_s": 900.0,
  "n_nodes": 313,
  "daily_kt": [],
  "channel_utilization": 0.03878,
  "start_date": "2025-07-01",
  "weather_driven": true,
  "packets_originated": 1166986,
  "pdr_overall": 0.8871,
  "sos": {
    "sent": 189,
    "delivered": 187,
    "latencies_s": [
      0.72,
      0.75,
      2.63,
      0.75,
      0.73,
      0.75,
      0.76,
      0.75,
      0.72,
      0.76,
      0.73,
      0.74,
      0.75,
      0.76,
      0.74,
      0.76,
      0.75,
      0.74,
      0.72,
      0.75,
      1.85,
      0.76,
      0.73,
      2.62,
      0.76,
      1.8,
      2.94,
      0.73,
      0.73,
      0.75,
      0.73,
      2.95,
      0.76,
      1.8,
      1.82,
      0.76,
      0.72,
      0.74,
      0.74,
      2.57,
      0.73,
      1.86,
      0.76,
      0.75,
      92.2,
      0.74,
      0.75,
      0.74,
      0.76,
      0.73,
      0.73,
      2.58,
      0.74,
      0.74,
      2.9,
      0.75,
      1.88,
      2.62,
      0.73,
      2.96,
      0.76,
      0.73,
      1.79,
      1.84,
      0.72,
      0.76,
      1.83,
      0.73,
      0.75,
      0.75,
      0.73,
      0.74,
      0.73,
      0.74,
      0.73,
      0.75,
      0.76,
      1.8,
      0.76,
      0.75,
      0.74,
      0.74,
      0.75,
      0.73,
      0.76,
      0.74,
      0.73,
      0.73,
      0.76,
      0.74,
      0.76,
      0.76,
      0.75,
      0.73,
      1.85,
      0.76,
      0.74,
      0.76,
      33.61,
      0.76,
      0.73,
      0.75,
      0.76,
      0.76,
      0.74,
      0.75,
      0.76,
      0.72,
      0.74,
      0.72,
      0.74,
      1.82,
      0.74,
      0.76,
      0.74,
      0.73,
      0.75,
      0.76,
      1.84,
      0.75,
      92.26,
      0.74,
      31.48,
      1.81,
      0.75,
      0.76,
      0.76,
      0.75,
      0.73,
      0.74,
      0.74,
      33.69,
      0.75,
      0.75,
      1.8,
      0.76,
      0.73,
      1.84,
      0.73,
      0.76,
      1.8,
      0.72,
      0.73,
      1.85,
      0.74,
      0.74,
      1.78,
      0.74,
      0.74,
      0.75,
      0.74,
      2.57,
      0.74,
      0.76,
      1.8,
      1.88,
      0.73,
      1.8,
      0.74,
      1.82,
      0.74,
      0.73,
      0.74,
      1.81,
      0.73,
      0.75,
      0.76,
      0.76,
      0.74,
      0.75,
      0.76,
      0.73,
      0.76,
      2.89,
      0.73,
      0.75,
      1.81,
      0.73,
      1.83,
      995.57,
      1.81,
      0.76,
      1.81,
      0.72,
      0.76,
      0.75,
      0.76
    ],
    "mean_tries": 4.74,
    "level": "incident"
  }
}
struggling links (320 of 610 active):
            dolly_copp <-> gorham_info          PRR 0.05  margin  -13.7 dB  (5440 tries)
         kinsman_notch <-> moosilauke_summit    PRR 0.05  margin  -13.4 dB  (6116 tries)
             lion_head <-> madison_hut          PRR 0.05  margin  -12.8 dB  (57033 tries)
       garfield_summit <-> hancock_th           PRR 0.05  margin  -13.2 dB  (20974 tries)
             bondcliff <-> south_twin           PRR 0.05  margin  -13.0 dB  (28599 tries)
             kanc_pass <-> loon_summit          PRR 0.05  margin  -13.0 dB  (4563 tries)
            glen_ellis <-> madison_hut          PRR 0.06  margin  -12.8 dB  (17010 tries)
             kinsman_n <-> lafayette_place      PRR 0.06  margin  -12.4 dB  (12424 tries)
             crag_camp <-> great_gulf_th        PRR 0.06  margin  -12.5 dB  (11764 tries)
         moriah_summit <-> wild_river_blue_brook PRR 0.06  margin  -12.2 dB  (548 tries)
          guyot_summit <-> owls_head_slide      PRR 0.06  margin  -13.0 dB  (465 tries)
       highland_center <-> mizpah_hut           PRR 0.06  margin  -12.3 dB  (24456 tries)
per-node:
  summit_shermanadams    tx 12149  rx 426113  col 84482  dup- 6845  E_tx   1.579 Wh  solar    0.00 Wh  SOC 100.0%  deaths 0  [grid]
  gateway_marshfield     tx  8769  rx 178584  col 12618  dup- 6055  E_tx   1.148 Wh  solar    0.00 Wh  SOC 100.0%  deaths 0  [grid]
  pinkham_notch_vc       tx 10344  rx 135410  col 1912  dup- 4048  E_tx   1.354 Wh  solar    0.00 Wh  SOC 100.0%  deaths 0  [grid]
  highland_center        tx  9750  rx  53255  col 1689  dup- 1978  E_tx   1.278 Wh  solar    0.00 Wh  SOC 100.0%  deaths 0  [grid]
  lakes_hut              tx 17797  rx 183300  col 13072  dup- 5198  E_tx   2.085 Wh  solar 5140.80 Wh  SOC 99.9%  deaths 25  [solar]
  madison_hut            tx 32909  rx 101846  col 3571  dup- 3055  E_tx   3.704 Wh  solar 4915.94 Wh  SOC 99.9%  deaths 30  [solar]
  mizpah_hut             tx 20086  rx 104296  col 3514  dup- 3378  E_tx   2.390 Wh  solar 5180.97 Wh  SOC 99.4%  deaths 21  [solar]
  carter_notch_hut       tx  4329  rx  17899  col  261  dup-   42  E_tx   0.484 Wh  solar  676.54 Wh  SOC  4.7%  deaths 237  [solar]
  grayknob_cabin         tx 18486  rx 126263  col 6146  dup- 4786  E_tx   2.187 Wh  solar 5098.70 Wh  SOC 99.9%  deaths 26  [solar]
  hermit_lake            tx 17548  rx 111430  col 1585  dup- 3334  E_tx   2.064 Wh  solar 4803.78 Wh  SOC 99.2%  deaths 43  [solar]
  crag_camp              tx 20917  rx 146353  col 11925  dup- 6860  E_tx   2.390 Wh  solar 5087.08 Wh  SOC 99.1%  deaths 21  [solar]
  dolly_copp             tx  5262  rx  32019  col 1548  dup- 1011  E_tx   0.599 Wh  solar  733.30 Wh  SOC  5.6%  deaths 237  [solar]
  ammo_relay             tx 16071  rx 110743  col 5192  dup- 4142  E_tx   1.863 Wh  solar 4658.82 Wh  SOC 99.9%  deaths 42  [solar]
  jewell_relay           tx 17506  rx 181910  col 15114  dup- 5878  E_tx   2.053 Wh  solar 4960.32 Wh  SOC 99.9%  deaths 26  [solar]
  clay_relay             tx 22906  rx 159508  col 17540  dup- 5422  E_tx   2.606 Wh  solar 5009.53 Wh  SOC 99.9%  deaths 28  [solar]
  monroe_flank           tx 20019  rx 276277  col 41168  dup- 5805  E_tx   2.381 Wh  solar 5221.11 Wh  SOC 99.9%  deaths 21  [solar]
  lion_head              tx 28124  rx 203874  col 21339  dup- 5481  E_tx   3.178 Wh  solar 5088.65 Wh  SOC 99.2%  deaths 23  [solar]
  boott_spur             tx 18385  rx 155222  col 8753  dup- 4689  E_tx   2.146 Wh  solar 4160.93 Wh  SOC 99.0%  deaths 60  [solar]
  jefferson_lawn         tx 22202  rx 247351  col 41419  dup- 8355  E_tx   2.535 Wh  solar 5182.37 Wh  SOC 99.9%  deaths 21  [solar]
  thunderstorm_jct       tx 21501  rx 210946  col 25742  dup- 6876  E_tx   2.468 Wh  solar 5217.91 Wh  SOC 99.9%  deaths 21  [solar]
  eisenhower_relay       tx 18565  rx 223147  col 27779  dup- 6085  E_tx   2.184 Wh  solar 5221.97 Wh  SOC 99.9%  deaths 21  [solar]
  pierce_relay           tx  6649  rx  51526  col 6918  dup- 1333  E_tx   0.775 Wh  solar  758.99 Wh  SOC  6.1%  deaths 239  [solar]
  wildcat_d              tx  5400  rx  85225  col 10474  dup- 1910  E_tx   0.611 Wh  solar  760.38 Wh  SOC  6.0%  deaths 238  [solar]
  nelson_crag            tx 18647  rx 298857  col 41623  dup- 6274  E_tx   2.188 Wh  solar 4985.31 Wh  SOC 99.2%  deaths 25  [solar]
  appalachia_th          tx  5162  rx  20339  col   15  dup-  111  E_tx   0.577 Wh  solar  777.06 Wh  SOC  6.0%  deaths 241  [solar]
  caps_ridge_th          tx  5760  rx  71031  col 6837  dup- 2026  E_tx   0.662 Wh  solar  761.45 Wh  SOC  6.0%  deaths 240  [solar]
  glen_ellis             tx  5738  rx  43609  col 2293  dup-  939  E_tx   0.660 Wh  solar  726.95 Wh  SOC  5.8%  deaths 238  [solar]
  great_gulf_th          tx  6115  rx  42307  col 2161  dup-  976  E_tx   0.705 Wh  solar  766.17 Wh  SOC  5.8%  deaths 242  [solar]
  glen_house             tx  5312  rx  68344  col 6693  dup- 1735  E_tx   0.602 Wh  solar  747.79 Wh  SOC  6.1%  deaths 237  [solar]
  jackson_summit         tx 19427  rx 154639  col 16259  dup- 5966  E_tx   2.295 Wh  solar 5225.52 Wh  SOC 99.9%  deaths 21  [solar]
  webster_cliff          tx  6018  rx  41170  col 4431  dup- 2048  E_tx   0.695 Wh  solar  767.38 Wh  SOC  6.1%  deaths 239  [solar]
  cog_skyline            tx 17193  rx 172961  col 12778  dup- 5361  E_tx   2.013 Wh  solar 5026.65 Wh  SOC 99.9%  deaths 25  [solar]
  wildcat_a              tx  4857  rx  69595  col 7548  dup- 1486  E_tx   0.543 Wh  solar  709.07 Wh  SOC  5.8%  deaths 235  [solar]
  madison_summit         tx 20750  rx 171195  col 14363  dup- 5815  E_tx   2.407 Wh  solar 5207.56 Wh  SOC 99.9%  deaths 22  [solar]
  durand_ridge           tx  5235  rx  23700  col  169  dup-  660  E_tx   0.579 Wh  solar  776.06 Wh  SOC  6.0%  deaths 241  [solar]
  cannon_tram_top        tx  3346  rx 146064  col 8460  dup- 2159  E_tx   0.436 Wh  solar    0.00 Wh  SOC 100.0%  deaths 0  [grid]
  lafayette_place        tx  3431  rx  73631  col 1074  dup- 1018  E_tx   0.450 Wh  solar    0.00 Wh  SOC 100.0%  deaths 0  [grid]
  flume_vc               tx  3170  rx  71244  col  822  dup- 1603  E_tx   0.415 Wh  solar    0.00 Wh  SOC 100.0%  deaths 0  [grid]
  greenleaf_hut          tx 11356  rx  81983  col 1693  dup- 1510  E_tx   1.246 Wh  solar 5133.14 Wh  SOC 99.9%  deaths 24  [solar]
  lonesome_lake_hut      tx  4100  rx  33310  col  929  dup-  552  E_tx   0.444 Wh  solar  771.08 Wh  SOC  5.9%  deaths 242  [solar]
  lafayette_summit       tx 33522  rx 121559  col 7793  dup- 1067  E_tx   3.595 Wh  solar 5228.13 Wh  SOC 99.9%  deaths 21  [solar]
  little_haystack        tx 10805  rx  60039  col 1991  dup- 1130  E_tx   1.172 Wh  solar 4712.45 Wh  SOC 99.9%  deaths 26  [solar]
  liberty_summit         tx 11334  rx  63016  col 3560  dup- 1119  E_tx   1.244 Wh  solar 4899.09 Wh  SOC 99.9%  deaths 26  [solar]
  kinsman_n              tx 11048  rx  68427  col  570  dup- 1284  E_tx   1.208 Wh  solar 5169.84 Wh  SOC 99.9%  deaths 25  [solar]
  kinsman_pond           tx  4033  rx  32566  col  564  dup-  594  E_tx   0.437 Wh  solar  752.15 Wh  SOC  5.8%  deaths 240  [solar]
  lincoln_woods_th       tx  2840  rx  36459  col   48  dup-   69  E_tx   0.371 Wh  solar    0.00 Wh  SOC 100.0%  deaths 0  [grid]
  garfield_summit        tx 41055  rx  74519  col 2637  dup- 1038  E_tx   4.383 Wh  solar 5225.96 Wh  SOC 99.9%  deaths 21  [solar]
  galehead_hut           tx 31606  rx  71722  col  755  dup-  619  E_tx   3.412 Wh  solar 5059.70 Wh  SOC 99.9%  deaths 25  [solar]
  south_twin             tx 22783  rx  76385  col 1325  dup-  500  E_tx   2.515 Wh  solar 5152.51 Wh  SOC 99.4%  deaths 21  [solar]
  guyot_summit           tx 15956  rx  91280  col  413  dup- 1411  E_tx   1.758 Wh  solar 4916.03 Wh  SOC 99.0%  deaths 25  [solar]
  bondcliff              tx 10409  rx  74649  col  488  dup-  745  E_tx   1.157 Wh  solar 4374.33 Wh  SOC 99.9%  deaths 46  [solar]
  zealand_hut            tx 10364  rx  58088  col 1033  dup-  533  E_tx   1.147 Wh  solar  755.35 Wh  SOC  5.9%  deaths 239  [solar]
  zeacliff               tx  5349  rx  50124  col  558  dup-  582  E_tx   0.608 Wh  solar  688.05 Wh  SOC  5.4%  deaths 232  [solar]
  hancock_th             tx  6161  rx  26707  col   89  dup-   65  E_tx   0.679 Wh  solar  724.23 Wh  SOC  6.0%  deaths 231  [solar]
  carrigain_summit       tx 62504  rx  75802  col 3690  dup- 1523  E_tx   6.597 Wh  solar 5230.30 Wh  SOC 99.9%  deaths 21  [solar]
  willey_summit          tx  6114  rx  58441  col  742  dup-  455  E_tx   0.698 Wh  solar  781.33 Wh  SOC  6.0%  deaths 244  [solar]
  sawyer_river_th        tx  4335  rx  14746  col   52  dup-  175  E_tx   0.470 Wh  solar  779.50 Wh  SOC  6.0%  deaths 244  [solar]
  waterville_valley      tx  2174  rx  39251  col  424  dup-  442  E_tx   0.281 Wh  solar    0.00 Wh  SOC 100.0%  deaths 0  [grid]
  kanc_pass              tx  4091  rx  11726  col   44  dup-   81  E_tx   0.443 Wh  solar  771.87 Wh  SOC  6.1%  deaths 240  [solar]
  osceola_summit         tx  3988  rx  24164  col  781  dup-  497  E_tx   0.429 Wh  solar  770.20 Wh  SOC  6.0%  deaths 242  [solar]
  greeley_ponds          tx  6698  rx  20944  col  300  dup-  117  E_tx   0.718 Wh  solar  716.52 Wh  SOC  6.0%  deaths 221  [solar]
  tripyramid_n           tx  6451  rx  14591  col   58  dup-  176  E_tx   0.698 Wh  solar  696.18 Wh  SOC  6.0%  deaths 225  [solar]
  sandwich_dome          tx  3463  rx   7030  col   54  dup-   21  E_tx   0.360 Wh  solar  776.15 Wh  SOC  5.9%  deaths 245  [solar]
  whiteface_summit       tx 13884  rx  17237  col  352  dup-  280  E_tx   1.471 Wh  solar 5040.12 Wh  SOC 99.9%  deaths 24  [solar]
  passaconaway           tx 18204  rx  37777  col  557  dup-   46  E_tx   1.876 Wh  solar 5240.50 Wh  SOC 99.9%  deaths 21  [solar]
  ferncroft_th           tx 14860  rx  13895  col   15  dup-   18  E_tx   1.518 Wh  solar  775.55 Wh  SOC  5.9%  deaths 242  [solar]
  welch_dickey_th        tx  3591  rx   4601  col    1  dup-   35  E_tx   0.377 Wh  solar  770.72 Wh  SOC  6.1%  deaths 244  [solar]
  chocorua_summit        tx  3250  rx  12968  col   11  dup-    1  E_tx   0.335 Wh  solar  748.40 Wh  SOC  6.1%  deaths 235  [solar]
  piper_th               tx  6011  rx  15445  col    9  dup-   13  E_tx   0.614 Wh  solar  724.29 Wh  SOC  5.3%  deaths 234  [solar]
  ravine_lodge           tx   844  rx  37513  col   22  dup-  190  E_tx   0.107 Wh  solar    0.00 Wh  SOC 100.0%  deaths 0  [grid]
  moosilauke_summit      tx  9063  rx  43647  col   81  dup-  128  E_tx   0.945 Wh  solar 5232.43 Wh  SOC 99.9%  deaths 21  [solar]
  kinsman_notch          tx  3060  rx   3250  col    0  dup-    0  E_tx   0.312 Wh  solar  730.60 Wh  SOC  5.5%  deaths 237  [solar]
  glencliff_th           tx  3268  rx  15153  col    6  dup-   13  E_tx   0.334 Wh  solar  773.02 Wh  SOC  6.1%  deaths 242  [solar]
  gorham_info            tx   267  rx   3651  col   10  dup-    0  E_tx   0.035 Wh  solar    0.00 Wh  SOC 100.0%  deaths 0  [grid]
  carter_dome            tx 45083  rx 191108  col 34455  dup- 4749  E_tx   4.978 Wh  solar 5208.27 Wh  SOC 99.8%  deaths 21  [solar]
  imp_shelter            tx 16113  rx  55336  col 1395  dup-  736  E_tx   1.834 Wh  solar 5064.96 Wh  SOC 99.3%  deaths 26  [solar]
  moriah_summit          tx 15238  rx  18430  col  136  dup-   58  E_tx   1.663 Wh  solar 4804.08 Wh  SOC 99.0%  deaths 29  [solar]
  baldface_s             tx  5093  rx  21630  col  175  dup-  155  E_tx   0.577 Wh  solar  748.43 Wh  SOC  6.0%  deaths 231  [solar]
  mt_hayes               tx  3421  rx   6919  col   13  dup-    2  E_tx   0.354 Wh  solar  766.27 Wh  SOC  5.7%  deaths 242  [solar]
  gentian_pond           tx  3617  rx  11191  col    7  dup-   12  E_tx   0.381 Wh  solar  761.99 Wh  SOC  5.9%  deaths 241  [solar]
  success_summit         tx  3303  rx   6286  col   59  dup-    9  E_tx   0.337 Wh  solar  781.42 Wh  SOC  6.0%  deaths 241  [solar]
  berlin_gateway         tx     4  rx   2360  col    1  dup-    0  E_tx   0.000 Wh  solar    0.00 Wh  SOC 100.0%  deaths 0  [grid]
  cabot_summit           tx  8265  rx   9931  col    1  dup-    0  E_tx   0.841 Wh  solar 5119.52 Wh  SOC 99.9%  deaths 23  [solar]
  unknown_pond           tx  3189  rx  25436  col    6  dup-    0  E_tx   0.324 Wh  solar  768.65 Wh  SOC  5.8%  deaths 242  [solar]
  percy_peaks            tx  3128  rx  15701  col    6  dup-    0  E_tx   0.318 Wh  solar  750.40 Wh  SOC  5.8%  deaths 237  [solar]
  nash_stream_th         tx  2922  rx   5590  col    0  dup-    0  E_tx   0.297 Wh  solar  699.87 Wh  SOC  5.5%  deaths 230  [solar]
  waumbek_summit         tx  3821  rx   6483  col    4  dup-    0  E_tx   0.409 Wh  solar  746.31 Wh  SOC  5.7%  deaths 240  [solar]
  cherry_mtn             tx  7968  rx  23145  col  175  dup-  371  E_tx   0.878 Wh  solar  775.39 Wh  SOC  6.1%  deaths 242  [solar]
  cardigan_lodge         tx   305  rx  11063  col    2  dup-    5  E_tx   0.040 Wh  solar    0.00 Wh  SOC 100.0%  deaths 0  [grid]
  cardigan_summit        tx  3286  rx    485  col    0  dup-    0  E_tx   0.335 Wh  solar  788.80 Wh  SOC  6.0%  deaths 244  [solar]
  sunapee_summit         tx     0  rx      2  col    0  dup-    0  E_tx   0.000 Wh  solar    0.00 Wh  SOC 100.0%  deaths 0  [grid]
  ragged_mtn             tx  3243  rx      0  col    0  dup-    0  E_tx   0.330 Wh  solar  781.99 Wh  SOC  6.0%  deaths 241  [solar]
  gunstock_top           tx  1002  rx  22795  col   24  dup-   36  E_tx   0.131 Wh  solar    0.00 Wh  SOC 100.0%  deaths 0  [grid]
  major_summit           tx  3248  rx   7081  col   14  dup-   16  E_tx   0.332 Wh  solar  767.57 Wh  SOC  6.1%  deaths 240  [solar]
  shaw_summit            tx  3184  rx   7398  col   49  dup-    0  E_tx   0.324 Wh  solar  767.18 Wh  SOC  6.0%  deaths 236  [solar]
  monadnock_hq           tx   273  rx  13964  col    1  dup-    9  E_tx   0.036 Wh  solar    0.00 Wh  SOC 100.0%  deaths 0  [grid]
  monadnock_summit       tx  3318  rx   2494  col    1  dup-    0  E_tx   0.338 Wh  solar  795.79 Wh  SOC  6.0%  deaths 246  [solar]
  dublin_th              tx  3293  rx   2409  col    0  dup-    0  E_tx   0.335 Wh  solar  790.09 Wh  SOC  6.1%  deaths 245  [solar]
  miller_hq              tx     0  rx   9570  col    0  dup-    0  E_tx   0.000 Wh  solar    0.00 Wh  SOC 100.0%  deaths 0  [grid]
  pack_monadnock         tx  6535  rx   3366  col    0  dup-    0  E_tx   0.665 Wh  solar  795.21 Wh  SOC  6.0%  deaths 246  [solar]
  smarts_mtn             tx  3147  rx   9127  col    2  dup-    0  E_tx   0.320 Wh  solar  757.29 Wh  SOC  6.0%  deaths 232  [solar]
  lyme_dorchester_th     tx 12141  rx  13018  col    5  dup-    0  E_tx   1.235 Wh  solar  778.44 Wh  SOC  6.0%  deaths 241  [solar]
  winslow_hq             tx     6  rx   6926  col    3  dup-    0  E_tx   0.001 Wh  solar    0.00 Wh  SOC 100.0%  deaths 0  [grid]
  kearsarge_summit       tx  3273  rx    204  col    0  dup-    0  E_tx   0.333 Wh  solar  791.17 Wh  SOC  6.0%  deaths 244  [solar]
  cranmore_top           tx     0  rx  15886  col  100  dup-    0  E_tx   0.000 Wh  solar    0.00 Wh  SOC 100.0%  deaths 0  [grid]
  kearsarge_north        tx  3249  rx  15691  col  400  dup-    0  E_tx   0.330 Wh  solar  783.94 Wh  SOC  6.0%  deaths 244  [solar]
  pawtuckaway_hq         tx     0  rx   3276  col    0  dup-    0  E_tx   0.000 Wh  solar    0.00 Wh  SOC 100.0%  deaths 0  [grid]
  pawtuckaway_tower      tx  3287  rx      0  col    0  dup-    0  E_tx   0.334 Wh  solar  793.61 Wh  SOC  6.0%  deaths 246  [solar]
  pisgah_hq              tx     0  rx  13473  col    3  dup-    0  E_tx   0.000 Wh  solar    0.00 Wh  SOC 100.0%  deaths 0  [grid]
  pisgah_ridge           tx  3270  rx  10111  col    2  dup-    0  E_tx   0.333 Wh  solar  789.49 Wh  SOC  6.1%  deaths 245  [solar]
  uncanoonuc_s           tx     0  rx      0  col    0  dup-    0  E_tx   0.000 Wh  solar    0.00 Wh  SOC 100.0%  deaths 0  [grid]
  blue_job               tx     0  rx      0  col    0  dup-    0  E_tx   0.000 Wh  solar    0.00 Wh  SOC 100.0%  deaths 0  [grid]
  balsams_gateway        tx     0  rx   2993  col    0  dup-    0  E_tx   0.000 Wh  solar    0.00 Wh  SOC 100.0%  deaths 0  [grid]
  table_rock             tx  2993  rx      0  col    0  dup-    0  E_tx   0.304 Wh  solar  721.45 Wh  SOC  6.1%  deaths 227  [solar]
  pittsburg_village      tx     0  rx    131  col    0  dup-    0  E_tx   0.000 Wh  solar    0.00 Wh  SOC 100.0%  deaths 0  [grid]
  magalloway_tower       tx     0  rx      0  col    0  dup-    0  E_tx   0.000 Wh  solar  729.53 Wh  SOC  5.6%  deaths 237  [solar]
  pulpit_rock            tx 23132  rx  60561  col 1186  dup-  599  E_tx   2.612 Wh  solar 4199.31 Wh  SOC 99.0%  deaths 59  [solar]
  tremont_summit         tx  3962  rx   8056  col   42  dup-  215  E_tx   0.427 Wh  solar  748.55 Wh  SOC  5.5%  deaths 241  [solar]
  noon_peak              tx  3915  rx  15857  col   56  dup-  302  E_tx   0.425 Wh  solar  715.65 Wh  SOC  5.9%  deaths 230  [solar]
  dickey_ledges          tx  3650  rx   4889  col   10  dup-   24  E_tx   0.388 Wh  solar  740.25 Wh  SOC  5.4%  deaths 241  [solar]
  tecumseh_ski_top       tx  2106  rx  44678  col  215  dup-  425  E_tx   0.276 Wh  solar    0.00 Wh  SOC 100.0%  deaths 0  [grid]
  blue_ridge_ledge       tx  8671  rx  11215  col    7  dup-    8  E_tx   0.898 Wh  solar 4987.93 Wh  SOC 99.2%  deaths 26  [solar]
  north_carter           tx  4127  rx  15098  col  206  dup-  442  E_tx   0.449 Wh  solar  735.83 Wh  SOC  5.7%  deaths 235  [solar]
  the_horn               tx 22503  rx  17740  col    6  dup-    0  E_tx   2.289 Wh  solar 4657.16 Wh  SOC 99.0%  deaths 34  [solar]
  victor_head            tx  3173  rx  16987  col    4  dup-    0  E_tx   0.323 Wh  solar  765.30 Wh  SOC  6.0%  deaths 236  [solar]
  ragged_ski_base        tx     0  rx   3243  col    0  dup-    0  E_tx   0.000 Wh  solar    0.00 Wh  SOC 100.0%  deaths 0  [grid]
  castle_clouds          tx     0  rx  24198  col   25  dup-    0  E_tx   0.000 Wh  solar    0.00 Wh  SOC 100.0%  deaths 0  [grid]
  dartmouth_skiway       tx     0  rx  11762  col    6  dup-    0  E_tx   0.000 Wh  solar    0.00 Wh  SOC 100.0%  deaths 0  [grid]
  holts_ledge            tx  3219  rx  13316  col    7  dup-    0  E_tx   0.327 Wh  solar  775.68 Wh  SOC  6.1%  deaths 244  [solar]
  first_lake_dam         tx     0  rx    430  col    0  dup-    0  E_tx   0.000 Wh  solar    0.00 Wh  SOC 100.0%  deaths 0  [grid]
  moosilauke_s_peak      tx 24044  rx  27435  col  236  dup-  204  E_tx   2.468 Wh  solar 5232.10 Wh  SOC 99.9%  deaths 21  [solar]
  belknap_summit         tx  3323  rx   5949  col    5  dup-   26  E_tx   0.340 Wh  solar  787.45 Wh  SOC  6.1%  deaths 245  [solar]
  newbury_station        tx     0  rx     92  col    0  dup-    0  E_tx   0.000 Wh  solar    0.00 Wh  SOC 100.0%  deaths 0  [grid]
  kilkenny_lookout       tx  3102  rx  20114  col    7  dup-    0  E_tx   0.316 Wh  solar  746.21 Wh  SOC  5.7%  deaths 240  [solar]
  stark_village          tx     0  rx  32630  col   13  dup-    0  E_tx   0.000 Wh  solar    0.00 Wh  SOC 100.0%  deaths 0  [grid]
  signal_ridge           tx 12459  rx  99486  col  316  dup-  871  E_tx   1.385 Wh  solar 4833.72 Wh  SOC 99.9%  deaths 26  [solar]
  white_ledge_cg         tx   266  rx  27031  col   22  dup-   11  E_tx   0.034 Wh  solar    0.00 Wh  SOC 100.0%  deaths 0  [grid]
  notchland_inn          tx  4005  rx  77205  col  260  dup-  282  E_tx   0.521 Wh  solar    0.00 Wh  SOC 100.0%  deaths 0  [grid]
  mt_hight               tx 17495  rx  70587  col  903  dup- 1560  E_tx   2.056 Wh  solar 4550.05 Wh  SOC 99.0%  deaths 33  [solar]
  south_carter           tx 15932  rx  84550  col 9065  dup- 3990  E_tx   1.826 Wh  solar 4510.48 Wh  SOC 99.9%  deaths 64  [solar]
  piper_mtn_belknap      tx  3305  rx   6155  col    7  dup-   18  E_tx   0.338 Wh  solar  776.94 Wh  SOC  6.1%  deaths 242  [solar]
  jennings_peak          tx  4721  rx  29326  col  348  dup-   96  E_tx   0.508 Wh  solar  760.61 Wh  SOC  5.9%  deaths 239  [solar]
  welch_ledges           tx  3793  rx   7707  col   87  dup-   26  E_tx   0.402 Wh  solar  781.75 Wh  SOC  6.1%  deaths 245  [solar]
  the_bulge              tx  6090  rx  23223  col    5  dup-    0  E_tx   0.619 Wh  solar  733.40 Wh  SOC  5.6%  deaths 237  [solar]
  turtleback_mtn         tx  3841  rx  29004  col   25  dup-    0  E_tx   0.391 Wh  solar  768.21 Wh  SOC  6.0%  deaths 244  [solar]
  lambert_ridge          tx  3172  rx  13694  col   69  dup-    0  E_tx   0.323 Wh  solar  763.77 Wh  SOC  5.9%  deaths 242  [solar]
  black_cap              tx  9340  rx  19395  col  910  dup-    0  E_tx   0.950 Wh  solar  777.49 Wh  SOC  6.0%  deaths 243  [solar]
  second_lake_dam        tx     0  rx      0  col    0  dup-    0  E_tx   0.000 Wh  solar    0.00 Wh  SOC 100.0%  deaths 0  [grid]
  middle_carter          tx  4548  rx  27455  col  927  dup-  522  E_tx   0.502 Wh  solar  759.14 Wh  SOC  5.8%  deaths 239  [solar]
  zeta_pass              tx  4069  rx  13641  col  148  dup-  364  E_tx   0.449 Wh  solar  684.96 Wh  SOC  5.3%  deaths 221  [solar]
  smarts_ranger_ledge    tx  9199  rx  17830  col    8  dup-    0  E_tx   0.936 Wh  solar  772.66 Wh  SOC  6.1%  deaths 245  [solar]
  hurricane_col          tx  6234  rx  18498  col    5  dup-    0  E_tx   0.634 Wh  solar  770.86 Wh  SOC  6.0%  deaths 239  [solar]
  cranmore_ledge         tx 12475  rx  17791  col    8  dup-    0  E_tx   1.269 Wh  solar  766.86 Wh  SOC  6.0%  deaths 243  [solar]
  bald_knob_ossipee      tx 15788  rx  21060  col   38  dup-    0  E_tx   1.606 Wh  solar  765.04 Wh  SOC  6.0%  deaths 241  [solar]
  mt_roberts             tx 15171  rx  31965  col  151  dup-    0  E_tx   1.543 Wh  solar  782.35 Wh  SOC  6.0%  deaths 242  [solar]
  faraway_ledge          tx  3200  rx  30511  col  238  dup-    0  E_tx   0.325 Wh  solar  773.01 Wh  SOC  6.0%  deaths 240  [solar]
  ossipee_saddle         tx  9169  rx  27258  col  108  dup-    0  E_tx   0.933 Wh  solar  766.01 Wh  SOC  5.9%  deaths 240  [solar]
  black_snout            tx  6128  rx  15632  col   49  dup-    0  E_tx   0.623 Wh  solar  767.93 Wh  SOC  6.0%  deaths 239  [solar]
  rockywold_camps        tx   297  rx  17177  col   13  dup-    8  E_tx   0.037 Wh  solar    0.00 Wh  SOC 100.0%  deaths 0  [grid]
  morgan_percival        tx  3302  rx   9457  col   12  dup-    0  E_tx   0.337 Wh  solar  771.70 Wh  SOC  5.9%  deaths 242  [solar]
  rattlesnake_west       tx  5781  rx  12054  col   11  dup-    7  E_tx   0.589 Wh  solar  782.58 Wh  SOC  6.1%  deaths 245  [solar]
  red_hill_tower         tx  9131  rx   7890  col   23  dup-    3  E_tx   0.931 Wh  solar  774.69 Wh  SOC  6.1%  deaths 244  [solar]
  rumney_village         tx   333  rx   5728  col    3  dup-    0  E_tx   0.043 Wh  solar    0.00 Wh  SOC 100.0%  deaths 0  [grid]
  stinson_summit         tx  3161  rx     12  col    0  dup-    0  E_tx   0.322 Wh  solar  763.05 Wh  SOC  6.1%  deaths 240  [solar]
  rattlesnake_rumney     tx  3368  rx   3163  col    3  dup-    4  E_tx   0.344 Wh  solar  783.47 Wh  SOC  6.1%  deaths 245  [solar]
  rumney_cliff_top       tx  3274  rx   3175  col    6  dup-    6  E_tx   0.333 Wh  solar  785.89 Wh  SOC  6.1%  deaths 245  [solar]
  loon_summit            tx  2559  rx  23631  col   21  dup-   10  E_tx   0.335 Wh  solar    0.00 Wh  SOC 100.0%  deaths 0  [grid]
  owls_head_slide        tx   216  rx   1685  col   11  dup-   10  E_tx   0.025 Wh  solar    0.00 Wh  SOC  0.0%  deaths 1  [battery]
  thirteen_falls         tx   203  rx   1082  col   17  dup-    8  E_tx   0.023 Wh  solar    0.00 Wh  SOC  0.0%  deaths 1  [battery]
  mt_hale                tx 15929  rx  46429  col  663  dup-  261  E_tx   1.832 Wh  solar 5023.11 Wh  SOC 99.5%  deaths 26  [solar]
  twin_mountain_village  tx  4238  rx  59832  col  464  dup-  184  E_tx   0.555 Wh  solar    0.00 Wh  SOC 100.0%  deaths 0  [grid]
  sugarloaf_middle       tx  5663  rx  14660  col  278  dup-   47  E_tx   0.654 Wh  solar  728.35 Wh  SOC  5.7%  deaths 237  [solar]
  isolation_davis        tx   281  rx   1720  col   59  dup-   76  E_tx   0.033 Wh  solar    0.00 Wh  SOC  0.0%  deaths 1  [battery]
  wild_river_cg          tx  9400  rx 116118  col 4205  dup- 1739  E_tx   1.229 Wh  solar    0.00 Wh  SOC 100.0%  deaths 0  [grid]
  wild_river_blue_brook  tx   263  rx   1754  col   73  dup-   34  E_tx   0.031 Wh  solar    0.00 Wh  SOC  0.0%  deaths 1  [battery]
  north_baldface         tx  3843  rx   8263  col    1  dup-   35  E_tx   0.417 Wh  solar  708.26 Wh  SOC  4.9%  deaths 238  [solar]
  jackson_village        tx     4  rx   5694  col    1  dup-    0  E_tx   0.000 Wh  solar    0.00 Wh  SOC 100.0%  deaths 0  [grid]
  doublehead_n           tx  3258  rx   2203  col    4  dup-    0  E_tx   0.332 Wh  solar  773.76 Wh  SOC  6.1%  deaths 242  [solar]
  iron_mtn               tx  3174  rx   6741  col    0  dup-    0  E_tx   0.323 Wh  solar  761.94 Wh  SOC  6.0%  deaths 236  [solar]
  mt_cube                tx  3179  rx   3128  col    0  dup-    0  E_tx   0.323 Wh  solar  769.95 Wh  SOC  6.0%  deaths 236  [solar]
  mead_base              tx   156  rx  12211  col   14  dup-   10  E_tx   0.020 Wh  solar    0.00 Wh  SOC 100.0%  deaths 0  [grid]
  mt_israel              tx  3779  rx  15280  col   95  dup-   50  E_tx   0.400 Wh  solar  782.98 Wh  SOC  6.0%  deaths 245  [solar]
  flat_mtn_pond          tx   225  rx   1285  col   10  dup-    0  E_tx   0.024 Wh  solar    0.00 Wh  SOC  0.0%  deaths 1  [battery]
  green_mtn_effingham    tx     0  rx      0  col    0  dup-    0  E_tx   0.000 Wh  solar  755.48 Wh  SOC  6.1%  deaths 236  [solar]
  bear_brook_hq          tx     8  rx   6643  col    2  dup-    0  E_tx   0.001 Wh  solar    0.00 Wh  SOC 100.0%  deaths 0  [grid]
  bear_brook_tower       tx  3266  rx    157  col    0  dup-    0  E_tx   0.332 Wh  solar  789.56 Wh  SOC  6.0%  deaths 245  [solar]
  crotched_base          tx     0  rx   3209  col    0  dup-    0  E_tx   0.000 Wh  solar    0.00 Wh  SOC 100.0%  deaths 0  [grid]
  crotched_summit        tx  3209  rx      0  col    0  dup-    0  E_tx   0.326 Wh  solar  774.20 Wh  SOC  6.2%  deaths 245  [solar]
  temple_mtn_ledges      tx  3280  rx   6497  col    0  dup-    0  E_tx   0.334 Wh  solar  793.10 Wh  SOC  6.1%  deaths 247  [solar]
  washington_town        tx     0  rx  31814  col   82  dup-    0  E_tx   0.000 Wh  solar    0.00 Wh  SOC 100.0%  deaths 0  [grid]
  lovewell_mtn           tx  4227  rx  31274  col  196  dup-    0  E_tx   0.430 Wh  solar  790.46 Wh  SOC  6.0%  deaths 244  [solar]
  pillsbury_sp           tx  3274  rx  12188  col   48  dup-    0  E_tx   0.333 Wh  solar  789.08 Wh  SOC  6.1%  deaths 245  [solar]
  kilburn_th             tx  3293  rx   9000  col    2  dup-    0  E_tx   0.335 Wh  solar  794.62 Wh  SOC  6.0%  deaths 246  [solar]
  milan_hill             tx     0  rx      0  col    0  dup-    0  E_tx   0.000 Wh  solar    0.00 Wh  SOC 100.0%  deaths 0  [grid]
  sugarloaf_nash         tx  3209  rx   6143  col    0  dup-    0  E_tx   0.326 Wh  solar  773.51 Wh  SOC  6.0%  deaths 242  [solar]
  deer_mtn_pittsburg     tx  3214  rx      0  col    0  dup-    0  E_tx   0.327 Wh  solar  773.20 Wh  SOC  5.9%  deaths 241  [solar]
  champney_th            tx  3274  rx   9722  col    4  dup-    0  E_tx   0.334 Wh  solar  779.53 Wh  SOC  5.9%  deaths 242  [solar]
  buffalo_rd_lot         tx   178  rx  10069  col    5  dup-    1  E_tx   0.023 Wh  solar    0.00 Wh  SOC 100.0%  deaths 0  [grid]
  stinson_lake_gw        tx    27  rx   3381  col    1  dup-    0  E_tx   0.003 Wh  solar    0.00 Wh  SOC 100.0%  deaths 0  [grid]
  attitash_base          tx     2  rx  10438  col    1  dup-    0  E_tx   0.000 Wh  solar    0.00 Wh  SOC 100.0%  deaths 0  [grid]
  iron_s_ledge           tx  5888  rx  11919  col    3  dup-    0  E_tx   0.599 Wh  solar  726.65 Wh  SOC  6.0%  deaths 224  [solar]
  rocky_branch_knoll     tx  8992  rx  11976  col    2  dup-    0  E_tx   0.915 Wh  solar  778.98 Wh  SOC  6.0%  deaths 244  [solar]
  mt_cube_farm           tx     0  rx   6361  col    0  dup-    0  E_tx   0.000 Wh  solar    0.00 Wh  SOC 100.0%  deaths 0  [grid]
  cube_s_ledge           tx  3177  rx   3127  col    0  dup-    0  E_tx   0.323 Wh  solar  768.73 Wh  SOC  6.0%  deaths 236  [solar]
  deer_mtn_cg            tx     0  rx   3214  col    0  dup-    0  E_tx   0.000 Wh  solar    0.00 Wh  SOC 100.0%  deaths 0  [grid]
  millen_pond            tx 18338  rx  21902  col   33  dup-    0  E_tx   1.865 Wh  solar  790.49 Wh  SOC  6.0%  deaths 246  [solar]
  faxon_hill             tx  4551  rx  42362  col  159  dup-    0  E_tx   0.463 Wh  solar  786.88 Wh  SOC  6.0%  deaths 245  [solar]
  greenway_mid           tx 11568  rx  35676  col  351  dup-    0  E_tx   1.177 Wh  solar  776.46 Wh  SOC  6.0%  deaths 244  [solar]
  kittredge_hill         tx  3289  rx  35766  col  306  dup-    0  E_tx   0.335 Wh  solar  790.21 Wh  SOC  6.0%  deaths 244  [solar]
  bryant_ledge           tx  6487  rx  28277  col   68  dup-    0  E_tx   0.660 Wh  solar  783.93 Wh  SOC  6.1%  deaths 245  [solar]
  pisgah_w_knoll         tx  3229  rx  10840  col    3  dup-    0  E_tx   0.328 Wh  solar  776.76 Wh  SOC  5.9%  deaths 245  [solar]
  kilburn_ridge          tx  6514  rx   9209  col    0  dup-    0  E_tx   0.663 Wh  solar  789.54 Wh  SOC  6.0%  deaths 246  [solar]
  moose_mtn_at           tx  3206  rx   6401  col    1  dup-    0  E_tx   0.326 Wh  solar  770.55 Wh  SOC  5.9%  deaths 244  [solar]
  black_mtn_benton       tx  3296  rx  16769  col    6  dup-   25  E_tx   0.337 Wh  solar  784.51 Wh  SOC  6.1%  deaths 244  [solar]
  prospect_weeks         tx     0  rx      0  col    0  dup-    0  E_tx   0.000 Wh  solar    0.00 Wh  SOC 100.0%  deaths 0  [grid]
  moose_mtn_lodge        tx     0  rx   7078  col    1  dup-    0  E_tx   0.000 Wh  solar    0.00 Wh  SOC 100.0%  deaths 0  [grid]
  moose_s_ledge          tx  6444  rx   3389  col    0  dup-    0  E_tx   0.655 Wh  solar  786.65 Wh  SOC  6.0%  deaths 244  [solar]
  radio_gateway_marshfield_0 tx 12517  rx 122705  col 17971  dup-    0  E_tx   1.370 Wh  solar    0.00 Wh  SOC 100.0%  deaths 0  [battery]
  radio_gateway_marshfield_1 tx 12530  rx  97585  col 12352  dup-    0  E_tx   1.372 Wh  solar    0.00 Wh  SOC 100.0%  deaths 0  [battery]
  radio_gateway_marshfield_2 tx 12401  rx  96742  col 12107  dup-    0  E_tx   1.357 Wh  solar    0.00 Wh  SOC 100.0%  deaths 0  [battery]
  radio_gateway_marshfield_3 tx 14665  rx 147197  col 20859  dup-    0  E_tx   1.607 Wh  solar    0.00 Wh  SOC 100.0%  deaths 0  [battery]
  radio_pinkham_notch_vc_0 tx 14706  rx 151166  col 20459  dup-    0  E_tx   1.612 Wh  solar    0.00 Wh  SOC 100.0%  deaths 0  [battery]
  radio_pinkham_notch_vc_1 tx 12544  rx  82271  col 8579  dup-    0  E_tx   1.375 Wh  solar    0.00 Wh  SOC 100.0%  deaths 0  [battery]
  radio_pinkham_notch_vc_2 tx 10386  rx  99306  col 9110  dup-    0  E_tx   1.136 Wh  solar    0.00 Wh  SOC 100.0%  deaths 0  [battery]
  radio_pinkham_notch_vc_3 tx 10353  rx 120173  col 10539  dup-    0  E_tx   1.132 Wh  solar    0.00 Wh  SOC 100.0%  deaths 0  [battery]
  radio_highland_center_0 tx    36  rx    429  col   77  dup-    0  E_tx   0.004 Wh  solar    0.00 Wh  SOC 100.0%  deaths 0  [battery]
  radio_highland_center_1 tx    35  rx    417  col   70  dup-    0  E_tx   0.004 Wh  solar    0.00 Wh  SOC 100.0%  deaths 0  [battery]
  radio_highland_center_2 tx    36  rx    387  col   66  dup-    0  E_tx   0.004 Wh  solar    0.00 Wh  SOC 100.0%  deaths 0  [battery]
  radio_highland_center_3 tx    35  rx    398  col   67  dup-    0  E_tx   0.004 Wh  solar    0.00 Wh  SOC 100.0%  deaths 0  [battery]
  radio_appalachia_th_0  tx  9661  rx  42951  col  965  dup-    0  E_tx   1.056 Wh  solar    0.00 Wh  SOC 100.0%  deaths 0  [battery]
  radio_appalachia_th_1  tx  9683  rx  43738  col 1127  dup-    0  E_tx   1.059 Wh  solar    0.00 Wh  SOC 100.0%  deaths 0  [battery]
  radio_appalachia_th_2  tx     0  rx      0  col    0  dup-    0  E_tx   0.000 Wh  solar    0.00 Wh  SOC 100.0%  deaths 0  [battery]
  radio_appalachia_th_3  tx     0  rx      0  col    0  dup-    0  E_tx   0.000 Wh  solar    0.00 Wh  SOC 100.0%  deaths 0  [battery]
  radio_glen_house_0     tx    34  rx    268  col   34  dup-    0  E_tx   0.004 Wh  solar    0.00 Wh  SOC 100.0%  deaths 0  [battery]
  radio_glen_house_1     tx    34  rx    277  col   25  dup-    0  E_tx   0.004 Wh  solar    0.00 Wh  SOC 100.0%  deaths 0  [battery]
  radio_glen_house_2     tx    36  rx    285  col   51  dup-    0  E_tx   0.004 Wh  solar    0.00 Wh  SOC 100.0%  deaths 0  [battery]
  radio_glen_house_3     tx    33  rx    278  col   44  dup-    0  E_tx   0.004 Wh  solar    0.00 Wh  SOC 100.0%  deaths 0  [battery]
  radio_great_gulf_th_0  tx  5932  rx  35615  col 1996  dup-    0  E_tx   0.645 Wh  solar    0.00 Wh  SOC 100.0%  deaths 0  [battery]
  radio_great_gulf_th_1  tx  5983  rx  54161  col 4018  dup-    0  E_tx   0.651 Wh  solar    0.00 Wh  SOC 100.0%  deaths 0  [battery]
  radio_great_gulf_th_2  tx     0  rx      0  col    0  dup-    0  E_tx   0.000 Wh  solar    0.00 Wh  SOC 100.0%  deaths 0  [battery]
  radio_great_gulf_th_3  tx     0  rx      0  col    0  dup-    0  E_tx   0.000 Wh  solar    0.00 Wh  SOC 100.0%  deaths 0  [battery]
  radio_lafayette_place_0 tx  3092  rx   7575  col  167  dup-    0  E_tx   0.332 Wh  solar    0.00 Wh  SOC 100.0%  deaths 0  [battery]
  radio_lafayette_place_1 tx  9287  rx  37273  col 2907  dup-    0  E_tx   1.015 Wh  solar    0.00 Wh  SOC 100.0%  deaths 0  [battery]
  radio_lafayette_place_2 tx  3102  rx  15874  col  940  dup-    0  E_tx   0.333 Wh  solar    0.00 Wh  SOC 100.0%  deaths 0  [battery]
  radio_lafayette_place_3 tx  9288  rx  43728  col 3743  dup-    0  E_tx   1.015 Wh  solar    0.00 Wh  SOC 100.0%  deaths 0  [battery]
  radio_lafayette_place_4 tx     0  rx      0  col    0  dup-    0  E_tx   0.000 Wh  solar    0.00 Wh  SOC 100.0%  deaths 0  [battery]
  radio_lafayette_place_5 tx     0  rx      0  col    0  dup-    0  E_tx   0.000 Wh  solar    0.00 Wh  SOC 100.0%  deaths 0  [battery]
  radio_lincoln_woods_th_0 tx  8913  rx  19548  col  457  dup-    0  E_tx   0.973 Wh  solar    0.00 Wh  SOC 100.0%  deaths 0  [battery]
  radio_lincoln_woods_th_1 tx 17273  rx  60024  col 1446  dup-    0  E_tx   1.895 Wh  solar    0.00 Wh  SOC 100.0%  deaths 0  [battery]
  radio_lincoln_woods_th_2 tx  8966  rx  21916  col  558  dup-    0  E_tx   0.980 Wh  solar    0.00 Wh  SOC 100.0%  deaths 0  [battery]
  radio_lincoln_woods_th_3 tx 17308  rx  64623  col 1627  dup-    0  E_tx   1.899 Wh  solar    0.00 Wh  SOC 100.0%  deaths 0  [battery]
  radio_lincoln_woods_th_4 tx     0  rx      0  col    0  dup-    0  E_tx   0.000 Wh  solar    0.00 Wh  SOC 100.0%  deaths 0  [battery]
  radio_lincoln_woods_th_5 tx     0  rx      0  col    0  dup-    0  E_tx   0.000 Wh  solar    0.00 Wh  SOC 100.0%  deaths 0  [battery]
  radio_ravine_lodge_0   tx  6481  rx   8812  col  235  dup-    0  E_tx   0.706 Wh  solar    0.00 Wh  SOC 100.0%  deaths 0  [battery]
  radio_ravine_lodge_1   tx  6525  rx   9246  col  272  dup-    0  E_tx   0.712 Wh  solar    0.00 Wh  SOC 100.0%  deaths 0  [battery]
  radio_ravine_lodge_2   tx     0  rx      0  col    0  dup-    0  E_tx   0.000 Wh  solar    0.00 Wh  SOC 100.0%  deaths 0  [battery]
  radio_ravine_lodge_3   tx     0  rx      0  col    0  dup-    0  E_tx   0.000 Wh  solar    0.00 Wh  SOC 100.0%  deaths 0  [battery]
  radio_waterville_valley_0 tx 20185  rx  26479  col  890  dup-    0  E_tx   2.216 Wh  solar    0.00 Wh  SOC 100.0%  deaths 0  [battery]
  radio_waterville_valley_1 tx 20124  rx  26883  col  826  dup-    0  E_tx   2.208 Wh  solar    0.00 Wh  SOC 100.0%  deaths 0  [battery]
  radio_waterville_valley_2 tx     0  rx      0  col    0  dup-    0  E_tx   0.000 Wh  solar    0.00 Wh  SOC 100.0%  deaths 0  [battery]
  radio_waterville_valley_3 tx     0  rx      0  col    0  dup-    0  E_tx   0.000 Wh  solar    0.00 Wh  SOC 100.0%  deaths 0  [battery]
  radio_piper_th_0       tx  3649  rx   2291  col   17  dup-    0  E_tx   0.394 Wh  solar    0.00 Wh  SOC 100.0%  deaths 0  [battery]
  radio_piper_th_1       tx  3649  rx   2663  col   21  dup-    0  E_tx   0.394 Wh  solar    0.00 Wh  SOC 100.0%  deaths 0  [battery]
  radio_piper_th_2       tx     0  rx      0  col    0  dup-    0  E_tx   0.000 Wh  solar    0.00 Wh  SOC 100.0%  deaths 0  [battery]
  radio_piper_th_3       tx     0  rx      0  col    0  dup-    0  E_tx   0.000 Wh  solar    0.00 Wh  SOC 100.0%  deaths 0  [battery]
  radio_sawyer_river_th_0 tx  7521  rx  18176  col   81  dup-    0  E_tx   0.820 Wh  solar    0.00 Wh  SOC 100.0%  deaths 0  [battery]
  radio_sawyer_river_th_1 tx  7566  rx  22755  col  132  dup-    0  E_tx   0.826 Wh  solar    0.00 Wh  SOC 100.0%  deaths 0  [battery]
  radio_sawyer_river_th_2 tx     0  rx      0  col    0  dup-    0  E_tx   0.000 Wh  solar    0.00 Wh  SOC 100.0%  deaths 0  [battery]
  radio_sawyer_river_th_3 tx     0  rx      0  col    0  dup-    0  E_tx   0.000 Wh  solar    0.00 Wh  SOC 100.0%  deaths 0  [battery]
  radio_monadnock_hq_0   tx  3803  rx   1511  col    2  dup-    0  E_tx   0.411 Wh  solar    0.00 Wh  SOC 100.0%  deaths 0  [battery]
  radio_monadnock_hq_1   tx  3807  rx   1521  col    3  dup-    0  E_tx   0.411 Wh  solar    0.00 Wh  SOC 100.0%  deaths 0  [battery]
  radio_monadnock_hq_2   tx     0  rx      0  col    0  dup-    0  E_tx   0.000 Wh  solar    0.00 Wh  SOC 100.0%  deaths 0  [battery]
  radio_monadnock_hq_3   tx     0  rx      0  col    0  dup-    0  E_tx   0.000 Wh  solar    0.00 Wh  SOC 100.0%  deaths 0  [battery]
  radio_cardigan_lodge_0 tx  3939  rx   1591  col    0  dup-    0  E_tx   0.426 Wh  solar    0.00 Wh  SOC 100.0%  deaths 0  [battery]
  radio_cardigan_lodge_1 tx  3937  rx   1637  col    6  dup-    0  E_tx   0.426 Wh  solar    0.00 Wh  SOC 100.0%  deaths 0  [battery]
  radio_cardigan_lodge_2 tx     0  rx      0  col    0  dup-    0  E_tx   0.000 Wh  solar    0.00 Wh  SOC 100.0%  deaths 0  [battery]
  radio_cardigan_lodge_3 tx     0  rx      0  col    0  dup-    0  E_tx   0.000 Wh  solar    0.00 Wh  SOC 100.0%  deaths 0  [battery]
  radio_gunstock_top_0   tx  7322  rx   5547  col   24  dup-    0  E_tx   0.798 Wh  solar    0.00 Wh  SOC 100.0%  deaths 0  [battery]
  radio_gunstock_top_1   tx  7310  rx   5892  col   23  dup-    0  E_tx   0.796 Wh  solar    0.00 Wh  SOC 100.0%  deaths 0  [battery]
  radio_gunstock_top_2   tx     0  rx      0  col    0  dup-    0  E_tx   0.000 Wh  solar    0.00 Wh  SOC 100.0%  deaths 0  [battery]
  radio_gunstock_top_3   tx     0  rx      0  col    0  dup-    0  E_tx   0.000 Wh  solar    0.00 Wh  SOC 100.0%  deaths 0  [battery]
  radio_winslow_hq_0     tx  3912  rx     46  col    2  dup-    0  E_tx   0.419 Wh  solar    0.00 Wh  SOC 100.0%  deaths 0  [battery]
  radio_winslow_hq_1     tx     0  rx      0  col    0  dup-    0  E_tx   0.000 Wh  solar    0.00 Wh  SOC 100.0%  deaths 0  [battery]
  radio_winslow_hq_2     tx     0  rx      0  col    0  dup-    0  E_tx   0.000 Wh  solar    0.00 Wh  SOC 100.0%  deaths 0  [battery]
  radio_winslow_hq_3     tx     0  rx      0  col    0  dup-    0  E_tx   0.000 Wh  solar    0.00 Wh  SOC 100.0%  deaths 0  [battery]
  radio_miller_hq_0      tx  3145  rx     86  col    0  dup-    0  E_tx   0.337 Wh  solar    0.00 Wh  SOC 100.0%  deaths 0  [battery]
  radio_miller_hq_1      tx     0  rx      0  col    0  dup-    0  E_tx   0.000 Wh  solar    0.00 Wh  SOC 100.0%  deaths 0  [battery]
  radio_miller_hq_2      tx     0  rx      0  col    0  dup-    0  E_tx   0.000 Wh  solar    0.00 Wh  SOC 100.0%  deaths 0  [battery]
  radio_miller_hq_3      tx     0  rx      0  col    0  dup-    0  E_tx   0.000 Wh  solar    0.00 Wh  SOC 100.0%  deaths 0  [battery]
  radio_rockywold_camps_0 tx  4192  rx   2043  col   33  dup-    0  E_tx   0.454 Wh  solar    0.00 Wh  SOC 100.0%  deaths 0  [battery]
  radio_rockywold_camps_1 tx  4229  rx   2202  col   46  dup-    0  E_tx   0.459 Wh  solar    0.00 Wh  SOC 100.0%  deaths 0  [battery]
  radio_rockywold_camps_2 tx     0  rx      0  col    0  dup-    0  E_tx   0.000 Wh  solar    0.00 Wh  SOC 100.0%  deaths 0  [battery]
  radio_rockywold_camps_3 tx     0  rx      0  col    0  dup-    0  E_tx   0.000 Wh  solar    0.00 Wh  SOC 100.0%  deaths 0  [battery]
  radio_rumney_village_0 tx  4179  rx   1891  col   33  dup-    0  E_tx   0.452 Wh  solar    0.00 Wh  SOC 100.0%  deaths 0  [battery]
  radio_rumney_village_1 tx  4178  rx   1994  col   50  dup-    0  E_tx   0.452 Wh  solar    0.00 Wh  SOC 100.0%  deaths 0  [battery]
  radio_rumney_village_2 tx     0  rx      0  col    0  dup-    0  E_tx   0.000 Wh  solar    0.00 Wh  SOC 100.0%  deaths 0  [battery]
  radio_rumney_village_3 tx     0  rx      0  col    0  dup-    0  E_tx   0.000 Wh  solar    0.00 Wh  SOC 100.0%  deaths 0  [battery]
  radio_glen_ellis_0     tx 17709  rx 145122  col 14980  dup-    0  E_tx   1.942 Wh  solar    0.00 Wh  SOC 100.0%  deaths 0  [battery]
  radio_glen_ellis_1     tx 17713  rx 132111  col 12485  dup-    0  E_tx   1.943 Wh  solar    0.00 Wh  SOC 100.0%  deaths 0  [battery]
  radio_glen_ellis_2     tx     0  rx      0  col    0  dup-    0  E_tx   0.000 Wh  solar    0.00 Wh  SOC 100.0%  deaths 0  [battery]
  radio_glen_ellis_3     tx     0  rx      0  col    0  dup-    0  E_tx   0.000 Wh  solar    0.00 Wh  SOC 100.0%  deaths 0  [battery]
  radio_twin_mountain_village_0 tx 20995  rx  50322  col 2141  dup-    0  E_tx   2.304 Wh  solar    0.00 Wh  SOC 100.0%  deaths 0  [battery]
  radio_twin_mountain_village_1 tx 20990  rx  50208  col 2247  dup-    0  E_tx   2.302 Wh  solar    0.00 Wh  SOC 98.9%  deaths 0  [battery]
  radio_twin_mountain_village_2 tx     0  rx      0  col    0  dup-    0  E_tx   0.000 Wh  solar    0.00 Wh  SOC 100.0%  deaths 0  [battery]
  radio_twin_mountain_village_3 tx     0  rx      0  col    0  dup-    0  E_tx   0.000 Wh  solar    0.00 Wh  SOC 100.0%  deaths 0  [battery]
  radio_wild_river_cg_0  tx 14398  rx  38638  col 2140  dup-    0  E_tx   1.577 Wh  solar    0.00 Wh  SOC 100.0%  deaths 0  [battery]
  radio_wild_river_cg_1  tx 14500  rx  38973  col 2157  dup-    0  E_tx   1.590 Wh  solar    0.00 Wh  SOC 100.0%  deaths 0  [battery]
  radio_wild_river_cg_2  tx     0  rx      0  col    0  dup-    0  E_tx   0.000 Wh  solar    0.00 Wh  SOC 100.0%  deaths 0  [battery]
  radio_wild_river_cg_3  tx     0  rx      0  col    0  dup-    0  E_tx   0.000 Wh  solar    0.00 Wh  SOC 100.0%  deaths 0  [battery]
  radio_bear_brook_hq_0  tx  3379  rx     37  col    4  dup-    0  E_tx   0.362 Wh  solar    0.00 Wh  SOC 100.0%  deaths 0  [battery]
  radio_bear_brook_hq_1  tx     0  rx      0  col    0  dup-    0  E_tx   0.000 Wh  solar    0.00 Wh  SOC 100.0%  deaths 0  [battery]
  radio_bear_brook_hq_2  tx     0  rx      0  col    0  dup-    0  E_tx   0.000 Wh  solar    0.00 Wh  SOC 100.0%  deaths 0  [battery]
  radio_bear_brook_hq_3  tx     0  rx      0  col    0  dup-    0  E_tx   0.000 Wh  solar    0.00 Wh  SOC 100.0%  deaths 0  [battery]
wrote artifacts/sim/kiosk_trace_lb_energy_r.jsonl, artifacts/sim/kiosk_summary_lb_energy_r.json
