{
  "mode": "rotate_lb",
  "days": 365.0,
  "hop_limit": 3,
  "n_renters": 0,
  "rental": {
    "walker_days": 18250,
    "served": 18250,
    "starved": 0,
    "availability": 1.0,
    "mean_checkout_soc": 1.0
  },
  "fleet_energy": {
    "mean_duty": 0.3097,
    "final_soc_std": 0.3615,
    "final_soc_min": 0.0532,
    "deaths_total": 7362,
    "relay_energy_gini": 0.3167,
    "soc_series_6h": [
      [
        0.25,
        0.953,
        0.991,
        0.991,
        0.0148
      ],
      [
        0.5,
        0.912,
        0.988,
        1.0,
        0.0294
      ],
      [
        0.75,
        0.917,
        1.0,
        1.0,
        0.0298
      ],
      [
        1.0,
        0.905,
        0.999,
        1.0,
        0.0339
      ],
      [
        1.25,
        0.858,
        0.99,
        0.991,
        0.0476
      ],
      [
        1.5,
        0.819,
        0.99,
        1.0,
        0.0631
      ],
      [
        1.75,
        0.838,
        1.0,
        1.0,
        0.0592
      ],
      [
        2.0,
        0.838,
        0.999,
        1.0,
        0.0593
      ],
      [
        2.25,
        0.79,
        0.989,
        0.991,
        0.0726
      ],
      [
        2.5,
        0.75,
        0.988,
        1.0,
        0.0881
      ],
      [
        2.75,
        0.763,
        1.0,
        1.0,
        0.0869
      ],
      [
        3.0,
        0.759,
        0.999,
        1.0,
        0.0882
      ],
      [
        3.25,
        0.711,
        0.989,
        0.991,
        0.1012
      ],
      [
        3.5,
        0.67,
        0.987,
        1.0,
        0.1165
      ],
      [
        3.75,
        0.675,
        1.0,
        1.0,
        0.1189
      ],
      [
        4.0,
        0.665,
        0.999,
        1.0,
        0.1225
      ],
      [
        4.25,
        0.617,
        0.989,
        0.991,
        0.1354
      ],
      [
        4.5,
        0.578,
        0.989,
        1.0,
        0.151
      ],
      [
        4.75,
        0.593,
        1.0,
        1.0,
        0.1489
      ],
      [
        5.0,
        0.591,
        0.999,
        1.0,
        0.1497
      ],
      [
        5.25,
        0.543,
        0.989,
        0.991,
        0.1625
      ],
      [
        5.5,
        0.504,
        0.989,
        1.0,
        0.1781
      ],
      [
        5.75,
        0.52,
        1.0,
        1.0,
        0.1761
      ],
      [
        6.0,
        0.518,
        0.999,
        1.0,
        0.1767
      ],
      [
        6.25,
        0.471,
        0.989,
        0.991,
        0.1895
      ],
      [
        6.5,
        0.433,
        0.99,
        1.0,
        0.2052
      ],
      [
        6.75,
        0.456,
        1.0,
        1.0,
        0.2002
      ],
      [
        7.0,
        0.46,
        0.999,
        1.0,
        0.199
      ],
      [
        7.25,
        0.412,
        0.989,
        0.991,
        0.2116
      ],
      [
        7.5,
        0.372,
        0.987,
        1.0,
        0.2271
      ],
      [
        7.75,
        0.381,
        1.0,
        1.0,
        0.2282
      ],
      [
        8.0,
        0.374,
        0.999,
        1.0,
        0.2308
      ],
      [
        8.25,
        0.326,
        0.989,
        0.991,
        0.2435
      ],
      [
        8.5,
        0.283,
        0.986,
        1.0,
        0.2585
      ],
      [
        8.75,
        0.279,
        1.0,
        1.0,
        0.2661
      ],
      [
        9.0,
        0.261,
        0.999,
        1.0,
        0.2726
      ],
      [
        9.25,
        0.213,
        0.99,
        0.991,
        0.2852
      ],
      [
        9.5,
        0.169,
        0.985,
        1.0,
        0.3001
      ],
      [
        9.75,
        0.159,
        1.0,
        1.0,
        0.3099
      ],
      [
        10.0,
        0.138,
        0.999,
        1.0,
        0.3174
      ],
      [
        10.25,
        0.09,
        0.99,
        0.991,
        0.33
      ],
      [
        10.5,
        0.051,
        0.989,
        1.0,
        0.3452
      ],
      [
        10.75,
        0.069,
        1.0,
        1.0,
        0.3422
      ],
      [
        11.0,
        0.069,
        0.999,
        1.0,
        0.342
      ],
      [
        11.25,
        0.021,
        0.989,
        0.991,
        0.3534
      ],
      [
        11.5,
        0.008,
        0.988,
        1.0,
        0.3569
      ],
      [
        11.75,
        0.058,
        1.0,
        1.0,
        0.3454
      ],
      [
        12.0,
        0.054,
        0.999,
        1.0,
        0.3463
      ],
      [
        12.25,
        0.007,
        0.989,
        0.991,
        0.3583
      ],
      [
        12.5,
        0.008,
        0.988,
        1.0,
        0.3588
      ],
      [
        12.75,
        0.057,
        1.0,
        1.0,
        0.3459
      ],
      [
        13.0,
        0.053,
        0.999,
        1.0,
        0.3474
      ],
      [
        13.25,
        0.005,
        0.989,
        0.991,
        0.3596
      ],
      [
        13.5,
        0.004,
        0.985,
        1.0,
        0.3588
      ],
      [
        13.75,
        0.043,
        1.0,
        1.0,
        0.3516
      ],
      [
        14.0,
        0.03,
        0.999,
        1.0,
        0.3555
      ],
      [
        14.25,
        0.0,
        0.99,
        0.991,
        0.3617
      ],
      [
        14.5,
        0.01,
        0.99,
        1.0,
        0.3601
      ],
      [
        14.75,
        0.069,
        1.0,
        1.0,
        0.3421
      ],
      [
        15.0,
        0.077,
        0.999,
        1.0,
        0.3391
      ],
      [
        15.25,
        0.029,
        0.989,
        0.991,
        0.3513
      ],
      [
        15.5,
        0.01,
        0.989,
        1.0,
        0.36
      ],
      [
        15.75,
        0.066,
        1.0,
        1.0,
        0.3443
      ],
      [
        16.0,
        0.071,
        0.999,
        1.0,
        0.342
      ],
      [
        16.25,
        0.023,
        0.989,
        0.991,
        0.3545
      ],
      [
        16.5,
        0.008,
        0.987,
        1.0,
        0.3597
      ],
      [
        16.75,
        0.057,
        1.0,
        1.0,
        0.3471
      ],
      [
        17.0,
        0.052,
        0.999,
        1.0,
        0.349
      ],
      [
        17.25,
        0.004,
        0.989,
        0.991,
        0.3609
      ],
      [
        17.5,
        0.009,
        0.989,
        1.0,
        0.3603
      ],
      [
        17.75,
        0.062,
        1.0,
        1.0,
        0.3457
      ],
      [
        18.0,
        0.063,
        0.999,
        1.0,
        0.3453
      ],
      [
        18.25,
        0.015,
        0.989,
        0.991,
        0.3577
      ],
      [
        18.5,
        0.01,
        0.989,
        1.0,
        0.3606
      ],
      [
        18.75,
        0.069,
        1.0,
        1.0,
        0.3431
      ],
      [
        19.0,
        0.076,
        0.999,
        1.0,
        0.3399
      ],
      [
        19.25,
        0.028,
        0.989,
        0.991,
        0.3519
      ],
      [
        19.5,
        0.004,
        0.984,
        1.0,
        0.3584
      ],
      [
        19.75,
        0.041,
        1.0,
        1.0,
        0.3522
      ],
      [
        20.0,
        0.03,
        0.999,
        1.0,
        0.3559
      ],
      [
        20.25,
        0.0,
        0.99,
        0.991,
        0.3612
      ],
      [
        20.5,
        0.007,
        0.987,
        1.0,
        0.359
      ],
      [
        20.75,
        0.055,
        1.0,
        1.0,
        0.347
      ],
      [
        21.0,
        0.046,
        0.999,
        1.0,
        0.3496
      ],
      [
        21.25,
        0.0,
        0.989,
        0.991,
        0.3607
      ],
      [
        21.5,
        0.009,
        0.989,
        1.0,
        0.3589
      ],
      [
        21.75,
        0.067,
        1.0,
        1.0,
        0.342
      ],
      [
        22.0,
        0.072,
        0.999,
        1.0,
        0.3399
      ],
      [
        22.25,
        0.024,
        0.989,
        0.991,
        0.3523
      ],
      [
        22.5,
        0.01,
        0.989,
        1.0,
        0.3589
      ],
      [
        22.75,
        0.07,
        1.0,
        1.0,
        0.3411
      ],
      [
        23.0,
        0.078,
        0.999,
        1.0,
        0.3382
      ],
      [
        23.25,
        0.03,
        0.989,
        0.991,
        0.3507
      ],
      [
        23.5,
        0.01,
        0.989,
        1.0,
        0.3592
      ],
      [
        23.75,
        0.069,
        1.0,
        1.0,
        0.3418
      ],
      [
        24.0,
        0.077,
        0.999,
        1.0,
        0.339
      ],
      [
        24.25,
        0.029,
        0.989,
        0.991,
        0.3514
      ],
      [
        24.5,
        0.004,
        0.984,
        1.0,
        0.3584
      ],
      [
        24.75,
        0.045,
        1.0,
        1.0,
        0.3507
      ],
      [
        25.0,
        0.031,
        0.999,
        1.0,
        0.3554
      ],
      [
        25.25,
        0.0,
        0.989,
        0.991,
        0.3613
      ],
      [
        25.5,
        0.009,
        0.989,
        1.0,
        0.3597
      ],
      [
        25.75,
        0.07,
        1.0,
        1.0,
        0.3418
      ],
      [
        26.0,
        0.079,
        0.999,
        1.0,
        0.3388
      ],
      [
        26.25,
        0.031,
        0.989,
        0.991,
        0.3513
      ],
      [
        26.5,
        0.005,
        0.985,
        1.0,
        0.3595
      ],
      [
        26.75,
        0.051,
        1.0,
        1.0,
        0.3497
      ],
      [
        27.0,
        0.035,
        0.999,
        1.0,
        0.355
      ],
      [
        27.25,
        0.0,
        0.989,
        0.991,
        0.3624
      ],
      [
        27.5,
        0.008,
        0.988,
        1.0,
        0.3607
      ],
      [
        27.75,
        0.064,
        1.0,
        1.0,
        0.3451
      ],
      [
        28.0,
        0.066,
        0.999,
        1.0,
        0.3444
      ],
      [
        28.25,
        0.017,
        0.989,
        0.991,
        0.3571
      ],
      [
        28.5,
        0.008,
        0.988,
        1.0,
        0.361
      ],
      [
        28.75,
        0.063,
        1.0,
        1.0,
        0.3452
      ],
      [
        29.0,
        0.065,
        0.999,
        1.0,
        0.3446
      ],
      [
        29.25,
        0.017,
        0.989,
        0.991,
        0.3573
      ],
      [
        29.5,
        0.007,
        0.987,
        1.0,
        0.3607
      ],
      [
        29.75,
        0.06,
        1.0,
        1.0,
        0.3466
      ],
      [
        30.0,
        0.058,
        0.998,
        1.0,
        0.3473
      ],
      [
        30.25,
        0.01,
        0.989,
        0.99,
        0.3599
      ],
      [
        30.5,
        0.002,
        0.982,
        0.994,
        0.3595
      ],
      [
        30.75,
        0.023,
        0.994,
        1.0,
        0.3585
      ],
      [
        31.0,
        0.037,
        0.998,
        1.0,
        0.3542
      ],
      [
        31.25,
        0.037,
        0.989,
        0.99,
        0.3495
      ],
      [
        31.5,
        0.045,
        0.987,
        1.0,
        0.3475
      ],
      [
        31.75,
        0.075,
        1.0,
        1.0,
        0.341
      ],
      [
        32.0,
        0.077,
        0.998,
        1.0,
        0.3401
      ],
      [
        32.25,
        0.029,
        0.989,
        0.99,
        0.3528
      ],
      [
        32.5,
        0.008,
        0.987,
        1.0,
        0.3611
      ],
      [
        32.75,
        0.065,
        1.0,
        1.0,
        0.3453
      ],
      [
        33.0,
        0.068,
        0.998,
        1.0,
        0.3441
      ],
      [
        33.25,
        0.02,
        0.989,
        0.99,
        0.3567
      ],
      [
        33.5,
        0.008,
        0.987,
        1.0,
        0.361
      ],
      [
        33.75,
        0.065,
        1.0,
        1.0,
        0.3451
      ],
      [
        34.0,
        0.067,
        0.998,
        1.0,
        0.3441
      ],
      [
        34.25,
        0.019,
        0.989,
        0.99,
        0.3569
      ],
      [
        34.5,
        0.008,
        0.987,
        1.0,
        0.3609
      ],
      [
        34.75,
        0.066,
        1.0,
        1.0,
        0.3446
      ],
      [
        35.0,
        0.069,
        0.998,
        1.0,
        0.3432
      ],
      [
        35.25,
        0.021,
        0.989,
        0.99,
        0.3559
      ],
      [
        35.5,
        0.006,
        0.985,
        1.0,
        0.3607
      ],
      [
        35.75,
        0.054,
        1.0,
        1.0,
        0.3488
      ],
      [
        36.0,
        0.045,
        0.998,
        1.0,
        0.3521
      ],
      [
        36.25,
        0.0,
        0.989,
        0.99,
        0.3633
      ],
      [
        36.5,
        0.005,
        0.985,
        1.0,
        0.3607
      ],
      [
        36.75,
        0.052,
        1.0,
        1.0,
        0.3498
      ],
      [
        37.0,
        0.038,
        0.998,
        1.0,
        0.3544
      ],
      [
        37.25,
        0.0,
        0.989,
        0.99,
        0.3634
      ],
      [
        37.5,
        0.007,
        0.987,
        1.0,
        0.361
      ],
      [
        37.75,
        0.061,
        1.0,
        1.0,
        0.3466
      ],
      [
        38.0,
        0.059,
        0.998,
        1.0,
        0.3471
      ],
      [
        38.25,
        0.011,
        0.989,
        0.99,
        0.3599
      ],
      [
        38.5,
        0.005,
        0.985,
        1.0,
        0.3609
      ],
      [
        38.75,
        0.053,
        1.0,
        1.0,
        0.3493
      ],
      [
        39.0,
        0.042,
        0.998,
        0.999,
        0.3531
      ],
      [
        39.25,
        0.0,
        0.989,
        0.99,
        0.3637
      ],
      [
        39.5,
        0.007,
        0.987,
        1.0,
        0.3613
      ],
      [
        39.75,
        0.062,
        1.0,
        1.0,
        0.3463
      ],
      [
        40.0,
        0.061,
        0.998,
        0.999,
        0.3465
      ],
      [
        40.25,
        0.013,
        0.989,
        0.99,
        0.3593
      ],
      [
        40.5,
        0.007,
        0.986,
        1.0,
        0.3613
      ],
      [
        40.75,
        0.063,
        1.0,
        1.0,
        0.3458
      ],
      [
        41.0,
        0.064,
        0.998,
        0.999,
        0.3454
      ],
      [
        41.25,
        0.016,
        0.989,
        0.99,
        0.3581
      ],
      [
        41.5,
        0.007,
        0.986,
        1.0,
        0.3611
      ],
      [
        41.75,
        0.063,
        1.0,
        1.0,
        0.3459
      ],
      [
        42.0,
        0.063,
        0.998,
        0.999,
        0.3458
      ],
      [
        42.25,
        0.015,
        0.989,
        0.99,
        0.3584
      ],
      [
        42.5,
        0.007,
        0.986,
        1.0,
        0.361
      ],
      [
        42.75,
        0.061,
        1.0,
        1.0,
        0.3465
      ],
      [
        43.0,
        0.059,
        0.998,
        0.999,
        0.347
      ],
      [
        43.25,
        0.011,
        0.989,
        0.99,
        0.3597
      ],
      [
        43.5,
        0.006,
        0.985,
        1.0,
        0.3609
      ],
      [
        43.75,
        0.058,
        1.0,
        1.0,
        0.3475
      ],
      [
        44.0,
        0.053,
        0.998,
        0.999,
        0.3491
      ],
      [
        44.25,
        0.005,
        0.989,
        0.99,
        0.3618
      ],
      [
        44.5,
        0.006,
        0.985,
        1.0,
        0.3609
      ],
      [
        44.75,
        0.058,
        1.0,
        1.0,
        0.3476
      ],
      [
        45.0,
        0.053,
        0.998,
        0.999,
        0.3493
      ],
      [
        45.25,
        0.005,
        0.989,
        0.99,
        0.3618
      ],
      [
        45.5,
        0.007,
        0.986,
        1.0,
        0.361
      ],
      [
        45.75,
        0.065,
        1.0,
        1.0,
        0.3451
      ],
      [
        46.0,
        0.066,
        0.998,
        0.999,
        0.3444
      ],
      [
        46.25,
        0.018,
        0.989,
        0.99,
        0.3571
      ],
      [
        46.5,
        0.007,
        0.986,
        1.0,
        0.3611
      ],
      [
        46.75,
        0.065,
        1.0,
        1.0,
        0.3451
      ],
      [
        47.0,
        0.066,
        0.998,
        0.999,
        0.3444
      ],
      [
        47.25,
        0.018,
        0.989,
        0.99,
        0.3573
      ],
      [
        47.5,
        0.005,
        0.984,
        1.0,
        0.3608
      ],
      [
        47.75,
        0.056,
        1.0,
        1.0,
        0.3483
      ],
      [
        48.0,
        0.047,
        0.998,
        0.999,
        0.3511
      ],
      [
        48.25,
        0.0,
        0.989,
        0.99,
        0.3632
      ],
      [
        48.5,
        0.007,
        0.986,
        1.0,
        0.361
      ],
      [
        48.75,
        0.065,
        1.0,
        1.0,
        0.3451
      ],
      [
        49.0,
        0.066,
        0.998,
        0.999,
        0.3444
      ],
      [
        49.25,
        0.018,
        0.989,
        0.99,
        0.3572
      ],
      [
        49.5,
        0.006,
        0.985,
        1.0,
        0.3609
      ],
      [
        49.75,
        0.058,
        1.0,
        1.0,
        0.3477
      ],
      [
        50.0,
        0.051,
        0.998,
        0.999,
        0.3497
      ],
      [
        50.25,
        0.003,
        0.989,
        0.99,
        0.3624
      ],
      [
        50.5,
        0.003,
        0.983,
        1.0,
        0.3608
      ],
      [
        50.75,
        0.046,
        1.0,
        1.0,
        0.3523
      ],
      [
        51.0,
        0.03,
        0.998,
        0.999,
        0.3572
      ],
      [
        51.25,
        0.0,
        0.989,
        0.99,
        0.3637
      ],
      [
        51.5,
        0.006,
        0.986,
        1.0,
        0.3613
      ],
      [
        51.75,
        0.064,
        1.0,
        1.0,
        0.3456
      ],
      [
        52.0,
        0.064,
        0.998,
        0.999,
        0.3453
      ],
      [
        52.25,
        0.016,
        0.989,
        0.99,
        0.358
      ],
      [
        52.5,
        0.006,
        0.985,
        1.0,
        0.3611
      ],
      [
        52.75,
        0.06,
        1.0,
        1.0,
        0.3472
      ],
      [
        53.0,
        0.055,
        0.998,
        0.999,
        0.3483
      ],
      [
        53.25,
        0.007,
        0.989,
        0.99,
        0.3612
      ],
      [
        53.5,
        0.005,
        0.984,
        1.0,
        0.361
      ],
      [
        53.75,
        0.055,
        1.0,
        1.0,
        0.349
      ],
      [
        54.0,
        0.045,
        0.998,
        0.999,
        0.3522
      ],
      [
        54.25,
        0.0,
        0.989,
        0.99,
        0.3636
      ],
      [
        54.5,
        0.004,
        0.983,
        1.0,
        0.3612
      ],
      [
        54.75,
        0.053,
        1.0,
        1.0,
        0.3502
      ],
      [
        55.0,
        0.039,
        0.998,
        0.999,
        0.3547
      ],
      [
        55.25,
        0.0,
        0.989,
        0.989,
        0.364
      ],
      [
        55.5,
        0.003,
        0.982,
        1.0,
        0.3615
      ],
      [
        55.75,
        0.044,
        1.0,
        1.0,
        0.3538
      ],
      [
        56.0,
        0.029,
        0.998,
        0.999,
        0.3584
      ],
      [
        56.25,
        0.0,
        0.988,
        0.989,
        0.3644
      ],
      [
        56.5,
        0.004,
        0.983,
        1.0,
        0.362
      ],
      [
        56.75,
        0.051,
        1.0,
        1.0,
        0.3518
      ],
      [
        57.0,
        0.033,
        0.998,
        0.999,
        0.3576
      ],
      [
        57.25,
        0.0,
        0.988,
        0.989,
        0.365
      ],
      [
        57.5,
        0.004,
        0.983,
        1.0,
        0.3625
      ],
      [
        57.75,
        0.052,
        1.0,
        1.0,
        0.3521
      ],
      [
        58.0,
        0.036,
        0.998,
        0.999,
        0.3572
      ],
      [
        58.25,
        0.0,
        0.988,
        0.989,
        0.3654
      ],
      [
        58.5,
        0.005,
        0.984,
        1.0,
        0.3631
      ],
      [
        58.75,
        0.06,
        1.0,
        1.0,
        0.3491
      ],
      [
        59.0,
        0.055,
        0.998,
        0.999,
        0.3505
      ],
      [
        59.25,
        0.006,
        0.988,
        0.989,
        0.3633
      ],
      [
        59.5,
        0.003,
        0.982,
        0.997,
        0.3628
      ],
      [
        59.75,
        0.04,
        1.0,
        1.0,
        0.3572
      ],
      [
        60.0,
        0.028,
        0.998,
        0.999,
        0.3606
      ],
      [
        60.25,
        0.0,
        0.988,
        0.989,
        0.3662
      ],
      [
        60.5,
        0.002,
        0.981,
        0.996,
        0.3638
      ],
      [
        60.75,
        0.039,
        1.0,
        1.0,
        0.3587
      ],
      [
        61.0,
        0.028,
        0.998,
        0.998,
        0.3618
      ],
      [
        61.25,
        0.0,
        0.988,
        0.989,
        0.3674
      ],
      [
        61.5,
        0.005,
        0.984,
        1.0,
        0.3653
      ],
      [
        61.75,
        0.062,
        1.0,
        1.0,
        0.3509
      ],
      [
        62.0,
        0.056,
        0.997,
        0.999,
        0.3518
      ],
      [
        62.25,
        0.008,
        0.988,
        0.989,
        0.3645
      ],
      [
        62.5,
        0.005,
        0.983,
        1.0,
        0.365
      ],
      [
        62.75,
        0.056,
        1.0,
        1.0,
        0.3528
      ],
      [
        63.0,
        0.046,
        0.997,
        0.998,
        0.3558
      ],
      [
        63.25,
        0.0,
        0.988,
        0.989,
        0.3673
      ],
      [
        63.5,
        0.004,
        0.983,
        1.0,
        0.3653
      ],
      [
        63.75,
        0.054,
        1.0,
        1.0,
        0.3541
      ],
      [
        64.0,
        0.041,
        0.997,
        0.998,
        0.3579
      ],
      [
        64.25,
        0.0,
        0.988,
        0.989,
        0.368
      ],
      [
        64.5,
        0.004,
        0.983,
        1.0,
        0.3659
      ],
      [
        64.75,
        0.055,
        1.0,
        1.0,
        0.3544
      ],
      [
        65.0,
        0.043,
        0.997,
        0.998,
        0.3579
      ],
      [
        65.25,
        0.0,
        0.988,
        0.989,
        0.3685
      ],
      [
        65.5,
        0.004,
        0.982,
        1.0,
        0.3663
      ],
      [
        65.75,
        0.054,
        1.0,
        1.0,
        0.3555
      ],
      [
        66.0,
        0.039,
        0.997,
        0.998,
        0.3596
      ],
      [
        66.25,
        0.0,
        0.988,
        0.989,
        0.3692
      ],
      [
        66.5,
        0.003,
        0.982,
        1.0,
        0.3671
      ],
      [
        66.75,
        0.05,
        1.0,
        1.0,
        0.3581
      ],
      [
        67.0,
        0.031,
        0.997,
        0.998,
        0.3637
      ],
      [
        67.25,
        0.0,
        0.988,
        0.989,
        0.3704
      ],
      [
        67.5,
        0.001,
        0.98,
        0.989,
        0.3675
      ],
      [
        67.75,
        0.027,
        0.997,
        1.0,
        0.3673
      ],
      [
        68.0,
        0.042,
        0.997,
        0.998,
        0.362
      ],
      [
        68.25,
        0.042,
        0.988,
        0.989,
        0.358
      ],
      [
        68.5,
        0.044,
        0.981,
        0.992,
        0.3556
      ],
      [
        68.75,
        0.045,
        1.0,
        1.0,
        0.3639
      ],
      [
        69.0,
        0.017,
        0.997,
        0.998,
        0.3725
      ],
      [
        69.25,
        0.0,
        0.988,
        0.989,
        0.3749
      ],
      [
        69.5,
        0.004,
        0.983,
        1.0,
        0.3732
      ],
      [
        69.75,
        0.058,
        1.0,
        1.0,
        0.3603
      ],
      [
        70.0,
        0.048,
        0.997,
        0.998,
        0.3626
      ],
      [
        70.25,
        0.0,
        0.988,
        0.989,
        0.3747
      ],
      [
        70.5,
        0.004,
        0.983,
        1.0,
        0.3734
      ],
      [
        70.75,
        0.059,
        1.0,
        1.0,
        0.3601
      ],
      [
        71.0,
        0.05,
        0.997,
        0.998,
        0.362
      ],
      [
        71.25,
        0.002,
        0.988,
        0.989,
        0.3744
      ],
      [
        71.5,
        0.004,
        0.982,
        1.0,
        0.3735
      ],
      [
        71.75,
        0.059,
        1.0,
        1.0,
        0.3605
      ],
      [
        72.0,
        0.049,
        0.997,
        0.998,
        0.3626
      ],
      [
        72.25,
        0.001,
        0.988,
        0.989,
        0.3749
      ],
      [
        72.5,
        0.004,
        0.982,
        1.0,
        0.3737
      ],
      [
        72.75,
        0.056,
        1.0,
        1.0,
        0.3624
      ],
      [
        73.0,
        0.042,
        0.997,
        0.998,
        0.3658
      ],
      [
        73.25,
        0.0,
        0.988,
        0.989,
        0.3762
      ],
      [
        73.5,
        0.004,
        0.982,
        1.0,
        0.3746
      ],
      [
        73.75,
        0.059,
        1.0,
        1.0,
        0.362
      ],
      [
        74.0,
        0.048,
        0.997,
        0.998,
        0.3643
      ],
      [
        74.25,
        0.0,
        0.988,
        0.989,
        0.3765
      ],
      [
        74.5,
        0.002,
        0.981,
        0.994,
        0.3747
      ],
      [
        74.75,
        0.044,
        1.0,
        1.0,
        0.3689
      ],
      [
        75.0,
        0.027,
        0.997,
        0.998,
        0.3736
      ],
      [
        75.25,
        0.0,
        0.988,
        0.989,
        0.379
      ],
      [
        75.5,
        0.004,
        0.982,
        1.0,
        0.3773
      ],
      [
        75.75,
        0.055,
        1.0,
        1.0,
        0.3666
      ],
      [
        76.0,
        0.04,
        0.997,
        0.998,
        0.3705
      ],
      [
        76.25,
        0.0,
        0.988,
        0.989,
        0.3799
      ],
      [
        76.5,
        0.004,
        0.982,
        1.0,
        0.3784
      ],
      [
        76.75,
        0.058,
        1.0,
        1.0,
        0.3663
      ],
      [
        77.0,
        0.046,
        0.997,
        0.998,
        0.369
      ],
      [
        77.25,
        0.0,
        0.987,
        0.989,
        0.3803
      ],
      [
        77.5,
        0.004,
        0.981,
        0.999,
        0.3789
      ],
      [
        77.75,
        0.057,
        1.0,
        1.0,
        0.3669
      ],
      [
        78.0,
        0.045,
        0.997,
        0.998,
        0.3698
      ],
      [
        78.25,
        0.0,
        0.987,
        0.988,
        0.3809
      ],
      [
        78.5,
        0.004,
        0.981,
        0.998,
        0.3794
      ],
      [
        78.75,
        0.056,
        1.0,
        1.0,
        0.368
      ],
      [
        79.0,
        0.042,
        0.997,
        0.998,
        0.3716
      ],
      [
        79.25,
        0.0,
        0.987,
        0.988,
        0.3817
      ],
      [
        79.5,
        0.003,
        0.981,
        0.998,
        0.38
      ],
      [
        79.75,
        0.056,
        1.0,
        1.0,
        0.3682
      ],
      [
        80.0,
        0.042,
        0.997,
        0.998,
        0.3718
      ],
      [
        80.25,
        0.0,
        0.987,
        0.988,
        0.3819
      ],
      [
        80.5,
        0.003,
        0.981,
        1.0,
        0.3803
      ],
      [
        80.75,
        0.055,
        1.0,
        1.0,
        0.3692
      ],
      [
        81.0,
        0.04,
        0.997,
        0.998,
        0.3729
      ],
      [
        81.25,
        0.0,
        0.987,
        0.988,
        0.3827
      ],
      [
        81.5,
        0.003,
        0.981,
        1.0,
        0.3808
      ],
      [
        81.75,
        0.056,
        1.0,
        1.0,
        0.3682
      ],
      [
        82.0,
        0.042,
        0.997,
        0.998,
        0.3718
      ],
      [
        82.25,
        0.0,
        0.987,
        0.988,
        0.382
      ],
      [
        82.5,
        0.003,
        0.981,
        0.998,
        0.3804
      ],
      [
        82.75,
        0.056,
        1.0,
        1.0,
        0.3692
      ],
      [
        83.0,
        0.041,
        0.997,
        0.998,
        0.3729
      ],
      [
        83.25,
        0.0,
        0.987,
        0.988,
        0.3829
      ],
      [
        83.5,
        0.003,
        0.981,
        0.997,
        0.3808
      ],
      [
        83.75,
        0.055,
        1.0,
        1.0,
        0.3687
      ],
      [
        84.0,
        0.04,
        0.997,
        0.997,
        0.3727
      ],
      [
        84.25,
        0.0,
        0.987,
        0.988,
        0.382
      ],
      [
        84.5,
        0.001,
        0.979,
        0.983,
        0.3792
      ],
      [
        84.75,
        0.017,
        0.986,
        1.0,
        0.379
      ],
      [
        85.0,
        0.026,
        0.985,
        0.997,
        0.3754
      ],
      [
        85.25,
        0.026,
        0.976,
        0.988,
        0.3705
      ],
      [
        85.5,
        0.027,
        0.968,
        0.986,
        0.3667
      ],
      [
        85.75,
        0.049,
        0.988,
        1.0,
        0.3686
      ],
      [
        86.0,
        0.016,
        0.993,
        0.997,
        0.3804
      ],
      [
        86.25,
        0.0,
        0.984,
        0.988,
        0.3824
      ],
      [
        86.5,
        0.0,
        0.975,
        0.981,
        0.3785
      ],
      [
        86.75,
        0.012,
        0.977,
        1.0,
        0.3779
      ],
      [
        87.0,
        0.018,
        0.974,
        0.997,
        0.3744
      ],
      [
        87.25,
        0.018,
        0.964,
        0.988,
        0.3698
      ],
      [
        87.5,
        0.019,
        0.957,
        0.988,
        0.3667
      ],
      [
        87.75,
        0.052,
        0.991,
        1.0,
        0.3682
      ],
      [
        88.0,
        0.026,
        0.996,
        0.997,
        0.3777
      ],
      [
        88.25,
        0.0,
        0.987,
        0.988,
        0.3829
      ],
      [
        88.5,
        0.003,
        0.98,
        0.992,
        0.3807
      ],
      [
        88.75,
        0.054,
        1.0,
        1.0,
        0.37
      ],
      [
        89.0,
        0.036,
        0.996,
        0.997,
        0.3745
      ],
      [
        89.25,
        0.0,
        0.987,
        0.988,
        0.3825
      ],
      [
        89.5,
        0.002,
        0.98,
        0.991,
        0.3806
      ],
      [
        89.75,
        0.053,
        1.0,
        1.0,
        0.3706
      ],
      [
        90.0,
        0.033,
        0.996,
        0.997,
        0.3757
      ],
      [
        90.25,
        0.0,
        0.987,
        0.988,
        0.3828
      ],
      [
        90.5,
        0.002,
        0.98,
        0.991,
        0.3806
      ],
      [
        90.75,
        0.054,
        1.0,
        1.0,
        0.37
      ],
      [
        91.0,
        0.036,
        0.996,
        0.997,
        0.3745
      ],
      [
        91.25,
        0.0,
        0.987,
        0.988,
        0.3825
      ],
      [
        91.5,
        0.002,
        0.979,
        0.991,
        0.3805
      ],
      [
        91.75,
        0.054,
        1.0,
        1.0,
        0.3702
      ],
      [
        92.0,
        0.035,
        0.996,
        0.997,
        0.3749
      ],
      [
        92.25,
        0.0,
        0.987,
        0.988,
        0.3826
      ],
      [
        92.5,
        0.002,
        0.979,
        0.991,
        0.3805
      ],
      [
        92.75,
        0.054,
        1.0,
        1.0,
        0.3702
      ],
      [
        93.0,
        0.035,
        0.996,
        0.997,
        0.375
      ],
      [
        93.25,
        0.0,
        0.987,
        0.988,
        0.3826
      ],
      [
        93.5,
        0.002,
        0.979,
        0.99,
        0.3804
      ],
      [
        93.75,
        0.053,
        1.0,
        1.0,
        0.3703
      ],
      [
        94.0,
        0.034,
        0.996,
        0.997,
        0.3752
      ],
      [
        94.25,
        0.0,
        0.987,
        0.988,
        0.3826
      ],
      [
        94.5,
        0.002,
        0.979,
        0.99,
        0.3804
      ],
      [
        94.75,
        0.053,
        1.0,
        1.0,
        0.3704
      ],
      [
        95.0,
        0.033,
        0.996,
        0.997,
        0.3755
      ],
      [
        95.25,
        0.0,
        0.987,
        0.988,
        0.3827
      ],
      [
        95.5,
        0.002,
        0.979,
        0.99,
        0.3803
      ],
      [
        95.75,
        0.053,
        1.0,
        1.0,
        0.3706
      ],
      [
        96.0,
        0.032,
        0.996,
        0.997,
        0.3757
      ],
      [
        96.25,
        0.0,
        0.987,
        0.988,
        0.3826
      ],
      [
        96.5,
        0.002,
        0.979,
        0.989,
        0.3802
      ],
      [
        96.75,
        0.053,
        1.0,
        1.0,
        0.3706
      ],
      [
        97.0,
        0.032,
        0.996,
        0.997,
        0.3759
      ],
      [
        97.25,
        0.0,
        0.987,
        0.988,
        0.3826
      ],
      [
        97.5,
        0.002,
        0.979,
        0.989,
        0.3801
      ],
      [
        97.75,
        0.053,
        1.0,
        1.0,
        0.3707
      ],
      [
        98.0,
        0.031,
        0.996,
        0.997,
        0.3761
      ],
      [
        98.25,
        0.0,
        0.986,
        0.988,
        0.3826
      ],
      [
        98.5,
        0.002,
        0.978,
        0.988,
        0.3801
      ],
      [
        98.75,
        0.052,
        1.0,
        1.0,
        0.3711
      ],
      [
        99.0,
        0.029,
        0.996,
        0.997,
        0.3769
      ],
      [
        99.25,
        0.0,
        0.986,
        0.988,
        0.3829
      ],
      [
        99.5,
        0.001,
        0.978,
        0.983,
        0.3797
      ],
      [
        99.75,
        0.034,
        1.0,
        1.0,
        0.3784
      ],
      [
        100.0,
        0.048,
        0.996,
        0.997,
        0.3709
      ],
      [
        100.25,
        0.048,
        0.987,
        0.987,
        0.3664
      ],
      [
        100.5,
        0.049,
        0.978,
        0.985,
        0.3627
      ],
      [
        100.75,
        0.048,
        1.0,
        1.0,
        0.3717
      ],
      [
        101.0,
        0.021,
        0.996,
        0.997,
        0.379
      ],
      [
        101.25,
        0.0,
        0.986,
        0.987,
        0.3825
      ],
      [
        101.5,
        0.002,
        0.978,
        0.985,
        0.38
      ],
      [
        101.75,
        0.052,
        1.0,
        1.0,
        0.3713
      ],
      [
        102.0,
        0.029,
        0.996,
        0.997,
        0.3772
      ],
      [
        102.25,
        0.0,
        0.986,
        0.987,
        0.383
      ],
      [
        102.5,
        0.002,
        0.978,
        0.985,
        0.3801
      ],
      [
        102.75,
        0.051,
        1.0,
        1.0,
        0.3714
      ],
      [
        103.0,
        0.028,
        0.996,
        0.997,
        0.3774
      ],
      [
        103.25,
        0.0,
        0.986,
        0.987,
        0.383
      ],
      [
        103.5,
        0.001,
        0.978,
        0.985,
        0.38
      ],
      [
        103.75,
        0.05,
        1.0,
        1.0,
        0.3721
      ],
      [
        104.0,
        0.026,
        0.995,
        0.997,
        0.3782
      ],
      [
        104.25,
        0.0,
        0.986,
        0.987,
        0.383
      ],
      [
        104.5,
        0.0,
        0.977,
        0.979,
        0.3793
      ],
      [
        104.75,
        0.013,
        0.98,
        1.0,
        0.3789
      ],
      [
        105.0,
        0.018,
        0.976,
        0.996,
        0.3753
      ],
      [
        105.25,
        0.018,
        0.967,
        0.987,
        0.3706
      ],
      [
        105.5,
        0.018,
        0.958,
        0.979,
        0.3664
      ],
      [
        105.75,
        0.028,
        0.958,
        1.0,
        0.3658
      ],
      [
        106.0,
        0.032,
        0.952,
        0.996,
        0.3624
      ],
      [
        106.25,
        0.032,
        0.943,
        0.987,
        0.3584
      ],
      [
        106.5,
        0.032,
        0.934,
        0.979,
        0.3551
      ],
      [
        106.75,
        0.048,
        0.957,
        1.0,
        0.3596
      ],
      [
        107.0,
        0.015,
        0.961,
        0.996,
        0.3723
      ],
      [
        107.25,
        0.0,
        0.951,
        0.987,
        0.374
      ],
      [
        107.5,
        0.001,
        0.943,
        0.98,
        0.3704
      ],
      [
        107.75,
        0.028,
        0.962,
        1.0,
        0.3707
      ],
      [
        108.0,
        0.04,
        0.964,
        0.996,
        0.3663
      ],
      [
        108.25,
        0.04,
        0.953,
        0.987,
        0.3613
      ],
      [
        108.5,
        0.04,
        0.945,
        0.982,
        0.3574
      ],
      [
        108.75,
        0.057,
        0.986,
        1.0,
        0.3656
      ],
      [
        109.0,
        0.031,
        0.994,
        0.996,
        0.3753
      ],
      [
        109.25,
        0.0,
        0.984,
        0.987,
        0.3816
      ],
      [
        109.5,
        0.001,
        0.975,
        0.982,
        0.3789
      ],
      [
        109.75,
        0.05,
        1.0,
        1.0,
        0.3733
      ],
      [
        110.0,
        0.025,
        0.995,
        0.996,
        0.3796
      ],
      [
        110.25,
        0.0,
        0.986,
        0.987,
        0.3837
      ],
      [
        110.5,
        0.001,
        0.977,
        0.981,
        0.38
      ],
      [
        110.75,
        0.049,
        1.0,
        1.0,
        0.3728
      ],
      [
        111.0,
        0.024,
        0.995,
        0.996,
        0.3789
      ],
      [
        111.25,
        0.0,
        0.986,
        0.987,
        0.3829
      ],
      [
        111.5,
        0.0,
        0.976,
        0.978,
        0.379
      ],
      [
        111.75,
        0.005,
        0.972,
        1.0,
        0.378
      ],
      [
        112.0,
        0.007,
        0.965,
        0.996,
        0.3743
      ],
      [
        112.25,
        0.007,
        0.955,
        0.986,
        0.3701
      ],
      [
        112.5,
        0.007,
        0.946,
        0.978,
        0.3665
      ],
      [
        112.75,
        0.033,
        0.962,
        1.0,
        0.3664
      ],
      [
        113.0,
        0.044,
        0.964,
        0.996,
        0.3627
      ],
      [
        113.25,
        0.044,
        0.954,
        0.987,
        0.3582
      ],
      [
        113.5,
        0.044,
        0.945,
        0.978,
        0.3543
      ],
      [
        113.75,
        0.039,
        0.956,
        1.0,
        0.3627
      ],
      [
        114.0,
        0.0,
        0.955,
        0.996,
        0.3748
      ],
      [
        114.25,
        0.0,
        0.945,
        0.987,
        0.3723
      ],
      [
        114.5,
        0.0,
        0.936,
        0.978,
        0.3685
      ],
      [
        114.75,
        0.034,
        0.961,
        1.0,
        0.3683
      ],
      [
        115.0,
        0.047,
        0.966,
        0.996,
        0.3636
      ],
      [
        115.25,
        0.047,
        0.954,
        0.987,
        0.3587
      ],
      [
        115.5,
        0.048,
        0.945,
        0.978,
        0.3542
      ],
      [
        115.75,
        0.035,
        0.942,
        1.0,
        0.3613
      ],
      [
        116.0,
        0.0,
        0.936,
        0.996,
        0.3695
      ],
      [
        116.25,
        0.0,
        0.927,
        0.986,
        0.3664
      ],
      [
        116.5,
        0.0,
        0.917,
        0.978,
        0.3629
      ],
      [
        116.75,
        0.034,
        0.943,
        1.0,
        0.3631
      ],
      [
        117.0,
        0.048,
        0.949,
        0.996,
        0.3606
      ],
      [
        117.25,
        0.048,
        0.937,
        0.987,
        0.3566
      ],
      [
        117.5,
        0.048,
        0.926,
        0.978,
        0.3523
      ],
      [
        117.75,
        0.039,
        0.949,
        1.0,
        0.3643
      ],
      [
        118.0,
        0.002,
        0.951,
        0.996,
        0.3736
      ],
      [
        118.25,
        0.0,
        0.936,
        0.987,
        0.3711
      ],
      [
        118.5,
        0.0,
        0.927,
        0.978,
        0.367
      ],
      [
        118.75,
        0.024,
        0.947,
        1.0,
        0.3688
      ],
      [
        119.0,
        0.033,
        0.948,
        0.996,
        0.3661
      ],
      [
        119.25,
        0.033,
        0.935,
        0.987,
        0.3613
      ],
      [
        119.5,
        0.034,
        0.923,
        0.978,
        0.3571
      ],
      [
        119.75,
        0.054,
        0.965,
        1.0,
        0.3622
      ],
      [
        120.0,
        0.026,
        0.972,
        0.996,
        0.3719
      ],
      [
        120.25,
        0.0,
        0.955,
        0.987,
        0.376
      ],
      [
        120.5,
        0.0,
        0.946,
        0.978,
        0.3727
      ],
      [
        120.75,
        0.045,
        0.99,
        1.0,
        0.3713
      ],
      [
        121.0,
        0.022,
        0.987,
        0.996,
        0.3783
      ],
      [
        121.25,
        0.0,
        0.977,
        0.987,
        0.3816
      ],
      [
        121.5,
        0.0,
        0.968,
        0.977,
        0.3775
      ],
      [
        121.75,
        0.014,
        0.975,
        1.0,
        0.3776
      ],
      [
        122.0,
        0.019,
        0.971,
        0.996,
        0.3739
      ],
      [
        122.25,
        0.019,
        0.959,
        0.986,
        0.3694
      ],
      [
        122.5,
        0.019,
        0.95,
        0.977,
        0.3652
      ],
      [
        122.75,
        0.033,
        0.956,
        1.0,
        0.365
      ],
      [
        123.0,
        0.039,
        0.952,
        0.996,
        0.3615
      ],
      [
        123.25,
        0.039,
        0.941,
        0.986,
        0.3573
      ],
      [
        123.5,
        0.039,
        0.932,
        0.977,
        0.3536
      ],
      [
        123.75,
        0.042,
        0.924,
        0.987,
        0.3522
      ],
      [
        124.0,
        0.043,
        0.916,
        0.985,
        0.3497
      ],
      [
        124.25,
        0.043,
        0.907,
        0.975,
        0.3466
      ],
      [
        124.5,
        0.043,
        0.898,
        0.967,
        0.3439
      ],
      [
        124.75,
        0.05,
        0.933,
        1.0,
        0.3535
      ],
      [
        125.0,
        0.019,
        0.941,
        0.996,
        0.3658
      ],
      [
        125.25,
        0.0,
        0.929,
        0.986,
        0.3688
      ],
      [
        125.5,
        0.0,
        0.914,
        0.977,
        0.3658
      ],
      [
        125.75,
        0.043,
        0.958,
        1.0,
        0.3656
      ],
      [
        126.0,
        0.022,
        0.966,
        0.995,
        0.3719
      ],
      [
        126.25,
        0.0,
        0.943,
        0.986,
        0.3744
      ],
      [
        126.5,
        0.0,
        0.934,
        0.977,
        0.3704
      ],
      [
        126.75,
        0.005,
        0.932,
        1.0,
        0.3707
      ],
      [
        127.0,
        0.007,
        0.925,
        0.995,
        0.3681
      ],
      [
        127.25,
        0.007,
        0.916,
        0.986,
        0.3646
      ],
      [
        127.5,
        0.007,
        0.903,
        0.976,
        0.3612
      ],
      [
        127.75,
        0.011,
        0.897,
        0.991,
        0.3613
      ],
      [
        128.0,
        0.012,
        0.889,
        0.99,
        0.3597
      ],
      [
        128.25,
        0.012,
        0.88,
        0.981,
        0.3571
      ],
      [
        128.5,
        0.012,
        0.871,
        0.972,
        0.3549
      ],
      [
        128.75,
        0.021,
        0.87,
        1.0,
        0.3566
      ],
      [
        129.0,
        0.024,
        0.864,
        0.995,
        0.355
      ],
      [
        129.25,
        0.024,
        0.854,
        0.985,
        0.3528
      ],
      [
        129.5,
        0.024,
        0.844,
        0.976,
        0.3507
      ],
      [
        129.75,
        0.037,
        0.851,
        1.0,
        0.3506
      ],
      [
        130.0,
        0.042,
        0.849,
        0.995,
        0.3489
      ],
      [
        130.25,
        0.042,
        0.835,
        0.986,
        0.3473
      ],
      [
        130.5,
        0.042,
        0.826,
        0.977,
        0.3457
      ],
      [
        130.75,
        0.045,
        0.852,
        1.0,
        0.3491
      ],
      [
        131.0,
        0.009,
        0.856,
        0.995,
        0.3607
      ],
      [
        131.25,
        0.0,
        0.844,
        0.986,
        0.3624
      ],
      [
        131.5,
        0.0,
        0.835,
        0.977,
        0.3608
      ],
      [
        131.75,
        0.002,
        0.827,
        0.98,
        0.3601
      ],
      [
        132.0,
        0.003,
        0.819,
        0.975,
        0.3585
      ],
      [
        132.25,
        0.003,
        0.81,
        0.966,
        0.3561
      ],
      [
        132.5,
        0.003,
        0.8,
        0.956,
        0.354
      ],
      [
        132.75,
        0.017,
        0.805,
        1.0,
        0.3572
      ],
      [
        133.0,
        0.022,
        0.798,
        0.995,
        0.3554
      ],
      [
        133.25,
        0.022,
        0.789,
        0.986,
        0.3539
      ],
      [
        133.5,
        0.022,
        0.78,
        0.977,
        0.352
      ],
      [
        133.75,
        0.025,
        0.773,
        0.986,
        0.3526
      ],
      [
        134.0,
        0.026,
        0.765,
        0.983,
        0.3518
      ],
      [
        134.25,
        0.026,
        0.755,
        0.974,
        0.3501
      ],
      [
        134.5,
        0.026,
        0.746,
        0.965,
        0.3483
      ],
      [
        134.75,
        0.045,
        0.756,
        1.0,
        0.347
      ],
      [
        135.0,
        0.02,
        0.753,
        0.995,
        0.3518
      ],
      [
        135.25,
        0.0,
        0.744,
        0.986,
        0.3555
      ],
      [
        135.5,
        0.0,
        0.734,
        0.977,
        0.3548
      ],
      [
        135.75,
        0.003,
        0.728,
        0.987,
        0.3559
      ],
      [
        136.0,
        0.004,
        0.72,
        0.984,
        0.3565
      ],
      [
        136.25,
        0.004,
        0.71,
        0.975,
        0.3533
      ],
      [
        136.5,
        0.004,
        0.701,
        0.965,
        0.3501
      ],
      [
        136.75,
        0.008,
        0.696,
        0.98,
        0.3502
      ],
      [
        137.0,
        0.009,
        0.688,
        0.98,
        0.3502
      ],
      [
        137.25,
        0.009,
        0.678,
        0.971,
        0.3474
      ],
      [
        137.5,
        0.009,
        0.669,
        0.961,
        0.3442
      ],
      [
        137.75,
        0.035,
        0.686,
        1.0,
        0.3424
      ],
      [
        138.0,
        0.044,
        0.685,
        0.995,
        0.3394
      ],
      [
        138.25,
        0.044,
        0.676,
        0.986,
        0.3389
      ],
      [
        138.5,
        0.043,
        0.666,
        0.977,
        0.3391
      ],
      [
        138.75,
        0.045,
        0.659,
        0.98,
        0.3407
      ],
      [
        139.0,
        0.035,
        0.65,
        0.976,
        0.3421
      ],
      [
        139.25,
        0.032,
        0.641,
        0.966,
        0.3402
      ],
      [
        139.5,
        0.023,
        0.632,
        0.957,
        0.3372
      ],
      [
        139.75,
        0.022,
        0.625,
        0.962,
        0.337
      ],
      [
        140.0,
        0.006,
        0.616,
        0.957,
        0.3366
      ],
      [
        140.25,
        0.003,
        0.607,
        0.948,
        0.3332
      ],
      [
        140.5,
        0.003,
        0.598,
        0.939,
        0.3298
      ],
      [
        140.75,
        0.015,
        0.599,
        0.999,
        0.3394
      ],
      [
        141.0,
        0.016,
        0.594,
        0.995,
        0.3423
      ],
      [
        141.25,
        0.007,
        0.585,
        0.986,
        0.3435
      ],
      [
        141.5,
        0.0,
        0.576,
        0.976,
        0.341
      ],
      [
        141.75,
        0.042,
        0.602,
        1.0,
        0.3329
      ],
      [
        142.0,
        0.023,
        0.605,
        0.995,
        0.3361
      ],
      [
        142.25,
        0.0,
        0.596,
        0.986,
        0.3386
      ],
      [
        142.5,
        0.0,
        0.586,
        0.976,
        0.3378
      ],
      [
        142.75,
        0.036,
        0.612,
        1.0,
        0.3312
      ],
      [
        143.0,
        0.029,
        0.615,
        0.995,
        0.3319
      ],
      [
        143.25,
        0.002,
        0.606,
        0.986,
        0.334
      ],
      [
        143.5,
        0.0,
        0.596,
        0.976,
        0.333
      ],
      [
        143.75,
        0.005,
        0.591,
        0.995,
        0.338
      ],
      [
        144.0,
        0.006,
        0.584,
        0.994,
        0.3393
      ],
      [
        144.25,
        0.006,
        0.574,
        0.985,
        0.3383
      ],
      [
        144.5,
        0.006,
        0.565,
        0.976,
        0.3376
      ],
      [
        144.75,
        0.028,
        0.578,
        1.0,
        0.3369
      ],
      [
        145.0,
        0.033,
        0.576,
        0.995,
        0.3346
      ],
      [
        145.25,
        0.033,
        0.567,
        0.986,
        0.3339
      ],
      [
        145.5,
        0.031,
        0.557,
        0.977,
        0.3332
      ],
      [
        145.75,
        0.046,
        0.57,
        1.0,
        0.3326
      ],
      [
        146.0,
        0.008,
        0.569,
        0.995,
        0.3397
      ],
      [
        146.25,
        0.0,
        0.56,
        0.986,
        0.3407
      ],
      [
        146.5,
        0.0,
        0.55,
        0.976,
        0.3399
      ],
      [
        146.75,
        0.002,
        0.543,
        0.982,
        0.3405
      ],
      [
        147.0,
        0.003,
        0.535,
        0.978,
        0.3395
      ],
      [
        147.25,
        0.003,
        0.525,
        0.968,
        0.3374
      ],
      [
        147.5,
        0.003,
        0.516,
        0.959,
        0.3356
      ],
      [
        147.75,
        0.029,
        0.53,
        1.0,
        0.3376
      ],
      [
        148.0,
        0.038,
        0.532,
        0.995,
        0.3346
      ],
      [
        148.25,
        0.037,
        0.522,
        0.986,
        0.3336
      ],
      [
        148.5,
        0.037,
        0.513,
        0.976,
        0.3327
      ],
      [
        148.75,
        0.045,
        0.527,
        1.0,
        0.3337
      ],
      [
        149.0,
        0.005,
        0.525,
        0.995,
        0.3404
      ],
      [
        149.25,
        0.0,
        0.516,
        0.986,
        0.3411
      ],
      [
        149.5,
        0.0,
        0.506,
        0.976,
        0.3404
      ],
      [
        149.75,
        0.028,
        0.533,
        1.0,
        0.3366
      ],
      [
        150.0,
        0.037,
        0.534,
        0.995,
        0.3325
      ],
      [
        150.25,
        0.037,
        0.525,
        0.986,
        0.3313
      ],
      [
        150.5,
        0.036,
        0.507,
        0.976,
        0.3301
      ],
      [
        150.75,
        0.043,
        0.505,
        1.0,
        0.3351
      ],
      [
        151.0,
        0.023,
        0.499,
        0.995,
        0.3373
      ],
      [
        151.25,
        0.009,
        0.489,
        0.986,
        0.3376
      ],
      [
        151.5,
        0.0,
        0.48,
        0.976,
        0.3358
      ],
      [
        151.75,
        0.003,
        0.469,
        0.987,
        0.3388
      ],
      [
        152.0,
        0.005,
        0.459,
        0.984,
        0.3386
      ],
      [
        152.25,
        0.002,
        0.45,
        0.975,
        0.335
      ],
      [
        152.5,
        0.001,
        0.441,
        0.965,
        0.3312
      ],
      [
        152.75,
        0.006,
        0.433,
        0.964,
        0.3292
      ],
      [
        153.0,
        0.006,
        0.424,
        0.957,
        0.3268
      ],
      [
        153.25,
        0.003,
        0.415,
        0.948,
        0.3231
      ],
      [
        153.5,
        0.003,
        0.405,
        0.939,
        0.3195
      ],
      [
        153.75,
        0.021,
        0.412,
        1.0,
        0.333
      ],
      [
        154.0,
        0.026,
        0.409,
        0.995,
        0.3335
      ],
      [
        154.25,
        0.026,
        0.4,
        0.986,
        0.3328
      ],
      [
        154.5,
        0.023,
        0.39,
        0.976,
        0.3321
      ],
      [
        154.75,
        0.023,
        0.382,
        0.976,
        0.3314
      ],
      [
        155.0,
        0.015,
        0.374,
        0.971,
        0.3289
      ],
      [
        155.25,
        0.013,
        0.364,
        0.961,
        0.3255
      ],
      [
        155.5,
        0.013,
        0.355,
        0.952,
        0.3221
      ],
      [
        155.75,
        0.034,
        0.352,
        0.985,
        0.3291
      ],
      [
        156.0,
        0.028,
        0.345,
        0.992,
        0.3323
      ],
      [
        156.25,
        0.011,
        0.336,
        0.983,
        0.3301
      ],
      [
        156.5,
        0.011,
        0.327,
        0.974,
        0.3269
      ],
      [
        156.75,
        0.02,
        0.32,
        0.984,
        0.3283
      ],
      [
        157.0,
        0.028,
        0.312,
        0.981,
        0.327
      ],
      [
        157.25,
        0.028,
        0.302,
        0.972,
        0.3239
      ],
      [
        157.5,
        0.028,
        0.293,
        0.963,
        0.321
      ],
      [
        157.75,
        0.045,
        0.313,
        1.0,
        0.3281
      ],
      [
        158.0,
        0.013,
        0.317,
        0.995,
        0.3341
      ],
      [
        158.25,
        0.0,
        0.307,
        0.985,
        0.3347
      ],
      [
        158.5,
        0.0,
        0.298,
        0.976,
        0.3338
      ],
      [
        158.75,
        0.027,
        0.314,
        1.0,
        0.3386
      ],
      [
        159.0,
        0.035,
        0.316,
        0.995,
        0.3366
      ],
      [
        159.25,
        0.034,
        0.306,
        0.986,
        0.3349
      ],
      [
        159.5,
        0.033,
        0.297,
        0.976,
        0.3334
      ],
      [
        159.75,
        0.047,
        0.336,
        1.0,
        0.3357
      ],
      [
        160.0,
        0.013,
        0.34,
        0.995,
        0.3385
      ],
      [
        160.25,
        0.0,
        0.328,
        0.985,
        0.338
      ],
      [
        160.5,
        0.0,
        0.307,
        0.976,
        0.3361
      ],
      [
        160.75,
        0.007,
        0.306,
        1.0,
        0.3433
      ],
      [
        161.0,
        0.01,
        0.292,
        0.993,
        0.3429
      ],
      [
        161.25,
        0.01,
        0.282,
        0.984,
        0.3412
      ],
      [
        161.5,
        0.009,
        0.273,
        0.975,
        0.3395
      ],
      [
        161.75,
        0.036,
        0.311,
        1.0,
        0.3402
      ],
      [
        162.0,
        0.02,
        0.317,
        0.995,
        0.3406
      ],
      [
        162.25,
        0.0,
        0.304,
        0.985,
        0.3405
      ],
      [
        162.5,
        0.0,
        0.283,
        0.976,
        0.3385
      ],
      [
        162.75,
        0.002,
        0.27,
        0.982,
        0.3406
      ],
      [
        163.0,
        0.003,
        0.261,
        0.978,
        0.3404
      ],
      [
        163.25,
        0.003,
        0.252,
        0.968,
        0.3382
      ],
      [
        163.5,
        0.003,
        0.243,
        0.959,
        0.3362
      ],
      [
        163.75,
        0.006,
        0.236,
        0.968,
        0.339
      ],
      [
        164.0,
        0.007,
        0.228,
        0.965,
        0.3395
      ],
      [
        164.25,
        0.004,
        0.219,
        0.955,
        0.3376
      ],
      [
        164.5,
        0.004,
        0.209,
        0.946,
        0.3345
      ],
      [
        164.75,
        0.007,
        0.202,
        0.953,
        0.3356
      ],
      [
        165.0,
        0.007,
        0.194,
        0.95,
        0.3341
      ],
      [
        165.25,
        0.007,
        0.185,
        0.94,
        0.3309
      ],
      [
        165.5,
        0.007,
        0.175,
        0.931,
        0.3275
      ],
      [
        165.75,
        0.028,
        0.186,
        1.0,
        0.3469
      ],
      [
        166.0,
        0.033,
        0.185,
        0.995,
        0.3469
      ],
      [
        166.25,
        0.031,
        0.176,
        0.986,
        0.3457
      ],
      [
        166.5,
        0.03,
        0.166,
        0.976,
        0.3446
      ],
      [
        166.75,
        0.023,
        0.159,
        0.984,
        0.3482
      ],
      [
        167.0,
        0.015,
        0.151,
        0.981,
        0.3481
      ],
      [
        167.25,
        0.011,
        0.142,
        0.971,
        0.3451
      ],
      [
        167.5,
        0.011,
        0.132,
        0.962,
        0.342
      ],
      [
        167.75,
        0.038,
        0.14,
        1.0,
        0.3525
      ],
      [
        168.0,
        0.004,
        0.137,
        0.995,
        0.3566
      ],
      [
        168.25,
        0.0,
        0.128,
        0.985,
        0.3558
      ],
      [
        168.5,
        0.0,
        0.119,
        0.976,
        0.3547
      ],
      [
        168.75,
        0.029,
        0.163,
        1.0,
        0.3589
      ],
      [
        169.0,
        0.037,
        0.164,
        0.995,
        0.3566
      ],
      [
        169.25,
        0.034,
        0.151,
        0.986,
        0.3551
      ],
      [
        169.5,
        0.029,
        0.121,
        0.976,
        0.3538
      ],
      [
        169.75,
        0.038,
        0.157,
        1.0,
        0.3593
      ],
      [
        170.0,
        0.004,
        0.155,
        0.995,
        0.3617
      ],
      [
        170.25,
        0.0,
        0.144,
        0.985,
        0.3608
      ],
      [
        170.5,
        0.0,
        0.117,
        0.976,
        0.3594
      ],
      [
        170.75,
        0.029,
        0.161,
        1.0,
        0.3612
      ],
      [
        171.0,
        0.034,
        0.158,
        0.995,
        0.3579
      ],
      [
        171.25,
        0.025,
        0.149,
        0.986,
        0.3562
      ],
      [
        171.5,
        0.015,
        0.137,
        0.976,
        0.3547
      ],
      [
        171.75,
        0.007,
        0.127,
        0.973,
        0.3549
      ],
      [
        172.0,
        0.001,
        0.112,
        0.966,
        0.3537
      ],
      [
        172.25,
        0.001,
        0.087,
        0.956,
        0.3515
      ],
      [
        172.5,
        0.0,
        0.078,
        0.947,
        0.3492
      ],
      [
        172.75,
        0.007,
        0.076,
        0.983,
        0.3601
      ],
      [
        173.0,
        0.003,
        0.069,
        0.989,
        0.3658
      ],
      [
        173.25,
        0.0,
        0.06,
        0.98,
        0.3636
      ],
      [
        173.5,
        0.0,
        0.051,
        0.971,
        0.3603
      ],
      [
        173.75,
        0.019,
        0.092,
        1.0,
        0.3675
      ],
      [
        174.0,
        0.026,
        0.085,
        0.995,
        0.3671
      ],
      [
        174.25,
        0.024,
        0.069,
        0.985,
        0.3656
      ],
      [
        174.5,
        0.016,
        0.044,
        0.976,
        0.364
      ],
      [
        174.75,
        0.041,
        0.087,
        1.0,
        0.3666
      ],
      [
        175.0,
        0.014,
        0.088,
        0.995,
        0.3673
      ],
      [
        175.25,
        0.0,
        0.076,
        0.985,
        0.3668
      ],
      [
        175.5,
        0.0,
        0.064,
        0.976,
        0.3657
      ],
      [
        175.75,
        0.005,
        0.051,
        0.995,
        0.3729
      ],
      [
        176.0,
        0.006,
        0.044,
        0.994,
        0.3742
      ],
      [
        176.25,
        0.004,
        0.039,
        0.985,
        0.3722
      ],
      [
        176.5,
        0.0,
        0.036,
        0.975,
        0.3696
      ],
      [
        176.75,
        0.002,
        0.036,
        0.982,
        0.3711
      ],
      [
        177.0,
        0.003,
        0.032,
        0.978,
        0.3696
      ],
      [
        177.25,
        0.003,
        0.026,
        0.969,
        0.3663
      ],
      [
        177.5,
        0.003,
        0.023,
        0.959,
        0.363
      ],
      [
        177.75,
        0.004,
        0.028,
        0.961,
        0.3634
      ],
      [
        178.0,
        0.003,
        0.025,
        0.957,
        0.3618
      ],
      [
        178.25,
        0.002,
        0.02,
        0.947,
        0.3586
      ],
      [
        178.5,
        0.002,
        0.013,
        0.938,
        0.3554
      ],
      [
        178.75,
        0.029,
        0.042,
        1.0,
        0.3741
      ],
      [
        179.0,
        0.024,
        0.046,
        0.995,
        0.3734
      ],
      [
        179.25,
        0.013,
        0.043,
        0.985,
        0.3706
      ],
      [
        179.5,
        0.0,
        0.042,
        0.976,
        0.3676
      ],
      [
        179.75,
        0.027,
        0.063,
        1.0,
        0.3727
      ],
      [
        180.0,
        0.036,
        0.064,
        0.995,
        0.3705
      ],
      [
        180.25,
        0.033,
        0.055,
        0.985,
        0.3685
      ],
      [
        180.5,
        0.026,
        0.045,
        0.976,
        0.3669
      ],
      [
        180.75,
        0.036,
        0.063,
        1.0,
        0.373
      ],
      [
        181.0,
        0.015,
        0.065,
        0.995,
        0.3732
      ],
      [
        181.25,
        0.0,
        0.056,
        0.985,
        0.3714
      ],
      [
        181.5,
        0.0,
        0.047,
        0.976,
        0.3689
      ],
      [
        181.75,
        0.001,
        0.04,
        0.973,
        0.3687
      ],
      [
        182.0,
        0.001,
        0.032,
        0.967,
        0.3674
      ],
      [
        182.25,
        0.001,
        0.022,
        0.957,
        0.3655
      ],
      [
        182.5,
        0.0,
        0.013,
        0.948,
        0.3637
      ],
      [
        182.75,
        0.003,
        0.008,
        0.96,
        0.3682
      ],
      [
        183.0,
        0.0,
        0.006,
        0.96,
        0.3687
      ],
      [
        183.25,
        0.0,
        0.006,
        0.95,
        0.3656
      ],
      [
        183.5,
        0.0,
        0.005,
        0.941,
        0.3621
      ],
      [
        183.75,
        0.027,
        0.034,
        1.0,
        0.379
      ],
      [
        184.0,
        0.034,
        0.044,
        0.995,
        0.3746
      ],
      [
        184.25,
        0.03,
        0.044,
        0.986,
        0.3714
      ],
      [
        184.5,
        0.026,
        0.043,
        0.976,
        0.3679
      ],
      [
        184.75,
        0.025,
        0.046,
        0.993,
        0.3731
      ],
      [
        185.0,
        0.008,
        0.045,
        0.994,
        0.3736
      ],
      [
        185.25,
        0.005,
        0.045,
        0.985,
        0.3707
      ],
      [
        185.5,
        0.0,
        0.045,
        0.975,
        0.3675
      ],
      [
        185.75,
        0.028,
        0.066,
        1.0,
        0.3719
      ],
      [
        186.0,
        0.039,
        0.066,
        0.995,
        0.37
      ],
      [
        186.25,
        0.035,
        0.056,
        0.986,
        0.3684
      ],
      [
        186.5,
        0.026,
        0.048,
        0.976,
        0.3671
      ],
      [
        186.75,
        0.026,
        0.058,
        1.0,
        0.3748
      ],
      [
        187.0,
        0.01,
        0.056,
        0.995,
        0.3757
      ],
      [
        187.25,
        0.0,
        0.047,
        0.986,
        0.3742
      ],
      [
        187.5,
        0.0,
        0.038,
        0.976,
        0.3727
      ],
      [
        187.75,
        0.026,
        0.054,
        1.0,
        0.3772
      ],
      [
        188.0,
        0.029,
        0.055,
        0.995,
        0.3739
      ],
      [
        188.25,
        0.023,
        0.045,
        0.986,
        0.372
      ],
      [
        188.5,
        0.014,
        0.039,
        0.976,
        0.3701
      ],
      [
        188.75,
        0.027,
        0.049,
        1.0,
        0.3766
      ],
      [
        189.0,
        0.009,
        0.046,
        0.995,
        0.3771
      ],
      [
        189.25,
        0.0,
        0.038,
        0.986,
        0.3752
      ],
      [
        189.5,
        0.0,
        0.029,
        0.976,
        0.3734
      ],
      [
        189.75,
        0.007,
        0.029,
        1.0,
        0.3819
      ],
      [
        190.0,
        0.005,
        0.024,
        0.994,
        0.3816
      ],
      [
        190.25,
        0.0,
        0.015,
        0.985,
        0.3795
      ],
      [
        190.5,
        0.0,
        0.011,
        0.976,
        0.3772
      ],
      [
        190.75,
        0.002,
        0.011,
        0.979,
        0.3785
      ],
      [
        191.0,
        0.0,
        0.01,
        0.975,
        0.3773
      ],
      [
        191.25,
        0.0,
        0.003,
        0.966,
        0.3736
      ],
      [
        191.5,
        0.0,
        0.003,
        0.957,
        0.3695
      ],
      [
        191.75,
        0.014,
        0.024,
        1.0,
        0.3817
      ],
      [
        192.0,
        0.02,
        0.028,
        0.995,
        0.3797
      ],
      [
        192.25,
        0.02,
        0.023,
        0.986,
        0.3763
      ],
      [
        192.5,
        0.019,
        0.023,
        0.977,
        0.3726
      ],
      [
        192.75,
        0.044,
        0.049,
        1.0,
        0.3744
      ],
      [
        193.0,
        0.025,
        0.05,
        0.995,
        0.3741
      ],
      [
        193.25,
        0.0,
        0.041,
        0.986,
        0.3737
      ],
      [
        193.5,
        0.0,
        0.033,
        0.976,
        0.3723
      ],
      [
        193.75,
        0.024,
        0.045,
        1.0,
        0.3778
      ],
      [
        194.0,
        0.032,
        0.047,
        0.995,
        0.3751
      ],
      [
        194.25,
        0.026,
        0.038,
        0.986,
        0.3736
      ],
      [
        194.5,
        0.017,
        0.033,
        0.977,
        0.3722
      ],
      [
        194.75,
        0.013,
        0.03,
        1.0,
        0.381
      ],
      [
        195.0,
        0.007,
        0.023,
        0.995,
        0.3812
      ],
      [
        195.25,
        0.0,
        0.014,
        0.986,
        0.38
      ],
      [
        195.5,
        0.0,
        0.005,
        0.977,
        0.3781
      ],
      [
        195.75,
        0.003,
        0.006,
        0.995,
        0.3837
      ],
      [
        196.0,
        0.004,
        0.007,
        0.995,
        0.3831
      ],
      [
        196.25,
        0.001,
        0.007,
        0.986,
        0.3796
      ],
      [
        196.5,
        0.001,
        0.007,
        0.977,
        0.3758
      ],
      [
        196.75,
        0.031,
        0.037,
        1.0,
        0.3771
      ],
      [
        197.0,
        0.034,
        0.047,
        0.995,
        0.3731
      ],
      [
        197.25,
        0.02,
        0.044,
        0.986,
        0.3707
      ],
      [
        197.5,
        0.014,
        0.044,
        0.977,
        0.368
      ],
      [
        197.75,
        0.015,
        0.054,
        1.0,
        0.3762
      ],
      [
        198.0,
        0.022,
        0.05,
        0.996,
        0.376
      ],
      [
        198.25,
        0.02,
        0.042,
        0.986,
        0.3746
      ],
      [
        198.5,
        0.011,
        0.033,
        0.977,
        0.3733
      ],
      [
        198.75,
        0.005,
        0.025,
        0.984,
        0.3775
      ],
      [
        199.0,
        0.0,
        0.021,
        0.983,
        0.3791
      ],
      [
        199.25,
        0.0,
        0.011,
        0.973,
        0.3772
      ],
      [
        199.5,
        0.0,
        0.003,
        0.964,
        0.3747
      ],
      [
        199.75,
        0.009,
        0.013,
        1.0,
        0.385
      ],
      [
        200.0,
        0.007,
        0.02,
        0.996,
        0.3836
      ],
      [
        200.25,
        0.0,
        0.02,
        0.986,
        0.3809
      ],
      [
        200.5,
        0.0,
        0.019,
        0.977,
        0.3775
      ],
      [
        200.75,
        0.003,
        0.022,
        0.984,
        0.3785
      ],
      [
        201.0,
        0.004,
        0.023,
        0.983,
        0.377
      ],
      [
        201.25,
        0.004,
        0.023,
        0.974,
        0.3731
      ],
      [
        201.5,
        0.004,
        0.023,
        0.964,
        0.369
      ],
      [
        201.75,
        0.021,
        0.04,
        1.0,
        0.3779
      ],
      [
        202.0,
        0.027,
        0.047,
        0.995,
        0.3758
      ],
      [
        202.25,
        0.018,
        0.047,
        0.986,
        0.373
      ],
      [
        202.5,
        0.014,
        0.043,
        0.977,
        0.37
      ],
      [
        202.75,
        0.004,
        0.047,
        0.993,
        0.3748
      ],
      [
        203.0,
        0.006,
        0.042,
        0.995,
        0.3757
      ],
      [
        203.25,
        0.006,
        0.033,
        0.985,
        0.3729
      ],
      [
        203.5,
        0.003,
        0.026,
        0.976,
        0.3699
      ],
      [
        203.75,
        0.031,
        0.06,
        1.0,
        0.3738
      ],
      [
        204.0,
        0.044,
        0.062,
        0.996,
        0.3706
      ],
      [
        204.25,
        0.038,
        0.053,
        0.986,
        0.3695
      ],
      [
        204.5,
        0.029,
        0.046,
        0.977,
        0.3684
      ],
      [
        204.75,
        0.045,
        0.065,
        1.0,
        0.3713
      ],
      [
        205.0,
        0.017,
        0.062,
        0.995,
        0.3703
      ],
      [
        205.25,
        0.0,
        0.052,
        0.986,
        0.3683
      ],
      [
        205.5,
        0.0,
        0.048,
        0.977,
        0.366
      ],
      [
        205.75,
        0.008,
        0.046,
        1.0,
        0.3751
      ],
      [
        206.0,
        0.011,
        0.039,
        0.995,
        0.3755
      ],
      [
        206.25,
        0.011,
        0.033,
        0.986,
        0.3738
      ],
      [
        206.5,
        0.006,
        0.021,
        0.976,
        0.3723
      ],
      [
        206.75,
        0.005,
        0.018,
        0.997,
        0.3803
      ],
      [
        207.0,
        0.004,
        0.018,
        0.995,
        0.3815
      ],
      [
        207.25,
        0.0,
        0.01,
        0.986,
        0.3797
      ],
      [
        207.5,
        0.0,
        0.007,
        0.976,
        0.3775
      ],
      [
        207.75,
        0.031,
        0.037,
        1.0,
        0.3774
      ],
      [
        208.0,
        0.027,
        0.047,
        0.996,
        0.3738
      ],
      [
        208.25,
        0.0,
        0.043,
        0.986,
        0.3722
      ],
      [
        208.5,
        0.0,
        0.043,
        0.977,
        0.3693
      ],
      [
        208.75,
        0.004,
        0.046,
        0.991,
        0.374
      ],
      [
        209.0,
        0.005,
        0.04,
        0.992,
        0.3758
      ],
      [
        209.25,
        0.005,
        0.031,
        0.983,
        0.3742
      ],
      [
        209.5,
        0.0,
        0.021,
        0.974,
        0.3722
      ],
      [
        209.75,
        0.003,
        0.014,
        0.981,
        0.3744
      ],
      [
        210.0,
        0.004,
        0.009,
        0.98,
        0.3741
      ],
      [
        210.25,
        0.0,
        0.009,
        0.971,
        0.3709
      ],
      [
        210.5,
        0.0,
        0.009,
        0.962,
        0.3672
      ],
      [
        210.75,
        0.008,
        0.017,
        1.0,
        0.3773
      ],
      [
        211.0,
        0.012,
        0.017,
        0.994,
        0.3774
      ],
      [
        211.25,
        0.008,
        0.017,
        0.985,
        0.3748
      ],
      [
        211.5,
        0.0,
        0.017,
        0.976,
        0.3712
      ],
      [
        211.75,
        0.034,
        0.043,
        1.0,
        0.3756
      ],
      [
        212.0,
        0.024,
        0.049,
        0.996,
        0.3733
      ],
      [
        212.25,
        0.0,
        0.04,
        0.986,
        0.3723
      ],
      [
        212.5,
        0.0,
        0.032,
        0.977,
        0.3698
      ],
      [
        212.75,
        0.026,
        0.049,
        1.0,
        0.3746
      ],
      [
        213.0,
        0.038,
        0.054,
        0.996,
        0.3711
      ],
      [
        213.25,
        0.036,
        0.046,
        0.987,
        0.3693
      ],
      [
        213.5,
        0.029,
        0.04,
        0.977,
        0.3678
      ],
      [
        213.75,
        0.049,
        0.062,
        1.0,
        0.3707
      ],
      [
        214.0,
        0.023,
        0.07,
        0.996,
        0.3701
      ],
      [
        214.25,
        0.0,
        0.061,
        0.987,
        0.3687
      ],
      [
        214.5,
        0.0,
        0.052,
        0.977,
        0.3659
      ],
      [
        214.75,
        0.035,
        0.077,
        1.0,
        0.3726
      ],
      [
        215.0,
        0.026,
        0.087,
        0.996,
        0.3717
      ],
      [
        215.25,
        0.0,
        0.078,
        0.987,
        0.3699
      ],
      [
        215.5,
        0.0,
        0.068,
        0.977,
        0.3664
      ],
      [
        215.75,
        0.035,
        0.095,
        1.0,
        0.3764
      ],
      [
        216.0,
        0.026,
        0.105,
        0.996,
        0.3774
      ],
      [
        216.25,
        0.0,
        0.095,
        0.987,
        0.3751
      ],
      [
        216.5,
        0.0,
        0.086,
        0.977,
        0.3708
      ],
      [
        216.75,
        0.035,
        0.112,
        1.0,
        0.3837
      ],
      [
        217.0,
        0.026,
        0.123,
        0.996,
        0.3864
      ],
      [
        217.25,
        0.0,
        0.114,
        0.987,
        0.3833
      ],
      [
        217.5,
        0.0,
        0.105,
        0.977,
        0.3781
      ],
      [
        217.75,
        0.036,
        0.131,
        1.0,
        0.3911
      ],
      [
        218.0,
        0.026,
        0.141,
        0.996,
        0.3883
      ],
      [
        218.25,
        0.0,
        0.132,
        0.987,
        0.3853
      ],
      [
        218.5,
        0.0,
        0.123,
        0.977,
        0.3799
      ],
      [
        218.75,
        0.026,
        0.139,
        1.0,
        0.3941
      ],
      [
        219.0,
        0.039,
        0.144,
        0.996,
        0.3894
      ],
      [
        219.25,
        0.038,
        0.134,
        0.987,
        0.3839
      ],
      [
        219.5,
        0.038,
        0.125,
        0.978,
        0.3784
      ],
      [
        219.75,
        0.048,
        0.148,
        1.0,
        0.3919
      ],
      [
        220.0,
        0.019,
        0.157,
        0.996,
        0.3906
      ],
      [
        220.25,
        0.0,
        0.147,
        0.987,
        0.3869
      ],
      [
        220.5,
        0.0,
        0.138,
        0.977,
        0.3812
      ],
      [
        220.75,
        0.027,
        0.156,
        1.0,
        0.3944
      ],
      [
        221.0,
        0.041,
        0.162,
        0.996,
        0.3892
      ],
      [
        221.25,
        0.041,
        0.153,
        0.987,
        0.3836
      ],
      [
        221.5,
        0.04,
        0.143,
        0.978,
        0.378
      ],
      [
        221.75,
        0.043,
        0.138,
        0.996,
        0.3823
      ],
      [
        222.0,
        0.024,
        0.131,
        0.996,
        0.382
      ],
      [
        222.25,
        0.006,
        0.122,
        0.987,
        0.3774
      ],
      [
        222.5,
        0.006,
        0.113,
        0.978,
        0.3723
      ],
      [
        222.75,
        0.038,
        0.141,
        1.0,
        0.3912
      ],
      [
        223.0,
        0.025,
        0.153,
        0.996,
        0.3934
      ],
      [
        223.25,
        0.0,
        0.144,
        0.987,
        0.3897
      ],
      [
        223.5,
        0.0,
        0.134,
        0.978,
        0.3839
      ],
      [
        223.75,
        0.038,
        0.162,
        1.0,
        0.3942
      ],
      [
        224.0,
        0.025,
        0.175,
        0.996,
        0.3899
      ],
      [
        224.25,
        0.0,
        0.165,
        0.987,
        0.3868
      ],
      [
        224.5,
        0.0,
        0.156,
        0.978,
        0.3812
      ],
      [
        224.75,
        0.039,
        0.185,
        1.0,
        0.3906
      ],
      [
        225.0,
        0.026,
        0.196,
        0.996,
        0.3857
      ],
      [
        225.25,
        0.0,
        0.186,
        0.987,
        0.383
      ],
      [
        225.5,
        0.0,
        0.176,
        0.978,
        0.3771
      ],
      [
        225.75,
        0.004,
        0.171,
        0.993,
        0.3804
      ],
      [
        226.0,
        0.006,
        0.164,
        0.996,
        0.3797
      ],
      [
        226.25,
        0.006,
        0.154,
        0.986,
        0.3746
      ],
      [
        226.5,
        0.006,
        0.145,
        0.977,
        0.3696
      ],
      [
        226.75,
        0.011,
        0.141,
        1.0,
        0.3764
      ],
      [
        227.0,
        0.014,
        0.135,
        0.996,
        0.3751
      ],
      [
        227.25,
        0.014,
        0.125,
        0.986,
        0.3704
      ],
      [
        227.5,
        0.013,
        0.116,
        0.977,
        0.3659
      ],
      [
        227.75,
        0.05,
        0.146,
        1.0,
        0.3814
      ],
      [
        228.0,
        0.027,
        0.16,
        0.997,
        0.3873
      ],
      [
        228.25,
        0.0,
        0.15,
        0.987,
        0.3847
      ],
      [
        228.5,
        0.0,
        0.141,
        0.978,
        0.3791
      ],
      [
        228.75,
        0.022,
        0.153,
        1.0,
        0.3914
      ],
      [
        229.0,
        0.034,
        0.157,
        0.997,
        0.3902
      ],
      [
        229.25,
        0.033,
        0.147,
        0.987,
        0.3846
      ],
      [
        229.5,
        0.033,
        0.138,
        0.978,
        0.3794
      ],
      [
        229.75,
        0.053,
        0.168,
        1.0,
        0.3916
      ],
      [
        230.0,
        0.029,
        0.182,
        0.997,
        0.3893
      ],
      [
        230.25,
        0.0,
        0.173,
        0.987,
        0.387
      ],
      [
        230.5,
        0.0,
        0.163,
        0.978,
        0.3811
      ],
      [
        230.75,
        0.028,
        0.182,
        1.0,
        0.3939
      ],
      [
        231.0,
        0.044,
        0.189,
        0.997,
        0.3866
      ],
      [
        231.25,
        0.044,
        0.18,
        0.987,
        0.3807
      ],
      [
        231.5,
        0.043,
        0.17,
        0.978,
        0.375
      ],
      [
        231.75,
        0.043,
        0.187,
        1.0,
        0.3903
      ],
      [
        232.0,
        0.009,
        0.193,
        0.997,
        0.3905
      ],
      [
        232.25,
        0.0,
        0.183,
        0.987,
        0.386
      ],
      [
        232.5,
        0.0,
        0.174,
        0.978,
        0.3801
      ],
      [
        232.75,
        0.036,
        0.2,
        1.0,
        0.3889
      ],
      [
        233.0,
        0.027,
        0.212,
        0.997,
        0.3836
      ],
      [
        233.25,
        0.0,
        0.203,
        0.988,
        0.3809
      ],
      [
        233.5,
        0.0,
        0.193,
        0.978,
        0.3751
      ],
      [
        233.75,
        0.042,
        0.226,
        1.0,
        0.382
      ],
      [
        234.0,
        0.027,
        0.241,
        0.997,
        0.3777
      ],
      [
        234.25,
        0.0,
        0.232,
        0.988,
        0.3755
      ],
      [
        234.5,
        0.0,
        0.222,
        0.978,
        0.3695
      ],
      [
        234.75,
        0.022,
        0.236,
        1.0,
        0.3824
      ],
      [
        235.0,
        0.035,
        0.239,
        0.997,
        0.3781
      ],
      [
        235.25,
        0.035,
        0.23,
        0.988,
        0.372
      ],
      [
        235.5,
        0.035,
        0.22,
        0.978,
        0.3662
      ],
      [
        235.75,
        0.041,
        0.218,
        1.0,
        0.3725
      ],
      [
        236.0,
        0.045,
        0.212,
        0.997,
        0.37
      ],
      [
        236.25,
        0.045,
        0.2,
        0.987,
        0.3646
      ],
      [
        236.5,
        0.044,
        0.191,
        0.978,
        0.3596
      ],
      [
        236.75,
        0.041,
        0.21,
        1.0,
        0.3749
      ],
      [
        237.0,
        0.008,
        0.213,
        0.997,
        0.3813
      ],
      [
        237.25,
        0.0,
        0.204,
        0.987,
        0.3774
      ],
      [
        237.5,
        0.0,
        0.194,
        0.978,
        0.3718
      ],
      [
        237.75,
        0.004,
        0.189,
        0.994,
        0.3757
      ],
      [
        238.0,
        0.006,
        0.182,
        0.996,
        0.3751
      ],
      [
        238.25,
        0.006,
        0.173,
        0.987,
        0.3701
      ],
      [
        238.5,
        0.006,
        0.163,
        0.978,
        0.3655
      ],
      [
        238.75,
        0.045,
        0.197,
        1.0,
        0.3822
      ],
      [
        239.0,
        0.027,
        0.208,
        0.997,
        0.3853
      ],
      [
        239.25,
        0.0,
        0.199,
        0.988,
        0.3831
      ],
      [
        239.5,
        0.0,
        0.19,
        0.979,
        0.3774
      ],
      [
        239.75,
        0.006,
        0.187,
        1.0,
        0.3841
      ],
      [
        240.0,
        0.01,
        0.181,
        0.997,
        0.3824
      ],
      [
        240.25,
        0.01,
        0.172,
        0.987,
        0.3773
      ],
      [
        240.5,
        0.01,
        0.163,
        0.978,
        0.3725
      ],
      [
        240.75,
        0.049,
        0.196,
        1.0,
        0.3885
      ],
      [
        241.0,
        0.027,
        0.208,
        0.997,
        0.3881
      ],
      [
        241.25,
        0.0,
        0.199,
        0.988,
        0.3857
      ],
      [
        241.5,
        0.0,
        0.19,
        0.979,
        0.3799
      ],
      [
        241.75,
        0.043,
        0.224,
        1.0,
        0.3871
      ],
      [
        242.0,
        0.027,
        0.238,
        0.997,
        0.3829
      ],
      [
        242.25,
        0.0,
        0.229,
        0.988,
        0.3805
      ],
      [
        242.5,
        0.0,
        0.219,
        0.979,
        0.3745
      ],
      [
        242.75,
        0.032,
        0.242,
        1.0,
        0.3849
      ],
      [
        243.0,
        0.039,
        0.252,
        0.997,
        0.3784
      ],
      [
        243.25,
        0.008,
        0.243,
        0.988,
        0.375
      ],
      [
        243.5,
        0.0,
        0.233,
        0.979,
        0.3693
      ],
      [
        243.75,
        0.048,
        0.27,
        1.0,
        0.3746
      ],
      [
        244.0,
        0.031,
        0.289,
        0.997,
        0.3707
      ],
      [
        244.25,
        0.0,
        0.28,
        0.988,
        0.3692
      ],
      [
        244.5,
        0.0,
        0.271,
        0.979,
        0.3637
      ],
      [
        244.75,
        0.048,
        0.308,
        1.0,
        0.3682
      ],
      [
        245.0,
        0.031,
        0.327,
        0.997,
        0.3646
      ],
      [
        245.25,
        0.0,
        0.318,
        0.988,
        0.3633
      ],
      [
        245.5,
        0.0,
        0.309,
        0.979,
        0.3574
      ],
      [
        245.75,
        0.047,
        0.346,
        1.0,
        0.3619
      ],
      [
        246.0,
        0.03,
        0.364,
        0.997,
        0.359
      ],
      [
        246.25,
        0.0,
        0.355,
        0.988,
        0.3579
      ],
      [
        246.5,
        0.0,
        0.346,
        0.979,
        0.3515
      ],
      [
        246.75,
        0.012,
        0.348,
        1.0,
        0.3597
      ],
      [
        247.0,
        0.019,
        0.346,
        0.997,
        0.3577
      ],
      [
        247.25,
        0.019,
        0.337,
        0.988,
        0.3513
      ],
      [
        247.5,
        0.019,
        0.328,
        0.979,
        0.346
      ],
      [
        247.75,
        0.056,
        0.368,
        1.0,
        0.357
      ],
      [
        248.0,
        0.038,
        0.388,
        0.997,
        0.3547
      ],
      [
        248.25,
        0.0,
        0.378,
        0.988,
        0.3552
      ],
      [
        248.5,
        0.0,
        0.369,
        0.979,
        0.3489
      ],
      [
        248.75,
        0.006,
        0.366,
        1.0,
        0.3539
      ],
      [
        249.0,
        0.01,
        0.36,
        0.997,
        0.3511
      ],
      [
        249.25,
        0.01,
        0.351,
        0.988,
        0.345
      ],
      [
        249.5,
        0.01,
        0.342,
        0.979,
        0.3396
      ],
      [
        249.75,
        0.04,
        0.363,
        1.0,
        0.3528
      ],
      [
        250.0,
        0.025,
        0.372,
        0.997,
        0.3586
      ],
      [
        250.25,
        0.0,
        0.362,
        0.988,
        0.3563
      ],
      [
        250.5,
        0.0,
        0.354,
        0.979,
        0.3508
      ],
      [
        250.75,
        0.042,
        0.386,
        1.0,
        0.3587
      ],
      [
        251.0,
        0.027,
        0.401,
        0.997,
        0.3567
      ],
      [
        251.25,
        0.0,
        0.392,
        0.988,
        0.355
      ],
      [
        251.5,
        0.0,
        0.383,
        0.979,
        0.3496
      ],
      [
        251.75,
        0.051,
        0.426,
        1.0,
        0.3509
      ],
      [
        252.0,
        0.034,
        0.447,
        0.997,
        0.3491
      ],
      [
        252.25,
        0.0,
        0.437,
        0.988,
        0.3497
      ],
      [
        252.5,
        0.001,
        0.429,
        0.979,
        0.3444
      ],
      [
        252.75,
        0.052,
        0.472,
        1.0,
        0.3447
      ],
      [
        253.0,
        0.035,
        0.494,
        0.997,
        0.3436
      ],
      [
        253.25,
        0.0,
        0.484,
        0.988,
        0.345
      ],
      [
        253.5,
        0.0,
        0.476,
        0.98,
        0.3394
      ],
      [
        253.75,
        0.033,
        0.499,
        1.0,
        0.3472
      ],
      [
        254.0,
        0.032,
        0.508,
        0.997,
        0.3428
      ],
      [
        254.25,
        0.0,
        0.499,
        0.988,
        0.3424
      ],
      [
        254.5,
        0.0,
        0.49,
        0.98,
        0.3364
      ],
      [
        254.75,
        0.011,
        0.491,
        1.0,
        0.3443
      ],
      [
        255.0,
        0.017,
        0.488,
        0.997,
        0.3433
      ],
      [
        255.25,
        0.017,
        0.479,
        0.988,
        0.3369
      ],
      [
        255.5,
        0.018,
        0.47,
        0.979,
        0.3323
      ],
      [
        255.75,
        0.054,
        0.509,
        1.0,
        0.3411
      ],
      [
        256.0,
        0.036,
        0.528,
        0.998,
        0.3416
      ],
      [
        256.25,
        0.0,
        0.519,
        0.988,
        0.3433
      ],
      [
        256.5,
        0.0,
        0.509,
        0.979,
        0.3374
      ],
      [
        256.75,
        0.007,
        0.507,
        1.0,
        0.3416
      ],
      [
        257.0,
        0.012,
        0.502,
        0.997,
        0.3389
      ],
      [
        257.25,
        0.011,
        0.493,
        0.988,
        0.3327
      ],
      [
        257.5,
        0.012,
        0.484,
        0.98,
        0.3275
      ],
      [
        257.75,
        0.029,
        0.492,
        1.0,
        0.3349
      ],
      [
        258.0,
        0.039,
        0.492,
        0.998,
        0.333
      ],
      [
        258.25,
        0.039,
        0.483,
        0.988,
        0.3269
      ],
      [
        258.5,
        0.039,
        0.474,
        0.98,
        0.3213
      ],
      [
        258.75,
        0.049,
        0.476,
        1.0,
        0.328
      ],
      [
        259.0,
        0.009,
        0.474,
        0.997,
        0.336
      ],
      [
        259.25,
        0.0,
        0.464,
        0.988,
        0.3327
      ],
      [
        259.5,
        0.001,
        0.456,
        0.98,
        0.3296
      ],
      [
        259.75,
        0.053,
        0.503,
        1.0,
        0.3427
      ],
      [
        260.0,
        0.039,
        0.526,
        0.998,
        0.3422
      ],
      [
        260.25,
        0.0,
        0.516,
        0.988,
        0.3444
      ],
      [
        260.5,
        0.002,
        0.508,
        0.984,
        0.3406
      ],
      [
        260.75,
        0.053,
        0.556,
        1.0,
        0.3386
      ],
      [
        261.0,
        0.04,
        0.579,
        0.998,
        0.3386
      ],
      [
        261.25,
        0.0,
        0.57,
        0.988,
        0.3422
      ],
      [
        261.5,
        0.001,
        0.562,
        0.983,
        0.3379
      ],
      [
        261.75,
        0.044,
        0.595,
        1.0,
        0.3391
      ],
      [
        262.0,
        0.028,
        0.611,
        0.998,
        0.3406
      ],
      [
        262.25,
        0.0,
        0.602,
        0.988,
        0.3419
      ],
      [
        262.5,
        0.0,
        0.593,
        0.98,
        0.3359
      ],
      [
        262.75,
        0.006,
        0.589,
        1.0,
        0.3388
      ],
      [
        263.0,
        0.01,
        0.584,
        0.997,
        0.3357
      ],
      [
        263.25,
        0.01,
        0.574,
        0.988,
        0.3298
      ],
      [
        263.5,
        0.01,
        0.565,
        0.98,
        0.3252
      ],
      [
        263.75,
        0.032,
        0.578,
        1.0,
        0.3318
      ],
      [
        264.0,
        0.045,
        0.581,
        0.998,
        0.3302
      ],
      [
        264.25,
        0.044,
        0.572,
        0.989,
        0.324
      ],
      [
        264.5,
        0.045,
        0.563,
        0.979,
        0.3181
      ],
      [
        264.75,
        0.047,
        0.555,
        0.983,
        0.3165
      ],
      [
        265.0,
        0.048,
        0.547,
        0.982,
        0.3137
      ],
      [
        265.25,
        0.048,
        0.538,
        0.973,
        0.3086
      ],
      [
        265.5,
        0.048,
        0.529,
        0.965,
        0.3043
      ],
      [
        265.75,
        0.028,
        0.531,
        1.0,
        0.3209
      ],
      [
        266.0,
        0.0,
        0.528,
        0.998,
        0.3275
      ],
      [
        266.25,
        0.0,
        0.519,
        0.988,
        0.3235
      ],
      [
        266.5,
        0.0,
        0.509,
        0.98,
        0.3201
      ],
      [
        266.75,
        0.012,
        0.512,
        1.0,
        0.3259
      ],
      [
        267.0,
        0.019,
        0.509,
        0.998,
        0.3239
      ],
      [
        267.25,
        0.019,
        0.496,
        0.989,
        0.3201
      ],
      [
        267.5,
        0.02,
        0.479,
        0.985,
        0.3187
      ],
      [
        267.75,
        0.051,
        0.519,
        1.0,
        0.3224
      ],
      [
        268.0,
        0.024,
        0.531,
        0.998,
        0.3317
      ],
      [
        268.25,
        0.0,
        0.521,
        0.988,
        0.3319
      ],
      [
        268.5,
        0.0,
        0.512,
        0.981,
        0.3278
      ],
      [
        268.75,
        0.012,
        0.514,
        1.0,
        0.3329
      ],
      [
        269.0,
        0.018,
        0.511,
        0.998,
        0.3308
      ],
      [
        269.25,
        0.018,
        0.501,
        0.989,
        0.326
      ],
      [
        269.5,
        0.02,
        0.492,
        0.99,
        0.3255
      ],
      [
        269.75,
        0.063,
        0.547,
        1.0,
        0.3348
      ],
      [
        270.0,
        0.053,
        0.574,
        0.998,
        0.3365
      ],
      [
        270.25,
        0.004,
        0.565,
        0.989,
        0.3421
      ],
      [
        270.5,
        0.003,
        0.557,
        0.993,
        0.3416
      ],
      [
        270.75,
        0.057,
        0.61,
        1.0,
        0.337
      ],
      [
        271.0,
        0.046,
        0.638,
        0.998,
        0.3372
      ],
      [
        271.25,
        0.0,
        0.629,
        0.989,
        0.3433
      ],
      [
        271.5,
        0.002,
        0.621,
        0.99,
        0.3407
      ],
      [
        271.75,
        0.048,
        0.658,
        1.0,
        0.34
      ],
      [
        272.0,
        0.03,
        0.676,
        0.998,
        0.3433
      ],
      [
        272.25,
        0.0,
        0.667,
        0.989,
        0.3459
      ],
      [
        272.5,
        0.003,
        0.66,
        0.995,
        0.3437
      ],
      [
        272.75,
        0.057,
        0.713,
        1.0,
        0.337
      ],
      [
        273.0,
        0.047,
        0.741,
        0.998,
        0.3397
      ],
      [
        273.25,
        0.0,
        0.731,
        0.989,
        0.3473
      ],
      [
        273.5,
        0.001,
        0.723,
        0.984,
        0.3434
      ],
      [
        273.75,
        0.021,
        0.734,
        1.0,
        0.3493
      ],
      [
        274.0,
        0.033,
        0.736,
        0.998,
        0.3457
      ],
      [
        274.25,
        0.033,
        0.727,
        0.989,
        0.3394
      ],
      [
        274.5,
        0.034,
        0.718,
        0.987,
        0.3351
      ],
      [
        274.75,
        0.047,
        0.739,
        1.0,
        0.3423
      ],
      [
        275.0,
        0.017,
        0.747,
        0.998,
        0.3505
      ],
      [
        275.25,
        0.0,
        0.738,
        0.989,
        0.3502
      ],
      [
        275.5,
        0.003,
        0.73,
        0.992,
        0.3478
      ],
      [
        275.75,
        0.052,
        0.771,
        1.0,
        0.3432
      ],
      [
        276.0,
        0.035,
        0.793,
        0.998,
        0.3489
      ],
      [
        276.25,
        0.0,
        0.784,
        0.989,
        0.3539
      ],
      [
        276.5,
        0.002,
        0.775,
        0.99,
        0.3512
      ],
      [
        276.75,
        0.042,
        0.806,
        1.0,
        0.35
      ],
      [
        277.0,
        0.028,
        0.821,
        0.998,
        0.3545
      ],
      [
        277.25,
        0.0,
        0.812,
        0.989,
        0.358
      ],
      [
        277.5,
        0.004,
        0.804,
        0.999,
        0.3562
      ],
      [
        277.75,
        0.056,
        0.857,
        1.0,
        0.3507
      ],
      [
        278.0,
        0.046,
        0.885,
        0.998,
        0.3563
      ],
      [
        278.25,
        0.0,
        0.876,
        0.989,
        0.3652
      ],
      [
        278.5,
        0.001,
        0.867,
        0.983,
        0.3618
      ],
      [
        278.75,
        0.014,
        0.872,
        1.0,
        0.3638
      ],
      [
        279.0,
        0.023,
        0.871,
        0.998,
        0.3613
      ],
      [
        279.25,
        0.023,
        0.861,
        0.989,
        0.3558
      ],
      [
        279.5,
        0.024,
        0.85,
        0.987,
        0.3522
      ],
      [
        279.75,
        0.05,
        0.873,
        1.0,
        0.3556
      ],
      [
        280.0,
        0.019,
        0.881,
        0.998,
        0.3656
      ],
      [
        280.25,
        0.0,
        0.871,
        0.989,
        0.3672
      ],
      [
        280.5,
        0.0,
        0.862,
        0.982,
        0.3624
      ],
      [
        280.75,
        0.007,
        0.86,
        1.0,
        0.3628
      ],
      [
        281.0,
        0.011,
        0.854,
        0.998,
        0.3595
      ],
      [
        281.25,
        0.011,
        0.823,
        0.989,
        0.3546
      ],
      [
        281.5,
        0.016,
        0.806,
        1.0,
        0.3532
      ],
      [
        281.75,
        0.065,
        0.897,
        1.0,
        0.354
      ],
      [
        282.0,
        0.059,
        0.928,
        0.998,
        0.3582
      ],
      [
        282.25,
        0.01,
        0.919,
        0.989,
        0.369
      ],
      [
        282.5,
        0.005,
        0.906,
        1.0,
        0.3709
      ],
      [
        282.75,
        0.06,
        0.972,
        1.0,
        0.3634
      ],
      [
        283.0,
        0.055,
        0.99,
        0.998,
        0.3661
      ],
      [
        283.25,
        0.007,
        0.944,
        0.989,
        0.3773
      ],
      [
        283.5,
        0.004,
        0.924,
        1.0,
        0.3779
      ],
      [
        283.75,
        0.055,
        0.999,
        1.0,
        0.3694
      ],
      [
        284.0,
        0.043,
        0.992,
        0.998,
        0.3729
      ],
      [
        284.25,
        0.0,
        0.971,
        0.989,
        0.3825
      ],
      [
        284.5,
        0.004,
        0.964,
        1.0,
        0.381
      ],
      [
        284.75,
        0.052,
        1.0,
        1.0,
        0.3731
      ],
      [
        285.0,
        0.036,
        0.997,
        0.998,
        0.3774
      ],
      [
        285.25,
        0.0,
        0.988,
        0.989,
        0.385
      ],
      [
        285.5,
        0.005,
        0.983,
        1.0,
        0.3829
      ],
      [
        285.75,
        0.057,
        1.0,
        1.0,
        0.3703
      ],
      [
        286.0,
        0.048,
        0.997,
        0.998,
        0.3722
      ],
      [
        286.25,
        0.0,
        0.988,
        0.989,
        0.3835
      ],
      [
        286.5,
        0.0,
        0.979,
        0.983,
        0.3805
      ],
      [
        286.75,
        0.008,
        0.978,
        1.0,
        0.3802
      ],
      [
        287.0,
        0.013,
        0.973,
        0.998,
        0.3768
      ],
      [
        287.25,
        0.013,
        0.963,
        0.989,
        0.3723
      ],
      [
        287.5,
        0.015,
        0.957,
        0.994,
        0.3702
      ],
      [
        287.75,
        0.052,
        0.99,
        1.0,
        0.3711
      ],
      [
        288.0,
        0.03,
        0.997,
        0.998,
        0.3797
      ],
      [
        288.25,
        0.0,
        0.988,
        0.989,
        0.3855
      ],
      [
        288.5,
        0.003,
        0.982,
        0.998,
        0.3836
      ],
      [
        288.75,
        0.048,
        1.0,
        1.0,
        0.3752
      ],
      [
        289.0,
        0.03,
        0.997,
        0.999,
        0.3799
      ],
      [
        289.25,
        0.0,
        0.988,
        0.989,
        0.3861
      ],
      [
        289.5,
        0.003,
        0.981,
        0.995,
        0.3838
      ],
      [
        289.75,
        0.039,
        1.0,
        1.0,
        0.3788
      ],
      [
        290.0,
        0.028,
        0.998,
        0.999,
        0.3814
      ],
      [
        290.25,
        0.0,
        0.988,
        0.989,
        0.3867
      ],
      [
        290.5,
        0.005,
        0.984,
        1.0,
        0.3849
      ],
      [
        290.75,
        0.059,
        1.0,
        1.0,
        0.3716
      ],
      [
        291.0,
        0.051,
        0.997,
        0.999,
        0.3731
      ],
      [
        291.25,
        0.003,
        0.988,
        0.989,
        0.385
      ],
      [
        291.5,
        0.006,
        0.984,
        1.0,
        0.3848
      ],
      [
        291.75,
        0.06,
        1.0,
        1.0,
        0.3716
      ],
      [
        292.0,
        0.054,
        0.997,
        0.999,
        0.3723
      ],
      [
        292.25,
        0.006,
        0.988,
        0.989,
        0.3841
      ],
      [
        292.5,
        0.0,
        0.979,
        0.981,
        0.3827
      ],
      [
        292.75,
        0.003,
        0.972,
        0.99,
        0.3809
      ],
      [
        293.0,
        0.005,
        0.965,
        0.992,
        0.3776
      ],
      [
        293.25,
        0.005,
        0.955,
        0.982,
        0.3735
      ],
      [
        293.5,
        0.01,
        0.952,
        0.994,
        0.3722
      ],
      [
        293.75,
        0.06,
        1.0,
        1.0,
        0.3718
      ],
      [
        294.0,
        0.053,
        0.997,
        0.999,
        0.3731
      ],
      [
        294.25,
        0.005,
        0.988,
        0.989,
        0.3852
      ],
      [
        294.5,
        0.007,
        0.985,
        1.0,
        0.3857
      ],
      [
        294.75,
        0.064,
        1.0,
        1.0,
        0.3701
      ],
      [
        295.0,
        0.062,
        0.997,
        0.999,
        0.3691
      ],
      [
        295.25,
        0.014,
        0.988,
        0.989,
        0.3814
      ],
      [
        295.5,
        0.003,
        0.982,
        1.0,
        0.3844
      ],
      [
        295.75,
        0.046,
        1.0,
        1.0,
        0.3775
      ],
      [
        296.0,
        0.029,
        0.998,
        0.999,
        0.3821
      ],
      [
        296.25,
        0.0,
        0.988,
        0.989,
        0.3881
      ],
      [
        296.5,
        0.002,
        0.981,
        0.99,
        0.385
      ],
      [
        296.75,
        0.019,
        0.989,
        1.0,
        0.3844
      ],
      [
        297.0,
        0.03,
        0.99,
        0.999,
        0.3809
      ],
      [
        297.25,
        0.03,
        0.981,
        0.99,
        0.3759
      ],
      [
        297.5,
        0.035,
        0.977,
        1.0,
        0.3737
      ],
      [
        297.75,
        0.067,
        1.0,
        1.0,
        0.3691
      ],
      [
        298.0,
        0.058,
        0.997,
        0.999,
        0.3705
      ],
      [
        298.25,
        0.01,
        0.988,
        0.99,
        0.3828
      ],
      [
        298.5,
        0.007,
        0.986,
        1.0,
        0.3851
      ],
      [
        298.75,
        0.066,
        1.0,
        1.0,
        0.3684
      ],
      [
        299.0,
        0.065,
        0.998,
        0.999,
        0.367
      ],
      [
        299.25,
        0.017,
        0.988,
        0.99,
        0.3793
      ],
      [
        299.5,
        0.006,
        0.985,
        1.0,
        0.3835
      ],
      [
        299.75,
        0.058,
        1.0,
        1.0,
        0.3705
      ],
      [
        300.0,
        0.05,
        0.998,
        0.999,
        0.3719
      ],
      [
        300.25,
        0.001,
        0.988,
        0.99,
        0.384
      ],
      [
        300.5,
        0.007,
        0.985,
        1.0,
        0.3835
      ],
      [
        300.75,
        0.061,
        1.0,
        1.0,
        0.3691
      ],
      [
        301.0,
        0.055,
        0.998,
        0.999,
        0.3694
      ],
      [
        301.25,
        0.007,
        0.988,
        0.99,
        0.3817
      ],
      [
        301.5,
        0.008,
        0.986,
        1.0,
        0.3832
      ],
      [
        301.75,
        0.067,
        1.0,
        1.0,
        0.366
      ],
      [
        302.0,
        0.067,
        0.998,
        0.999,
        0.3644
      ],
      [
        302.25,
        0.018,
        0.988,
        0.99,
        0.3768
      ],
      [
        302.5,
        0.008,
        0.987,
        1.0,
        0.3819
      ],
      [
        302.75,
        0.067,
        1.0,
        1.0,
        0.3646
      ],
      [
        303.0,
        0.067,
        0.998,
        0.999,
        0.363
      ],
      [
        303.25,
        0.019,
        0.988,
        0.99,
        0.3753
      ],
      [
        303.5,
        0.001,
        0.98,
        0.988,
        0.3787
      ],
      [
        303.75,
        0.015,
        0.985,
        1.0,
        0.3791
      ],
      [
        304.0,
        0.024,
        0.984,
        0.999,
        0.3775
      ],
      [
        304.25,
        0.024,
        0.975,
        0.99,
        0.3737
      ],
      [
        304.5,
        0.031,
        0.973,
        1.0,
        0.3718
      ],
      [
        304.75,
        0.073,
        1.0,
        1.0,
        0.3637
      ],
      [
        305.0,
        0.071,
        0.998,
        0.999,
        0.363
      ],
      [
        305.25,
        0.023,
        0.988,
        0.99,
        0.3753
      ],
      [
        305.5,
        0.001,
        0.98,
        0.985,
        0.3799
      ],
      [
        305.75,
        0.008,
        0.978,
        1.0,
        0.3796
      ],
      [
        306.0,
        0.012,
        0.973,
        0.998,
        0.3766
      ],
      [
        306.25,
        0.012,
        0.964,
        0.989,
        0.3722
      ],
      [
        306.5,
        0.016,
        0.958,
        1.0,
        0.3703
      ],
      [
        306.75,
        0.051,
        0.991,
        1.0,
        0.3704
      ],
      [
        307.0,
        0.029,
        0.998,
        0.999,
        0.3795
      ],
      [
        307.25,
        0.0,
        0.989,
        0.99,
        0.3855
      ],
      [
        307.5,
        0.006,
        0.985,
        1.0,
        0.384
      ],
      [
        307.75,
        0.055,
        1.0,
        1.0,
        0.3711
      ],
      [
        308.0,
        0.042,
        0.998,
        0.999,
        0.3742
      ],
      [
        308.25,
        0.0,
        0.989,
        0.99,
        0.3845
      ],
      [
        308.5,
        0.009,
        0.988,
        1.0,
        0.3838
      ],
      [
        308.75,
        0.066,
        1.0,
        1.0,
        0.3662
      ],
      [
        309.0,
        0.067,
        0.998,
        0.999,
        0.3646
      ],
      [
        309.25,
        0.019,
        0.988,
        0.99,
        0.3769
      ],
      [
        309.5,
        0.002,
        0.981,
        0.992,
        0.3806
      ],
      [
        309.75,
        0.02,
        0.99,
        1.0,
        0.3814
      ],
      [
        310.0,
        0.032,
        0.993,
        0.999,
        0.3789
      ],
      [
        310.25,
        0.032,
        0.983,
        0.99,
        0.374
      ],
      [
        310.5,
        0.039,
        0.981,
        1.0,
        0.3718
      ],
      [
        310.75,
        0.066,
        1.0,
        1.0,
        0.366
      ],
      [
        311.0,
        0.059,
        0.998,
        0.999,
        0.3675
      ],
      [
        311.25,
        0.011,
        0.989,
        0.99,
        0.3798
      ],
      [
        311.5,
        0.002,
        0.981,
        0.992,
        0.3811
      ],
      [
        311.75,
        0.019,
        0.989,
        1.0,
        0.3814
      ],
      [
        312.0,
        0.03,
        0.991,
        0.999,
        0.3787
      ],
      [
        312.25,
        0.03,
        0.981,
        0.99,
        0.3736
      ],
      [
        312.5,
        0.035,
        0.977,
        1.0,
        0.3713
      ],
      [
        312.75,
        0.054,
        1.0,
        1.0,
        0.3708
      ],
      [
        313.0,
        0.036,
        0.998,
        0.999,
        0.3762
      ],
      [
        313.25,
        0.0,
        0.989,
        0.99,
        0.3846
      ],
      [
        313.5,
        0.006,
        0.986,
        1.0,
        0.3836
      ],
      [
        313.75,
        0.053,
        1.0,
        1.0,
        0.3718
      ],
      [
        314.0,
        0.039,
        0.998,
        0.999,
        0.3755
      ],
      [
        314.25,
        0.0,
        0.989,
        0.99,
        0.3846
      ],
      [
        314.5,
        0.007,
        0.987,
        1.0,
        0.3835
      ],
      [
        314.75,
        0.056,
        1.0,
        1.0,
        0.3702
      ],
      [
        315.0,
        0.046,
        0.998,
        0.999,
        0.3724
      ],
      [
        315.25,
        0.0,
        0.989,
        0.99,
        0.3838
      ],
      [
        315.5,
        0.007,
        0.987,
        1.0,
        0.383
      ],
      [
        315.75,
        0.056,
        1.0,
        1.0,
        0.3692
      ],
      [
        316.0,
        0.048,
        0.998,
        0.999,
        0.3712
      ],
      [
        316.25,
        0.0,
        0.989,
        0.99,
        0.383
      ],
      [
        316.5,
        0.003,
        0.982,
        0.998,
        0.3815
      ],
      [
        316.75,
        0.027,
        0.998,
        1.0,
        0.381
      ],
      [
        317.0,
        0.043,
        0.998,
        0.999,
        0.3752
      ],
      [
        317.25,
        0.043,
        0.989,
        0.99,
        0.3702
      ],
      [
        317.5,
        0.044,
        0.981,
        0.993,
        0.3667
      ],
      [
        317.75,
        0.035,
        0.99,
        1.0,
        0.3743
      ],
      [
        318.0,
        0.0,
        0.991,
        0.999,
        0.3858
      ],
      [
        318.25,
        0.0,
        0.982,
        0.99,
        0.3823
      ],
      [
        318.5,
        0.004,
        0.977,
        1.0,
        0.38
      ],
      [
        318.75,
        0.04,
        1.0,
        1.0,
        0.3758
      ],
      [
        319.0,
        0.029,
        0.998,
        1.0,
        0.379
      ],
      [
        319.25,
        0.0,
        0.989,
        0.99,
        0.3847
      ],
      [
        319.5,
        0.01,
        0.99,
        1.0,
        0.3838
      ],
      [
        319.75,
        0.071,
        1.0,
        1.0,
        0.3631
      ],
      [
        320.0,
        0.076,
        0.998,
        1.0,
        0.3599
      ],
      [
        320.25,
        0.028,
        0.989,
        0.99,
        0.3722
      ],
      [
        320.5,
        0.01,
        0.99,
        1.0,
        0.3811
      ],
      [
        320.75,
        0.071,
        1.0,
        1.0,
        0.3614
      ],
      [
        321.0,
        0.076,
        0.998,
        1.0,
        0.3582
      ],
      [
        321.25,
        0.028,
        0.989,
        0.99,
        0.3706
      ],
      [
        321.5,
        0.008,
        0.987,
        1.0,
        0.3788
      ],
      [
        321.75,
        0.058,
        1.0,
        1.0,
        0.3653
      ],
      [
        322.0,
        0.05,
        0.998,
        1.0,
        0.367
      ],
      [
        322.25,
        0.002,
        0.989,
        0.99,
        0.3791
      ],
      [
        322.5,
        0.009,
        0.988,
        1.0,
        0.379
      ],
      [
        322.75,
        0.062,
        1.0,
        1.0,
        0.3635
      ],
      [
        323.0,
        0.059,
        0.998,
        1.0,
        0.3635
      ],
      [
        323.25,
        0.011,
        0.989,
        0.99,
        0.3759
      ],
      [
        323.5,
        0.009,
        0.988,
        1.0,
        0.3785
      ],
      [
        323.75,
        0.06,
        1.0,
        1.0,
        0.3638
      ],
      [
        324.0,
        0.055,
        0.998,
        1.0,
        0.3646
      ],
      [
        324.25,
        0.007,
        0.989,
        0.99,
        0.3769
      ],
      [
        324.5,
        0.011,
        0.99,
        1.0,
        0.3787
      ],
      [
        324.75,
        0.072,
        1.0,
        1.0,
        0.3587
      ],
      [
        325.0,
        0.078,
        0.998,
        1.0,
        0.3556
      ],
      [
        325.25,
        0.03,
        0.989,
        0.99,
        0.368
      ],
      [
        325.5,
        0.01,
        0.99,
        1.0,
        0.3776
      ],
      [
        325.75,
        0.071,
        1.0,
        1.0,
        0.3582
      ],
      [
        326.0,
        0.077,
        0.998,
        1.0,
        0.355
      ],
      [
        326.25,
        0.029,
        0.989,
        0.99,
        0.3674
      ],
      [
        326.5,
        0.008,
        0.987,
        1.0,
        0.3756
      ],
      [
        326.75,
        0.056,
        1.0,
        1.0,
        0.3634
      ],
      [
        327.0,
        0.047,
        0.998,
        1.0,
        0.366
      ],
      [
        327.25,
        0.0,
        0.989,
        0.99,
        0.3766
      ],
      [
        327.5,
        0.002,
        0.982,
        0.992,
        0.3746
      ],
      [
        327.75,
        0.017,
        0.988,
        1.0,
        0.3747
      ],
      [
        328.0,
        0.027,
        0.988,
        0.999,
        0.3734
      ],
      [
        328.25,
        0.027,
        0.979,
        0.99,
        0.3698
      ],
      [
        328.5,
        0.031,
        0.974,
        1.0,
        0.3685
      ],
      [
        328.75,
        0.048,
        1.0,
        1.0,
        0.3712
      ],
      [
        329.0,
        0.024,
        0.999,
        1.0,
        0.3786
      ],
      [
        329.25,
        0.0,
        0.989,
        0.99,
        0.3831
      ],
      [
        329.5,
        0.011,
        0.991,
        1.0,
        0.3818
      ],
      [
        329.75,
        0.071,
        1.0,
        1.0,
        0.3613
      ],
      [
        330.0,
        0.078,
        0.999,
        1.0,
        0.3581
      ],
      [
        330.25,
        0.03,
        0.989,
        0.99,
        0.3704
      ],
      [
        330.5,
        0.01,
        0.99,
        1.0,
        0.38
      ],
      [
        330.75,
        0.067,
        1.0,
        1.0,
        0.3626
      ],
      [
        331.0,
        0.069,
        0.999,
        1.0,
        0.3608
      ],
      [
        331.25,
        0.022,
        0.989,
        0.99,
        0.373
      ],
      [
        331.5,
        0.009,
        0.988,
        1.0,
        0.3786
      ],
      [
        331.75,
        0.059,
        1.0,
        1.0,
        0.3649
      ],
      [
        332.0,
        0.053,
        0.998,
        1.0,
        0.3661
      ],
      [
        332.25,
        0.006,
        0.989,
        0.99,
        0.3783
      ],
      [
        332.5,
        0.005,
        0.985,
        1.0,
        0.3785
      ],
      [
        332.75,
        0.047,
        1.0,
        1.0,
        0.3706
      ],
      [
        333.0,
        0.03,
        0.999,
        1.0,
        0.3758
      ],
      [
        333.25,
        0.0,
        0.989,
        0.99,
        0.3814
      ],
      [
        333.5,
        0.002,
        0.982,
        0.994,
        0.3793
      ],
      [
        333.75,
        0.017,
        0.988,
        1.0,
        0.3789
      ],
      [
        334.0,
        0.027,
        0.988,
        1.0,
        0.3764
      ],
      [
        334.25,
        0.027,
        0.979,
        0.99,
        0.3713
      ],
      [
        334.5,
        0.031,
        0.973,
        1.0,
        0.3687
      ],
      [
        334.75,
        0.047,
        0.997,
        1.0,
        0.3701
      ],
      [
        335.0,
        0.021,
        0.998,
        1.0,
        0.3793
      ],
      [
        335.25,
        0.0,
        0.989,
        0.99,
        0.383
      ],
      [
        335.5,
        0.01,
        0.99,
        1.0,
        0.3817
      ],
      [
        335.75,
        0.065,
        1.0,
        1.0,
        0.3638
      ],
      [
        336.0,
        0.066,
        0.999,
        1.0,
        0.3625
      ],
      [
        336.25,
        0.018,
        0.989,
        0.991,
        0.3747
      ],
      [
        336.5,
        0.011,
        0.991,
        1.0,
        0.3805
      ],
      [
        336.75,
        0.07,
        1.0,
        1.0,
        0.3613
      ],
      [
        337.0,
        0.076,
        0.999,
        1.0,
        0.3584
      ],
      [
        337.25,
        0.028,
        0.989,
        0.991,
        0.3706
      ],
      [
        337.5,
        0.012,
        0.992,
        1.0,
        0.3799
      ],
      [
        337.75,
        0.073,
        1.0,
        1.0,
        0.3603
      ],
      [
        338.0,
        0.081,
        0.999,
        1.0,
        0.3561
      ],
      [
        338.25,
        0.033,
        0.989,
        0.991,
        0.3684
      ],
      [
        338.5,
        0.012,
        0.992,
        1.0,
        0.378
      ],
      [
        338.75,
        0.073,
        1.0,
        1.0,
        0.3576
      ],
      [
        339.0,
        0.081,
        0.999,
        1.0,
        0.3536
      ],
      [
        339.25,
        0.033,
        0.989,
        0.991,
        0.366
      ],
      [
        339.5,
        0.009,
        0.99,
        1.0,
        0.3766
      ],
      [
        339.75,
        0.062,
        1.0,
        1.0,
        0.3619
      ],
      [
        340.0,
        0.061,
        0.999,
        1.0,
        0.3611
      ],
      [
        340.25,
        0.013,
        0.989,
        0.991,
        0.3733
      ],
      [
        340.5,
        0.004,
        0.984,
        1.0,
        0.3749
      ],
      [
        340.75,
        0.034,
        1.0,
        1.0,
        0.372
      ],
      [
        341.0,
        0.035,
        0.999,
        1.0,
        0.3716
      ],
      [
        341.25,
        0.0,
        0.989,
        0.991,
        0.3788
      ],
      [
        341.5,
        0.004,
        0.984,
        1.0,
        0.3776
      ],
      [
        341.75,
        0.039,
        1.0,
        1.0,
        0.3727
      ],
      [
        342.0,
        0.03,
        0.999,
        1.0,
        0.3753
      ],
      [
        342.25,
        0.0,
        0.99,
        0.991,
        0.3815
      ],
      [
        342.5,
        0.012,
        0.992,
        1.0,
        0.3812
      ],
      [
        342.75,
        0.074,
        1.0,
        1.0,
        0.3606
      ],
      [
        343.0,
        0.083,
        0.999,
        1.0,
        0.3563
      ],
      [
        343.25,
        0.035,
        0.989,
        0.991,
        0.3686
      ],
      [
        343.5,
        0.01,
        0.992,
        1.0,
        0.3807
      ],
      [
        343.75,
        0.072,
        1.0,
        1.0,
        0.361
      ],
      [
        344.0,
        0.081,
        0.999,
        1.0,
        0.3563
      ],
      [
        344.25,
        0.033,
        0.989,
        0.991,
        0.3686
      ],
      [
        344.5,
        0.009,
        0.989,
        1.0,
        0.3774
      ],
      [
        344.75,
        0.06,
        1.0,
        1.0,
        0.3635
      ],
      [
        345.0,
        0.056,
        0.999,
        1.0,
        0.364
      ],
      [
        345.25,
        0.008,
        0.989,
        0.991,
        0.3763
      ],
      [
        345.5,
        0.008,
        0.989,
        1.0,
        0.3776
      ],
      [
        345.75,
        0.057,
        1.0,
        1.0,
        0.3642
      ],
      [
        346.0,
        0.051,
        0.999,
        1.0,
        0.3659
      ],
      [
        346.25,
        0.003,
        0.989,
        0.991,
        0.3777
      ],
      [
        346.5,
        0.011,
        0.991,
        1.0,
        0.3781
      ],
      [
        346.75,
        0.066,
        1.0,
        1.0,
        0.3607
      ],
      [
        347.0,
        0.068,
        0.999,
        1.0,
        0.3589
      ],
      [
        347.25,
        0.02,
        0.989,
        0.991,
        0.3713
      ],
      [
        347.5,
        0.012,
        0.992,
        1.0,
        0.3776
      ],
      [
        347.75,
        0.073,
        1.0,
        1.0,
        0.3572
      ],
      [
        348.0,
        0.082,
        0.999,
        1.0,
        0.3531
      ],
      [
        348.25,
        0.034,
        0.989,
        0.991,
        0.3655
      ],
      [
        348.5,
        0.008,
        0.989,
        1.0,
        0.3759
      ],
      [
        348.75,
        0.058,
        1.0,
        1.0,
        0.3628
      ],
      [
        349.0,
        0.054,
        0.999,
        1.0,
        0.3629
      ],
      [
        349.25,
        0.006,
        0.989,
        0.991,
        0.375
      ],
      [
        349.5,
        0.008,
        0.988,
        1.0,
        0.3755
      ],
      [
        349.75,
        0.056,
        1.0,
        1.0,
        0.3628
      ],
      [
        350.0,
        0.048,
        0.999,
        1.0,
        0.3651
      ],
      [
        350.25,
        0.001,
        0.99,
        0.991,
        0.3764
      ],
      [
        350.5,
        0.011,
        0.991,
        1.0,
        0.3763
      ],
      [
        350.75,
        0.067,
        1.0,
        1.0,
        0.3585
      ],
      [
        351.0,
        0.071,
        0.999,
        1.0,
        0.3562
      ],
      [
        351.25,
        0.023,
        0.989,
        0.991,
        0.3687
      ],
      [
        351.5,
        0.011,
        0.991,
        1.0,
        0.3754
      ],
      [
        351.75,
        0.067,
        1.0,
        1.0,
        0.3578
      ],
      [
        352.0,
        0.07,
        0.999,
        1.0,
        0.3556
      ],
      [
        352.25,
        0.022,
        0.989,
        0.991,
        0.3679
      ],
      [
        352.5,
        0.002,
        0.982,
        0.996,
        0.3727
      ],
      [
        352.75,
        0.021,
        0.992,
        1.0,
        0.3729
      ],
      [
        353.0,
        0.033,
        0.995,
        1.0,
        0.3706
      ],
      [
        353.25,
        0.033,
        0.985,
        0.991,
        0.367
      ],
      [
        353.5,
        0.043,
        0.986,
        1.0,
        0.3663
      ],
      [
        353.75,
        0.072,
        1.0,
        1.0,
        0.3584
      ],
      [
        354.0,
        0.073,
        0.999,
        1.0,
        0.3576
      ],
      [
        354.25,
        0.025,
        0.99,
        0.991,
        0.3697
      ],
      [
        354.5,
        0.006,
        0.986,
        1.0,
        0.3757
      ],
      [
        354.75,
        0.047,
        1.0,
        1.0,
        0.368
      ],
      [
        355.0,
        0.031,
        0.999,
        1.0,
        0.3728
      ],
      [
        355.25,
        0.0,
        0.99,
        0.991,
        0.3793
      ],
      [
        355.5,
        0.008,
        0.989,
        1.0,
        0.3788
      ],
      [
        355.75,
        0.056,
        1.0,
        1.0,
        0.3661
      ],
      [
        356.0,
        0.049,
        0.999,
        1.0,
        0.368
      ],
      [
        356.25,
        0.001,
        0.99,
        0.991,
        0.3796
      ],
      [
        356.5,
        0.007,
        0.987,
        1.0,
        0.3793
      ],
      [
        356.75,
        0.053,
        1.0,
        1.0,
        0.368
      ],
      [
        357.0,
        0.042,
        0.999,
        1.0,
        0.3714
      ],
      [
        357.25,
        0.0,
        0.99,
        0.991,
        0.3811
      ],
      [
        357.5,
        0.005,
        0.986,
        1.0,
        0.3799
      ],
      [
        357.75,
        0.047,
        1.0,
        1.0,
        0.3713
      ],
      [
        358.0,
        0.032,
        0.999,
        1.0,
        0.3761
      ],
      [
        358.25,
        0.0,
        0.99,
        0.991,
        0.3831
      ],
      [
        358.5,
        0.011,
        0.992,
        1.0,
        0.3824
      ],
      [
        358.75,
        0.07,
        1.0,
        1.0,
        0.3631
      ],
      [
        359.0,
        0.078,
        0.999,
        1.0,
        0.3595
      ],
      [
        359.25,
        0.03,
        0.99,
        0.991,
        0.3718
      ],
      [
        359.5,
        0.009,
        0.99,
        1.0,
        0.3812
      ],
      [
        359.75,
        0.062,
        1.0,
        1.0,
        0.3657
      ],
      [
        360.0,
        0.062,
        0.999,
        1.0,
        0.3647
      ],
      [
        360.25,
        0.014,
        0.989,
        0.991,
        0.377
      ],
      [
        360.5,
        0.006,
        0.987,
        1.0,
        0.3799
      ],
      [
        360.75,
        0.052,
        1.0,
        1.0,
        0.3697
      ],
      [
        361.0,
        0.038,
        0.999,
        1.0,
        0.3739
      ],
      [
        361.25,
        0.0,
        0.99,
        0.991,
        0.3818
      ],
      [
        361.5,
        0.01,
        0.991,
        1.0,
        0.3817
      ],
      [
        361.75,
        0.064,
        1.0,
        1.0,
        0.3651
      ],
      [
        362.0,
        0.067,
        0.999,
        1.0,
        0.3632
      ],
      [
        362.25,
        0.02,
        0.99,
        0.991,
        0.3755
      ],
      [
        362.5,
        0.011,
        0.991,
        1.0,
        0.3811
      ],
      [
        362.75,
        0.071,
        1.0,
        1.0,
        0.3614
      ],
      [
        363.0,
        0.081,
        0.999,
        1.0,
        0.3572
      ],
      [
        363.25,
        0.033,
        0.99,
        0.991,
        0.3694
      ],
      [
        363.5,
        0.011,
        0.992,
        1.0,
        0.3796
      ],
      [
        363.75,
        0.073,
        1.0,
        1.0,
        0.3597
      ],
      [
        364.0,
        0.084,
        0.999,
        1.0,
        0.3547
      ],
      [
        364.25,
        0.036,
        0.99,
        0.991,
        0.367
      ],
      [
        364.5,
        0.009,
        0.99,
        1.0,
        0.3774
      ],
      [
        364.75,
        0.061,
        1.0,
        1.0,
        0.3622
      ]
    ]
  },
  "beacon_interval_s": 900.0,
  "n_nodes": 313,
  "daily_kt": [],
  "channel_utilization": 0.10143,
  "start_date": "2025-07-01",
  "weather_driven": true,
  "packets_originated": 1637064,
  "pdr_overall": 0.8519,
  "sos": {
    "sent": 192,
    "delivered": 192,
    "latencies_s": [
      0.79,
      1.48,
      2.57,
      0.95,
      0.81,
      3.07,
      1.0,
      0.78,
      1.57,
      3.19,
      2.69,
      1.68,
      1.97,
      4.11,
      4.07,
      31.74,
      0.95,
      3.55,
      1.45,
      2.66,
      1.21,
      2.35,
      1.74,
      5.9,
      1.21,
      1.07,
      3.87,
      3.19,
      3.33,
      0.83,
      1.62,
      4.59,
      2.46,
      1.09,
      3.16,
      1.44,
      1.62,
      1.69,
      1.15,
      1.04,
      1.56,
      95.5,
      0.87,
      1.21,
      1.06,
      0.75,
      1.58,
      3.06,
      4.9,
      4.55,
      0.79,
      1.17,
      2.63,
      0.77,
      2.55,
      1.37,
      2.39,
      1.02,
      1.49,
      7.07,
      3.56,
      1.16,
      1.73,
      1.22,
      1.03,
      32.22,
      0.87,
      0.77,
      1.64,
      1.49,
      1.0,
      4.01,
      0.98,
      1.37,
      4.1,
      3.14,
      5.08,
      1.43,
      2.35,
      1.13,
      1.35,
      1.67,
      0.76,
      2.16,
      33.94,
      1.12,
      1.62,
      2.63,
      2.8,
      1.06,
      3.19,
      1.62,
      1.67,
      1.36,
      1.11,
      3.54,
      0.78,
      3.4,
      0.86,
      2.68,
      4.15,
      1.32,
      1.27,
      4617.09,
      5.24,
      0.85,
      1.06,
      2.64,
      1.26,
      1.17,
      3.97,
      1.47,
      1.06,
      0.98,
      2.57,
      1.72,
      1.18,
      1.74,
      1.29,
      1.63,
      1.71,
      1.21,
      2.34,
      3.29,
      1.59,
      0.86,
      397.91,
      1.11,
      0.74,
      1.1,
      4.62,
      3.28,
      1.48,
      1.14,
      1.62,
      5.2,
      1.33,
      0.79,
      1.32,
      4.46,
      1.23,
      1.71,
      1.08,
      1.67,
      1.48,
      0.85,
      4.28,
      4.59,
      1.7,
      1.73,
      1.63,
      3.32,
      3.08,
      4.52,
      0.96,
      4.31,
      0.93,
      1.2,
      2.74,
      1.28,
      4.43,
      0.89,
      1.29,
      1.18,
      3.28,
      1.09,
      1.68,
      1.36,
      1.6,
      1.34,
      1.49,
      0.76,
      0.91,
      3.28,
      3.77,
      0.86,
      1.69,
      1.6,
      1.64,
      4.01,
      4.17,
      1.64,
      1.49,
      4.12,
      4.36,
      1.28,
      1.19,
      3.12,
      4.6,
      0.91,
      1.17,
      1.0
    ],
    "mean_tries": 5.55,
    "level": "incident"
  }
}
struggling links (342 of 609 active):
        grayknob_cabin <-> great_gulf_th        PRR 0.05  margin  -12.2 dB  (35864 tries)
       chocorua_summit <-> whiteface_summit     PRR 0.05  margin  -13.4 dB  (32210 tries)
       garfield_summit <-> hancock_th           PRR 0.05  margin  -13.3 dB  (50760 tries)
          guyot_summit <-> owls_head_slide      PRR 0.05  margin  -13.2 dB  (2372 tries)
             kinsman_n <-> lafayette_place      PRR 0.05  margin  -12.5 dB  (14440 tries)
             bondcliff <-> south_twin           PRR 0.05  margin  -13.0 dB  (33423 tries)
         kinsman_notch <-> moosilauke_summit    PRR 0.05  margin  -13.4 dB  (17620 tries)
            glen_ellis <-> madison_hut          PRR 0.05  margin  -12.8 dB  (56396 tries)
            ammo_relay <-> jefferson_lawn       PRR 0.06  margin  -12.2 dB  (38302 tries)
             crag_camp <-> great_gulf_th        PRR 0.06  margin  -12.5 dB  (39124 tries)
    gateway_marshfield <-> webster_cliff        PRR 0.06  margin  -10.4 dB  (26989 tries)
           imp_shelter <-> pulpit_rock          PRR 0.06  margin  -12.4 dB  (42994 tries)
per-node:
  summit_shermanadams    tx 11585  rx 501979  col 163953  dup- 4115  E_tx   2.549 Wh  solar    0.00 Wh  SOC 100.0%  deaths 0  [grid]
  gateway_marshfield     tx 10873  rx 203160  col 23385  dup- 3889  E_tx   2.413 Wh  solar    0.00 Wh  SOC 100.0%  deaths 0  [grid]
  pinkham_notch_vc       tx 12013  rx 176984  col 7764  dup- 3404  E_tx   2.660 Wh  solar    0.00 Wh  SOC 100.0%  deaths 0  [grid]
  highland_center        tx 11562  rx  79942  col 3830  dup- 2665  E_tx   2.568 Wh  solar    0.00 Wh  SOC 100.0%  deaths 0  [grid]
  lakes_hut              tx 20990  rx 208982  col 25040  dup- 3091  E_tx   4.405 Wh  solar 5140.80 Wh  SOC 100.0%  deaths 0  [solar]
  madison_hut            tx 45880  rx 128462  col 9650  dup- 1933  E_tx   9.256 Wh  solar 4915.94 Wh  SOC 99.9%  deaths 20  [solar]
  mizpah_hut             tx 22796  rx 133125  col 8280  dup- 2656  E_tx   4.809 Wh  solar 5180.97 Wh  SOC 100.0%  deaths 0  [solar]
  carter_notch_hut       tx 15004  rx  53474  col  888  dup-  118  E_tx   3.090 Wh  solar  676.54 Wh  SOC 99.7%  deaths 8  [solar]
  grayknob_cabin         tx 22164  rx 148010  col 10595  dup- 3255  E_tx   4.659 Wh  solar 5098.70 Wh  SOC 100.0%  deaths 0  [solar]
  hermit_lake            tx 22032  rx 159128  col 5692  dup- 2945  E_tx   4.605 Wh  solar 4803.78 Wh  SOC 100.0%  deaths 0  [solar]
  crag_camp              tx 26473  rx 194869  col 28925  dup- 5002  E_tx   5.452 Wh  solar 5087.08 Wh  SOC 99.4%  deaths 0  [solar]
  dolly_copp             tx 17561  rx 106685  col 10018  dup- 2977  E_tx   3.640 Wh  solar  733.30 Wh  SOC 99.8%  deaths 9  [solar]
  ammo_relay             tx 20533  rx 139852  col 10398  dup- 2967  E_tx   4.275 Wh  solar 4658.82 Wh  SOC 100.0%  deaths 0  [solar]
  jewell_relay           tx 21372  rx 216126  col 29844  dup- 3646  E_tx   4.487 Wh  solar 4960.32 Wh  SOC 100.0%  deaths 0  [solar]
  clay_relay             tx 27012  rx 195825  col 33828  dup- 3946  E_tx   5.575 Wh  solar 5009.53 Wh  SOC 99.9%  deaths 0  [solar]
  monroe_flank           tx 23908  rx 305319  col 69715  dup- 3384  E_tx   5.042 Wh  solar 5221.11 Wh  SOC 100.0%  deaths 0  [solar]
  lion_head              tx 26905  rx 258205  col 47915  dup- 3632  E_tx   5.561 Wh  solar 5088.65 Wh  SOC 99.6%  deaths 16  [solar]
  boott_spur             tx 27272  rx 214444  col 23902  dup- 3505  E_tx   5.635 Wh  solar 4160.93 Wh  SOC 99.3%  deaths 10  [solar]
  jefferson_lawn         tx 23128  rx 288962  col 73737  dup- 5354  E_tx   4.814 Wh  solar 5182.37 Wh  SOC 99.9%  deaths 0  [solar]
  thunderstorm_jct       tx 26322  rx 278498  col 57290  dup- 4903  E_tx   5.437 Wh  solar 5217.91 Wh  SOC 99.9%  deaths 0  [solar]
  eisenhower_relay       tx 22340  rx 259242  col 51910  dup- 3635  E_tx   4.693 Wh  solar 5221.97 Wh  SOC 100.0%  deaths 0  [solar]
  pierce_relay           tx 14095  rx  92104  col 17953  dup- 1477  E_tx   2.919 Wh  solar  758.99 Wh  SOC 19.3%  deaths 116  [solar]
  wildcat_d              tx 18773  rx 250929  col 54821  dup- 3650  E_tx   3.863 Wh  solar  760.38 Wh  SOC 97.5%  deaths 24  [solar]
  nelson_crag            tx 20617  rx 370583  col 88166  dup- 4293  E_tx   4.289 Wh  solar 4985.31 Wh  SOC 100.0%  deaths 0  [solar]
  appalachia_th          tx 16261  rx  73890  col  125  dup-  288  E_tx   3.337 Wh  solar  777.06 Wh  SOC 100.0%  deaths 7  [solar]
  caps_ridge_th          tx 19795  rx 205316  col 33276  dup- 4287  E_tx   4.149 Wh  solar  761.45 Wh  SOC 100.0%  deaths 7  [solar]
  glen_ellis             tx 21399  rx 148445  col 13935  dup- 1947  E_tx   4.491 Wh  solar  726.95 Wh  SOC 99.8%  deaths 8  [solar]
  great_gulf_th          tx 21229  rx 150071  col 14272  dup- 2467  E_tx   4.445 Wh  solar  766.17 Wh  SOC 99.8%  deaths 7  [solar]
  glen_house             tx 18477  rx 202890  col 36357  dup- 3462  E_tx   3.831 Wh  solar  747.79 Wh  SOC 99.6%  deaths 24  [solar]
  jackson_summit         tx 24262  rx 192826  col 35042  dup- 3703  E_tx   5.127 Wh  solar 5225.52 Wh  SOC 100.0%  deaths 0  [solar]
  webster_cliff          tx 20700  rx 127510  col 19116  dup- 3647  E_tx   4.370 Wh  solar  767.38 Wh  SOC 100.0%  deaths 7  [solar]
  cog_skyline            tx 20232  rx 204007  col 24997  dup- 3383  E_tx   4.260 Wh  solar 5026.65 Wh  SOC 100.0%  deaths 0  [solar]
  wildcat_a              tx 19132  rx 228547  col 49067  dup- 3760  E_tx   3.942 Wh  solar  709.07 Wh  SOC 99.3%  deaths 23  [solar]
  madison_summit         tx 25964  rx 242055  col 41428  dup- 4358  E_tx   5.376 Wh  solar 5207.56 Wh  SOC 100.0%  deaths 0  [solar]
  durand_ridge           tx 18181  rx  84255  col 1196  dup- 1228  E_tx   3.733 Wh  solar  776.06 Wh  SOC 100.0%  deaths 11  [solar]
  cannon_tram_top        tx  5542  rx 167215  col 20180  dup- 1333  E_tx   1.220 Wh  solar    0.00 Wh  SOC 100.0%  deaths 0  [grid]
  lafayette_place        tx  5072  rx  93024  col 2869  dup-  521  E_tx   1.129 Wh  solar    0.00 Wh  SOC 100.0%  deaths 0  [grid]
  flume_vc               tx  5183  rx  93608  col 2587  dup- 1149  E_tx   1.146 Wh  solar    0.00 Wh  SOC 100.0%  deaths 0  [grid]
  greenleaf_hut          tx 13920  rx 106627  col 3873  dup- 1122  E_tx   2.832 Wh  solar 5133.14 Wh  SOC 100.0%  deaths 0  [solar]
  lonesome_lake_hut      tx 13257  rx 111078  col 6253  dup- 1206  E_tx   2.701 Wh  solar  771.08 Wh  SOC 99.9%  deaths 7  [solar]
  lafayette_summit       tx 45586  rx 148963  col 24296  dup-  747  E_tx   9.034 Wh  solar 5228.13 Wh  SOC 99.9%  deaths 20  [solar]
  little_haystack        tx 12487  rx  86035  col 8508  dup-  919  E_tx   2.511 Wh  solar 4712.45 Wh  SOC 100.0%  deaths 0  [solar]
  liberty_summit         tx 13362  rx  90025  col 11235  dup-  883  E_tx   2.702 Wh  solar 4899.09 Wh  SOC 100.0%  deaths 0  [solar]
  kinsman_n              tx 13644  rx  91798  col 1782  dup- 1001  E_tx   2.772 Wh  solar 5169.84 Wh  SOC 100.0%  deaths 0  [solar]
  kinsman_pond           tx 13342  rx 108605  col 4132  dup- 1166  E_tx   2.707 Wh  solar  752.15 Wh  SOC 99.8%  deaths 7  [solar]
  lincoln_woods_th       tx  3149  rx  39294  col  110  dup-   45  E_tx   0.694 Wh  solar    0.00 Wh  SOC 100.0%  deaths 0  [grid]
  garfield_summit        tx 35596  rx  79789  col 5070  dup-  885  E_tx   7.068 Wh  solar 5225.96 Wh  SOC 99.9%  deaths 20  [solar]
  galehead_hut           tx 25070  rx  64672  col 1131  dup-  526  E_tx   5.026 Wh  solar 5059.70 Wh  SOC 99.9%  deaths 19  [solar]
  south_twin             tx 19976  rx  84843  col 3411  dup-  470  E_tx   4.092 Wh  solar 5152.51 Wh  SOC 100.0%  deaths 0  [solar]
  guyot_summit           tx 18446  rx 130054  col 1597  dup- 1433  E_tx   3.767 Wh  solar 4916.03 Wh  SOC 100.0%  deaths 0  [solar]
  bondcliff              tx 15597  rx  95280  col 1216  dup-  770  E_tx   3.177 Wh  solar 4374.33 Wh  SOC 100.0%  deaths 0  [solar]
  zealand_hut            tx 12955  rx  93345  col 2441  dup-  524  E_tx   2.659 Wh  solar  755.35 Wh  SOC 14.1%  deaths 127  [solar]
  zeacliff               tx 21474  rx 123708  col 1864  dup-  794  E_tx   4.353 Wh  solar  688.05 Wh  SOC 99.8%  deaths 12  [solar]
  hancock_th             tx 19948  rx  82697  col  567  dup-  188  E_tx   4.065 Wh  solar  724.23 Wh  SOC 100.0%  deaths 9  [solar]
  carrigain_summit       tx 84056  rx 109868  col 10383  dup- 1570  E_tx  16.538 Wh  solar 5230.30 Wh  SOC 99.9%  deaths 21  [solar]
  willey_summit          tx 18869  rx 140424  col 3093  dup-  742  E_tx   3.891 Wh  solar  781.33 Wh  SOC 96.4%  deaths 10  [solar]
  sawyer_river_th        tx 13756  rx  45833  col  283  dup-  257  E_tx   2.768 Wh  solar  779.50 Wh  SOC 99.9%  deaths 6  [solar]
  waterville_valley      tx  2863  rx  66325  col 1510  dup-  406  E_tx   0.633 Wh  solar    0.00 Wh  SOC 100.0%  deaths 0  [grid]
  kanc_pass              tx 10683  rx  21669  col  125  dup-   54  E_tx   2.124 Wh  solar  771.87 Wh  SOC 100.0%  deaths 7  [solar]
  osceola_summit         tx 10925  rx  68478  col 3441  dup-  718  E_tx   2.178 Wh  solar  770.20 Wh  SOC 99.9%  deaths 7  [solar]
  greeley_ponds          tx  7196  rx  23089  col  518  dup-   56  E_tx   1.434 Wh  solar  716.52 Wh  SOC  6.0%  deaths 220  [solar]
  tripyramid_n           tx 17120  rx  39070  col  276  dup-  270  E_tx   3.422 Wh  solar  696.18 Wh  SOC 100.0%  deaths 12  [solar]
  sandwich_dome          tx  9074  rx  20537  col  160  dup-   57  E_tx   1.777 Wh  solar  776.15 Wh  SOC 99.9%  deaths 6  [solar]
  whiteface_summit       tx 24778  rx  40458  col 1111  dup-  358  E_tx   4.877 Wh  solar 5040.12 Wh  SOC 99.9%  deaths 0  [solar]
  passaconaway           tx 23703  rx  58751  col  847  dup-   41  E_tx   4.622 Wh  solar 5240.50 Wh  SOC 99.9%  deaths 0  [solar]
  ferncroft_th           tx 15293  rx  23600  col   58  dup-   12  E_tx   2.974 Wh  solar  775.55 Wh  SOC 17.8%  deaths 117  [solar]
  welch_dickey_th        tx  9651  rx  12588  col    4  dup-   52  E_tx   1.899 Wh  solar  770.72 Wh  SOC 99.9%  deaths 6  [solar]
  chocorua_summit        tx  8665  rx  27911  col   73  dup-   11  E_tx   1.680 Wh  solar  748.40 Wh  SOC 100.0%  deaths 9  [solar]
  piper_th               tx  6432  rx  16563  col   20  dup-   13  E_tx   1.247 Wh  solar  724.29 Wh  SOC  5.3%  deaths 231  [solar]
  ravine_lodge           tx   881  rx  46550  col   44  dup-   77  E_tx   0.193 Wh  solar    0.00 Wh  SOC 100.0%  deaths 0  [grid]
  moosilauke_summit      tx  9594  rx  63381  col  413  dup-   83  E_tx   1.870 Wh  solar 5232.43 Wh  SOC 100.0%  deaths 0  [solar]
  kinsman_notch          tx  8706  rx   9303  col    0  dup-    2  E_tx   1.684 Wh  solar  730.60 Wh  SOC 99.8%  deaths 8  [solar]
  glencliff_th           tx  9186  rx  41191  col   30  dup-   70  E_tx   1.794 Wh  solar  773.02 Wh  SOC 100.0%  deaths 7  [solar]
  gorham_info            tx  1138  rx  10614  col   91  dup-    3  E_tx   0.254 Wh  solar    0.00 Wh  SOC 100.0%  deaths 0  [grid]
  carter_dome            tx 47313  rx 213690  col 56068  dup- 2405  E_tx   9.570 Wh  solar 5208.27 Wh  SOC 99.7%  deaths 20  [solar]
  imp_shelter            tx 20224  rx  84067  col 5044  dup-  959  E_tx   4.139 Wh  solar 5064.96 Wh  SOC 100.0%  deaths 0  [solar]
  moriah_summit          tx 20631  rx  28515  col  464  dup-   39  E_tx   4.100 Wh  solar 4804.08 Wh  SOC 99.0%  deaths 17  [solar]
  baldface_s             tx 15707  rx  61866  col  898  dup-  248  E_tx   3.260 Wh  solar  748.43 Wh  SOC 100.0%  deaths 7  [solar]
  mt_hayes               tx  9324  rx  18654  col   65  dup-    3  E_tx   1.824 Wh  solar  766.27 Wh  SOC 99.8%  deaths 7  [solar]
  gentian_pond           tx  9938  rx  30047  col   38  dup-   11  E_tx   1.952 Wh  solar  761.99 Wh  SOC 99.9%  deaths 7  [solar]
  success_summit         tx  8326  rx  16209  col  254  dup-   15  E_tx   1.604 Wh  solar  781.42 Wh  SOC 100.0%  deaths 13  [solar]
  berlin_gateway         tx    15  rx   5952  col    1  dup-    0  E_tx   0.003 Wh  solar    0.00 Wh  SOC 100.0%  deaths 0  [grid]
  cabot_summit           tx  8768  rx  13100  col   13  dup-    0  E_tx   1.687 Wh  solar 5119.52 Wh  SOC 100.0%  deaths 0  [solar]
  unknown_pond           tx  8417  rx  47557  col   30  dup-    0  E_tx   1.627 Wh  solar  768.65 Wh  SOC 99.9%  deaths 7  [solar]
  percy_peaks            tx  8262  rx  32313  col   25  dup-    0  E_tx   1.588 Wh  solar  750.40 Wh  SOC 99.8%  deaths 7  [solar]
  nash_stream_th         tx  7910  rx  15987  col    0  dup-    0  E_tx   1.517 Wh  solar  699.87 Wh  SOC 99.8%  deaths 10  [solar]
  waumbek_summit         tx  9267  rx   7113  col    8  dup-    0  E_tx   1.803 Wh  solar  746.31 Wh  SOC 99.8%  deaths 7  [solar]
  cherry_mtn             tx  8699  rx  25348  col  344  dup-  248  E_tx   1.759 Wh  solar  775.39 Wh  SOC  6.1%  deaths 240  [solar]
  cardigan_lodge         tx   305  rx  16521  col    1  dup-   21  E_tx   0.068 Wh  solar    0.00 Wh  SOC 100.0%  deaths 0  [grid]
  cardigan_summit        tx  8757  rx   7813  col   11  dup-   21  E_tx   1.701 Wh  solar  788.80 Wh  SOC 100.0%  deaths 5  [solar]
  sunapee_summit         tx     0  rx      1  col    0  dup-    0  E_tx   0.000 Wh  solar    0.00 Wh  SOC 100.0%  deaths 0  [grid]
  ragged_mtn             tx  8386  rx      0  col    0  dup-    0  E_tx   1.618 Wh  solar  781.99 Wh  SOC 100.0%  deaths 7  [solar]
  gunstock_top           tx   941  rx  40401  col  479  dup-  147  E_tx   0.209 Wh  solar    0.00 Wh  SOC 100.0%  deaths 0  [grid]
  major_summit           tx  9282  rx  29500  col  250  dup-  147  E_tx   1.818 Wh  solar  767.57 Wh  SOC 100.0%  deaths 7  [solar]
  shaw_summit            tx  8225  rx   9231  col  100  dup-    0  E_tx   1.587 Wh  solar  767.18 Wh  SOC 100.0%  deaths 8  [solar]
  monadnock_hq           tx   234  rx  24515  col   94  dup-   42  E_tx   0.052 Wh  solar    0.00 Wh  SOC 100.0%  deaths 0  [grid]
  monadnock_summit       tx  8761  rx  12733  col   18  dup-    9  E_tx   1.692 Wh  solar  795.79 Wh  SOC 100.0%  deaths 4  [solar]
  dublin_th              tx  8744  rx  11631  col    8  dup-   14  E_tx   1.692 Wh  solar  790.09 Wh  SOC 100.0%  deaths 5  [solar]
  miller_hq              tx     0  rx   9877  col    4  dup-    0  E_tx   0.000 Wh  solar    0.00 Wh  SOC 100.0%  deaths 0  [grid]
  pack_monadnock         tx  6671  rx   3449  col    0  dup-    0  E_tx   1.288 Wh  solar  795.21 Wh  SOC  6.1%  deaths 245  [solar]
  smarts_mtn             tx  8075  rx  10276  col    7  dup-    0  E_tx   1.554 Wh  solar  757.29 Wh  SOC 100.0%  deaths 8  [solar]
  lyme_dorchester_th     tx 12576  rx  13531  col   11  dup-    0  E_tx   2.415 Wh  solar  778.44 Wh  SOC  6.3%  deaths 217  [solar]
  winslow_hq             tx     2  rx  12300  col    1  dup-    0  E_tx   0.000 Wh  solar    0.00 Wh  SOC 100.0%  deaths 0  [grid]
  kearsarge_summit       tx  8670  rx   3725  col    2  dup-    0  E_tx   1.671 Wh  solar  791.17 Wh  SOC 100.0%  deaths 6  [solar]
  cranmore_top           tx     0  rx  17161  col  116  dup-    0  E_tx   0.000 Wh  solar    0.00 Wh  SOC 100.0%  deaths 0  [grid]
  kearsarge_north        tx  8444  rx  16561  col  443  dup-    0  E_tx   1.632 Wh  solar  783.94 Wh  SOC 100.0%  deaths 6  [solar]
  pawtuckaway_hq         tx     0  rx   8481  col    0  dup-    0  E_tx   0.000 Wh  solar    0.00 Wh  SOC 100.0%  deaths 0  [grid]
  pawtuckaway_tower      tx  8501  rx      0  col    0  dup-    0  E_tx   1.628 Wh  solar  793.61 Wh  SOC 100.0%  deaths 5  [solar]
  pisgah_hq              tx     0  rx  25377  col    2  dup-    0  E_tx   0.000 Wh  solar    0.00 Wh  SOC 100.0%  deaths 0  [grid]
  pisgah_ridge           tx  8460  rx  17624  col    2  dup-    0  E_tx   1.620 Wh  solar  789.49 Wh  SOC 100.0%  deaths 6  [solar]
  uncanoonuc_s           tx     0  rx      0  col    0  dup-    0  E_tx   0.000 Wh  solar    0.00 Wh  SOC 100.0%  deaths 0  [grid]
  blue_job               tx     0  rx      0  col    0  dup-    0  E_tx   0.000 Wh  solar    0.00 Wh  SOC 100.0%  deaths 0  [grid]
  balsams_gateway        tx     0  rx   7759  col    0  dup-    0  E_tx   0.000 Wh  solar    0.00 Wh  SOC 100.0%  deaths 0  [grid]
  table_rock             tx  7759  rx      0  col    0  dup-    0  E_tx   1.492 Wh  solar  721.45 Wh  SOC 100.0%  deaths 12  [solar]
  pittsburg_village      tx     0  rx    306  col    0  dup-    0  E_tx   0.000 Wh  solar    0.00 Wh  SOC 100.0%  deaths 0  [grid]
  magalloway_tower       tx     0  rx      0  col    0  dup-    0  E_tx   0.000 Wh  solar  729.53 Wh  SOC  5.6%  deaths 237  [solar]
  pulpit_rock            tx 29430  rx  83539  col 4150  dup-  838  E_tx   5.996 Wh  solar 4199.31 Wh  SOC 99.0%  deaths 42  [solar]
  tremont_summit         tx 11774  rx  25865  col  195  dup-  482  E_tx   2.354 Wh  solar  748.55 Wh  SOC 99.8%  deaths 7  [solar]
  noon_peak              tx 10431  rx  39964  col  218  dup-  449  E_tx   2.087 Wh  solar  715.65 Wh  SOC 99.9%  deaths 11  [solar]
  dickey_ledges          tx 10056  rx  14035  col   56  dup-   23  E_tx   1.981 Wh  solar  740.25 Wh  SOC 99.8%  deaths 7  [solar]
  tecumseh_ski_top       tx  2902  rx  72894  col  878  dup-  414  E_tx   0.642 Wh  solar    0.00 Wh  SOC 100.0%  deaths 0  [grid]
  blue_ridge_ledge       tx  9324  rx  18140  col   28  dup-    4  E_tx   1.820 Wh  solar 4987.93 Wh  SOC 100.0%  deaths 0  [solar]
  north_carter           tx 12716  rx  52240  col 1334  dup- 1032  E_tx   2.572 Wh  solar  735.83 Wh  SOC 99.8%  deaths 9  [solar]
  the_horn               tx 35262  rx  33305  col   30  dup-    0  E_tx   6.786 Wh  solar 4657.16 Wh  SOC 99.0%  deaths 28  [solar]
  victor_head            tx  8239  rx  39050  col   31  dup-    0  E_tx   1.587 Wh  solar  765.30 Wh  SOC 100.0%  deaths 8  [solar]
  ragged_ski_base        tx     0  rx   8387  col    0  dup-    0  E_tx   0.000 Wh  solar    0.00 Wh  SOC 100.0%  deaths 0  [grid]
  castle_clouds          tx     0  rx  32328  col   69  dup-    0  E_tx   0.000 Wh  solar    0.00 Wh  SOC 100.0%  deaths 0  [grid]
  dartmouth_skiway       tx     0  rx  17761  col    9  dup-    0  E_tx   0.000 Wh  solar    0.00 Wh  SOC 100.0%  deaths 0  [grid]
  holts_ledge            tx  8448  rx  15393  col    9  dup-    0  E_tx   1.625 Wh  solar  775.68 Wh  SOC 100.0%  deaths 6  [solar]
  first_lake_dam         tx     0  rx   1103  col    0  dup-    0  E_tx   0.000 Wh  solar    0.00 Wh  SOC 100.0%  deaths 0  [grid]
  moosilauke_s_peak      tx 33789  rx  37784  col  834  dup-  110  E_tx   6.527 Wh  solar 5232.10 Wh  SOC 99.9%  deaths 21  [solar]
  belknap_summit         tx  9385  rx  25216  col   60  dup-  143  E_tx   1.830 Wh  solar  787.45 Wh  SOC 100.0%  deaths 6  [solar]
  newbury_station        tx     0  rx    129  col    0  dup-    0  E_tx   0.000 Wh  solar    0.00 Wh  SOC 100.0%  deaths 0  [grid]
  kilkenny_lookout       tx  8331  rx  43081  col   27  dup-    0  E_tx   1.603 Wh  solar  746.21 Wh  SOC 99.8%  deaths 7  [solar]
  stark_village          tx     0  rx  61874  col   58  dup-    0  E_tx   0.000 Wh  solar    0.00 Wh  SOC 100.0%  deaths 0  [grid]
  signal_ridge           tx 17083  rx 139464  col 1194  dup-  672  E_tx   3.462 Wh  solar 4833.72 Wh  SOC 100.0%  deaths 0  [solar]
  white_ledge_cg         tx   369  rx  31670  col   66  dup-   12  E_tx   0.084 Wh  solar    0.00 Wh  SOC 100.0%  deaths 0  [grid]
  notchland_inn          tx  5251  rx 124833  col 1462  dup-  616  E_tx   1.160 Wh  solar    0.00 Wh  SOC 100.0%  deaths 0  [grid]
  mt_hight               tx 20810  rx  81609  col 1881  dup- 1290  E_tx   4.347 Wh  solar 4550.05 Wh  SOC 100.0%  deaths 0  [solar]
  south_carter           tx 22859  rx 130992  col 24216  dup- 3955  E_tx   4.690 Wh  solar 4510.48 Wh  SOC 99.9%  deaths 17  [solar]
  piper_mtn_belknap      tx  9291  rx  26446  col   87  dup-  172  E_tx   1.816 Wh  solar  776.94 Wh  SOC 100.0%  deaths 7  [solar]
  jennings_peak          tx 15326  rx  53252  col 1097  dup-   99  E_tx   3.012 Wh  solar  760.61 Wh  SOC 18.6%  deaths 113  [solar]
  welch_ledges           tx 10130  rx  21321  col  433  dup-   28  E_tx   2.003 Wh  solar  781.75 Wh  SOC 100.0%  deaths 6  [solar]
  the_bulge              tx  6123  rx  23372  col   28  dup-    0  E_tx   1.174 Wh  solar  733.40 Wh  SOC  5.6%  deaths 236  [solar]
  turtleback_mtn         tx 11830  rx  30907  col  151  dup-    0  E_tx   2.288 Wh  solar  768.21 Wh  SOC 99.0%  deaths 21  [solar]
  lambert_ridge          tx  8382  rx  16431  col   57  dup-    0  E_tx   1.619 Wh  solar  763.77 Wh  SOC 99.9%  deaths 7  [solar]
  black_cap              tx 10003  rx  19975  col  896  dup-    0  E_tx   1.927 Wh  solar  777.49 Wh  SOC  5.4%  deaths 213  [solar]
  second_lake_dam        tx     0  rx      0  col    0  dup-    0  E_tx   0.000 Wh  solar    0.00 Wh  SOC 100.0%  deaths 0  [grid]
  middle_carter          tx 14640  rx  89443  col 5703  dup- 1181  E_tx   2.997 Wh  solar  759.14 Wh  SOC 99.9%  deaths 7  [solar]
  zeta_pass              tx 12909  rx  47005  col 1041  dup-  840  E_tx   2.649 Wh  solar  684.96 Wh  SOC 99.8%  deaths 8  [solar]
  smarts_ranger_ledge    tx  9709  rx  18797  col    9  dup-    0  E_tx   1.866 Wh  solar  772.66 Wh  SOC  6.1%  deaths 236  [solar]
  hurricane_col          tx  6879  rx  19454  col   10  dup-    0  E_tx   1.325 Wh  solar  770.86 Wh  SOC  5.8%  deaths 208  [solar]
  cranmore_ledge         tx 12501  rx  17834  col   16  dup-    0  E_tx   2.401 Wh  solar  766.86 Wh  SOC  6.0%  deaths 235  [solar]
  bald_knob_ossipee      tx 15822  rx  30207  col  193  dup-    0  E_tx   3.045 Wh  solar  765.04 Wh  SOC 93.4%  deaths 33  [solar]
  mt_roberts             tx 15610  rx  34119  col 1175  dup-    0  E_tx   3.011 Wh  solar  782.35 Wh  SOC  6.0%  deaths 236  [solar]
  faraway_ledge          tx 11195  rx  32758  col  316  dup-    0  E_tx   2.161 Wh  solar  773.01 Wh  SOC 100.0%  deaths 12  [solar]
  ossipee_saddle         tx  9789  rx  30416  col  361  dup-    0  E_tx   1.890 Wh  solar  766.01 Wh  SOC  5.8%  deaths 219  [solar]
  black_snout            tx  6932  rx  17641  col   73  dup-    0  E_tx   1.343 Wh  solar  767.93 Wh  SOC  5.4%  deaths 206  [solar]
  rockywold_camps        tx   284  rx  20788  col   18  dup-    3  E_tx   0.063 Wh  solar    0.00 Wh  SOC 100.0%  deaths 0  [grid]
  morgan_percival        tx  8801  rx  19032  col   28  dup-    7  E_tx   1.710 Wh  solar  771.70 Wh  SOC 99.9%  deaths 7  [solar]
  rattlesnake_west       tx  6281  rx  12854  col   12  dup-    4  E_tx   1.209 Wh  solar  782.58 Wh  SOC  6.2%  deaths 224  [solar]
  red_hill_tower         tx  9457  rx   8323  col   10  dup-    3  E_tx   1.817 Wh  solar  774.69 Wh  SOC  5.4%  deaths 230  [solar]
  rumney_village         tx   306  rx   7485  col    7  dup-    0  E_tx   0.068 Wh  solar    0.00 Wh  SOC 100.0%  deaths 0  [grid]
  stinson_summit         tx  8316  rx     85  col    0  dup-    0  E_tx   1.616 Wh  solar  763.05 Wh  SOC 100.0%  deaths 6  [solar]
  rattlesnake_rumney     tx 10409  rx  12972  col   15  dup-    7  E_tx   2.023 Wh  solar  783.47 Wh  SOC 100.0%  deaths 6  [solar]
  rumney_cliff_top       tx  8711  rx  12912  col   45  dup-   23  E_tx   1.685 Wh  solar  785.89 Wh  SOC 100.0%  deaths 6  [solar]
  loon_summit            tx  3017  rx  26254  col   67  dup-   11  E_tx   0.667 Wh  solar    0.00 Wh  SOC 100.0%  deaths 0  [grid]
  owls_head_slide        tx  1159  rx   9072  col  104  dup-   40  E_tx   0.242 Wh  solar    0.00 Wh  SOC  0.0%  deaths 1  [battery]
  thirteen_falls         tx  1092  rx   5259  col   99  dup-   38  E_tx   0.222 Wh  solar    0.00 Wh  SOC  0.0%  deaths 1  [battery]
  mt_hale                tx 19079  rx  57910  col 1422  dup-  229  E_tx   3.969 Wh  solar 5023.11 Wh  SOC 100.0%  deaths 0  [solar]
  twin_mountain_village  tx  5075  rx  53792  col  674  dup-  150  E_tx   1.121 Wh  solar    0.00 Wh  SOC 100.0%  deaths 0  [grid]
  sugarloaf_middle       tx 16920  rx  42258  col 1280  dup-  100  E_tx   3.517 Wh  solar  728.35 Wh  SOC 99.8%  deaths 8  [solar]
  isolation_davis        tx  1651  rx   9165  col  507  dup-  197  E_tx   0.344 Wh  solar    0.00 Wh  SOC  0.0%  deaths 1  [battery]
  wild_river_cg          tx 11201  rx 151559  col 10759  dup- 1410  E_tx   2.483 Wh  solar    0.00 Wh  SOC 100.0%  deaths 0  [grid]
  wild_river_blue_brook  tx  1458  rx   9680  col  597  dup-   80  E_tx   0.305 Wh  solar    0.00 Wh  SOC  0.0%  deaths 1  [battery]
  north_baldface         tx 11568  rx  26713  col   29  dup-   50  E_tx   2.320 Wh  solar  708.26 Wh  SOC 99.7%  deaths 8  [solar]
  jackson_village        tx    62  rx  11359  col    5  dup-    0  E_tx   0.013 Wh  solar    0.00 Wh  SOC 100.0%  deaths 0  [grid]
  doublehead_n           tx  8640  rx   5185  col   26  dup-    0  E_tx   1.682 Wh  solar  773.76 Wh  SOC 100.0%  deaths 7  [solar]
  iron_mtn               tx  8259  rx   8922  col    0  dup-    1  E_tx   1.595 Wh  solar  761.94 Wh  SOC 99.9%  deaths 8  [solar]
  mt_cube                tx  8216  rx   8213  col    0  dup-    0  E_tx   1.584 Wh  solar  769.95 Wh  SOC 100.0%  deaths 8  [solar]
  mead_base              tx   382  rx  25879  col   36  dup-   24  E_tx   0.084 Wh  solar    0.00 Wh  SOC 100.0%  deaths 0  [grid]
  mt_israel              tx 10333  rx  42930  col  378  dup-   72  E_tx   2.051 Wh  solar  782.98 Wh  SOC 99.9%  deaths 6  [solar]
  flat_mtn_pond          tx   853  rx   5579  col   80  dup-    6  E_tx   0.167 Wh  solar    0.00 Wh  SOC  0.0%  deaths 1  [battery]
  green_mtn_effingham    tx     0  rx      0  col    0  dup-    0  E_tx   0.000 Wh  solar  755.48 Wh  SOC  6.1%  deaths 236  [solar]
  bear_brook_hq          tx     0  rx  11841  col    1  dup-    0  E_tx   0.000 Wh  solar    0.00 Wh  SOC 100.0%  deaths 0  [grid]
  bear_brook_tower       tx  8449  rx   3258  col    1  dup-    0  E_tx   1.620 Wh  solar  789.56 Wh  SOC 100.0%  deaths 6  [solar]
  crotched_base          tx     0  rx   8477  col    0  dup-    0  E_tx   0.000 Wh  solar    0.00 Wh  SOC 100.0%  deaths 0  [grid]
  crotched_summit        tx  8477  rx      0  col    0  dup-    0  E_tx   1.638 Wh  solar  774.20 Wh  SOC 100.0%  deaths 5  [solar]
  temple_mtn_ledges      tx  8501  rx   7211  col    4  dup-    0  E_tx   1.633 Wh  solar  793.10 Wh  SOC 100.0%  deaths 5  [solar]
  washington_town        tx     0  rx  36674  col  312  dup-    0  E_tx   0.000 Wh  solar    0.00 Wh  SOC 100.0%  deaths 0  [grid]
  lovewell_mtn           tx 12477  rx  28535  col  110  dup-    0  E_tx   2.403 Wh  solar  790.46 Wh  SOC  7.2%  deaths 220  [solar]
  pillsbury_sp           tx  8495  rx  14502  col   64  dup-    0  E_tx   1.635 Wh  solar  789.08 Wh  SOC 100.0%  deaths 6  [solar]
  kilburn_th             tx  8490  rx  13118  col    2  dup-    0  E_tx   1.635 Wh  solar  794.62 Wh  SOC 100.0%  deaths 5  [solar]
  milan_hill             tx     0  rx      0  col    0  dup-    0  E_tx   0.000 Wh  solar    0.00 Wh  SOC 100.0%  deaths 0  [grid]
  sugarloaf_nash         tx  8404  rx  17040  col    1  dup-    0  E_tx   1.622 Wh  solar  773.51 Wh  SOC 100.0%  deaths 7  [solar]
  deer_mtn_pittsburg     tx  8388  rx      0  col    0  dup-    0  E_tx   1.617 Wh  solar  773.20 Wh  SOC 100.0%  deaths 7  [solar]
  champney_th            tx  8733  rx  15930  col    5  dup-    6  E_tx   1.687 Wh  solar  779.53 Wh  SOC 99.9%  deaths 6  [solar]
  buffalo_rd_lot         tx   253  rx  21002  col   34  dup-   18  E_tx   0.056 Wh  solar    0.00 Wh  SOC 100.0%  deaths 0  [grid]
  stinson_lake_gw        tx    27  rx   8445  col    0  dup-    0  E_tx   0.006 Wh  solar    0.00 Wh  SOC 100.0%  deaths 0  [grid]
  attitash_base          tx    25  rx  13706  col    4  dup-    0  E_tx   0.006 Wh  solar    0.00 Wh  SOC 100.0%  deaths 0  [grid]
  iron_s_ledge           tx  6219  rx  12444  col    5  dup-    0  E_tx   1.200 Wh  solar  726.65 Wh  SOC  6.1%  deaths 217  [solar]
  rocky_branch_knoll     tx 10180  rx  11998  col    6  dup-    0  E_tx   1.959 Wh  solar  778.98 Wh  SOC  5.6%  deaths 224  [solar]
  mt_cube_farm           tx     0  rx  16470  col    0  dup-    0  E_tx   0.000 Wh  solar    0.00 Wh  SOC 100.0%  deaths 0  [grid]
  cube_s_ledge           tx  8237  rx   8216  col    0  dup-    0  E_tx   1.588 Wh  solar  768.73 Wh  SOC 100.0%  deaths 8  [solar]
  deer_mtn_cg            tx     0  rx   8388  col    0  dup-    0  E_tx   0.000 Wh  solar    0.00 Wh  SOC 100.0%  deaths 0  [grid]
  millen_pond            tx 11902  rx  26963  col  216  dup-    0  E_tx   2.293 Wh  solar  790.49 Wh  SOC  6.2%  deaths 233  [solar]
  faxon_hill             tx  9634  rx  39955  col  257  dup-    0  E_tx   1.863 Wh  solar  786.88 Wh  SOC  7.2%  deaths 207  [solar]
  greenway_mid           tx  7936  rx  39126  col  420  dup-    0  E_tx   1.532 Wh  solar  776.46 Wh  SOC  5.7%  deaths 223  [solar]
  kittredge_hill         tx  8475  rx  38015  col  361  dup-    0  E_tx   1.634 Wh  solar  790.21 Wh  SOC 100.0%  deaths 5  [solar]
  bryant_ledge           tx  6559  rx  30407  col  306  dup-    0  E_tx   1.265 Wh  solar  783.93 Wh  SOC  6.0%  deaths 237  [solar]
  pisgah_w_knoll         tx  8466  rx  18331  col    4  dup-    0  E_tx   1.633 Wh  solar  776.76 Wh  SOC 99.9%  deaths 6  [solar]
  kilburn_ridge          tx  6592  rx   9383  col    1  dup-    0  E_tx   1.273 Wh  solar  789.54 Wh  SOC  6.1%  deaths 244  [solar]
  moose_mtn_at           tx  8446  rx   6529  col    4  dup-    0  E_tx   1.634 Wh  solar  770.55 Wh  SOC 99.9%  deaths 6  [solar]
  black_mtn_benton       tx  9133  rx  46150  col   33  dup-  192  E_tx   1.776 Wh  solar  784.51 Wh  SOC 100.0%  deaths 6  [solar]
  prospect_weeks         tx     0  rx      0  col    0  dup-    0  E_tx   0.000 Wh  solar    0.00 Wh  SOC 100.0%  deaths 0  [grid]
  moose_mtn_lodge        tx     0  rx   7932  col    4  dup-    0  E_tx   0.000 Wh  solar    0.00 Wh  SOC 100.0%  deaths 0  [grid]
  moose_s_ledge          tx  6561  rx   3486  col    0  dup-    0  E_tx   1.262 Wh  solar  786.65 Wh  SOC  6.0%  deaths 242  [solar]
  radio_gateway_marshfield_0 tx 12495  rx 140101  col 32348  dup-    0  E_tx   2.513 Wh  solar    0.00 Wh  SOC 100.0%  deaths 0  [battery]
  radio_gateway_marshfield_1 tx 12518  rx 118682  col 25848  dup-    0  E_tx   2.502 Wh  solar    0.00 Wh  SOC 100.0%  deaths 0  [battery]
  radio_gateway_marshfield_2 tx 12451  rx 117359  col 25037  dup-    0  E_tx   2.503 Wh  solar    0.00 Wh  SOC 100.0%  deaths 0  [battery]
  radio_gateway_marshfield_3 tx 14630  rx 166924  col 38163  dup-    0  E_tx   2.938 Wh  solar    0.00 Wh  SOC 100.0%  deaths 0  [battery]
  radio_pinkham_notch_vc_0 tx 14706  rx 170218  col 35226  dup-    0  E_tx   2.944 Wh  solar    0.00 Wh  SOC 100.0%  deaths 0  [battery]
  radio_pinkham_notch_vc_1 tx 12529  rx 103193  col 20612  dup-    0  E_tx   2.509 Wh  solar    0.00 Wh  SOC 100.0%  deaths 0  [battery]
  radio_pinkham_notch_vc_2 tx 10352  rx 123099  col 21184  dup-    0  E_tx   2.070 Wh  solar    0.00 Wh  SOC 100.0%  deaths 0  [battery]
  radio_pinkham_notch_vc_3 tx 10367  rx 145558  col 22350  dup-    0  E_tx   2.075 Wh  solar    0.00 Wh  SOC 100.0%  deaths 0  [battery]
  radio_highland_center_0 tx    36  rx    419  col  128  dup-    0  E_tx   0.008 Wh  solar    0.00 Wh  SOC 100.0%  deaths 0  [battery]
  radio_highland_center_1 tx    34  rx    412  col   91  dup-    0  E_tx   0.007 Wh  solar    0.00 Wh  SOC 100.0%  deaths 0  [battery]
  radio_highland_center_2 tx    34  rx    404  col  100  dup-    0  E_tx   0.007 Wh  solar    0.00 Wh  SOC 100.0%  deaths 0  [battery]
  radio_highland_center_3 tx    35  rx    425  col   81  dup-    0  E_tx   0.007 Wh  solar    0.00 Wh  SOC 100.0%  deaths 0  [battery]
  radio_appalachia_th_0  tx  9648  rx  62664  col 3401  dup-    0  E_tx   1.931 Wh  solar    0.00 Wh  SOC 100.0%  deaths 0  [battery]
  radio_appalachia_th_1  tx  9710  rx  62457  col 3253  dup-    0  E_tx   1.942 Wh  solar    0.00 Wh  SOC 100.0%  deaths 0  [battery]
  radio_appalachia_th_2  tx     0  rx      0  col    0  dup-    0  E_tx   0.000 Wh  solar    0.00 Wh  SOC 100.0%  deaths 0  [battery]
  radio_appalachia_th_3  tx     0  rx      0  col    0  dup-    0  E_tx   0.000 Wh  solar    0.00 Wh  SOC 100.0%  deaths 0  [battery]
  radio_glen_house_0     tx    35  rx    280  col   46  dup-    0  E_tx   0.007 Wh  solar    0.00 Wh  SOC 100.0%  deaths 0  [battery]
  radio_glen_house_1     tx    34  rx    283  col   66  dup-    0  E_tx   0.007 Wh  solar    0.00 Wh  SOC 100.0%  deaths 0  [battery]
  radio_glen_house_2     tx    35  rx    296  col   46  dup-    0  E_tx   0.007 Wh  solar    0.00 Wh  SOC 100.0%  deaths 0  [battery]
  radio_glen_house_3     tx    34  rx    312  col   75  dup-    0  E_tx   0.007 Wh  solar    0.00 Wh  SOC 100.0%  deaths 0  [battery]
  radio_great_gulf_th_0  tx  5971  rx  53397  col 8326  dup-    0  E_tx   1.191 Wh  solar    0.00 Wh  SOC 100.0%  deaths 0  [battery]
  radio_great_gulf_th_1  tx  5952  rx  78862  col 15960  dup-    0  E_tx   1.190 Wh  solar    0.00 Wh  SOC 100.0%  deaths 0  [battery]
  radio_great_gulf_th_2  tx     0  rx      0  col    0  dup-    0  E_tx   0.000 Wh  solar    0.00 Wh  SOC 100.0%  deaths 0  [battery]
  radio_great_gulf_th_3  tx     0  rx      0  col    0  dup-    0  E_tx   0.000 Wh  solar    0.00 Wh  SOC 100.0%  deaths 0  [battery]
  radio_lafayette_place_0 tx  3117  rx  10029  col  314  dup-    0  E_tx   0.618 Wh  solar    0.00 Wh  SOC 100.0%  deaths 0  [battery]
  radio_lafayette_place_1 tx  9299  rx  52042  col 9653  dup-    0  E_tx   1.859 Wh  solar    0.00 Wh  SOC 100.0%  deaths 0  [battery]
  radio_lafayette_place_2 tx  3123  rx  22551  col 2555  dup-    0  E_tx   0.620 Wh  solar    0.00 Wh  SOC 100.0%  deaths 0  [battery]
  radio_lafayette_place_3 tx  9329  rx  57374  col 11188  dup-    0  E_tx   1.855 Wh  solar    0.00 Wh  SOC 100.0%  deaths 0  [battery]
  radio_lafayette_place_4 tx     0  rx      0  col    0  dup-    0  E_tx   0.000 Wh  solar    0.00 Wh  SOC 100.0%  deaths 0  [battery]
  radio_lafayette_place_5 tx     0  rx      0  col    0  dup-    0  E_tx   0.000 Wh  solar    0.00 Wh  SOC 100.0%  deaths 0  [battery]
  radio_lincoln_woods_th_0 tx  8929  rx  27982  col 1079  dup-    0  E_tx   1.792 Wh  solar    0.00 Wh  SOC 100.0%  deaths 0  [battery]
  radio_lincoln_woods_th_1 tx 17300  rx  76001  col 3663  dup-    0  E_tx   3.466 Wh  solar    0.00 Wh  SOC 100.0%  deaths 0  [battery]
  radio_lincoln_woods_th_2 tx  8934  rx  27246  col 1346  dup-    0  E_tx   1.780 Wh  solar    0.00 Wh  SOC 100.0%  deaths 0  [battery]
  radio_lincoln_woods_th_3 tx 17302  rx  78839  col 3450  dup-    0  E_tx   3.473 Wh  solar    0.00 Wh  SOC 100.0%  deaths 0  [battery]
  radio_lincoln_woods_th_4 tx     0  rx      0  col    0  dup-    0  E_tx   0.000 Wh  solar    0.00 Wh  SOC 100.0%  deaths 0  [battery]
  radio_lincoln_woods_th_5 tx     0  rx      0  col    0  dup-    0  E_tx   0.000 Wh  solar    0.00 Wh  SOC 100.0%  deaths 0  [battery]
  radio_ravine_lodge_0   tx  6447  rx  11543  col  531  dup-    0  E_tx   1.286 Wh  solar    0.00 Wh  SOC 100.0%  deaths 0  [battery]
  radio_ravine_lodge_1   tx  6484  rx  11572  col  496  dup-    0  E_tx   1.299 Wh  solar    0.00 Wh  SOC 100.0%  deaths 0  [battery]
  radio_ravine_lodge_2   tx     0  rx      0  col    0  dup-    0  E_tx   0.000 Wh  solar    0.00 Wh  SOC 100.0%  deaths 0  [battery]
  radio_ravine_lodge_3   tx     0  rx      0  col    0  dup-    0  E_tx   0.000 Wh  solar    0.00 Wh  SOC 100.0%  deaths 0  [battery]
  radio_waterville_valley_0 tx 20152  rx  36646  col 1950  dup-    0  E_tx   4.052 Wh  solar    0.00 Wh  SOC 100.0%  deaths 0  [battery]
  radio_waterville_valley_1 tx 20151  rx  37887  col 2104  dup-    0  E_tx   4.043 Wh  solar    0.00 Wh  SOC 100.0%  deaths 0  [battery]
  radio_waterville_valley_2 tx     0  rx      0  col    0  dup-    0  E_tx   0.000 Wh  solar    0.00 Wh  SOC 100.0%  deaths 0  [battery]
  radio_waterville_valley_3 tx     0  rx      0  col    0  dup-    0  E_tx   0.000 Wh  solar    0.00 Wh  SOC 100.0%  deaths 0  [battery]
  radio_piper_th_0       tx  3652  rx   5506  col  130  dup-    0  E_tx   0.727 Wh  solar    0.00 Wh  SOC 100.0%  deaths 0  [battery]
  radio_piper_th_1       tx  3681  rx   5924  col  139  dup-    0  E_tx   0.734 Wh  solar    0.00 Wh  SOC 100.0%  deaths 0  [battery]
  radio_piper_th_2       tx     0  rx      0  col    0  dup-    0  E_tx   0.000 Wh  solar    0.00 Wh  SOC 100.0%  deaths 0  [battery]
  radio_piper_th_3       tx     0  rx      0  col    0  dup-    0  E_tx   0.000 Wh  solar    0.00 Wh  SOC 100.0%  deaths 0  [battery]
  radio_sawyer_river_th_0 tx  7517  rx  26389  col  413  dup-    0  E_tx   1.509 Wh  solar    0.00 Wh  SOC 100.0%  deaths 0  [battery]
  radio_sawyer_river_th_1 tx  7547  rx  32591  col  537  dup-    0  E_tx   1.509 Wh  solar    0.00 Wh  SOC 100.0%  deaths 0  [battery]
  radio_sawyer_river_th_2 tx     0  rx      0  col    0  dup-    0  E_tx   0.000 Wh  solar    0.00 Wh  SOC 100.0%  deaths 0  [battery]
  radio_sawyer_river_th_3 tx     0  rx      0  col    0  dup-    0  E_tx   0.000 Wh  solar    0.00 Wh  SOC 100.0%  deaths 0  [battery]
  radio_monadnock_hq_0   tx  3801  rx   3004  col  106  dup-    0  E_tx   0.753 Wh  solar    0.00 Wh  SOC 100.0%  deaths 0  [battery]
  radio_monadnock_hq_1   tx  3801  rx   3019  col   99  dup-    0  E_tx   0.752 Wh  solar    0.00 Wh  SOC 100.0%  deaths 0  [battery]
  radio_monadnock_hq_2   tx     0  rx      0  col    0  dup-    0  E_tx   0.000 Wh  solar    0.00 Wh  SOC 100.0%  deaths 0  [battery]
  radio_monadnock_hq_3   tx     0  rx      0  col    0  dup-    0  E_tx   0.000 Wh  solar    0.00 Wh  SOC 100.0%  deaths 0  [battery]
  radio_cardigan_lodge_0 tx  3929  rx   2518  col    0  dup-    0  E_tx   0.784 Wh  solar    0.00 Wh  SOC 100.0%  deaths 0  [battery]
  radio_cardigan_lodge_1 tx  3925  rx   2565  col   12  dup-    0  E_tx   0.791 Wh  solar    0.00 Wh  SOC 100.0%  deaths 0  [battery]
  radio_cardigan_lodge_2 tx     0  rx      0  col    0  dup-    0  E_tx   0.000 Wh  solar    0.00 Wh  SOC 100.0%  deaths 0  [battery]
  radio_cardigan_lodge_3 tx     0  rx      0  col    0  dup-    0  E_tx   0.000 Wh  solar    0.00 Wh  SOC 100.0%  deaths 0  [battery]
  radio_gunstock_top_0   tx  7320  rx  10459  col  408  dup-    0  E_tx   1.461 Wh  solar    0.00 Wh  SOC 100.0%  deaths 0  [battery]
  radio_gunstock_top_1   tx  7301  rx  10332  col  341  dup-    0  E_tx   1.459 Wh  solar    0.00 Wh  SOC 100.0%  deaths 0  [battery]
  radio_gunstock_top_2   tx     0  rx      0  col    0  dup-    0  E_tx   0.000 Wh  solar    0.00 Wh  SOC 100.0%  deaths 0  [battery]
  radio_gunstock_top_3   tx     0  rx      0  col    0  dup-    0  E_tx   0.000 Wh  solar    0.00 Wh  SOC 100.0%  deaths 0  [battery]
  radio_winslow_hq_0     tx  3862  rx    962  col    1  dup-    0  E_tx   0.765 Wh  solar    0.00 Wh  SOC 100.0%  deaths 0  [battery]
  radio_winslow_hq_1     tx     0  rx      0  col    0  dup-    0  E_tx   0.000 Wh  solar    0.00 Wh  SOC 100.0%  deaths 0  [battery]
  radio_winslow_hq_2     tx     0  rx      0  col    0  dup-    0  E_tx   0.000 Wh  solar    0.00 Wh  SOC 100.0%  deaths 0  [battery]
  radio_winslow_hq_3     tx     0  rx      0  col    0  dup-    0  E_tx   0.000 Wh  solar    0.00 Wh  SOC 100.0%  deaths 0  [battery]
  radio_miller_hq_0      tx  3181  rx    220  col    0  dup-    0  E_tx   0.626 Wh  solar    0.00 Wh  SOC 100.0%  deaths 0  [battery]
  radio_miller_hq_1      tx     0  rx      0  col    0  dup-    0  E_tx   0.000 Wh  solar    0.00 Wh  SOC 100.0%  deaths 0  [battery]
  radio_miller_hq_2      tx     0  rx      0  col    0  dup-    0  E_tx   0.000 Wh  solar    0.00 Wh  SOC 100.0%  deaths 0  [battery]
  radio_miller_hq_3      tx     0  rx      0  col    0  dup-    0  E_tx   0.000 Wh  solar    0.00 Wh  SOC 100.0%  deaths 0  [battery]
  radio_rockywold_camps_0 tx  4194  rx   3329  col  158  dup-    0  E_tx   0.843 Wh  solar    0.00 Wh  SOC 100.0%  deaths 0  [battery]
  radio_rockywold_camps_1 tx  4184  rx   3385  col   77  dup-    0  E_tx   0.831 Wh  solar    0.00 Wh  SOC 100.0%  deaths 0  [battery]
  radio_rockywold_camps_2 tx     0  rx      0  col    0  dup-    0  E_tx   0.000 Wh  solar    0.00 Wh  SOC 100.0%  deaths 0  [battery]
  radio_rockywold_camps_3 tx     0  rx      0  col    0  dup-    0  E_tx   0.000 Wh  solar    0.00 Wh  SOC 100.0%  deaths 0  [battery]
  radio_rumney_village_0 tx  4192  rx   3803  col  106  dup-    0  E_tx   0.824 Wh  solar    0.00 Wh  SOC 100.0%  deaths 0  [battery]
  radio_rumney_village_1 tx  4199  rx   3747  col  117  dup-    0  E_tx   0.839 Wh  solar    0.00 Wh  SOC 100.0%  deaths 0  [battery]
  radio_rumney_village_2 tx     0  rx      0  col    0  dup-    0  E_tx   0.000 Wh  solar    0.00 Wh  SOC 100.0%  deaths 0  [battery]
  radio_rumney_village_3 tx     0  rx      0  col    0  dup-    0  E_tx   0.000 Wh  solar    0.00 Wh  SOC 100.0%  deaths 0  [battery]
  radio_glen_ellis_0     tx 17704  rx 168044  col 29775  dup-    0  E_tx   3.551 Wh  solar    0.00 Wh  SOC 100.0%  deaths 0  [battery]
  radio_glen_ellis_1     tx 17675  rx 156266  col 27556  dup-    0  E_tx   3.548 Wh  solar    0.00 Wh  SOC 100.0%  deaths 0  [battery]
  radio_glen_ellis_2     tx     0  rx      0  col    0  dup-    0  E_tx   0.000 Wh  solar    0.00 Wh  SOC 100.0%  deaths 0  [battery]
  radio_glen_ellis_3     tx     0  rx      0  col    0  dup-    0  E_tx   0.000 Wh  solar    0.00 Wh  SOC 100.0%  deaths 0  [battery]
  radio_twin_mountain_village_0 tx 21034  rx  62794  col 4873  dup-    0  E_tx   4.227 Wh  solar    0.00 Wh  SOC 100.0%  deaths 0  [battery]
  radio_twin_mountain_village_1 tx 21089  rx  59301  col 4279  dup-    0  E_tx   4.233 Wh  solar    0.00 Wh  SOC 98.9%  deaths 0  [battery]
  radio_twin_mountain_village_2 tx     0  rx      0  col    0  dup-    0  E_tx   0.000 Wh  solar    0.00 Wh  SOC 100.0%  deaths 0  [battery]
  radio_twin_mountain_village_3 tx     0  rx      0  col    0  dup-    0  E_tx   0.000 Wh  solar    0.00 Wh  SOC 100.0%  deaths 0  [battery]
  radio_wild_river_cg_0  tx 14476  rx  51859  col 6783  dup-    0  E_tx   2.903 Wh  solar    0.00 Wh  SOC 100.0%  deaths 0  [battery]
  radio_wild_river_cg_1  tx 14450  rx  49566  col 5982  dup-    0  E_tx   2.898 Wh  solar    0.00 Wh  SOC 100.0%  deaths 0  [battery]
  radio_wild_river_cg_2  tx     0  rx      0  col    0  dup-    0  E_tx   0.000 Wh  solar    0.00 Wh  SOC 100.0%  deaths 0  [battery]
  radio_wild_river_cg_3  tx     0  rx      0  col    0  dup-    0  E_tx   0.000 Wh  solar    0.00 Wh  SOC 100.0%  deaths 0  [battery]
  radio_bear_brook_hq_0  tx  3393  rx    671  col    0  dup-    0  E_tx   0.674 Wh  solar    0.00 Wh  SOC 100.0%  deaths 0  [battery]
  radio_bear_brook_hq_1  tx     0  rx      0  col    0  dup-    0  E_tx   0.000 Wh  solar    0.00 Wh  SOC 100.0%  deaths 0  [battery]
  radio_bear_brook_hq_2  tx     0  rx      0  col    0  dup-    0  E_tx   0.000 Wh  solar    0.00 Wh  SOC 100.0%  deaths 0  [battery]
  radio_bear_brook_hq_3  tx     0  rx      0  col    0  dup-    0  E_tx   0.000 Wh  solar    0.00 Wh  SOC 100.0%  deaths 0  [battery]
wrote artifacts/sim/kiosk_trace_rotate_lb.jsonl, artifacts/sim/kiosk_summary_rotate_lb.json
