{
  "mode": "flood",
  "days": 365.0,
  "hop_limit": 3,
  "n_renters": 0,
  "rental": {
    "walker_days": 9125,
    "served": 9125,
    "starved": 0,
    "availability": 1.0,
    "mean_checkout_soc": 1.0
  },
  "fleet_energy": {
    "mean_duty": 1.0,
    "final_soc_std": 0.4222,
    "final_soc_min": 0.0461,
    "deaths_total": 28643,
    "relay_energy_gini": 0.5572,
    "soc_series_6h": [
      [
        0.25,
        0.953,
        0.953,
        0.953,
        0.0001
      ],
      [
        0.5,
        0.911,
        0.912,
        0.952,
        0.0165
      ],
      [
        0.75,
        0.915,
        0.917,
        0.999,
        0.0372
      ],
      [
        1.0,
        0.902,
        0.905,
        0.999,
        0.042
      ],
      [
        1.25,
        0.854,
        0.857,
        0.952,
        0.0425
      ],
      [
        1.5,
        0.814,
        0.819,
        0.964,
        0.0634
      ],
      [
        1.75,
        0.833,
        0.838,
        0.999,
        0.0735
      ],
      [
        2.0,
        0.829,
        0.837,
        0.999,
        0.0734
      ],
      [
        2.25,
        0.781,
        0.789,
        0.952,
        0.0738
      ],
      [
        2.5,
        0.74,
        0.749,
        0.955,
        0.0924
      ],
      [
        2.75,
        0.753,
        0.763,
        0.999,
        0.1082
      ],
      [
        3.0,
        0.745,
        0.758,
        0.999,
        0.1101
      ],
      [
        3.25,
        0.697,
        0.71,
        0.952,
        0.1105
      ],
      [
        3.5,
        0.655,
        0.669,
        0.947,
        0.1264
      ],
      [
        3.75,
        0.66,
        0.674,
        0.999,
        0.1488
      ],
      [
        4.0,
        0.648,
        0.664,
        0.999,
        0.1533
      ],
      [
        4.25,
        0.6,
        0.616,
        0.952,
        0.1537
      ],
      [
        4.5,
        0.559,
        0.576,
        0.959,
        0.1729
      ],
      [
        4.75,
        0.575,
        0.592,
        0.999,
        0.1864
      ],
      [
        5.0,
        0.569,
        0.59,
        0.999,
        0.1874
      ],
      [
        5.25,
        0.521,
        0.542,
        0.952,
        0.1878
      ],
      [
        5.5,
        0.48,
        0.502,
        0.958,
        0.2071
      ],
      [
        5.75,
        0.496,
        0.519,
        0.999,
        0.2204
      ],
      [
        6.0,
        0.492,
        0.517,
        0.999,
        0.2211
      ],
      [
        6.25,
        0.443,
        0.469,
        0.952,
        0.2215
      ],
      [
        6.5,
        0.403,
        0.43,
        0.966,
        0.243
      ],
      [
        6.75,
        0.426,
        0.454,
        0.999,
        0.2504
      ],
      [
        7.0,
        0.427,
        0.458,
        0.999,
        0.2486
      ],
      [
        7.25,
        0.379,
        0.41,
        0.952,
        0.249
      ],
      [
        7.5,
        0.336,
        0.369,
        0.949,
        0.2658
      ],
      [
        7.75,
        0.345,
        0.379,
        0.999,
        0.2855
      ],
      [
        8.0,
        0.337,
        0.372,
        0.999,
        0.2885
      ],
      [
        8.25,
        0.289,
        0.324,
        0.951,
        0.2886
      ],
      [
        8.5,
        0.245,
        0.281,
        0.936,
        0.3009
      ],
      [
        8.75,
        0.24,
        0.276,
        0.999,
        0.3325
      ],
      [
        9.0,
        0.221,
        0.259,
        0.998,
        0.3401
      ],
      [
        9.25,
        0.173,
        0.211,
        0.951,
        0.3402
      ],
      [
        9.5,
        0.129,
        0.167,
        0.931,
        0.3509
      ],
      [
        9.75,
        0.119,
        0.157,
        0.999,
        0.3866
      ],
      [
        10.0,
        0.096,
        0.136,
        0.998,
        0.3957
      ],
      [
        10.25,
        0.047,
        0.088,
        0.951,
        0.3957
      ],
      [
        10.5,
        0.009,
        0.048,
        0.96,
        0.4137
      ],
      [
        10.75,
        0.043,
        0.067,
        0.999,
        0.4239
      ],
      [
        11.0,
        0.041,
        0.067,
        0.999,
        0.4236
      ],
      [
        11.25,
        0.0,
        0.019,
        0.952,
        0.4225
      ],
      [
        11.5,
        0.006,
        0.008,
        0.953,
        0.4238
      ],
      [
        11.75,
        0.057,
        0.058,
        0.999,
        0.4239
      ],
      [
        12.0,
        0.05,
        0.054,
        0.999,
        0.4252
      ],
      [
        12.25,
        0.002,
        0.006,
        0.952,
        0.4254
      ],
      [
        12.5,
        0.006,
        0.008,
        0.952,
        0.4233
      ],
      [
        12.75,
        0.056,
        0.057,
        0.999,
        0.4242
      ],
      [
        13.0,
        0.049,
        0.053,
        0.999,
        0.426
      ],
      [
        13.25,
        0.001,
        0.004,
        0.951,
        0.4259
      ],
      [
        13.5,
        0.004,
        0.005,
        0.93,
        0.4162
      ],
      [
        13.75,
        0.042,
        0.043,
        0.999,
        0.4308
      ],
      [
        14.0,
        0.029,
        0.03,
        0.998,
        0.4355
      ],
      [
        14.25,
        0.0,
        0.0,
        0.951,
        0.4277
      ],
      [
        14.5,
        0.008,
        0.01,
        0.97,
        0.4284
      ],
      [
        14.75,
        0.068,
        0.069,
        0.999,
        0.4189
      ],
      [
        15.0,
        0.071,
        0.077,
        0.999,
        0.415
      ],
      [
        15.25,
        0.023,
        0.029,
        0.952,
        0.4153
      ],
      [
        15.5,
        0.007,
        0.01,
        0.963,
        0.4266
      ],
      [
        15.75,
        0.065,
        0.066,
        0.999,
        0.4204
      ],
      [
        16.0,
        0.065,
        0.07,
        0.999,
        0.4178
      ],
      [
        16.25,
        0.017,
        0.022,
        0.951,
        0.418
      ],
      [
        16.5,
        0.006,
        0.008,
        0.949,
        0.4221
      ],
      [
        16.75,
        0.056,
        0.057,
        0.999,
        0.4245
      ],
      [
        17.0,
        0.048,
        0.051,
        0.999,
        0.4265
      ],
      [
        17.25,
        0.0,
        0.003,
        0.951,
        0.4265
      ],
      [
        17.5,
        0.006,
        0.009,
        0.958,
        0.4247
      ],
      [
        17.75,
        0.061,
        0.062,
        0.999,
        0.4221
      ],
      [
        18.0,
        0.058,
        0.063,
        0.999,
        0.4212
      ],
      [
        18.25,
        0.01,
        0.015,
        0.951,
        0.4214
      ],
      [
        18.5,
        0.007,
        0.01,
        0.964,
        0.4266
      ],
      [
        18.75,
        0.067,
        0.069,
        0.999,
        0.4191
      ],
      [
        19.0,
        0.07,
        0.076,
        0.999,
        0.4156
      ],
      [
        19.25,
        0.021,
        0.028,
        0.951,
        0.4156
      ],
      [
        19.5,
        0.003,
        0.004,
        0.928,
        0.415
      ],
      [
        19.75,
        0.041,
        0.041,
        0.999,
        0.4314
      ],
      [
        20.0,
        0.029,
        0.03,
        0.998,
        0.4356
      ],
      [
        20.25,
        0.0,
        0.0,
        0.95,
        0.4273
      ],
      [
        20.5,
        0.005,
        0.007,
        0.944,
        0.4203
      ],
      [
        20.75,
        0.054,
        0.055,
        0.999,
        0.4255
      ],
      [
        21.0,
        0.042,
        0.046,
        0.999,
        0.4289
      ],
      [
        21.25,
        0.0,
        0.0,
        0.951,
        0.4274
      ],
      [
        21.5,
        0.007,
        0.009,
        0.962,
        0.4256
      ],
      [
        21.75,
        0.066,
        0.067,
        0.999,
        0.4201
      ],
      [
        22.0,
        0.066,
        0.072,
        0.999,
        0.4173
      ],
      [
        22.25,
        0.018,
        0.024,
        0.951,
        0.4174
      ],
      [
        22.5,
        0.007,
        0.01,
        0.964,
        0.4262
      ],
      [
        22.75,
        0.069,
        0.07,
        0.999,
        0.4187
      ],
      [
        23.0,
        0.072,
        0.078,
        0.999,
        0.4147
      ],
      [
        23.25,
        0.024,
        0.03,
        0.951,
        0.4148
      ],
      [
        23.5,
        0.007,
        0.01,
        0.962,
        0.4258
      ],
      [
        23.75,
        0.068,
        0.069,
        0.999,
        0.4189
      ],
      [
        24.0,
        0.07,
        0.077,
        0.999,
        0.4152
      ],
      [
        24.25,
        0.022,
        0.029,
        0.951,
        0.4151
      ],
      [
        24.5,
        0.004,
        0.004,
        0.929,
        0.4153
      ],
      [
        24.75,
        0.044,
        0.045,
        0.999,
        0.4296
      ],
      [
        25.0,
        0.029,
        0.031,
        0.998,
        0.4351
      ],
      [
        25.25,
        0.0,
        0.0,
        0.95,
        0.4272
      ],
      [
        25.5,
        0.007,
        0.01,
        0.964,
        0.4257
      ],
      [
        25.75,
        0.069,
        0.07,
        0.999,
        0.4186
      ],
      [
        26.0,
        0.072,
        0.078,
        0.999,
        0.4145
      ],
      [
        26.25,
        0.024,
        0.03,
        0.95,
        0.4145
      ],
      [
        26.5,
        0.004,
        0.005,
        0.932,
        0.4166
      ],
      [
        26.75,
        0.05,
        0.051,
        0.999,
        0.4271
      ],
      [
        27.0,
        0.033,
        0.035,
        0.998,
        0.4333
      ],
      [
        27.25,
        0.0,
        0.0,
        0.95,
        0.4271
      ],
      [
        27.5,
        0.006,
        0.008,
        0.955,
        0.423
      ],
      [
        27.75,
        0.062,
        0.063,
        0.999,
        0.4215
      ],
      [
        28.0,
        0.06,
        0.065,
        0.998,
        0.42
      ],
      [
        28.25,
        0.012,
        0.017,
        0.95,
        0.42
      ],
      [
        28.5,
        0.006,
        0.008,
        0.952,
        0.4224
      ],
      [
        28.75,
        0.062,
        0.063,
        0.999,
        0.4217
      ],
      [
        29.0,
        0.059,
        0.064,
        0.998,
        0.4203
      ],
      [
        29.25,
        0.011,
        0.016,
        0.95,
        0.4203
      ],
      [
        29.5,
        0.005,
        0.008,
        0.947,
        0.4208
      ],
      [
        29.75,
        0.059,
        0.06,
        0.999,
        0.4231
      ],
      [
        30.0,
        0.053,
        0.057,
        0.998,
        0.4233
      ],
      [
        30.25,
        0.004,
        0.009,
        0.95,
        0.4231
      ],
      [
        30.5,
        0.002,
        0.002,
        0.914,
        0.4095
      ],
      [
        30.75,
        0.023,
        0.023,
        0.999,
        0.4393
      ],
      [
        31.0,
        0.037,
        0.037,
        0.993,
        0.4306
      ],
      [
        31.25,
        0.037,
        0.037,
        0.945,
        0.4089
      ],
      [
        31.5,
        0.043,
        0.045,
        0.951,
        0.4043
      ],
      [
        31.75,
        0.074,
        0.075,
        0.999,
        0.4163
      ],
      [
        32.0,
        0.072,
        0.077,
        0.998,
        0.4146
      ],
      [
        32.25,
        0.023,
        0.029,
        0.95,
        0.4145
      ],
      [
        32.5,
        0.006,
        0.008,
        0.952,
        0.4221
      ],
      [
        32.75,
        0.064,
        0.065,
        0.999,
        0.4207
      ],
      [
        33.0,
        0.062,
        0.068,
        0.998,
        0.4185
      ],
      [
        33.25,
        0.014,
        0.02,
        0.95,
        0.4184
      ],
      [
        33.5,
        0.006,
        0.008,
        0.95,
        0.4216
      ],
      [
        33.75,
        0.063,
        0.065,
        0.999,
        0.421
      ],
      [
        34.0,
        0.061,
        0.066,
        0.998,
        0.4191
      ],
      [
        34.25,
        0.013,
        0.018,
        0.949,
        0.419
      ],
      [
        34.5,
        0.006,
        0.008,
        0.951,
        0.4217
      ],
      [
        34.75,
        0.065,
        0.066,
        0.999,
        0.4205
      ],
      [
        35.0,
        0.063,
        0.069,
        0.998,
        0.418
      ],
      [
        35.25,
        0.015,
        0.021,
        0.949,
        0.4179
      ],
      [
        35.5,
        0.004,
        0.006,
        0.935,
        0.4171
      ],
      [
        35.75,
        0.053,
        0.054,
        0.999,
        0.4257
      ],
      [
        36.0,
        0.041,
        0.044,
        0.997,
        0.4289
      ],
      [
        36.25,
        0.0,
        0.0,
        0.949,
        0.4264
      ],
      [
        36.5,
        0.004,
        0.005,
        0.931,
        0.4157
      ],
      [
        36.75,
        0.051,
        0.052,
        0.999,
        0.4267
      ],
      [
        37.0,
        0.035,
        0.038,
        0.997,
        0.4316
      ],
      [
        37.25,
        0.0,
        0.0,
        0.948,
        0.4264
      ],
      [
        37.5,
        0.005,
        0.007,
        0.944,
        0.4194
      ],
      [
        37.75,
        0.059,
        0.061,
        0.999,
        0.4228
      ],
      [
        38.0,
        0.053,
        0.058,
        0.997,
        0.4224
      ],
      [
        38.25,
        0.005,
        0.01,
        0.949,
        0.4223
      ],
      [
        38.5,
        0.004,
        0.005,
        0.932,
        0.4159
      ],
      [
        38.75,
        0.053,
        0.053,
        0.999,
        0.426
      ],
      [
        39.0,
        0.039,
        0.042,
        0.997,
        0.4296
      ],
      [
        39.25,
        0.0,
        0.0,
        0.948,
        0.4263
      ],
      [
        39.5,
        0.005,
        0.007,
        0.944,
        0.4194
      ],
      [
        39.75,
        0.061,
        0.062,
        0.999,
        0.4223
      ],
      [
        40.0,
        0.056,
        0.06,
        0.997,
        0.4213
      ],
      [
        40.25,
        0.007,
        0.012,
        0.948,
        0.4212
      ],
      [
        40.5,
        0.005,
        0.007,
        0.944,
        0.4194
      ],
      [
        40.75,
        0.062,
        0.063,
        0.999,
        0.4216
      ],
      [
        41.0,
        0.058,
        0.063,
        0.997,
        0.42
      ],
      [
        41.25,
        0.009,
        0.015,
        0.948,
        0.4199
      ],
      [
        41.5,
        0.005,
        0.007,
        0.943,
        0.4189
      ],
      [
        41.75,
        0.062,
        0.063,
        0.999,
        0.4218
      ],
      [
        42.0,
        0.057,
        0.062,
        0.996,
        0.4205
      ],
      [
        42.25,
        0.009,
        0.014,
        0.948,
        0.4204
      ],
      [
        42.5,
        0.005,
        0.007,
        0.941,
        0.4182
      ],
      [
        42.75,
        0.06,
        0.061,
        0.999,
        0.4226
      ],
      [
        43.0,
        0.053,
        0.059,
        0.996,
        0.4219
      ],
      [
        43.25,
        0.005,
        0.01,
        0.948,
        0.4218
      ],
      [
        43.5,
        0.004,
        0.006,
        0.937,
        0.417
      ],
      [
        43.75,
        0.057,
        0.058,
        0.999,
        0.4239
      ],
      [
        44.0,
        0.047,
        0.052,
        0.996,
        0.4245
      ],
      [
        44.25,
        0.0,
        0.004,
        0.947,
        0.4241
      ],
      [
        44.5,
        0.004,
        0.006,
        0.936,
        0.4166
      ],
      [
        44.75,
        0.057,
        0.058,
        0.999,
        0.424
      ],
      [
        45.0,
        0.047,
        0.052,
        0.996,
        0.4245
      ],
      [
        45.25,
        0.0,
        0.004,
        0.947,
        0.4242
      ],
      [
        45.5,
        0.005,
        0.007,
        0.942,
        0.4183
      ],
      [
        45.75,
        0.064,
        0.065,
        0.999,
        0.4209
      ],
      [
        46.0,
        0.06,
        0.066,
        0.996,
        0.4186
      ],
      [
        46.25,
        0.012,
        0.017,
        0.947,
        0.4185
      ],
      [
        46.5,
        0.005,
        0.007,
        0.942,
        0.418
      ],
      [
        46.75,
        0.064,
        0.065,
        0.999,
        0.4209
      ],
      [
        47.0,
        0.06,
        0.065,
        0.995,
        0.4186
      ],
      [
        47.25,
        0.012,
        0.017,
        0.947,
        0.4185
      ],
      [
        47.5,
        0.003,
        0.006,
        0.932,
        0.415
      ],
      [
        47.75,
        0.055,
        0.056,
        0.999,
        0.4249
      ],
      [
        48.0,
        0.043,
        0.047,
        0.995,
        0.4266
      ],
      [
        48.25,
        0.0,
        0.0,
        0.947,
        0.4253
      ],
      [
        48.5,
        0.004,
        0.007,
        0.94,
        0.4176
      ],
      [
        48.75,
        0.064,
        0.065,
        0.999,
        0.4208
      ],
      [
        49.0,
        0.06,
        0.066,
        0.995,
        0.4184
      ],
      [
        49.25,
        0.012,
        0.017,
        0.947,
        0.4183
      ],
      [
        49.5,
        0.004,
        0.006,
        0.933,
        0.4153
      ],
      [
        49.75,
        0.057,
        0.058,
        0.999,
        0.424
      ],
      [
        50.0,
        0.046,
        0.051,
        0.995,
        0.4247
      ],
      [
        50.25,
        0.0,
        0.003,
        0.946,
        0.4242
      ],
      [
        50.5,
        0.003,
        0.004,
        0.918,
        0.4108
      ],
      [
        50.75,
        0.045,
        0.046,
        0.999,
        0.4293
      ],
      [
        51.0,
        0.028,
        0.03,
        0.994,
        0.4338
      ],
      [
        51.25,
        0.0,
        0.0,
        0.945,
        0.4252
      ],
      [
        51.5,
        0.004,
        0.007,
        0.939,
        0.4167
      ],
      [
        51.75,
        0.063,
        0.064,
        0.999,
        0.4212
      ],
      [
        52.0,
        0.057,
        0.063,
        0.994,
        0.419
      ],
      [
        52.25,
        0.009,
        0.015,
        0.946,
        0.4189
      ],
      [
        52.5,
        0.004,
        0.006,
        0.933,
        0.415
      ],
      [
        52.75,
        0.059,
        0.06,
        0.999,
        0.4231
      ],
      [
        53.0,
        0.049,
        0.055,
        0.994,
        0.4227
      ],
      [
        53.25,
        0.001,
        0.007,
        0.946,
        0.4225
      ],
      [
        53.5,
        0.003,
        0.005,
        0.927,
        0.4132
      ],
      [
        53.75,
        0.054,
        0.055,
        0.999,
        0.4252
      ],
      [
        54.0,
        0.04,
        0.045,
        0.994,
        0.4271
      ],
      [
        54.25,
        0.0,
        0.0,
        0.945,
        0.4248
      ],
      [
        54.5,
        0.003,
        0.004,
        0.924,
        0.4121
      ],
      [
        54.75,
        0.052,
        0.052,
        0.999,
        0.4263
      ],
      [
        55.0,
        0.035,
        0.038,
        0.993,
        0.4298
      ],
      [
        55.25,
        0.0,
        0.0,
        0.945,
        0.4248
      ],
      [
        55.5,
        0.002,
        0.003,
        0.916,
        0.4098
      ],
      [
        55.75,
        0.043,
        0.044,
        0.999,
        0.43
      ],
      [
        56.0,
        0.027,
        0.029,
        0.992,
        0.4338
      ],
      [
        56.25,
        0.0,
        0.0,
        0.944,
        0.4247
      ],
      [
        56.5,
        0.003,
        0.004,
        0.919,
        0.4108
      ],
      [
        56.75,
        0.05,
        0.051,
        0.999,
        0.4271
      ],
      [
        57.0,
        0.03,
        0.033,
        0.993,
        0.432
      ],
      [
        57.25,
        0.0,
        0.0,
        0.944,
        0.4247
      ],
      [
        57.5,
        0.003,
        0.004,
        0.92,
        0.4111
      ],
      [
        57.75,
        0.051,
        0.052,
        0.999,
        0.4266
      ],
      [
        58.0,
        0.032,
        0.036,
        0.993,
        0.4307
      ],
      [
        58.25,
        0.0,
        0.0,
        0.944,
        0.4245
      ],
      [
        58.5,
        0.003,
        0.006,
        0.93,
        0.4137
      ],
      [
        58.75,
        0.059,
        0.06,
        0.999,
        0.423
      ],
      [
        59.0,
        0.049,
        0.054,
        0.993,
        0.4224
      ],
      [
        59.25,
        0.001,
        0.006,
        0.944,
        0.4222
      ],
      [
        59.5,
        0.002,
        0.003,
        0.911,
        0.4082
      ],
      [
        59.75,
        0.039,
        0.04,
        0.999,
        0.4319
      ],
      [
        60.0,
        0.026,
        0.028,
        0.991,
        0.4339
      ],
      [
        60.25,
        0.0,
        0.0,
        0.943,
        0.4243
      ],
      [
        60.5,
        0.002,
        0.003,
        0.91,
        0.408
      ],
      [
        60.75,
        0.038,
        0.039,
        0.999,
        0.4323
      ],
      [
        61.0,
        0.026,
        0.027,
        0.991,
        0.4338
      ],
      [
        61.25,
        0.0,
        0.0,
        0.943,
        0.4241
      ],
      [
        61.5,
        0.003,
        0.006,
        0.929,
        0.413
      ],
      [
        61.75,
        0.06,
        0.061,
        0.999,
        0.4224
      ],
      [
        62.0,
        0.051,
        0.056,
        0.992,
        0.4214
      ],
      [
        62.25,
        0.003,
        0.008,
        0.944,
        0.4212
      ],
      [
        62.5,
        0.003,
        0.005,
        0.923,
        0.4114
      ],
      [
        62.75,
        0.055,
        0.056,
        0.999,
        0.4247
      ],
      [
        63.0,
        0.04,
        0.045,
        0.992,
        0.4258
      ],
      [
        63.25,
        0.0,
        0.0,
        0.943,
        0.4237
      ],
      [
        63.5,
        0.002,
        0.004,
        0.92,
        0.4104
      ],
      [
        63.75,
        0.053,
        0.054,
        0.999,
        0.4256
      ],
      [
        64.0,
        0.037,
        0.041,
        0.991,
        0.4277
      ],
      [
        64.25,
        0.0,
        0.0,
        0.943,
        0.4236
      ],
      [
        64.5,
        0.002,
        0.004,
        0.921,
        0.4103
      ],
      [
        64.75,
        0.054,
        0.055,
        0.999,
        0.4253
      ],
      [
        65.0,
        0.037,
        0.042,
        0.991,
        0.4269
      ],
      [
        65.25,
        0.0,
        0.0,
        0.943,
        0.4235
      ],
      [
        65.5,
        0.002,
        0.004,
        0.918,
        0.4097
      ],
      [
        65.75,
        0.053,
        0.053,
        0.999,
        0.4259
      ],
      [
        66.0,
        0.035,
        0.039,
        0.991,
        0.4283
      ],
      [
        66.25,
        0.0,
        0.0,
        0.943,
        0.4235
      ],
      [
        66.5,
        0.002,
        0.003,
        0.913,
        0.4081
      ],
      [
        66.75,
        0.049,
        0.05,
        0.999,
        0.4276
      ],
      [
        67.0,
        0.028,
        0.03,
        0.99,
        0.432
      ],
      [
        67.25,
        0.0,
        0.0,
        0.942,
        0.4236
      ],
      [
        67.5,
        0.001,
        0.002,
        0.903,
        0.4052
      ],
      [
        67.75,
        0.027,
        0.027,
        0.999,
        0.4377
      ],
      [
        68.0,
        0.041,
        0.042,
        0.988,
        0.4259
      ],
      [
        68.25,
        0.041,
        0.042,
        0.94,
        0.4042
      ],
      [
        68.5,
        0.043,
        0.044,
        0.905,
        0.387
      ],
      [
        68.75,
        0.044,
        0.045,
        0.999,
        0.4299
      ],
      [
        69.0,
        0.015,
        0.017,
        0.989,
        0.4377
      ],
      [
        69.25,
        0.0,
        0.0,
        0.941,
        0.4233
      ],
      [
        69.5,
        0.003,
        0.005,
        0.921,
        0.4101
      ],
      [
        69.75,
        0.057,
        0.058,
        0.999,
        0.4238
      ],
      [
        70.0,
        0.043,
        0.048,
        0.99,
        0.424
      ],
      [
        70.25,
        0.0,
        0.0,
        0.942,
        0.4229
      ],
      [
        70.5,
        0.003,
        0.005,
        0.92,
        0.41
      ],
      [
        70.75,
        0.058,
        0.059,
        0.999,
        0.4234
      ],
      [
        71.0,
        0.045,
        0.05,
        0.99,
        0.423
      ],
      [
        71.25,
        0.0,
        0.002,
        0.942,
        0.4224
      ],
      [
        71.5,
        0.002,
        0.004,
        0.919,
        0.4096
      ],
      [
        71.75,
        0.058,
        0.059,
        0.999,
        0.4235
      ],
      [
        72.0,
        0.044,
        0.049,
        0.99,
        0.4233
      ],
      [
        72.25,
        0.0,
        0.001,
        0.941,
        0.4225
      ],
      [
        72.5,
        0.002,
        0.004,
        0.916,
        0.4086
      ],
      [
        72.75,
        0.054,
        0.056,
        0.999,
        0.4251
      ],
      [
        73.0,
        0.038,
        0.042,
        0.989,
        0.4263
      ],
      [
        73.25,
        0.0,
        0.0,
        0.941,
        0.4227
      ],
      [
        73.5,
        0.002,
        0.004,
        0.917,
        0.409
      ],
      [
        73.75,
        0.057,
        0.059,
        0.999,
        0.4237
      ],
      [
        74.0,
        0.043,
        0.048,
        0.989,
        0.4237
      ],
      [
        74.25,
        0.0,
        0.0,
        0.941,
        0.4225
      ],
      [
        74.5,
        0.001,
        0.002,
        0.905,
        0.4058
      ],
      [
        74.75,
        0.043,
        0.044,
        0.999,
        0.4302
      ],
      [
        75.0,
        0.024,
        0.026,
        0.988,
        0.433
      ],
      [
        75.25,
        0.0,
        0.0,
        0.94,
        0.4227
      ],
      [
        75.5,
        0.002,
        0.004,
        0.913,
        0.4079
      ],
      [
        75.75,
        0.054,
        0.054,
        0.999,
        0.4255
      ],
      [
        76.0,
        0.035,
        0.039,
        0.988,
        0.4272
      ],
      [
        76.25,
        0.0,
        0.0,
        0.94,
        0.4223
      ],
      [
        76.5,
        0.002,
        0.004,
        0.914,
        0.4082
      ],
      [
        76.75,
        0.056,
        0.058,
        0.999,
        0.4241
      ],
      [
        77.0,
        0.041,
        0.046,
        0.988,
        0.4244
      ],
      [
        77.25,
        0.0,
        0.0,
        0.94,
        0.4223
      ],
      [
        77.5,
        0.002,
        0.004,
        0.913,
        0.4079
      ],
      [
        77.75,
        0.056,
        0.057,
        0.999,
        0.4243
      ],
      [
        78.0,
        0.04,
        0.045,
        0.988,
        0.4247
      ],
      [
        78.25,
        0.0,
        0.0,
        0.94,
        0.4222
      ],
      [
        78.5,
        0.002,
        0.004,
        0.911,
        0.4074
      ],
      [
        78.75,
        0.055,
        0.056,
        0.999,
        0.4249
      ],
      [
        79.0,
        0.036,
        0.041,
        0.988,
        0.426
      ],
      [
        79.25,
        0.0,
        0.0,
        0.939,
        0.422
      ],
      [
        79.5,
        0.002,
        0.004,
        0.911,
        0.407
      ],
      [
        79.75,
        0.055,
        0.056,
        0.999,
        0.4249
      ],
      [
        80.0,
        0.036,
        0.041,
        0.988,
        0.4259
      ],
      [
        80.25,
        0.0,
        0.0,
        0.939,
        0.4219
      ],
      [
        80.5,
        0.002,
        0.004,
        0.91,
        0.4067
      ],
      [
        80.75,
        0.055,
        0.056,
        0.999,
        0.4249
      ],
      [
        81.0,
        0.036,
        0.041,
        0.987,
        0.426
      ],
      [
        81.25,
        0.0,
        0.0,
        0.939,
        0.4218
      ],
      [
        81.5,
        0.002,
        0.004,
        0.91,
        0.4066
      ],
      [
        81.75,
        0.055,
        0.056,
        0.999,
        0.4247
      ],
      [
        82.0,
        0.037,
        0.042,
        0.987,
        0.4255
      ],
      [
        82.25,
        0.0,
        0.0,
        0.939,
        0.4217
      ],
      [
        82.5,
        0.001,
        0.003,
        0.909,
        0.4064
      ],
      [
        82.75,
        0.055,
        0.056,
        0.999,
        0.4249
      ],
      [
        83.0,
        0.036,
        0.041,
        0.987,
        0.4257
      ],
      [
        83.25,
        0.0,
        0.0,
        0.939,
        0.4216
      ],
      [
        83.5,
        0.001,
        0.003,
        0.908,
        0.4059
      ],
      [
        83.75,
        0.054,
        0.055,
        0.999,
        0.4251
      ],
      [
        84.0,
        0.034,
        0.039,
        0.987,
        0.4263
      ],
      [
        84.25,
        0.0,
        0.0,
        0.938,
        0.4215
      ],
      [
        84.5,
        0.0,
        0.001,
        0.893,
        0.4012
      ],
      [
        84.75,
        0.017,
        0.017,
        0.956,
        0.4216
      ],
      [
        85.0,
        0.025,
        0.026,
        0.965,
        0.421
      ],
      [
        85.25,
        0.025,
        0.026,
        0.916,
        0.3993
      ],
      [
        85.5,
        0.026,
        0.027,
        0.875,
        0.3802
      ],
      [
        85.75,
        0.048,
        0.049,
        0.999,
        0.428
      ],
      [
        86.0,
        0.014,
        0.016,
        0.985,
        0.4361
      ],
      [
        86.25,
        0.0,
        0.0,
        0.936,
        0.4213
      ],
      [
        86.5,
        0.0,
        0.0,
        0.891,
        0.4005
      ],
      [
        86.75,
        0.012,
        0.012,
        0.918,
        0.4076
      ],
      [
        87.0,
        0.017,
        0.018,
        0.908,
        0.4002
      ],
      [
        87.25,
        0.017,
        0.018,
        0.859,
        0.3785
      ],
      [
        87.5,
        0.018,
        0.02,
        0.822,
        0.3606
      ],
      [
        87.75,
        0.051,
        0.052,
        0.999,
        0.4266
      ],
      [
        88.0,
        0.023,
        0.026,
        0.985,
        0.4316
      ],
      [
        88.25,
        0.0,
        0.0,
        0.937,
        0.4211
      ],
      [
        88.5,
        0.001,
        0.003,
        0.904,
        0.4045
      ],
      [
        88.75,
        0.053,
        0.054,
        0.999,
        0.4258
      ],
      [
        89.0,
        0.031,
        0.036,
        0.985,
        0.4274
      ],
      [
        89.25,
        0.0,
        0.0,
        0.937,
        0.4209
      ],
      [
        89.5,
        0.001,
        0.003,
        0.902,
        0.4038
      ],
      [
        89.75,
        0.052,
        0.053,
        0.999,
        0.4263
      ],
      [
        90.0,
        0.028,
        0.032,
        0.985,
        0.4286
      ],
      [
        90.25,
        0.0,
        0.0,
        0.937,
        0.4207
      ],
      [
        90.5,
        0.0,
        0.003,
        0.902,
        0.4038
      ],
      [
        90.75,
        0.053,
        0.054,
        0.999,
        0.4258
      ],
      [
        91.0,
        0.03,
        0.035,
        0.985,
        0.4273
      ],
      [
        91.25,
        0.0,
        0.0,
        0.936,
        0.4207
      ],
      [
        91.5,
        0.0,
        0.003,
        0.901,
        0.4036
      ],
      [
        91.75,
        0.053,
        0.054,
        0.999,
        0.4259
      ],
      [
        92.0,
        0.03,
        0.034,
        0.985,
        0.4275
      ],
      [
        92.25,
        0.0,
        0.0,
        0.936,
        0.4206
      ],
      [
        92.5,
        0.0,
        0.002,
        0.901,
        0.4034
      ],
      [
        92.75,
        0.053,
        0.054,
        0.999,
        0.4259
      ],
      [
        93.0,
        0.029,
        0.034,
        0.984,
        0.4277
      ],
      [
        93.25,
        0.0,
        0.0,
        0.936,
        0.4205
      ],
      [
        93.5,
        0.0,
        0.002,
        0.9,
        0.4031
      ],
      [
        93.75,
        0.052,
        0.053,
        0.999,
        0.426
      ],
      [
        94.0,
        0.029,
        0.033,
        0.984,
        0.4279
      ],
      [
        94.25,
        0.0,
        0.0,
        0.936,
        0.4204
      ],
      [
        94.5,
        0.0,
        0.002,
        0.9,
        0.4029
      ],
      [
        94.75,
        0.052,
        0.053,
        0.999,
        0.4262
      ],
      [
        95.0,
        0.028,
        0.033,
        0.984,
        0.4281
      ],
      [
        95.25,
        0.0,
        0.0,
        0.936,
        0.4202
      ],
      [
        95.5,
        0.0,
        0.002,
        0.899,
        0.4026
      ],
      [
        95.75,
        0.052,
        0.053,
        0.999,
        0.4263
      ],
      [
        96.0,
        0.027,
        0.032,
        0.984,
        0.4283
      ],
      [
        96.25,
        0.0,
        0.0,
        0.935,
        0.4201
      ],
      [
        96.5,
        0.0,
        0.002,
        0.899,
        0.4023
      ],
      [
        96.75,
        0.052,
        0.053,
        0.999,
        0.4263
      ],
      [
        97.0,
        0.027,
        0.031,
        0.983,
        0.4284
      ],
      [
        97.25,
        0.0,
        0.0,
        0.935,
        0.42
      ],
      [
        97.5,
        0.0,
        0.002,
        0.898,
        0.402
      ],
      [
        97.75,
        0.051,
        0.052,
        0.999,
        0.4264
      ],
      [
        98.0,
        0.026,
        0.031,
        0.983,
        0.4286
      ],
      [
        98.25,
        0.0,
        0.0,
        0.935,
        0.4199
      ],
      [
        98.5,
        0.0,
        0.002,
        0.897,
        0.4017
      ],
      [
        98.75,
        0.051,
        0.052,
        0.999,
        0.4268
      ],
      [
        99.0,
        0.024,
        0.029,
        0.983,
        0.4293
      ],
      [
        99.25,
        0.0,
        0.0,
        0.935,
        0.4197
      ],
      [
        99.5,
        0.0,
        0.001,
        0.89,
        0.4
      ],
      [
        99.75,
        0.033,
        0.034,
        0.999,
        0.435
      ],
      [
        100.0,
        0.045,
        0.049,
        0.982,
        0.4203
      ],
      [
        100.25,
        0.045,
        0.049,
        0.934,
        0.3992
      ],
      [
        100.5,
        0.046,
        0.049,
        0.893,
        0.3804
      ],
      [
        100.75,
        0.046,
        0.048,
        0.999,
        0.4285
      ],
      [
        101.0,
        0.017,
        0.02,
        0.982,
        0.4325
      ],
      [
        101.25,
        0.0,
        0.0,
        0.934,
        0.4194
      ],
      [
        101.5,
        0.0,
        0.002,
        0.894,
        0.4008
      ],
      [
        101.75,
        0.051,
        0.052,
        0.999,
        0.4268
      ],
      [
        102.0,
        0.024,
        0.028,
        0.982,
        0.4292
      ],
      [
        102.25,
        0.0,
        0.0,
        0.934,
        0.4194
      ],
      [
        102.5,
        0.0,
        0.002,
        0.894,
        0.4007
      ],
      [
        102.75,
        0.051,
        0.052,
        0.999,
        0.4269
      ],
      [
        103.0,
        0.024,
        0.028,
        0.982,
        0.4293
      ],
      [
        103.25,
        0.0,
        0.0,
        0.934,
        0.4193
      ],
      [
        103.5,
        0.0,
        0.002,
        0.893,
        0.4003
      ],
      [
        103.75,
        0.048,
        0.051,
        0.999,
        0.4275
      ],
      [
        104.0,
        0.021,
        0.026,
        0.982,
        0.4301
      ],
      [
        104.25,
        0.0,
        0.0,
        0.933,
        0.4191
      ],
      [
        104.5,
        0.0,
        0.0,
        0.887,
        0.398
      ],
      [
        104.75,
        0.013,
        0.013,
        0.921,
        0.4076
      ],
      [
        105.0,
        0.018,
        0.018,
        0.909,
        0.3994
      ],
      [
        105.25,
        0.018,
        0.018,
        0.861,
        0.3777
      ],
      [
        105.5,
        0.018,
        0.018,
        0.814,
        0.3564
      ],
      [
        105.75,
        0.027,
        0.028,
        0.826,
        0.3577
      ],
      [
        106.0,
        0.031,
        0.032,
        0.804,
        0.3459
      ],
      [
        106.25,
        0.031,
        0.032,
        0.756,
        0.3242
      ],
      [
        106.5,
        0.031,
        0.032,
        0.711,
        0.3039
      ],
      [
        106.75,
        0.047,
        0.048,
        0.875,
        0.3679
      ],
      [
        107.0,
        0.012,
        0.014,
        0.922,
        0.4009
      ],
      [
        107.25,
        0.0,
        0.0,
        0.874,
        0.3852
      ],
      [
        107.5,
        0.0,
        0.001,
        0.828,
        0.3647
      ],
      [
        107.75,
        0.027,
        0.028,
        0.96,
        0.4099
      ],
      [
        108.0,
        0.037,
        0.04,
        0.98,
        0.4128
      ],
      [
        108.25,
        0.037,
        0.04,
        0.931,
        0.3911
      ],
      [
        108.5,
        0.038,
        0.041,
        0.889,
        0.3717
      ],
      [
        108.75,
        0.056,
        0.057,
        0.999,
        0.4224
      ],
      [
        109.0,
        0.025,
        0.031,
        0.98,
        0.4259
      ],
      [
        109.25,
        0.0,
        0.0,
        0.932,
        0.4171
      ],
      [
        109.5,
        0.0,
        0.001,
        0.89,
        0.3975
      ],
      [
        109.75,
        0.047,
        0.05,
        0.999,
        0.4271
      ],
      [
        110.0,
        0.02,
        0.025,
        0.98,
        0.4292
      ],
      [
        110.25,
        0.0,
        0.0,
        0.932,
        0.4178
      ],
      [
        110.5,
        0.0,
        0.001,
        0.888,
        0.398
      ],
      [
        110.75,
        0.047,
        0.049,
        0.999,
        0.4272
      ],
      [
        111.0,
        0.019,
        0.024,
        0.98,
        0.4292
      ],
      [
        111.25,
        0.0,
        0.0,
        0.932,
        0.4176
      ],
      [
        111.5,
        0.0,
        0.0,
        0.884,
        0.396
      ],
      [
        111.75,
        0.005,
        0.005,
        0.867,
        0.3863
      ],
      [
        112.0,
        0.007,
        0.007,
        0.832,
        0.3696
      ],
      [
        112.25,
        0.007,
        0.007,
        0.784,
        0.3479
      ],
      [
        112.5,
        0.007,
        0.007,
        0.738,
        0.327
      ],
      [
        112.75,
        0.032,
        0.033,
        0.857,
        0.3671
      ],
      [
        113.0,
        0.041,
        0.044,
        0.882,
        0.371
      ],
      [
        113.25,
        0.041,
        0.044,
        0.833,
        0.3493
      ],
      [
        113.5,
        0.041,
        0.044,
        0.787,
        0.3282
      ],
      [
        113.75,
        0.036,
        0.039,
        0.875,
        0.3683
      ],
      [
        114.0,
        0.0,
        0.0,
        0.884,
        0.3882
      ],
      [
        114.25,
        0.0,
        0.0,
        0.836,
        0.3666
      ],
      [
        114.5,
        0.0,
        0.001,
        0.791,
        0.346
      ],
      [
        114.75,
        0.032,
        0.034,
        0.962,
        0.404
      ],
      [
        115.0,
        0.044,
        0.048,
        0.979,
        0.4072
      ],
      [
        115.25,
        0.044,
        0.048,
        0.931,
        0.3856
      ],
      [
        115.5,
        0.044,
        0.048,
        0.883,
        0.3642
      ],
      [
        115.75,
        0.023,
        0.038,
        0.881,
        0.3694
      ],
      [
        116.0,
        0.0,
        0.0,
        0.854,
        0.3693
      ],
      [
        116.25,
        0.0,
        0.0,
        0.805,
        0.348
      ],
      [
        116.5,
        0.0,
        0.001,
        0.759,
        0.3274
      ],
      [
        116.75,
        0.033,
        0.034,
        0.933,
        0.3875
      ],
      [
        117.0,
        0.042,
        0.048,
        0.978,
        0.3999
      ],
      [
        117.25,
        0.042,
        0.048,
        0.93,
        0.3795
      ],
      [
        117.5,
        0.042,
        0.048,
        0.883,
        0.3589
      ],
      [
        117.75,
        0.03,
        0.038,
        0.999,
        0.4146
      ],
      [
        118.0,
        0.0,
        0.001,
        0.978,
        0.4229
      ],
      [
        118.25,
        0.0,
        0.0,
        0.93,
        0.4019
      ],
      [
        118.5,
        0.0,
        0.0,
        0.882,
        0.3811
      ],
      [
        118.75,
        0.023,
        0.024,
        0.991,
        0.4179
      ],
      [
        119.0,
        0.031,
        0.034,
        0.977,
        0.4121
      ],
      [
        119.25,
        0.031,
        0.034,
        0.929,
        0.3911
      ],
      [
        119.5,
        0.031,
        0.034,
        0.882,
        0.3707
      ],
      [
        119.75,
        0.053,
        0.054,
        0.999,
        0.4163
      ],
      [
        120.0,
        0.02,
        0.025,
        0.978,
        0.4196
      ],
      [
        120.25,
        0.0,
        0.0,
        0.93,
        0.408
      ],
      [
        120.5,
        0.0,
        0.0,
        0.882,
        0.3873
      ],
      [
        120.75,
        0.042,
        0.045,
        0.999,
        0.4216
      ],
      [
        121.0,
        0.017,
        0.022,
        0.978,
        0.4226
      ],
      [
        121.25,
        0.0,
        0.0,
        0.93,
        0.4098
      ],
      [
        121.5,
        0.0,
        0.0,
        0.882,
        0.3885
      ],
      [
        121.75,
        0.013,
        0.014,
        0.922,
        0.4
      ],
      [
        122.0,
        0.018,
        0.019,
        0.91,
        0.3917
      ],
      [
        122.25,
        0.018,
        0.019,
        0.862,
        0.3704
      ],
      [
        122.5,
        0.018,
        0.019,
        0.814,
        0.349
      ],
      [
        122.75,
        0.032,
        0.033,
        0.858,
        0.3617
      ],
      [
        123.0,
        0.037,
        0.039,
        0.847,
        0.3537
      ],
      [
        123.25,
        0.037,
        0.039,
        0.798,
        0.3324
      ],
      [
        123.5,
        0.037,
        0.039,
        0.75,
        0.311
      ],
      [
        123.75,
        0.04,
        0.042,
        0.721,
        0.2966
      ],
      [
        124.0,
        0.041,
        0.043,
        0.681,
        0.2779
      ],
      [
        124.25,
        0.041,
        0.043,
        0.632,
        0.2565
      ],
      [
        124.5,
        0.041,
        0.043,
        0.586,
        0.2356
      ],
      [
        124.75,
        0.049,
        0.05,
        0.804,
        0.3242
      ],
      [
        125.0,
        0.014,
        0.019,
        0.869,
        0.362
      ],
      [
        125.25,
        0.0,
        0.0,
        0.821,
        0.3481
      ],
      [
        125.5,
        0.0,
        0.0,
        0.773,
        0.3273
      ],
      [
        125.75,
        0.039,
        0.043,
        0.999,
        0.4035
      ],
      [
        126.0,
        0.017,
        0.021,
        0.977,
        0.4122
      ],
      [
        126.25,
        0.0,
        0.0,
        0.929,
        0.3991
      ],
      [
        126.5,
        0.0,
        0.0,
        0.88,
        0.378
      ],
      [
        126.75,
        0.005,
        0.005,
        0.866,
        0.3692
      ],
      [
        127.0,
        0.007,
        0.007,
        0.832,
        0.3536
      ],
      [
        127.25,
        0.007,
        0.007,
        0.783,
        0.3327
      ],
      [
        127.5,
        0.007,
        0.007,
        0.735,
        0.3116
      ],
      [
        127.75,
        0.01,
        0.011,
        0.711,
        0.2997
      ],
      [
        128.0,
        0.012,
        0.012,
        0.672,
        0.2824
      ],
      [
        128.25,
        0.012,
        0.012,
        0.624,
        0.2616
      ],
      [
        128.5,
        0.012,
        0.012,
        0.576,
        0.2407
      ],
      [
        128.75,
        0.019,
        0.021,
        0.582,
        0.2394
      ],
      [
        129.0,
        0.022,
        0.024,
        0.557,
        0.2264
      ],
      [
        129.25,
        0.022,
        0.024,
        0.509,
        0.2056
      ],
      [
        129.5,
        0.022,
        0.024,
        0.461,
        0.1847
      ],
      [
        129.75,
        0.035,
        0.037,
        0.499,
        0.1948
      ],
      [
        130.0,
        0.038,
        0.043,
        0.486,
        0.1864
      ],
      [
        130.25,
        0.038,
        0.043,
        0.438,
        0.166
      ],
      [
        130.5,
        0.038,
        0.043,
        0.39,
        0.1452
      ],
      [
        130.75,
        0.043,
        0.045,
        0.545,
        0.2074
      ],
      [
        131.0,
        0.006,
        0.008,
        0.58,
        0.2352
      ],
      [
        131.25,
        0.0,
        0.0,
        0.531,
        0.2181
      ],
      [
        131.5,
        0.0,
        0.0,
        0.483,
        0.1974
      ],
      [
        131.75,
        0.002,
        0.002,
        0.447,
        0.1809
      ],
      [
        132.0,
        0.002,
        0.003,
        0.404,
        0.1619
      ],
      [
        132.25,
        0.002,
        0.003,
        0.355,
        0.1412
      ],
      [
        132.5,
        0.003,
        0.003,
        0.307,
        0.1208
      ],
      [
        132.75,
        0.016,
        0.017,
        0.353,
        0.1336
      ],
      [
        133.0,
        0.021,
        0.022,
        0.341,
        0.1262
      ],
      [
        133.25,
        0.021,
        0.022,
        0.293,
        0.1066
      ],
      [
        133.5,
        0.021,
        0.022,
        0.244,
        0.0869
      ],
      [
        133.75,
        0.023,
        0.025,
        0.215,
        0.0736
      ],
      [
        134.0,
        0.024,
        0.026,
        0.174,
        0.0568
      ],
      [
        134.25,
        0.024,
        0.026,
        0.126,
        0.038
      ],
      [
        134.5,
        0.023,
        0.026,
        0.078,
        0.0207
      ],
      [
        134.75,
        0.043,
        0.045,
        0.154,
        0.0412
      ],
      [
        135.0,
        0.015,
        0.022,
        0.155,
        0.0499
      ],
      [
        135.25,
        0.0,
        0.0,
        0.106,
        0.039
      ],
      [
        135.5,
        0.0,
        0.0,
        0.058,
        0.0257
      ],
      [
        135.75,
        0.003,
        0.003,
        0.042,
        0.0156
      ],
      [
        136.0,
        0.0,
        0.004,
        0.026,
        0.012
      ],
      [
        136.25,
        0.0,
        0.004,
        0.026,
        0.0121
      ],
      [
        136.5,
        0.0,
        0.004,
        0.026,
        0.0121
      ],
      [
        136.75,
        0.004,
        0.008,
        0.049,
        0.0154
      ],
      [
        137.0,
        0.005,
        0.01,
        0.036,
        0.0117
      ],
      [
        137.25,
        0.0,
        0.009,
        0.036,
        0.0125
      ],
      [
        137.5,
        0.0,
        0.009,
        0.036,
        0.0126
      ],
      [
        137.75,
        0.03,
        0.036,
        0.17,
        0.0542
      ],
      [
        138.0,
        0.036,
        0.046,
        0.19,
        0.0575
      ],
      [
        138.25,
        0.036,
        0.046,
        0.142,
        0.0383
      ],
      [
        138.5,
        0.028,
        0.046,
        0.094,
        0.0216
      ],
      [
        138.75,
        0.014,
        0.046,
        0.058,
        0.0147
      ],
      [
        139.0,
        0.002,
        0.04,
        0.049,
        0.018
      ],
      [
        139.25,
        0.0,
        0.04,
        0.049,
        0.0215
      ],
      [
        139.5,
        0.0,
        0.04,
        0.049,
        0.0215
      ],
      [
        139.75,
        0.012,
        0.031,
        0.049,
        0.0157
      ],
      [
        140.0,
        0.0,
        0.02,
        0.049,
        0.0179
      ],
      [
        140.25,
        0.0,
        0.02,
        0.049,
        0.0185
      ],
      [
        140.5,
        0.0,
        0.02,
        0.049,
        0.0185
      ],
      [
        140.75,
        0.011,
        0.026,
        0.074,
        0.0254
      ],
      [
        141.0,
        0.0,
        0.016,
        0.053,
        0.0199
      ],
      [
        141.25,
        0.0,
        0.006,
        0.019,
        0.0105
      ],
      [
        141.5,
        0.0,
        0.0,
        0.019,
        0.0111
      ],
      [
        141.75,
        0.034,
        0.05,
        0.21,
        0.0693
      ],
      [
        142.0,
        0.016,
        0.042,
        0.256,
        0.0933
      ],
      [
        142.25,
        0.0,
        0.042,
        0.208,
        0.0783
      ],
      [
        142.5,
        0.0,
        0.042,
        0.16,
        0.0586
      ],
      [
        142.75,
        0.035,
        0.045,
        0.346,
        0.1238
      ],
      [
        143.0,
        0.008,
        0.025,
        0.394,
        0.1477
      ],
      [
        143.25,
        0.0,
        0.0,
        0.346,
        0.133
      ],
      [
        143.5,
        0.0,
        0.0,
        0.298,
        0.1128
      ],
      [
        143.75,
        0.004,
        0.005,
        0.279,
        0.1039
      ],
      [
        144.0,
        0.0,
        0.006,
        0.242,
        0.0895
      ],
      [
        144.25,
        0.0,
        0.006,
        0.194,
        0.07
      ],
      [
        144.5,
        0.0,
        0.006,
        0.146,
        0.0511
      ],
      [
        144.75,
        0.022,
        0.029,
        0.244,
        0.0811
      ],
      [
        145.0,
        0.03,
        0.037,
        0.254,
        0.0824
      ],
      [
        145.25,
        0.03,
        0.037,
        0.206,
        0.0643
      ],
      [
        145.5,
        0.016,
        0.036,
        0.158,
        0.0472
      ],
      [
        145.75,
        0.044,
        0.047,
        0.259,
        0.0792
      ],
      [
        146.0,
        0.005,
        0.008,
        0.27,
        0.0972
      ],
      [
        146.25,
        0.0,
        0.0,
        0.222,
        0.0806
      ],
      [
        146.5,
        0.0,
        0.0,
        0.174,
        0.0624
      ],
      [
        146.75,
        0.002,
        0.002,
        0.141,
        0.0493
      ],
      [
        147.0,
        0.003,
        0.003,
        0.098,
        0.0344
      ],
      [
        147.25,
        0.003,
        0.003,
        0.05,
        0.0195
      ],
      [
        147.5,
        0.002,
        0.003,
        0.019,
        0.0082
      ],
      [
        147.75,
        0.028,
        0.03,
        0.149,
        0.0505
      ],
      [
        148.0,
        0.034,
        0.041,
        0.163,
        0.0541
      ],
      [
        148.25,
        0.034,
        0.041,
        0.115,
        0.0348
      ],
      [
        148.5,
        0.033,
        0.041,
        0.067,
        0.0168
      ],
      [
        148.75,
        0.041,
        0.045,
        0.162,
        0.05
      ],
      [
        149.0,
        0.002,
        0.004,
        0.17,
        0.0677
      ],
      [
        149.25,
        0.0,
        0.0,
        0.122,
        0.0491
      ],
      [
        149.5,
        0.0,
        0.0,
        0.074,
        0.0296
      ],
      [
        149.75,
        0.025,
        0.029,
        0.216,
        0.0747
      ],
      [
        150.0,
        0.033,
        0.04,
        0.242,
        0.0804
      ],
      [
        150.25,
        0.033,
        0.04,
        0.193,
        0.0609
      ],
      [
        150.5,
        0.032,
        0.04,
        0.145,
        0.0426
      ],
      [
        150.75,
        0.037,
        0.047,
        0.147,
        0.0401
      ],
      [
        151.0,
        0.009,
        0.043,
        0.117,
        0.0371
      ],
      [
        151.25,
        0.0,
        0.04,
        0.069,
        0.0282
      ],
      [
        151.5,
        0.0,
        0.026,
        0.049,
        0.0217
      ],
      [
        151.75,
        0.003,
        0.022,
        0.047,
        0.0175
      ],
      [
        152.0,
        0.0,
        0.005,
        0.046,
        0.0172
      ],
      [
        152.25,
        0.0,
        0.005,
        0.046,
        0.0174
      ],
      [
        152.5,
        0.0,
        0.005,
        0.046,
        0.0174
      ],
      [
        152.75,
        0.001,
        0.006,
        0.047,
        0.0173
      ],
      [
        153.0,
        0.002,
        0.007,
        0.046,
        0.0173
      ],
      [
        153.25,
        0.002,
        0.007,
        0.046,
        0.0173
      ],
      [
        153.5,
        0.002,
        0.007,
        0.046,
        0.0173
      ],
      [
        153.75,
        0.019,
        0.025,
        0.116,
        0.0385
      ],
      [
        154.0,
        0.0,
        0.031,
        0.108,
        0.0375
      ],
      [
        154.25,
        0.0,
        0.031,
        0.059,
        0.0195
      ],
      [
        154.5,
        0.0,
        0.025,
        0.032,
        0.0128
      ],
      [
        154.75,
        0.001,
        0.026,
        0.034,
        0.0129
      ],
      [
        155.0,
        0.002,
        0.027,
        0.034,
        0.0122
      ],
      [
        155.25,
        0.002,
        0.027,
        0.034,
        0.0122
      ],
      [
        155.5,
        0.002,
        0.027,
        0.034,
        0.0122
      ],
      [
        155.75,
        0.009,
        0.04,
        0.053,
        0.0139
      ],
      [
        156.0,
        0.01,
        0.036,
        0.044,
        0.0132
      ],
      [
        156.25,
        0.0,
        0.036,
        0.044,
        0.0185
      ],
      [
        156.5,
        0.0,
        0.036,
        0.044,
        0.0185
      ],
      [
        156.75,
        0.013,
        0.039,
        0.047,
        0.0139
      ],
      [
        157.0,
        0.014,
        0.04,
        0.048,
        0.013
      ],
      [
        157.25,
        0.014,
        0.04,
        0.048,
        0.0131
      ],
      [
        157.5,
        0.014,
        0.04,
        0.048,
        0.0131
      ],
      [
        157.75,
        0.041,
        0.047,
        0.202,
        0.066
      ],
      [
        158.0,
        0.008,
        0.011,
        0.237,
        0.091
      ],
      [
        158.25,
        0.0,
        0.0,
        0.188,
        0.0744
      ],
      [
        158.5,
        0.0,
        0.0,
        0.14,
        0.0543
      ],
      [
        158.75,
        0.025,
        0.028,
        0.273,
        0.0971
      ],
      [
        159.0,
        0.025,
        0.038,
        0.297,
        0.1034
      ],
      [
        159.25,
        0.025,
        0.038,
        0.248,
        0.0837
      ],
      [
        159.5,
        0.019,
        0.038,
        0.2,
        0.0644
      ],
      [
        159.75,
        0.046,
        0.048,
        0.353,
        0.1193
      ],
      [
        160.0,
        0.008,
        0.013,
        0.386,
        0.144
      ],
      [
        160.25,
        0.0,
        0.0,
        0.337,
        0.1281
      ],
      [
        160.5,
        0.0,
        0.0,
        0.289,
        0.1084
      ],
      [
        160.75,
        0.007,
        0.007,
        0.288,
        0.1047
      ],
      [
        161.0,
        0.009,
        0.01,
        0.259,
        0.0919
      ],
      [
        161.25,
        0.009,
        0.01,
        0.211,
        0.0733
      ],
      [
        161.5,
        0.008,
        0.01,
        0.163,
        0.0554
      ],
      [
        161.75,
        0.036,
        0.041,
        0.318,
        0.1034
      ],
      [
        162.0,
        0.017,
        0.023,
        0.352,
        0.1219
      ],
      [
        162.25,
        0.0,
        0.012,
        0.304,
        0.1081
      ],
      [
        162.5,
        0.0,
        0.012,
        0.255,
        0.0897
      ],
      [
        162.75,
        0.002,
        0.01,
        0.222,
        0.0773
      ],
      [
        163.0,
        0.0,
        0.003,
        0.18,
        0.0635
      ],
      [
        163.25,
        0.0,
        0.003,
        0.132,
        0.0475
      ],
      [
        163.5,
        0.0,
        0.003,
        0.084,
        0.0331
      ],
      [
        163.75,
        0.005,
        0.006,
        0.054,
        0.0225
      ],
      [
        164.0,
        0.004,
        0.007,
        0.03,
        0.0124
      ],
      [
        164.25,
        0.0,
        0.007,
        0.025,
        0.0104
      ],
      [
        164.5,
        0.0,
        0.007,
        0.025,
        0.0104
      ],
      [
        164.75,
        0.006,
        0.01,
        0.04,
        0.0122
      ],
      [
        165.0,
        0.003,
        0.011,
        0.046,
        0.014
      ],
      [
        165.25,
        0.003,
        0.011,
        0.046,
        0.014
      ],
      [
        165.5,
        0.003,
        0.011,
        0.046,
        0.014
      ],
      [
        165.75,
        0.024,
        0.032,
        0.137,
        0.0467
      ],
      [
        166.0,
        0.029,
        0.041,
        0.144,
        0.0457
      ],
      [
        166.25,
        0.028,
        0.041,
        0.096,
        0.0265
      ],
      [
        166.5,
        0.026,
        0.04,
        0.048,
        0.0112
      ],
      [
        166.75,
        0.012,
        0.037,
        0.045,
        0.0131
      ],
      [
        167.0,
        0.0,
        0.038,
        0.046,
        0.0179
      ],
      [
        167.25,
        0.0,
        0.038,
        0.046,
        0.0179
      ],
      [
        167.5,
        0.0,
        0.038,
        0.046,
        0.0179
      ],
      [
        167.75,
        0.037,
        0.045,
        0.098,
        0.0241
      ],
      [
        168.0,
        0.0,
        0.004,
        0.096,
        0.038
      ],
      [
        168.25,
        0.0,
        0.0,
        0.049,
        0.02
      ],
      [
        168.5,
        0.0,
        0.0,
        0.002,
        0.0105
      ],
      [
        168.75,
        0.026,
        0.03,
        0.169,
        0.0578
      ],
      [
        169.0,
        0.031,
        0.042,
        0.201,
        0.0661
      ],
      [
        169.25,
        0.031,
        0.042,
        0.153,
        0.0465
      ],
      [
        169.5,
        0.027,
        0.042,
        0.105,
        0.0283
      ],
      [
        169.75,
        0.041,
        0.045,
        0.192,
        0.0585
      ],
      [
        170.0,
        0.002,
        0.004,
        0.201,
        0.075
      ],
      [
        170.25,
        0.0,
        0.0,
        0.152,
        0.0569
      ],
      [
        170.5,
        0.0,
        0.0,
        0.104,
        0.0382
      ],
      [
        170.75,
        0.026,
        0.03,
        0.251,
        0.0842
      ],
      [
        171.0,
        0.032,
        0.042,
        0.284,
        0.0939
      ],
      [
        171.25,
        0.032,
        0.042,
        0.236,
        0.075
      ],
      [
        171.5,
        0.031,
        0.042,
        0.188,
        0.0569
      ],
      [
        171.75,
        0.012,
        0.042,
        0.146,
        0.042
      ],
      [
        172.0,
        0.003,
        0.042,
        0.1,
        0.0284
      ],
      [
        172.25,
        0.001,
        0.041,
        0.052,
        0.0186
      ],
      [
        172.5,
        0.0,
        0.039,
        0.045,
        0.0173
      ],
      [
        172.75,
        0.016,
        0.045,
        0.049,
        0.0121
      ],
      [
        173.0,
        0.0,
        0.01,
        0.047,
        0.0177
      ],
      [
        173.25,
        0.0,
        0.0,
        0.047,
        0.0195
      ],
      [
        173.5,
        0.0,
        0.0,
        0.047,
        0.0195
      ],
      [
        173.75,
        0.019,
        0.03,
        0.109,
        0.0357
      ],
      [
        174.0,
        0.0,
        0.028,
        0.115,
        0.0397
      ],
      [
        174.25,
        0.0,
        0.028,
        0.067,
        0.0216
      ],
      [
        174.5,
        0.0,
        0.024,
        0.029,
        0.0134
      ],
      [
        174.75,
        0.023,
        0.049,
        0.142,
        0.0434
      ],
      [
        175.0,
        0.011,
        0.015,
        0.163,
        0.0596
      ],
      [
        175.25,
        0.0,
        0.015,
        0.115,
        0.0435
      ],
      [
        175.5,
        0.0,
        0.0,
        0.066,
        0.0254
      ],
      [
        175.75,
        0.004,
        0.014,
        0.048,
        0.0178
      ],
      [
        176.0,
        0.0,
        0.007,
        0.037,
        0.0131
      ],
      [
        176.25,
        0.0,
        0.007,
        0.037,
        0.0137
      ],
      [
        176.5,
        0.0,
        0.007,
        0.037,
        0.0137
      ],
      [
        176.75,
        0.009,
        0.015,
        0.04,
        0.0124
      ],
      [
        177.0,
        0.01,
        0.021,
        0.041,
        0.0125
      ],
      [
        177.25,
        0.01,
        0.021,
        0.041,
        0.0125
      ],
      [
        177.5,
        0.01,
        0.021,
        0.041,
        0.0125
      ],
      [
        177.75,
        0.011,
        0.029,
        0.042,
        0.0131
      ],
      [
        178.0,
        0.012,
        0.02,
        0.043,
        0.0144
      ],
      [
        178.25,
        0.012,
        0.02,
        0.043,
        0.0144
      ],
      [
        178.5,
        0.012,
        0.02,
        0.043,
        0.0144
      ],
      [
        178.75,
        0.04,
        0.044,
        0.196,
        0.0631
      ],
      [
        179.0,
        0.006,
        0.019,
        0.231,
        0.0861
      ],
      [
        179.25,
        0.0,
        0.0,
        0.182,
        0.0718
      ],
      [
        179.5,
        0.0,
        0.0,
        0.134,
        0.052
      ],
      [
        179.75,
        0.024,
        0.027,
        0.261,
        0.0923
      ],
      [
        180.0,
        0.031,
        0.039,
        0.29,
        0.1004
      ],
      [
        180.25,
        0.03,
        0.039,
        0.242,
        0.081
      ],
      [
        180.5,
        0.029,
        0.038,
        0.194,
        0.0619
      ],
      [
        180.75,
        0.047,
        0.048,
        0.338,
        0.1126
      ],
      [
        181.0,
        0.009,
        0.014,
        0.374,
        0.1393
      ],
      [
        181.25,
        0.0,
        0.0,
        0.325,
        0.124
      ],
      [
        181.5,
        0.0,
        0.0,
        0.277,
        0.1045
      ],
      [
        181.75,
        0.001,
        0.001,
        0.235,
        0.0874
      ],
      [
        182.0,
        0.001,
        0.001,
        0.19,
        0.0695
      ],
      [
        182.25,
        0.001,
        0.001,
        0.142,
        0.0518
      ],
      [
        182.5,
        0.001,
        0.001,
        0.094,
        0.0352
      ],
      [
        182.75,
        0.005,
        0.005,
        0.068,
        0.0258
      ],
      [
        183.0,
        0.006,
        0.006,
        0.043,
        0.0155
      ],
      [
        183.25,
        0.0,
        0.006,
        0.029,
        0.0112
      ],
      [
        183.5,
        0.0,
        0.006,
        0.029,
        0.0113
      ],
      [
        183.75,
        0.032,
        0.036,
        0.168,
        0.0582
      ],
      [
        184.0,
        0.019,
        0.047,
        0.207,
        0.0712
      ],
      [
        184.25,
        0.0,
        0.047,
        0.159,
        0.0545
      ],
      [
        184.5,
        0.0,
        0.047,
        0.111,
        0.0361
      ],
      [
        184.75,
        0.004,
        0.042,
        0.09,
        0.0283
      ],
      [
        185.0,
        0.0,
        0.006,
        0.054,
        0.0219
      ],
      [
        185.25,
        0.0,
        0.004,
        0.046,
        0.0164
      ],
      [
        185.5,
        0.0,
        0.0,
        0.046,
        0.0167
      ],
      [
        185.75,
        0.027,
        0.035,
        0.161,
        0.0534
      ],
      [
        186.0,
        0.006,
        0.041,
        0.197,
        0.0672
      ],
      [
        186.25,
        0.0,
        0.041,
        0.149,
        0.0486
      ],
      [
        186.5,
        0.0,
        0.041,
        0.101,
        0.0308
      ],
      [
        186.75,
        0.018,
        0.044,
        0.176,
        0.0547
      ],
      [
        187.0,
        0.0,
        0.012,
        0.184,
        0.0675
      ],
      [
        187.25,
        0.0,
        0.0,
        0.135,
        0.0495
      ],
      [
        187.5,
        0.0,
        0.0,
        0.087,
        0.0315
      ],
      [
        187.75,
        0.025,
        0.027,
        0.211,
        0.0689
      ],
      [
        188.0,
        0.011,
        0.038,
        0.242,
        0.0808
      ],
      [
        188.25,
        0.0,
        0.038,
        0.194,
        0.0633
      ],
      [
        188.5,
        0.0,
        0.038,
        0.146,
        0.0459
      ],
      [
        188.75,
        0.02,
        0.046,
        0.233,
        0.0725
      ],
      [
        189.0,
        0.007,
        0.016,
        0.248,
        0.088
      ],
      [
        189.25,
        0.0,
        0.0,
        0.2,
        0.0717
      ],
      [
        189.5,
        0.0,
        0.0,
        0.151,
        0.0542
      ],
      [
        189.75,
        0.007,
        0.008,
        0.152,
        0.0512
      ],
      [
        190.0,
        0.009,
        0.011,
        0.127,
        0.0423
      ],
      [
        190.25,
        0.006,
        0.011,
        0.079,
        0.0276
      ],
      [
        190.5,
        0.0,
        0.011,
        0.043,
        0.0156
      ],
      [
        190.75,
        0.01,
        0.013,
        0.038,
        0.011
      ],
      [
        191.0,
        0.003,
        0.014,
        0.038,
        0.0116
      ],
      [
        191.25,
        0.003,
        0.014,
        0.038,
        0.0116
      ],
      [
        191.5,
        0.003,
        0.014,
        0.038,
        0.0116
      ],
      [
        191.75,
        0.026,
        0.028,
        0.082,
        0.0228
      ],
      [
        192.0,
        0.006,
        0.034,
        0.071,
        0.0217
      ],
      [
        192.25,
        0.0,
        0.029,
        0.035,
        0.0132
      ],
      [
        192.5,
        0.0,
        0.029,
        0.035,
        0.0166
      ],
      [
        192.75,
        0.025,
        0.048,
        0.148,
        0.045
      ],
      [
        193.0,
        0.011,
        0.014,
        0.183,
        0.0664
      ],
      [
        193.25,
        0.0,
        0.0,
        0.134,
        0.0507
      ],
      [
        193.5,
        0.0,
        0.0,
        0.086,
        0.0319
      ],
      [
        193.75,
        0.022,
        0.024,
        0.191,
        0.064
      ],
      [
        194.0,
        0.008,
        0.035,
        0.22,
        0.0748
      ],
      [
        194.25,
        0.0,
        0.035,
        0.171,
        0.0567
      ],
      [
        194.5,
        0.0,
        0.035,
        0.123,
        0.0388
      ],
      [
        194.75,
        0.006,
        0.04,
        0.112,
        0.0328
      ],
      [
        195.0,
        0.007,
        0.042,
        0.082,
        0.0241
      ],
      [
        195.25,
        0.001,
        0.04,
        0.045,
        0.0176
      ],
      [
        195.5,
        0.0,
        0.036,
        0.044,
        0.0194
      ],
      [
        195.75,
        0.012,
        0.041,
        0.049,
        0.0141
      ],
      [
        196.0,
        0.011,
        0.038,
        0.048,
        0.0163
      ],
      [
        196.25,
        0.0,
        0.038,
        0.048,
        0.0201
      ],
      [
        196.5,
        0.0,
        0.038,
        0.048,
        0.0201
      ],
      [
        196.75,
        0.031,
        0.044,
        0.209,
        0.0709
      ],
      [
        197.0,
        0.009,
        0.046,
        0.262,
        0.0963
      ],
      [
        197.25,
        0.0,
        0.046,
        0.214,
        0.0801
      ],
      [
        197.5,
        0.0,
        0.046,
        0.166,
        0.0606
      ],
      [
        197.75,
        0.014,
        0.034,
        0.216,
        0.0766
      ],
      [
        198.0,
        0.0,
        0.022,
        0.218,
        0.0807
      ],
      [
        198.25,
        0.0,
        0.021,
        0.17,
        0.0612
      ],
      [
        198.5,
        0.0,
        0.021,
        0.122,
        0.0419
      ],
      [
        198.75,
        0.003,
        0.024,
        0.091,
        0.029
      ],
      [
        199.0,
        0.004,
        0.024,
        0.051,
        0.0163
      ],
      [
        199.25,
        0.0,
        0.011,
        0.026,
        0.011
      ],
      [
        199.5,
        0.0,
        0.004,
        0.026,
        0.0116
      ],
      [
        199.75,
        0.017,
        0.038,
        0.071,
        0.0201
      ],
      [
        200.0,
        0.023,
        0.043,
        0.066,
        0.0154
      ],
      [
        200.25,
        0.009,
        0.024,
        0.045,
        0.0141
      ],
      [
        200.5,
        0.0,
        0.024,
        0.045,
        0.0179
      ],
      [
        200.75,
        0.017,
        0.026,
        0.047,
        0.0125
      ],
      [
        201.0,
        0.023,
        0.028,
        0.049,
        0.0122
      ],
      [
        201.25,
        0.023,
        0.028,
        0.049,
        0.0122
      ],
      [
        201.5,
        0.023,
        0.028,
        0.049,
        0.0122
      ],
      [
        201.75,
        0.031,
        0.044,
        0.109,
        0.0305
      ],
      [
        202.0,
        0.0,
        0.019,
        0.115,
        0.0447
      ],
      [
        202.25,
        0.0,
        0.0,
        0.067,
        0.0275
      ],
      [
        202.5,
        0.0,
        0.0,
        0.023,
        0.0119
      ],
      [
        202.75,
        0.004,
        0.004,
        0.026,
        0.0117
      ],
      [
        203.0,
        0.005,
        0.006,
        0.036,
        0.0129
      ],
      [
        203.25,
        0.005,
        0.006,
        0.036,
        0.013
      ],
      [
        203.5,
        0.005,
        0.006,
        0.036,
        0.013
      ],
      [
        203.75,
        0.032,
        0.035,
        0.185,
        0.0639
      ],
      [
        204.0,
        0.024,
        0.046,
        0.233,
        0.0831
      ],
      [
        204.25,
        0.0,
        0.046,
        0.185,
        0.0689
      ],
      [
        204.5,
        0.0,
        0.046,
        0.137,
        0.0495
      ],
      [
        204.75,
        0.032,
        0.045,
        0.301,
        0.1068
      ],
      [
        205.0,
        0.01,
        0.027,
        0.368,
        0.1376
      ],
      [
        205.25,
        0.0,
        0.0,
        0.32,
        0.1224
      ],
      [
        205.5,
        0.0,
        0.0,
        0.272,
        0.1022
      ],
      [
        205.75,
        0.007,
        0.008,
        0.276,
        0.1018
      ],
      [
        206.0,
        0.0,
        0.012,
        0.255,
        0.0937
      ],
      [
        206.25,
        0.0,
        0.012,
        0.206,
        0.074
      ],
      [
        206.5,
        0.0,
        0.012,
        0.158,
        0.0547
      ],
      [
        206.75,
        0.005,
        0.017,
        0.142,
        0.0462
      ],
      [
        207.0,
        0.007,
        0.019,
        0.11,
        0.0342
      ],
      [
        207.25,
        0.007,
        0.019,
        0.062,
        0.0185
      ],
      [
        207.5,
        0.0,
        0.018,
        0.02,
        0.0091
      ],
      [
        207.75,
        0.04,
        0.051,
        0.19,
        0.0605
      ],
      [
        208.0,
        0.015,
        0.022,
        0.254,
        0.0968
      ],
      [
        208.25,
        0.0,
        0.0,
        0.206,
        0.084
      ],
      [
        208.5,
        0.0,
        0.0,
        0.157,
        0.0634
      ],
      [
        208.75,
        0.003,
        0.004,
        0.132,
        0.0511
      ],
      [
        209.0,
        0.005,
        0.006,
        0.097,
        0.0356
      ],
      [
        209.25,
        0.005,
        0.005,
        0.05,
        0.0183
      ],
      [
        209.5,
        0.0,
        0.005,
        0.01,
        0.0095
      ],
      [
        209.75,
        0.008,
        0.008,
        0.017,
        0.0081
      ],
      [
        210.0,
        0.009,
        0.01,
        0.026,
        0.0097
      ],
      [
        210.25,
        0.009,
        0.01,
        0.026,
        0.0098
      ],
      [
        210.5,
        0.009,
        0.01,
        0.026,
        0.0098
      ],
      [
        210.75,
        0.016,
        0.018,
        0.061,
        0.0192
      ],
      [
        211.0,
        0.019,
        0.022,
        0.043,
        0.0101
      ],
      [
        211.25,
        0.0,
        0.021,
        0.023,
        0.0108
      ],
      [
        211.5,
        0.0,
        0.021,
        0.023,
        0.0108
      ],
      [
        211.75,
        0.043,
        0.047,
        0.145,
        0.0416
      ],
      [
        212.0,
        0.015,
        0.018,
        0.187,
        0.0688
      ],
      [
        212.25,
        0.0,
        0.0,
        0.139,
        0.0553
      ],
      [
        212.5,
        0.0,
        0.0,
        0.09,
        0.0354
      ],
      [
        212.75,
        0.025,
        0.026,
        0.214,
        0.075
      ],
      [
        213.0,
        0.034,
        0.041,
        0.261,
        0.0894
      ],
      [
        213.25,
        0.022,
        0.04,
        0.213,
        0.0702
      ],
      [
        213.5,
        0.022,
        0.04,
        0.165,
        0.0508
      ],
      [
        213.75,
        0.049,
        0.05,
        0.344,
        0.1172
      ],
      [
        214.0,
        0.017,
        0.022,
        0.423,
        0.1581
      ],
      [
        214.25,
        0.0,
        0.0,
        0.375,
        0.1456
      ],
      [
        214.5,
        0.0,
        0.0,
        0.327,
        0.1255
      ],
      [
        214.75,
        0.034,
        0.035,
        0.508,
        0.1865
      ],
      [
        215.0,
        0.022,
        0.026,
        0.59,
        0.2216
      ],
      [
        215.25,
        0.0,
        0.0,
        0.541,
        0.2098
      ],
      [
        215.5,
        0.0,
        0.0,
        0.493,
        0.1896
      ],
      [
        215.75,
        0.033,
        0.036,
        0.676,
        0.2525
      ],
      [
        216.0,
        0.02,
        0.026,
        0.759,
        0.2897
      ],
      [
        216.25,
        0.0,
        0.0,
        0.711,
        0.2782
      ],
      [
        216.5,
        0.0,
        0.0,
        0.663,
        0.258
      ],
      [
        216.75,
        0.034,
        0.036,
        0.85,
        0.3206
      ],
      [
        217.0,
        0.022,
        0.026,
        0.935,
        0.3573
      ],
      [
        217.25,
        0.0,
        0.0,
        0.887,
        0.3455
      ],
      [
        217.5,
        0.0,
        0.0,
        0.839,
        0.3252
      ],
      [
        217.75,
        0.034,
        0.036,
        0.999,
        0.3783
      ],
      [
        218.0,
        0.02,
        0.025,
        0.98,
        0.3906
      ],
      [
        218.25,
        0.0,
        0.0,
        0.932,
        0.3789
      ],
      [
        218.5,
        0.0,
        0.0,
        0.883,
        0.3584
      ],
      [
        218.75,
        0.025,
        0.027,
        0.999,
        0.397
      ],
      [
        219.0,
        0.036,
        0.041,
        0.98,
        0.3919
      ],
      [
        219.25,
        0.033,
        0.041,
        0.931,
        0.372
      ],
      [
        219.5,
        0.033,
        0.041,
        0.883,
        0.3514
      ],
      [
        219.75,
        0.047,
        0.048,
        0.999,
        0.3986
      ],
      [
        220.0,
        0.015,
        0.019,
        0.98,
        0.4057
      ],
      [
        220.25,
        0.0,
        0.0,
        0.932,
        0.3919
      ],
      [
        220.5,
        0.0,
        0.0,
        0.884,
        0.3713
      ],
      [
        220.75,
        0.027,
        0.028,
        0.999,
        0.4101
      ],
      [
        221.0,
        0.038,
        0.043,
        0.98,
        0.3998
      ],
      [
        221.25,
        0.036,
        0.043,
        0.932,
        0.3799
      ],
      [
        221.5,
        0.035,
        0.043,
        0.884,
        0.3593
      ],
      [
        221.75,
        0.039,
        0.047,
        0.863,
        0.3481
      ],
      [
        222.0,
        0.012,
        0.048,
        0.83,
        0.336
      ],
      [
        222.25,
        0.0,
        0.048,
        0.782,
        0.3173
      ],
      [
        222.5,
        0.0,
        0.048,
        0.734,
        0.2965
      ],
      [
        222.75,
        0.038,
        0.048,
        0.935,
        0.3731
      ],
      [
        223.0,
        0.018,
        0.024,
        0.981,
        0.4051
      ],
      [
        223.25,
        0.0,
        0.0,
        0.933,
        0.3931
      ],
      [
        223.5,
        0.0,
        0.0,
        0.884,
        0.3726
      ],
      [
        223.75,
        0.036,
        0.038,
        0.999,
        0.4104
      ],
      [
        224.0,
        0.02,
        0.025,
        0.981,
        0.4098
      ],
      [
        224.25,
        0.0,
        0.0,
        0.933,
        0.3989
      ],
      [
        224.5,
        0.0,
        0.0,
        0.885,
        0.3782
      ],
      [
        224.75,
        0.036,
        0.039,
        0.999,
        0.4146
      ],
      [
        225.0,
        0.021,
        0.026,
        0.981,
        0.4132
      ],
      [
        225.25,
        0.0,
        0.0,
        0.933,
        0.4023
      ],
      [
        225.5,
        0.0,
        0.0,
        0.885,
        0.3815
      ],
      [
        225.75,
        0.004,
        0.004,
        0.861,
        0.3698
      ],
      [
        226.0,
        0.006,
        0.006,
        0.827,
        0.3545
      ],
      [
        226.25,
        0.006,
        0.006,
        0.779,
        0.3339
      ],
      [
        226.5,
        0.006,
        0.006,
        0.731,
        0.3129
      ],
      [
        226.75,
        0.011,
        0.011,
        0.718,
        0.3047
      ],
      [
        227.0,
        0.013,
        0.014,
        0.69,
        0.2909
      ],
      [
        227.25,
        0.013,
        0.014,
        0.642,
        0.2699
      ],
      [
        227.5,
        0.013,
        0.014,
        0.594,
        0.2489
      ],
      [
        227.75,
        0.05,
        0.051,
        0.809,
        0.3224
      ],
      [
        228.0,
        0.021,
        0.026,
        0.912,
        0.3743
      ],
      [
        228.25,
        0.0,
        0.0,
        0.864,
        0.3638
      ],
      [
        228.5,
        0.0,
        0.0,
        0.816,
        0.343
      ],
      [
        228.75,
        0.021,
        0.022,
        0.913,
        0.3743
      ],
      [
        229.0,
        0.032,
        0.035,
        0.947,
        0.3832
      ],
      [
        229.25,
        0.032,
        0.035,
        0.899,
        0.3627
      ],
      [
        229.5,
        0.032,
        0.035,
        0.851,
        0.3421
      ],
      [
        229.75,
        0.053,
        0.053,
        0.999,
        0.4046
      ],
      [
        230.0,
        0.024,
        0.029,
        0.982,
        0.4124
      ],
      [
        230.25,
        0.0,
        0.0,
        0.934,
        0.403
      ],
      [
        230.5,
        0.0,
        0.0,
        0.886,
        0.3822
      ],
      [
        230.75,
        0.026,
        0.028,
        0.999,
        0.4204
      ],
      [
        231.0,
        0.041,
        0.044,
        0.982,
        0.4075
      ],
      [
        231.25,
        0.041,
        0.044,
        0.934,
        0.3868
      ],
      [
        231.5,
        0.041,
        0.044,
        0.886,
        0.366
      ],
      [
        231.75,
        0.041,
        0.043,
        0.999,
        0.4147
      ],
      [
        232.0,
        0.008,
        0.009,
        0.982,
        0.4224
      ],
      [
        232.25,
        0.0,
        0.0,
        0.934,
        0.4053
      ],
      [
        232.5,
        0.0,
        0.0,
        0.886,
        0.3844
      ],
      [
        232.75,
        0.034,
        0.036,
        0.999,
        0.419
      ],
      [
        233.0,
        0.023,
        0.027,
        0.983,
        0.4157
      ],
      [
        233.25,
        0.0,
        0.0,
        0.935,
        0.4049
      ],
      [
        233.5,
        0.0,
        0.0,
        0.886,
        0.384
      ],
      [
        233.75,
        0.04,
        0.043,
        0.999,
        0.417
      ],
      [
        234.0,
        0.022,
        0.027,
        0.983,
        0.4169
      ],
      [
        234.25,
        0.0,
        0.0,
        0.935,
        0.4068
      ],
      [
        234.5,
        0.0,
        0.0,
        0.887,
        0.3857
      ],
      [
        234.75,
        0.022,
        0.023,
        0.986,
        0.4184
      ],
      [
        235.0,
        0.033,
        0.035,
        0.982,
        0.4128
      ],
      [
        235.25,
        0.033,
        0.035,
        0.934,
        0.3919
      ],
      [
        235.5,
        0.033,
        0.035,
        0.886,
        0.3709
      ],
      [
        235.75,
        0.04,
        0.042,
        0.881,
        0.3655
      ],
      [
        236.0,
        0.043,
        0.046,
        0.858,
        0.3535
      ],
      [
        236.25,
        0.043,
        0.046,
        0.81,
        0.3326
      ],
      [
        236.5,
        0.043,
        0.046,
        0.762,
        0.3118
      ],
      [
        236.75,
        0.038,
        0.041,
        0.886,
        0.3655
      ],
      [
        237.0,
        0.005,
        0.006,
        0.941,
        0.4009
      ],
      [
        237.25,
        0.0,
        0.0,
        0.892,
        0.3828
      ],
      [
        237.5,
        0.0,
        0.0,
        0.844,
        0.362
      ],
      [
        237.75,
        0.004,
        0.004,
        0.822,
        0.3503
      ],
      [
        238.0,
        0.006,
        0.006,
        0.788,
        0.3347
      ],
      [
        238.25,
        0.006,
        0.006,
        0.74,
        0.3138
      ],
      [
        238.5,
        0.006,
        0.006,
        0.692,
        0.2929
      ],
      [
        238.75,
        0.045,
        0.047,
        0.913,
        0.368
      ],
      [
        239.0,
        0.022,
        0.027,
        0.984,
        0.4106
      ],
      [
        239.25,
        0.0,
        0.0,
        0.936,
        0.4005
      ],
      [
        239.5,
        0.0,
        0.0,
        0.887,
        0.3798
      ],
      [
        239.75,
        0.006,
        0.006,
        0.881,
        0.3742
      ],
      [
        240.0,
        0.009,
        0.01,
        0.857,
        0.3621
      ],
      [
        240.25,
        0.009,
        0.01,
        0.809,
        0.3415
      ],
      [
        240.5,
        0.009,
        0.01,
        0.761,
        0.3208
      ],
      [
        240.75,
        0.049,
        0.051,
        0.985,
        0.3965
      ],
      [
        241.0,
        0.023,
        0.027,
        0.984,
        0.4144
      ],
      [
        241.25,
        0.0,
        0.0,
        0.936,
        0.4046
      ],
      [
        241.5,
        0.0,
        0.0,
        0.888,
        0.384
      ],
      [
        241.75,
        0.04,
        0.043,
        0.999,
        0.4166
      ],
      [
        242.0,
        0.023,
        0.027,
        0.985,
        0.4167
      ],
      [
        242.25,
        0.0,
        0.0,
        0.936,
        0.4068
      ],
      [
        242.5,
        0.0,
        0.0,
        0.889,
        0.386
      ],
      [
        242.75,
        0.031,
        0.032,
        0.999,
        0.4213
      ],
      [
        243.0,
        0.03,
        0.047,
        0.984,
        0.4119
      ],
      [
        243.25,
        0.0,
        0.047,
        0.936,
        0.3996
      ],
      [
        243.5,
        0.0,
        0.047,
        0.889,
        0.3789
      ],
      [
        243.75,
        0.047,
        0.051,
        0.999,
        0.4145
      ],
      [
        244.0,
        0.027,
        0.031,
        0.985,
        0.4171
      ],
      [
        244.25,
        0.0,
        0.0,
        0.937,
        0.4088
      ],
      [
        244.5,
        0.0,
        0.0,
        0.889,
        0.3879
      ],
      [
        244.75,
        0.046,
        0.048,
        0.999,
        0.4181
      ],
      [
        245.0,
        0.026,
        0.031,
        0.985,
        0.4206
      ],
      [
        245.25,
        0.0,
        0.0,
        0.937,
        0.4119
      ],
      [
        245.5,
        0.0,
        0.0,
        0.889,
        0.3909
      ],
      [
        245.75,
        0.045,
        0.047,
        0.999,
        0.4225
      ],
      [
        246.0,
        0.026,
        0.03,
        0.985,
        0.4244
      ],
      [
        246.25,
        0.0,
        0.0,
        0.937,
        0.4154
      ],
      [
        246.5,
        0.0,
        0.0,
        0.889,
        0.3939
      ],
      [
        246.75,
        0.012,
        0.012,
        0.92,
        0.4019
      ],
      [
        247.0,
        0.018,
        0.02,
        0.921,
        0.3969
      ],
      [
        247.25,
        0.018,
        0.02,
        0.873,
        0.3753
      ],
      [
        247.5,
        0.018,
        0.02,
        0.825,
        0.3545
      ],
      [
        247.75,
        0.055,
        0.056,
        0.999,
        0.4201
      ],
      [
        248.0,
        0.032,
        0.037,
        0.986,
        0.4232
      ],
      [
        248.25,
        0.0,
        0.0,
        0.937,
        0.4172
      ],
      [
        248.5,
        0.0,
        0.0,
        0.889,
        0.3956
      ],
      [
        248.75,
        0.006,
        0.006,
        0.881,
        0.389
      ],
      [
        249.0,
        0.009,
        0.01,
        0.856,
        0.3758
      ],
      [
        249.25,
        0.009,
        0.01,
        0.808,
        0.3542
      ],
      [
        249.5,
        0.009,
        0.01,
        0.761,
        0.333
      ],
      [
        249.75,
        0.039,
        0.04,
        0.912,
        0.3861
      ],
      [
        250.0,
        0.023,
        0.024,
        0.983,
        0.4214
      ],
      [
        250.25,
        0.0,
        0.0,
        0.935,
        0.4105
      ],
      [
        250.5,
        0.0,
        0.001,
        0.888,
        0.3897
      ],
      [
        250.75,
        0.04,
        0.042,
        0.999,
        0.428
      ],
      [
        251.0,
        0.023,
        0.027,
        0.986,
        0.4291
      ],
      [
        251.25,
        0.0,
        0.0,
        0.938,
        0.419
      ],
      [
        251.5,
        0.0,
        0.001,
        0.892,
        0.3986
      ],
      [
        251.75,
        0.05,
        0.051,
        0.999,
        0.4271
      ],
      [
        252.0,
        0.029,
        0.034,
        0.986,
        0.4288
      ],
      [
        252.25,
        0.0,
        0.0,
        0.938,
        0.4213
      ],
      [
        252.5,
        0.0,
        0.001,
        0.893,
        0.4011
      ],
      [
        252.75,
        0.051,
        0.052,
        0.999,
        0.4268
      ],
      [
        253.0,
        0.03,
        0.035,
        0.987,
        0.4284
      ],
      [
        253.25,
        0.0,
        0.0,
        0.938,
        0.4215
      ],
      [
        253.5,
        0.0,
        0.0,
        0.891,
        0.4006
      ],
      [
        253.75,
        0.032,
        0.033,
        0.999,
        0.4352
      ],
      [
        254.0,
        0.03,
        0.033,
        0.986,
        0.4279
      ],
      [
        254.25,
        0.0,
        0.0,
        0.938,
        0.4177
      ],
      [
        254.5,
        0.0,
        0.0,
        0.89,
        0.3962
      ],
      [
        254.75,
        0.011,
        0.011,
        0.913,
        0.4044
      ],
      [
        255.0,
        0.001,
        0.017,
        0.906,
        0.4008
      ],
      [
        255.25,
        0.001,
        0.017,
        0.857,
        0.3791
      ],
      [
        255.5,
        0.001,
        0.018,
        0.814,
        0.3591
      ],
      [
        255.75,
        0.049,
        0.054,
        0.999,
        0.426
      ],
      [
        256.0,
        0.028,
        0.035,
        0.987,
        0.4286
      ],
      [
        256.25,
        0.0,
        0.0,
        0.939,
        0.4216
      ],
      [
        256.5,
        0.0,
        0.0,
        0.891,
        0.4001
      ],
      [
        256.75,
        0.007,
        0.007,
        0.89,
        0.3962
      ],
      [
        257.0,
        0.011,
        0.012,
        0.87,
        0.3847
      ],
      [
        257.25,
        0.011,
        0.012,
        0.822,
        0.363
      ],
      [
        257.5,
        0.011,
        0.012,
        0.775,
        0.3419
      ],
      [
        257.75,
        0.028,
        0.029,
        0.841,
        0.3634
      ],
      [
        258.0,
        0.038,
        0.039,
        0.861,
        0.3663
      ],
      [
        258.25,
        0.038,
        0.039,
        0.813,
        0.3446
      ],
      [
        258.5,
        0.038,
        0.04,
        0.766,
        0.3233
      ],
      [
        258.75,
        0.047,
        0.049,
        0.793,
        0.3313
      ],
      [
        259.0,
        0.006,
        0.009,
        0.789,
        0.3474
      ],
      [
        259.25,
        0.0,
        0.0,
        0.741,
        0.3293
      ],
      [
        259.5,
        0.0,
        0.001,
        0.699,
        0.3102
      ],
      [
        259.75,
        0.052,
        0.053,
        0.999,
        0.4214
      ],
      [
        260.0,
        0.034,
        0.039,
        0.988,
        0.4271
      ],
      [
        260.25,
        0.0,
        0.0,
        0.939,
        0.422
      ],
      [
        260.5,
        0.0,
        0.002,
        0.897,
        0.4031
      ],
      [
        260.75,
        0.052,
        0.053,
        0.999,
        0.426
      ],
      [
        261.0,
        0.034,
        0.04,
        0.988,
        0.4269
      ],
      [
        261.25,
        0.0,
        0.0,
        0.94,
        0.4221
      ],
      [
        261.5,
        0.0,
        0.001,
        0.895,
        0.4026
      ],
      [
        261.75,
        0.043,
        0.044,
        0.999,
        0.4302
      ],
      [
        262.0,
        0.025,
        0.028,
        0.988,
        0.4317
      ],
      [
        262.25,
        0.0,
        0.0,
        0.939,
        0.4222
      ],
      [
        262.5,
        0.0,
        0.0,
        0.892,
        0.4008
      ],
      [
        262.75,
        0.006,
        0.006,
        0.883,
        0.394
      ],
      [
        263.0,
        0.009,
        0.01,
        0.858,
        0.381
      ],
      [
        263.25,
        0.009,
        0.01,
        0.81,
        0.3593
      ],
      [
        263.5,
        0.01,
        0.01,
        0.764,
        0.3388
      ],
      [
        263.75,
        0.031,
        0.032,
        0.859,
        0.3708
      ],
      [
        264.0,
        0.043,
        0.045,
        0.897,
        0.3799
      ],
      [
        264.25,
        0.043,
        0.045,
        0.849,
        0.3582
      ],
      [
        264.5,
        0.043,
        0.045,
        0.801,
        0.3366
      ],
      [
        264.75,
        0.045,
        0.047,
        0.766,
        0.32
      ],
      [
        265.0,
        0.046,
        0.048,
        0.725,
        0.3013
      ],
      [
        265.25,
        0.046,
        0.048,
        0.677,
        0.2796
      ],
      [
        265.5,
        0.046,
        0.048,
        0.63,
        0.2586
      ],
      [
        265.75,
        0.023,
        0.028,
        0.657,
        0.2795
      ],
      [
        266.0,
        0.0,
        0.0,
        0.652,
        0.2893
      ],
      [
        266.25,
        0.0,
        0.0,
        0.604,
        0.2676
      ],
      [
        266.5,
        0.0,
        0.001,
        0.559,
        0.2467
      ],
      [
        266.75,
        0.012,
        0.012,
        0.588,
        0.2538
      ],
      [
        267.0,
        0.018,
        0.019,
        0.585,
        0.2488
      ],
      [
        267.25,
        0.018,
        0.019,
        0.537,
        0.2272
      ],
      [
        267.5,
        0.019,
        0.021,
        0.498,
        0.2082
      ],
      [
        267.75,
        0.05,
        0.05,
        0.688,
        0.278
      ],
      [
        268.0,
        0.021,
        0.024,
        0.781,
        0.3293
      ],
      [
        268.25,
        0.0,
        0.0,
        0.732,
        0.318
      ],
      [
        268.5,
        0.0,
        0.0,
        0.687,
        0.2972
      ],
      [
        268.75,
        0.011,
        0.012,
        0.713,
        0.3032
      ],
      [
        269.0,
        0.017,
        0.018,
        0.708,
        0.2976
      ],
      [
        269.25,
        0.017,
        0.018,
        0.66,
        0.276
      ],
      [
        269.5,
        0.018,
        0.021,
        0.629,
        0.2596
      ],
      [
        269.75,
        0.061,
        0.063,
        0.99,
        0.3991
      ],
      [
        270.0,
        0.047,
        0.052,
        0.989,
        0.4194
      ],
      [
        270.25,
        0.0,
        0.004,
        0.941,
        0.419
      ],
      [
        270.5,
        0.001,
        0.003,
        0.908,
        0.4039
      ],
      [
        270.75,
        0.055,
        0.056,
        0.999,
        0.4247
      ],
      [
        271.0,
        0.041,
        0.046,
        0.99,
        0.4247
      ],
      [
        271.25,
        0.0,
        0.0,
        0.941,
        0.4228
      ],
      [
        271.5,
        0.001,
        0.002,
        0.903,
        0.4052
      ],
      [
        271.75,
        0.047,
        0.048,
        0.999,
        0.4284
      ],
      [
        272.0,
        0.027,
        0.03,
        0.989,
        0.4316
      ],
      [
        272.25,
        0.0,
        0.0,
        0.941,
        0.423
      ],
      [
        272.5,
        0.001,
        0.003,
        0.91,
        0.4072
      ],
      [
        272.75,
        0.055,
        0.056,
        0.999,
        0.4247
      ],
      [
        273.0,
        0.041,
        0.046,
        0.99,
        0.4248
      ],
      [
        273.25,
        0.0,
        0.0,
        0.941,
        0.423
      ],
      [
        273.5,
        0.001,
        0.001,
        0.897,
        0.403
      ],
      [
        273.75,
        0.021,
        0.021,
        0.982,
        0.4318
      ],
      [
        274.0,
        0.032,
        0.033,
        0.987,
        0.4295
      ],
      [
        274.25,
        0.032,
        0.033,
        0.938,
        0.4078
      ],
      [
        274.5,
        0.033,
        0.034,
        0.898,
        0.3889
      ],
      [
        274.75,
        0.046,
        0.047,
        0.999,
        0.4289
      ],
      [
        275.0,
        0.015,
        0.016,
        0.989,
        0.4377
      ],
      [
        275.25,
        0.0,
        0.0,
        0.94,
        0.4231
      ],
      [
        275.5,
        0.001,
        0.003,
        0.909,
        0.4066
      ],
      [
        275.75,
        0.051,
        0.052,
        0.999,
        0.4267
      ],
      [
        276.0,
        0.031,
        0.034,
        0.99,
        0.4301
      ],
      [
        276.25,
        0.0,
        0.0,
        0.942,
        0.4232
      ],
      [
        276.5,
        0.001,
        0.002,
        0.904,
        0.4057
      ],
      [
        276.75,
        0.041,
        0.042,
        0.999,
        0.4311
      ],
      [
        277.0,
        0.025,
        0.028,
        0.99,
        0.4331
      ],
      [
        277.25,
        0.0,
        0.0,
        0.941,
        0.4235
      ],
      [
        277.5,
        0.002,
        0.004,
        0.915,
        0.4087
      ],
      [
        277.75,
        0.055,
        0.056,
        0.999,
        0.4248
      ],
      [
        278.0,
        0.041,
        0.045,
        0.991,
        0.4254
      ],
      [
        278.25,
        0.0,
        0.0,
        0.942,
        0.4233
      ],
      [
        278.5,
        0.001,
        0.001,
        0.898,
        0.4031
      ],
      [
        278.75,
        0.014,
        0.014,
        0.941,
        0.4162
      ],
      [
        279.0,
        0.022,
        0.023,
        0.947,
        0.415
      ],
      [
        279.25,
        0.022,
        0.023,
        0.899,
        0.3933
      ],
      [
        279.5,
        0.023,
        0.024,
        0.859,
        0.3749
      ],
      [
        279.75,
        0.049,
        0.05,
        0.999,
        0.4262
      ],
      [
        280.0,
        0.018,
        0.019,
        0.989,
        0.4367
      ],
      [
        280.25,
        0.0,
        0.0,
        0.941,
        0.4234
      ],
      [
        280.5,
        0.0,
        0.0,
        0.895,
        0.4024
      ],
      [
        280.75,
        0.007,
        0.007,
        0.891,
        0.3977
      ],
      [
        281.0,
        0.011,
        0.011,
        0.87,
        0.386
      ],
      [
        281.25,
        0.011,
        0.011,
        0.821,
        0.3643
      ],
      [
        281.5,
        0.013,
        0.016,
        0.802,
        0.3513
      ],
      [
        281.75,
        0.063,
        0.065,
        0.999,
        0.421
      ],
      [
        282.0,
        0.052,
        0.058,
        0.991,
        0.4201
      ],
      [
        282.25,
        0.004,
        0.01,
        0.943,
        0.42
      ],
      [
        282.5,
        0.003,
        0.005,
        0.923,
        0.4109
      ],
      [
        282.75,
        0.059,
        0.061,
        0.999,
        0.4228
      ],
      [
        283.0,
        0.049,
        0.054,
        0.991,
        0.4219
      ],
      [
        283.25,
        0.0,
        0.006,
        0.943,
        0.4217
      ],
      [
        283.5,
        0.002,
        0.004,
        0.919,
        0.41
      ],
      [
        283.75,
        0.054,
        0.055,
        0.999,
        0.4254
      ],
      [
        284.0,
        0.038,
        0.042,
        0.991,
        0.427
      ],
      [
        284.25,
        0.0,
        0.0,
        0.943,
        0.4236
      ],
      [
        284.5,
        0.002,
        0.004,
        0.916,
        0.4091
      ],
      [
        284.75,
        0.051,
        0.052,
        0.999,
        0.4266
      ],
      [
        285.0,
        0.032,
        0.036,
        0.991,
        0.4302
      ],
      [
        285.25,
        0.0,
        0.0,
        0.943,
        0.4239
      ],
      [
        285.5,
        0.003,
        0.005,
        0.923,
        0.4113
      ],
      [
        285.75,
        0.056,
        0.057,
        0.999,
        0.4244
      ],
      [
        286.0,
        0.042,
        0.047,
        0.992,
        0.4251
      ],
      [
        286.25,
        0.0,
        0.0,
        0.944,
        0.4238
      ],
      [
        286.5,
        0.0,
        0.0,
        0.898,
        0.4032
      ],
      [
        286.75,
        0.008,
        0.008,
        0.9,
        0.4007
      ],
      [
        287.0,
        0.012,
        0.013,
        0.883,
        0.3904
      ],
      [
        287.25,
        0.012,
        0.013,
        0.835,
        0.3687
      ],
      [
        287.5,
        0.015,
        0.016,
        0.804,
        0.3534
      ],
      [
        287.75,
        0.051,
        0.051,
        0.999,
        0.4268
      ],
      [
        288.0,
        0.027,
        0.029,
        0.991,
        0.4332
      ],
      [
        288.25,
        0.0,
        0.0,
        0.943,
        0.4242
      ],
      [
        288.5,
        0.002,
        0.003,
        0.915,
        0.4094
      ],
      [
        288.75,
        0.047,
        0.048,
        0.999,
        0.4285
      ],
      [
        289.0,
        0.027,
        0.03,
        0.992,
        0.4331
      ],
      [
        289.25,
        0.0,
        0.0,
        0.943,
        0.4243
      ],
      [
        289.5,
        0.002,
        0.003,
        0.911,
        0.4083
      ],
      [
        289.75,
        0.039,
        0.039,
        0.999,
        0.4323
      ],
      [
        290.0,
        0.026,
        0.028,
        0.991,
        0.4338
      ],
      [
        290.25,
        0.0,
        0.0,
        0.943,
        0.4243
      ],
      [
        290.5,
        0.003,
        0.006,
        0.929,
        0.4134
      ],
      [
        290.75,
        0.057,
        0.058,
        0.999,
        0.4238
      ],
      [
        291.0,
        0.045,
        0.05,
        0.993,
        0.424
      ],
      [
        291.25,
        0.0,
        0.002,
        0.944,
        0.4235
      ],
      [
        291.5,
        0.004,
        0.006,
        0.931,
        0.414
      ],
      [
        291.75,
        0.059,
        0.06,
        0.999,
        0.4231
      ],
      [
        292.0,
        0.048,
        0.053,
        0.993,
        0.4228
      ],
      [
        292.25,
        0.0,
        0.005,
        0.944,
        0.4226
      ],
      [
        292.5,
        0.0,
        0.0,
        0.897,
        0.403
      ],
      [
        292.75,
        0.003,
        0.003,
        0.867,
        0.3882
      ],
      [
        293.0,
        0.005,
        0.005,
        0.83,
        0.3707
      ],
      [
        293.25,
        0.005,
        0.005,
        0.782,
        0.349
      ],
      [
        293.5,
        0.008,
        0.01,
        0.769,
        0.3389
      ],
      [
        293.75,
        0.059,
        0.06,
        0.999,
        0.4229
      ],
      [
        294.0,
        0.047,
        0.052,
        0.993,
        0.4233
      ],
      [
        294.25,
        0.0,
        0.004,
        0.945,
        0.423
      ],
      [
        294.5,
        0.004,
        0.007,
        0.937,
        0.4161
      ],
      [
        294.75,
        0.063,
        0.064,
        0.999,
        0.4212
      ],
      [
        295.0,
        0.056,
        0.062,
        0.994,
        0.4195
      ],
      [
        295.25,
        0.008,
        0.013,
        0.945,
        0.4194
      ],
      [
        295.5,
        0.003,
        0.004,
        0.918,
        0.4107
      ],
      [
        295.75,
        0.045,
        0.046,
        0.999,
        0.4293
      ],
      [
        296.0,
        0.027,
        0.029,
        0.993,
        0.4339
      ],
      [
        296.25,
        0.0,
        0.0,
        0.944,
        0.4248
      ],
      [
        296.5,
        0.001,
        0.002,
        0.906,
        0.4064
      ],
      [
        296.75,
        0.018,
        0.019,
        0.973,
        0.4286
      ],
      [
        297.0,
        0.028,
        0.03,
        0.99,
        0.4309
      ],
      [
        297.25,
        0.028,
        0.03,
        0.942,
        0.4092
      ],
      [
        297.5,
        0.033,
        0.036,
        0.932,
        0.4
      ],
      [
        297.75,
        0.065,
        0.066,
        0.999,
        0.4202
      ],
      [
        298.0,
        0.052,
        0.057,
        0.994,
        0.4213
      ],
      [
        298.25,
        0.004,
        0.009,
        0.945,
        0.4212
      ],
      [
        298.5,
        0.005,
        0.007,
        0.943,
        0.4181
      ],
      [
        298.75,
        0.064,
        0.065,
        0.999,
        0.4206
      ],
      [
        299.0,
        0.058,
        0.064,
        0.994,
        0.4186
      ],
      [
        299.25,
        0.01,
        0.016,
        0.946,
        0.4185
      ],
      [
        299.5,
        0.004,
        0.006,
        0.936,
        0.4161
      ],
      [
        299.75,
        0.057,
        0.057,
        0.999,
        0.4241
      ],
      [
        300.0,
        0.044,
        0.049,
        0.994,
        0.4251
      ],
      [
        300.25,
        0.0,
        0.001,
        0.946,
        0.4244
      ],
      [
        300.5,
        0.005,
        0.007,
        0.94,
        0.4173
      ],
      [
        300.75,
        0.059,
        0.061,
        0.999,
        0.4228
      ],
      [
        301.0,
        0.049,
        0.055,
        0.994,
        0.4226
      ],
      [
        301.25,
        0.001,
        0.007,
        0.946,
        0.4225
      ],
      [
        301.5,
        0.005,
        0.008,
        0.946,
        0.4195
      ],
      [
        301.75,
        0.065,
        0.066,
        0.999,
        0.4202
      ],
      [
        302.0,
        0.06,
        0.066,
        0.995,
        0.418
      ],
      [
        302.25,
        0.012,
        0.018,
        0.946,
        0.4179
      ],
      [
        302.5,
        0.005,
        0.008,
        0.948,
        0.42
      ],
      [
        302.75,
        0.065,
        0.067,
        0.999,
        0.42
      ],
      [
        303.0,
        0.061,
        0.067,
        0.995,
        0.4177
      ],
      [
        303.25,
        0.013,
        0.019,
        0.946,
        0.4177
      ],
      [
        303.5,
        0.001,
        0.001,
        0.906,
        0.4063
      ],
      [
        303.75,
        0.015,
        0.015,
        0.95,
        0.42
      ],
      [
        304.0,
        0.023,
        0.024,
        0.958,
        0.4197
      ],
      [
        304.25,
        0.023,
        0.024,
        0.91,
        0.398
      ],
      [
        304.5,
        0.029,
        0.032,
        0.91,
        0.3927
      ],
      [
        304.75,
        0.072,
        0.073,
        0.999,
        0.4172
      ],
      [
        305.0,
        0.065,
        0.07,
        0.995,
        0.4161
      ],
      [
        305.25,
        0.017,
        0.022,
        0.947,
        0.416
      ],
      [
        305.5,
        0.001,
        0.001,
        0.903,
        0.4051
      ],
      [
        305.75,
        0.008,
        0.008,
        0.903,
        0.4018
      ],
      [
        306.0,
        0.012,
        0.013,
        0.885,
        0.3914
      ],
      [
        306.25,
        0.012,
        0.013,
        0.836,
        0.3697
      ],
      [
        306.5,
        0.016,
        0.017,
        0.813,
        0.3573
      ],
      [
        306.75,
        0.05,
        0.051,
        0.999,
        0.427
      ],
      [
        307.0,
        0.027,
        0.029,
        0.994,
        0.4347
      ],
      [
        307.25,
        0.0,
        0.0,
        0.946,
        0.4255
      ],
      [
        307.5,
        0.005,
        0.006,
        0.936,
        0.4171
      ],
      [
        307.75,
        0.054,
        0.054,
        0.999,
        0.4255
      ],
      [
        308.0,
        0.039,
        0.042,
        0.995,
        0.429
      ],
      [
        308.25,
        0.0,
        0.0,
        0.947,
        0.4256
      ],
      [
        308.5,
        0.006,
        0.009,
        0.953,
        0.4222
      ],
      [
        308.75,
        0.065,
        0.066,
        0.999,
        0.4202
      ],
      [
        309.0,
        0.061,
        0.066,
        0.996,
        0.4182
      ],
      [
        309.25,
        0.013,
        0.018,
        0.947,
        0.4181
      ],
      [
        309.5,
        0.002,
        0.002,
        0.91,
        0.4081
      ],
      [
        309.75,
        0.02,
        0.02,
        0.985,
        0.4335
      ],
      [
        310.0,
        0.031,
        0.032,
        0.99,
        0.4315
      ],
      [
        310.25,
        0.031,
        0.032,
        0.942,
        0.4098
      ],
      [
        310.5,
        0.037,
        0.039,
        0.942,
        0.4036
      ],
      [
        310.75,
        0.065,
        0.066,
        0.999,
        0.4202
      ],
      [
        311.0,
        0.054,
        0.058,
        0.996,
        0.422
      ],
      [
        311.25,
        0.005,
        0.01,
        0.947,
        0.4219
      ],
      [
        311.5,
        0.002,
        0.002,
        0.91,
        0.4081
      ],
      [
        311.75,
        0.018,
        0.019,
        0.975,
        0.4295
      ],
      [
        312.0,
        0.029,
        0.03,
        0.992,
        0.4318
      ],
      [
        312.25,
        0.029,
        0.03,
        0.944,
        0.4101
      ],
      [
        312.5,
        0.033,
        0.035,
        0.928,
        0.4001
      ],
      [
        312.75,
        0.053,
        0.054,
        0.999,
        0.4257
      ],
      [
        313.0,
        0.033,
        0.036,
        0.995,
        0.432
      ],
      [
        313.25,
        0.0,
        0.0,
        0.947,
        0.4259
      ],
      [
        313.5,
        0.005,
        0.006,
        0.937,
        0.4177
      ],
      [
        313.75,
        0.052,
        0.053,
        0.999,
        0.4263
      ],
      [
        314.0,
        0.036,
        0.038,
        0.996,
        0.4309
      ],
      [
        314.25,
        0.0,
        0.0,
        0.947,
        0.426
      ],
      [
        314.5,
        0.005,
        0.007,
        0.944,
        0.4198
      ],
      [
        314.75,
        0.055,
        0.056,
        0.999,
        0.4248
      ],
      [
        315.0,
        0.043,
        0.046,
        0.996,
        0.4276
      ],
      [
        315.25,
        0.0,
        0.0,
        0.948,
        0.426
      ],
      [
        315.5,
        0.006,
        0.007,
        0.945,
        0.4203
      ],
      [
        315.75,
        0.056,
        0.056,
        0.999,
        0.4246
      ],
      [
        316.0,
        0.044,
        0.047,
        0.996,
        0.4271
      ],
      [
        316.25,
        0.0,
        0.0,
        0.948,
        0.426
      ],
      [
        316.5,
        0.002,
        0.003,
        0.916,
        0.4106
      ],
      [
        316.75,
        0.027,
        0.027,
        0.999,
        0.4377
      ],
      [
        317.0,
        0.042,
        0.043,
        0.993,
        0.4278
      ],
      [
        317.25,
        0.042,
        0.043,
        0.945,
        0.4061
      ],
      [
        317.5,
        0.044,
        0.044,
        0.908,
        0.389
      ],
      [
        317.75,
        0.034,
        0.035,
        0.977,
        0.4245
      ],
      [
        318.0,
        0.0,
        0.0,
        0.991,
        0.4461
      ],
      [
        318.25,
        0.0,
        0.0,
        0.943,
        0.4244
      ],
      [
        318.5,
        0.004,
        0.004,
        0.921,
        0.4123
      ],
      [
        318.75,
        0.04,
        0.04,
        0.999,
        0.4317
      ],
      [
        319.0,
        0.027,
        0.029,
        0.995,
        0.4352
      ],
      [
        319.25,
        0.0,
        0.0,
        0.947,
        0.426
      ],
      [
        319.5,
        0.008,
        0.011,
        0.968,
        0.4269
      ],
      [
        319.75,
        0.069,
        0.071,
        0.999,
        0.4182
      ],
      [
        320.0,
        0.069,
        0.076,
        0.997,
        0.4149
      ],
      [
        320.25,
        0.021,
        0.027,
        0.949,
        0.4148
      ],
      [
        320.5,
        0.008,
        0.011,
        0.967,
        0.4273
      ],
      [
        320.75,
        0.07,
        0.071,
        0.999,
        0.4181
      ],
      [
        321.0,
        0.07,
        0.076,
        0.997,
        0.4148
      ],
      [
        321.25,
        0.022,
        0.028,
        0.949,
        0.4148
      ],
      [
        321.5,
        0.006,
        0.008,
        0.949,
        0.422
      ],
      [
        321.75,
        0.057,
        0.058,
        0.999,
        0.4241
      ],
      [
        322.0,
        0.046,
        0.05,
        0.997,
        0.4263
      ],
      [
        322.25,
        0.0,
        0.002,
        0.949,
        0.4259
      ],
      [
        322.5,
        0.007,
        0.009,
        0.957,
        0.4243
      ],
      [
        322.75,
        0.06,
        0.061,
        0.999,
        0.4224
      ],
      [
        323.0,
        0.053,
        0.058,
        0.998,
        0.4225
      ],
      [
        323.25,
        0.005,
        0.01,
        0.949,
        0.4224
      ],
      [
        323.5,
        0.007,
        0.009,
        0.954,
        0.4235
      ],
      [
        323.75,
        0.059,
        0.06,
        0.999,
        0.4231
      ],
      [
        324.0,
        0.051,
        0.055,
        0.998,
        0.4242
      ],
      [
        324.25,
        0.002,
        0.007,
        0.949,
        0.4241
      ],
      [
        324.5,
        0.008,
        0.011,
        0.97,
        0.4286
      ],
      [
        324.75,
        0.07,
        0.071,
        0.999,
        0.4179
      ],
      [
        325.0,
        0.071,
        0.077,
        0.998,
        0.4144
      ],
      [
        325.25,
        0.023,
        0.029,
        0.95,
        0.4143
      ],
      [
        325.5,
        0.008,
        0.011,
        0.971,
        0.4289
      ],
      [
        325.75,
        0.07,
        0.072,
        0.999,
        0.4178
      ],
      [
        326.0,
        0.072,
        0.078,
        0.998,
        0.4143
      ],
      [
        326.25,
        0.024,
        0.03,
        0.95,
        0.4142
      ],
      [
        326.5,
        0.006,
        0.008,
        0.949,
        0.4221
      ],
      [
        326.75,
        0.055,
        0.056,
        0.999,
        0.4247
      ],
      [
        327.0,
        0.044,
        0.047,
        0.998,
        0.4279
      ],
      [
        327.25,
        0.0,
        0.0,
        0.949,
        0.4267
      ],
      [
        327.5,
        0.002,
        0.002,
        0.913,
        0.4094
      ],
      [
        327.75,
        0.017,
        0.017,
        0.967,
        0.4269
      ],
      [
        328.0,
        0.027,
        0.027,
        0.985,
        0.4304
      ],
      [
        328.25,
        0.027,
        0.027,
        0.937,
        0.4087
      ],
      [
        328.5,
        0.031,
        0.032,
        0.916,
        0.3974
      ],
      [
        328.75,
        0.047,
        0.048,
        0.999,
        0.4282
      ],
      [
        329.0,
        0.022,
        0.023,
        0.996,
        0.4379
      ],
      [
        329.25,
        0.0,
        0.0,
        0.948,
        0.4266
      ],
      [
        329.5,
        0.009,
        0.012,
        0.975,
        0.4296
      ],
      [
        329.75,
        0.07,
        0.071,
        0.999,
        0.4179
      ],
      [
        330.0,
        0.072,
        0.078,
        0.998,
        0.4145
      ],
      [
        330.25,
        0.024,
        0.029,
        0.95,
        0.4144
      ],
      [
        330.5,
        0.008,
        0.011,
        0.968,
        0.4282
      ],
      [
        330.75,
        0.066,
        0.067,
        0.999,
        0.4198
      ],
      [
        331.0,
        0.064,
        0.07,
        0.998,
        0.4179
      ],
      [
        331.25,
        0.016,
        0.022,
        0.95,
        0.4179
      ],
      [
        331.5,
        0.007,
        0.009,
        0.956,
        0.4244
      ],
      [
        331.75,
        0.058,
        0.059,
        0.999,
        0.4235
      ],
      [
        332.0,
        0.049,
        0.053,
        0.998,
        0.4253
      ],
      [
        332.25,
        0.001,
        0.005,
        0.95,
        0.4251
      ],
      [
        332.5,
        0.005,
        0.005,
        0.935,
        0.4175
      ],
      [
        332.75,
        0.046,
        0.047,
        0.999,
        0.4289
      ],
      [
        333.0,
        0.029,
        0.03,
        0.997,
        0.4354
      ],
      [
        333.25,
        0.0,
        0.0,
        0.949,
        0.4269
      ],
      [
        333.5,
        0.002,
        0.002,
        0.913,
        0.4098
      ],
      [
        333.75,
        0.016,
        0.017,
        0.963,
        0.4257
      ],
      [
        334.0,
        0.026,
        0.027,
        0.981,
        0.4285
      ],
      [
        334.25,
        0.026,
        0.027,
        0.933,
        0.4068
      ],
      [
        334.5,
        0.03,
        0.031,
        0.911,
        0.395
      ],
      [
        334.75,
        0.047,
        0.047,
        0.999,
        0.4286
      ],
      [
        335.0,
        0.019,
        0.021,
        0.997,
        0.4391
      ],
      [
        335.25,
        0.0,
        0.0,
        0.949,
        0.4265
      ],
      [
        335.5,
        0.008,
        0.011,
        0.967,
        0.4279
      ],
      [
        335.75,
        0.064,
        0.065,
        0.999,
        0.4208
      ],
      [
        336.0,
        0.061,
        0.066,
        0.999,
        0.4196
      ],
      [
        336.25,
        0.013,
        0.018,
        0.951,
        0.4197
      ],
      [
        336.5,
        0.009,
        0.012,
        0.975,
        0.4306
      ],
      [
        336.75,
        0.069,
        0.07,
        0.999,
        0.4184
      ],
      [
        337.0,
        0.071,
        0.076,
        0.999,
        0.4151
      ],
      [
        337.25,
        0.023,
        0.028,
        0.951,
        0.4153
      ],
      [
        337.5,
        0.009,
        0.012,
        0.978,
        0.4319
      ],
      [
        337.75,
        0.072,
        0.073,
        0.999,
        0.4171
      ],
      [
        338.0,
        0.075,
        0.082,
        0.999,
        0.4129
      ],
      [
        338.25,
        0.027,
        0.034,
        0.951,
        0.413
      ],
      [
        338.5,
        0.007,
        0.011,
        0.979,
        0.4328
      ],
      [
        338.75,
        0.071,
        0.072,
        0.999,
        0.4175
      ],
      [
        339.0,
        0.076,
        0.081,
        0.999,
        0.4132
      ],
      [
        339.25,
        0.027,
        0.033,
        0.951,
        0.4133
      ],
      [
        339.5,
        0.007,
        0.009,
        0.965,
        0.4278
      ],
      [
        339.75,
        0.061,
        0.062,
        0.999,
        0.4222
      ],
      [
        340.0,
        0.056,
        0.061,
        0.999,
        0.422
      ],
      [
        340.25,
        0.008,
        0.012,
        0.951,
        0.422
      ],
      [
        340.5,
        0.003,
        0.004,
        0.927,
        0.4145
      ],
      [
        340.75,
        0.034,
        0.034,
        0.999,
        0.4346
      ],
      [
        341.0,
        0.034,
        0.035,
        0.997,
        0.4329
      ],
      [
        341.25,
        0.0,
        0.0,
        0.949,
        0.4268
      ],
      [
        341.5,
        0.004,
        0.004,
        0.928,
        0.4157
      ],
      [
        341.75,
        0.038,
        0.039,
        0.999,
        0.4325
      ],
      [
        342.0,
        0.029,
        0.03,
        0.997,
        0.4354
      ],
      [
        342.25,
        0.0,
        0.0,
        0.95,
        0.4273
      ],
      [
        342.5,
        0.01,
        0.012,
        0.982,
        0.4326
      ],
      [
        342.75,
        0.072,
        0.073,
        0.999,
        0.417
      ],
      [
        343.0,
        0.077,
        0.083,
        0.999,
        0.4124
      ],
      [
        343.25,
        0.029,
        0.035,
        0.952,
        0.4127
      ],
      [
        343.5,
        0.004,
        0.01,
        0.98,
        0.4343
      ],
      [
        343.75,
        0.069,
        0.072,
        0.999,
        0.4194
      ],
      [
        344.0,
        0.072,
        0.081,
        0.999,
        0.4147
      ],
      [
        344.25,
        0.024,
        0.033,
        0.951,
        0.4149
      ],
      [
        344.5,
        0.007,
        0.009,
        0.961,
        0.4268
      ],
      [
        344.75,
        0.059,
        0.06,
        0.999,
        0.4232
      ],
      [
        345.0,
        0.052,
        0.056,
        0.999,
        0.4242
      ],
      [
        345.25,
        0.004,
        0.008,
        0.951,
        0.4244
      ],
      [
        345.5,
        0.007,
        0.009,
        0.956,
        0.4251
      ],
      [
        345.75,
        0.056,
        0.057,
        0.999,
        0.4243
      ],
      [
        346.0,
        0.047,
        0.051,
        0.999,
        0.4268
      ],
      [
        346.25,
        0.0,
        0.003,
        0.952,
        0.4268
      ],
      [
        346.5,
        0.008,
        0.011,
        0.971,
        0.4297
      ],
      [
        346.75,
        0.064,
        0.065,
        0.999,
        0.4206
      ],
      [
        347.0,
        0.063,
        0.068,
        0.999,
        0.4189
      ],
      [
        347.25,
        0.015,
        0.02,
        0.952,
        0.4193
      ],
      [
        347.5,
        0.01,
        0.012,
        0.979,
        0.4323
      ],
      [
        347.75,
        0.071,
        0.073,
        0.999,
        0.4174
      ],
      [
        348.0,
        0.075,
        0.081,
        0.999,
        0.4131
      ],
      [
        348.25,
        0.027,
        0.033,
        0.952,
        0.4133
      ],
      [
        348.5,
        0.006,
        0.008,
        0.959,
        0.4264
      ],
      [
        348.75,
        0.057,
        0.058,
        0.999,
        0.4238
      ],
      [
        349.0,
        0.05,
        0.053,
        0.999,
        0.4255
      ],
      [
        349.25,
        0.002,
        0.005,
        0.952,
        0.4257
      ],
      [
        349.5,
        0.007,
        0.008,
        0.954,
        0.4245
      ],
      [
        349.75,
        0.055,
        0.056,
        0.999,
        0.4248
      ],
      [
        350.0,
        0.045,
        0.048,
        0.999,
        0.428
      ],
      [
        350.25,
        0.0,
        0.0,
        0.952,
        0.4277
      ],
      [
        350.5,
        0.009,
        0.011,
        0.974,
        0.4304
      ],
      [
        350.75,
        0.066,
        0.067,
        0.999,
        0.42
      ],
      [
        351.0,
        0.065,
        0.071,
        0.999,
        0.4177
      ],
      [
        351.25,
        0.017,
        0.023,
        0.952,
        0.4181
      ],
      [
        351.5,
        0.009,
        0.011,
        0.972,
        0.4299
      ],
      [
        351.75,
        0.065,
        0.067,
        0.999,
        0.42
      ],
      [
        352.0,
        0.065,
        0.071,
        0.999,
        0.4178
      ],
      [
        352.25,
        0.017,
        0.023,
        0.951,
        0.4178
      ],
      [
        352.5,
        0.002,
        0.002,
        0.917,
        0.4109
      ],
      [
        352.75,
        0.02,
        0.021,
        0.991,
        0.436
      ],
      [
        353.0,
        0.033,
        0.033,
        0.994,
        0.4326
      ],
      [
        353.25,
        0.033,
        0.033,
        0.948,
        0.4114
      ],
      [
        353.5,
        0.041,
        0.043,
        0.966,
        0.412
      ],
      [
        353.75,
        0.071,
        0.072,
        0.999,
        0.4175
      ],
      [
        354.0,
        0.068,
        0.073,
        0.999,
        0.4168
      ],
      [
        354.25,
        0.02,
        0.025,
        0.951,
        0.417
      ],
      [
        354.5,
        0.005,
        0.006,
        0.937,
        0.4184
      ],
      [
        354.75,
        0.046,
        0.047,
        0.999,
        0.4289
      ],
      [
        355.0,
        0.03,
        0.031,
        0.998,
        0.4353
      ],
      [
        355.25,
        0.0,
        0.0,
        0.952,
        0.4279
      ],
      [
        355.5,
        0.007,
        0.008,
        0.956,
        0.4249
      ],
      [
        355.75,
        0.055,
        0.056,
        0.999,
        0.4248
      ],
      [
        356.0,
        0.046,
        0.049,
        0.999,
        0.4276
      ],
      [
        356.25,
        0.0,
        0.001,
        0.952,
        0.4275
      ],
      [
        356.5,
        0.006,
        0.007,
        0.949,
        0.4227
      ],
      [
        356.75,
        0.052,
        0.053,
        0.999,
        0.4261
      ],
      [
        357.0,
        0.039,
        0.042,
        0.999,
        0.4308
      ],
      [
        357.25,
        0.0,
        0.0,
        0.951,
        0.4278
      ],
      [
        357.5,
        0.005,
        0.006,
        0.937,
        0.419
      ],
      [
        357.75,
        0.047,
        0.047,
        0.999,
        0.4286
      ],
      [
        358.0,
        0.03,
        0.032,
        0.998,
        0.4352
      ],
      [
        358.25,
        0.0,
        0.0,
        0.952,
        0.4281
      ],
      [
        358.5,
        0.009,
        0.012,
        0.978,
        0.4316
      ],
      [
        358.75,
        0.068,
        0.07,
        0.999,
        0.4186
      ],
      [
        359.0,
        0.072,
        0.077,
        0.999,
        0.4149
      ],
      [
        359.25,
        0.023,
        0.029,
        0.952,
        0.4154
      ],
      [
        359.5,
        0.008,
        0.01,
        0.966,
        0.4279
      ],
      [
        359.75,
        0.061,
        0.062,
        0.999,
        0.422
      ],
      [
        360.0,
        0.058,
        0.063,
        0.999,
        0.4213
      ],
      [
        360.25,
        0.01,
        0.015,
        0.952,
        0.4215
      ],
      [
        360.5,
        0.005,
        0.007,
        0.943,
        0.4209
      ],
      [
        360.75,
        0.051,
        0.052,
        0.999,
        0.4266
      ],
      [
        361.0,
        0.036,
        0.038,
        0.999,
        0.4325
      ],
      [
        361.25,
        0.0,
        0.0,
        0.952,
        0.4281
      ],
      [
        361.5,
        0.008,
        0.011,
        0.97,
        0.4292
      ],
      [
        361.75,
        0.063,
        0.065,
        0.999,
        0.4209
      ],
      [
        362.0,
        0.062,
        0.068,
        0.999,
        0.4193
      ],
      [
        362.25,
        0.014,
        0.02,
        0.952,
        0.4197
      ],
      [
        362.5,
        0.009,
        0.012,
        0.977,
        0.4313
      ],
      [
        362.75,
        0.07,
        0.071,
        0.999,
        0.4179
      ],
      [
        363.0,
        0.075,
        0.081,
        0.999,
        0.4135
      ],
      [
        363.25,
        0.027,
        0.033,
        0.952,
        0.414
      ],
      [
        363.5,
        0.009,
        0.011,
        0.979,
        0.4325
      ],
      [
        363.75,
        0.072,
        0.073,
        0.999,
        0.4172
      ],
      [
        364.0,
        0.078,
        0.084,
        0.999,
        0.4121
      ],
      [
        364.25,
        0.03,
        0.036,
        0.952,
        0.4125
      ],
      [
        364.5,
        0.005,
        0.007,
        0.964,
        0.4281
      ],
      [
        364.75,
        0.059,
        0.061,
        0.999,
        0.4227
      ]
    ]
  },
  "beacon_interval_s": 900.0,
  "n_nodes": 288,
  "daily_kt": [],
  "channel_utilization": 0.1762,
  "start_date": "2025-07-01",
  "weather_driven": true,
  "packets_originated": 923369,
  "pdr_overall": 0.9336,
  "sos": {
    "sent": 176,
    "delivered": 175,
    "latencies_s": [
      0.73,
      0.74,
      0.76,
      0.76,
      0.74,
      4.07,
      0.74,
      1.84,
      0.73,
      0.74,
      0.76,
      2.57,
      0.72,
      0.75,
      0.73,
      0.73,
      1.81,
      0.73,
      0.73,
      0.73,
      0.73,
      1.82,
      0.75,
      1.82,
      0.74,
      0.74,
      0.73,
      31.51,
      0.74,
      1.83,
      0.76,
      0.73,
      1.87,
      0.76,
      1.85,
      0.73,
      1.84,
      693.73,
      1.81,
      2.88,
      0.74,
      0.75,
      0.73,
      1.81,
      0.76,
      0.73,
      0.73,
      0.74,
      5.53,
      2.59,
      2.63,
      1.82,
      0.73,
      0.74,
      0.76,
      0.74,
      0.72,
      2.9,
      0.76,
      0.74,
      0.75,
      0.75,
      0.75,
      0.74,
      1.8,
      0.74,
      0.75,
      0.75,
      0.75,
      1.85,
      0.74,
      0.75,
      1.87,
      1.84,
      0.76,
      1.85,
      0.75,
      0.73,
      2.6,
      1.84,
      1297.43,
      0.75,
      1.87,
      1.81,
      0.73,
      0.74,
      0.73,
      1.85,
      0.73,
      0.76,
      1896.73,
      0.72,
      0.74,
      0.73,
      0.74,
      0.76,
      2.86,
      0.75,
      0.74,
      0.73,
      0.74,
      1.83,
      0.75,
      0.96,
      0.76,
      0.73,
      0.75,
      0.74,
      2.87,
      1.81,
      0.74,
      1.82,
      2197.43,
      0.74,
      0.73,
      2.62,
      2.58,
      2498.17,
      2.88,
      0.76,
      0.74,
      0.73,
      0.74,
      697.02,
      693.7,
      1.84,
      0.75,
      0.75,
      2.61,
      0.74,
      1.83,
      4.05,
      0.76,
      0.74,
      0.76,
      2.92,
      0.74,
      0.76,
      0.73,
      0.75,
      0.74,
      1.87,
      0.73,
      1.78,
      0.76,
      1.84,
      1.82,
      1.85,
      0.73,
      0.75,
      0.74,
      1.82,
      1.83,
      0.74,
      0.74,
      0.73,
      0.73,
      0.76,
      1.82,
      0.75,
      1296.28,
      0.74,
      0.75,
      0.76,
      1.86,
      3.43,
      0.73,
      0.75,
      1.85,
      0.74,
      0.74,
      2.93,
      1.86,
      0.74,
      0.74
    ],
    "mean_tries": 4.7,
    "level": "incident"
  }
}
struggling links (351 of 608 active):
       isolation_davis <-> jewell_relay         PRR 0.05  margin  -11.4 dB  (5090 tries)
           carter_dome <-> madison_hut          PRR 0.05  margin  -11.8 dB  (361326 tries)
            ammo_relay <-> jefferson_lawn       PRR 0.06  margin  -12.1 dB  (259355 tries)
    gateway_marshfield <-> webster_cliff        PRR 0.06  margin  -10.4 dB  (111368 tries)
           imp_shelter <-> pulpit_rock          PRR 0.06  margin  -12.3 dB  (250578 tries)
            dolly_copp <-> gorham_info          PRR 0.06  margin  -13.3 dB  (77027 tries)
           cog_skyline <-> jackson_summit       PRR 0.06  margin  -11.1 dB  (274604 tries)
             bondcliff <-> south_twin           PRR 0.06  margin  -12.8 dB  (136889 tries)
            ammo_relay <-> pierce_relay         PRR 0.06  margin  -10.7 dB  (124101 tries)
        rumney_village <-> stinson_lake_gw      PRR 0.06  margin  -13.9 dB  (7672 tries)
            ammo_relay <-> clay_relay           PRR 0.06  margin  -11.1 dB  (257834 tries)
         kinsman_notch <-> moosilauke_summit    PRR 0.06  margin  -13.1 dB  (23833 tries)
per-node:
  summit_shermanadams    tx 177200  rx 2066487  col 1298800  dup- 169198  E_tx  18.319 Wh  solar    0.00 Wh  SOC 100.0%  deaths 0  [grid]
  gateway_marshfield     tx 139048  rx 1139422  col 171723  dup- 143825  E_tx  14.364 Wh  solar    0.00 Wh  SOC 100.0%  deaths 0  [grid]
  pinkham_notch_vc       tx 169664  rx 711793  col 37185  dup- 93657  E_tx  17.517 Wh  solar    0.00 Wh  SOC 100.0%  deaths 0  [grid]
  highland_center        tx 161842  rx 447177  col 24232  dup- 44277  E_tx  16.691 Wh  solar    0.00 Wh  SOC 100.0%  deaths 0  [grid]
  lakes_hut              tx 152847  rx 1169335  col 188758  dup- 135106  E_tx  15.779 Wh  solar 5140.80 Wh  SOC 99.9%  deaths 25  [solar]
  madison_hut            tx 194291  rx 699163  col 56279  dup- 73700  E_tx  20.028 Wh  solar 4915.94 Wh  SOC 99.9%  deaths 30  [solar]
  mizpah_hut             tx 193720  rx 731671  col 57566  dup- 75559  E_tx  19.990 Wh  solar 5180.97 Wh  SOC 99.4%  deaths 21  [solar]
  carter_notch_hut       tx 55504  rx 117626  col 1450  dup- 3163  E_tx   5.673 Wh  solar  676.54 Wh  SOC  4.6%  deaths 237  [solar]
  grayknob_cabin         tx 190356  rx 838641  col 98544  dup- 108441  E_tx  19.624 Wh  solar 5098.70 Wh  SOC 99.9%  deaths 26  [solar]
  hermit_lake            tx 172070  rx 642436  col 29793  dup- 75477  E_tx  17.736 Wh  solar 4803.78 Wh  SOC 99.2%  deaths 43  [solar]
  crag_camp              tx 165083  rx 1153961  col 206513  dup- 143126  E_tx  17.019 Wh  solar 5087.08 Wh  SOC 99.1%  deaths 22  [solar]
  dolly_copp             tx 65118  rx 275474  col 40769  dup- 30237  E_tx   6.664 Wh  solar  733.30 Wh  SOC  5.5%  deaths 238  [solar]
  ammo_relay             tx 141975  rx 795194  col 75774  dup- 102043  E_tx  14.629 Wh  solar 4658.82 Wh  SOC 99.9%  deaths 42  [solar]
  jewell_relay           tx 149777  rx 1296390  col 235523  dup- 142453  E_tx  15.457 Wh  solar 4960.32 Wh  SOC 99.9%  deaths 26  [solar]
  clay_relay             tx 169407  rx 1153369  col 283085  dup- 124059  E_tx  17.468 Wh  solar 5009.53 Wh  SOC 99.9%  deaths 30  [solar]
  monroe_flank           tx 200367  rx 1526442  col 617162  dup- 124692  E_tx  20.666 Wh  solar 5221.11 Wh  SOC 99.9%  deaths 21  [solar]
  lion_head              tx 182031  rx 1296937  col 329491  dup- 125733  E_tx  18.777 Wh  solar 5088.65 Wh  SOC 99.2%  deaths 23  [solar]
  boott_spur             tx 152078  rx 998679  col 143111  dup- 116609  E_tx  15.688 Wh  solar 4160.93 Wh  SOC 99.0%  deaths 60  [solar]
  jefferson_lawn         tx 167917  rx 1681603  col 603160  dup- 166784  E_tx  17.318 Wh  solar 5182.37 Wh  SOC 99.9%  deaths 21  [solar]
  thunderstorm_jct       tx 166073  rx 1417255  col 428978  dup- 149593  E_tx  17.131 Wh  solar 5217.91 Wh  SOC 99.9%  deaths 21  [solar]
  eisenhower_relay       tx 163773  rx 1431970  col 424262  dup- 139643  E_tx  16.904 Wh  solar 5221.97 Wh  SOC 99.9%  deaths 21  [solar]
  pierce_relay           tx 83733  rx 487372  col 139730  dup- 38956  E_tx   8.582 Wh  solar  758.99 Wh  SOC  6.0%  deaths 239  [solar]
  wildcat_d              tx 59472  rx 695988  col 252697  dup- 73487  E_tx   6.091 Wh  solar  760.38 Wh  SOC  6.0%  deaths 238  [solar]
  nelson_crag            tx 163834  rx 1645804  col 665515  dup- 155280  E_tx  16.908 Wh  solar 4985.31 Wh  SOC 99.2%  deaths 25  [solar]
  appalachia_th          tx 50721  rx 117850  col  402  dup- 4804  E_tx   5.189 Wh  solar  777.06 Wh  SOC  6.0%  deaths 241  [solar]
  caps_ridge_th          tx 64030  rx 613114  col 150515  dup- 65666  E_tx   6.564 Wh  solar  761.45 Wh  SOC  6.0%  deaths 240  [solar]
  glen_ellis             tx 79250  rx 360970  col 56957  dup- 34434  E_tx   8.112 Wh  solar  726.95 Wh  SOC  5.7%  deaths 238  [solar]
  great_gulf_th          tx 79603  rx 365579  col 56072  dup- 36627  E_tx   8.151 Wh  solar  766.17 Wh  SOC  5.7%  deaths 242  [solar]
  glen_house             tx 59362  rx 592315  col 164606  dup- 68377  E_tx   6.080 Wh  solar  747.79 Wh  SOC  6.1%  deaths 237  [solar]
  jackson_summit         tx 177953  rx 1166726  col 249228  dup- 126321  E_tx  18.357 Wh  solar 5225.52 Wh  SOC 99.9%  deaths 21  [solar]
  webster_cliff          tx 68846  rx 484215  col 90608  dup- 54176  E_tx   7.059 Wh  solar  767.38 Wh  SOC  6.1%  deaths 239  [solar]
  cog_skyline            tx 149027  rx 1188952  col 179653  dup- 133774  E_tx  15.381 Wh  solar 5026.65 Wh  SOC 99.9%  deaths 26  [solar]
  wildcat_a              tx 53610  rx 617726  col 220712  dup- 68358  E_tx   5.485 Wh  solar  709.07 Wh  SOC  5.8%  deaths 235  [solar]
  madison_summit         tx 176707  rx 1104139  col 273555  dup- 122439  E_tx  18.216 Wh  solar 5207.56 Wh  SOC 99.9%  deaths 22  [solar]
  durand_ridge           tx 45498  rx 157260  col 3925  dup- 20789  E_tx   4.655 Wh  solar  776.06 Wh  SOC  6.0%  deaths 241  [solar]
  cannon_tram_top        tx 61464  rx 455110  col 128755  dup- 49728  E_tx   6.348 Wh  solar    0.00 Wh  SOC 100.0%  deaths 0  [grid]
  lafayette_place        tx 63998  rx 268753  col 18871  dup- 33520  E_tx   6.607 Wh  solar    0.00 Wh  SOC 100.0%  deaths 0  [grid]
  flume_vc               tx 58164  rx 257369  col 13226  dup- 41641  E_tx   6.011 Wh  solar    0.00 Wh  SOC 100.0%  deaths 0  [grid]
  greenleaf_hut          tx 63011  rx 298978  col 29086  dup- 35988  E_tx   6.496 Wh  solar 5133.14 Wh  SOC 99.9%  deaths 23  [solar]
  lonesome_lake_hut      tx 22874  rx 135897  col 21764  dup- 17324  E_tx   2.346 Wh  solar  771.08 Wh  SOC  5.9%  deaths 242  [solar]
  lafayette_summit       tx 75669  rx 440523  col 120447  dup- 32453  E_tx   7.810 Wh  solar 5228.13 Wh  SOC 99.9%  deaths 21  [solar]
  little_haystack        tx 59276  rx 264331  col 34542  dup- 31083  E_tx   6.101 Wh  solar 4712.45 Wh  SOC 99.9%  deaths 26  [solar]
  liberty_summit         tx 64671  rx 330765  col 61305  dup- 31419  E_tx   6.667 Wh  solar 4899.09 Wh  SOC 99.9%  deaths 26  [solar]
  kinsman_n              tx 61546  rx 247727  col 9673  dup- 33857  E_tx   6.338 Wh  solar 5169.84 Wh  SOC 99.9%  deaths 25  [solar]
  kinsman_pond           tx 23268  rx 129817  col 13775  dup- 17282  E_tx   2.387 Wh  solar  752.15 Wh  SOC  5.8%  deaths 240  [solar]
  lincoln_woods_th       tx 24731  rx  33637  col  197  dup-  571  E_tx   2.592 Wh  solar    0.00 Wh  SOC 100.0%  deaths 0  [grid]
  garfield_summit        tx 92553  rx 311977  col 48171  dup- 15350  E_tx   9.548 Wh  solar 5225.96 Wh  SOC 99.9%  deaths 21  [solar]
  galehead_hut           tx 95611  rx 184477  col 6389  dup- 5769  E_tx   9.848 Wh  solar 5059.70 Wh  SOC 99.9%  deaths 25  [solar]
  south_twin             tx 85222  rx 231933  col 19690  dup- 7348  E_tx   8.774 Wh  solar 5152.51 Wh  SOC 99.4%  deaths 21  [solar]
  guyot_summit           tx 58570  rx 176845  col 4699  dup- 19463  E_tx   6.040 Wh  solar 4916.03 Wh  SOC 99.0%  deaths 25  [solar]
  bondcliff              tx 67795  rx 153087  col 5312  dup- 16337  E_tx   6.984 Wh  solar 4374.33 Wh  SOC 99.9%  deaths 46  [solar]
  zealand_hut            tx 61168  rx 187654  col 15031  dup- 10258  E_tx   6.272 Wh  solar  755.35 Wh  SOC  5.8%  deaths 239  [solar]
  zeacliff               tx 37548  rx 131121  col 7305  dup- 10837  E_tx   3.858 Wh  solar  688.05 Wh  SOC  5.4%  deaths 232  [solar]
  hancock_th             tx 30307  rx  47963  col  721  dup- 1069  E_tx   3.109 Wh  solar  724.23 Wh  SOC  5.9%  deaths 231  [solar]
  carrigain_summit       tx 63489  rx 300817  col 48790  dup- 24797  E_tx   6.550 Wh  solar 5230.30 Wh  SOC 99.9%  deaths 21  [solar]
  willey_summit          tx 50932  rx 149241  col 10167  dup- 9157  E_tx   5.226 Wh  solar  781.33 Wh  SOC  6.0%  deaths 244  [solar]
  sawyer_river_th        tx 23427  rx  62994  col  596  dup- 4937  E_tx   2.401 Wh  solar  779.50 Wh  SOC  6.0%  deaths 244  [solar]
  waterville_valley      tx 38488  rx 118576  col 7832  dup- 8606  E_tx   3.968 Wh  solar    0.00 Wh  SOC 100.0%  deaths 0  [grid]
  kanc_pass              tx 16596  rx  26281  col  647  dup-  617  E_tx   1.708 Wh  solar  771.87 Wh  SOC  6.1%  deaths 240  [solar]
  osceola_summit         tx 31317  rx 129986  col 15813  dup- 10756  E_tx   3.203 Wh  solar  770.20 Wh  SOC  5.9%  deaths 242  [solar]
  greeley_ponds          tx 21497  rx  45486  col 6125  dup-  710  E_tx   2.213 Wh  solar  716.52 Wh  SOC  6.0%  deaths 221  [solar]
  tripyramid_n           tx 21541  rx  62554  col  773  dup- 6183  E_tx   2.211 Wh  solar  696.18 Wh  SOC  6.0%  deaths 226  [solar]
  sandwich_dome          tx 25638  rx  69533  col 2523  dup- 5618  E_tx   2.614 Wh  solar  776.15 Wh  SOC  5.9%  deaths 245  [solar]
  whiteface_summit       tx 48212  rx 127073  col 11763  dup- 8530  E_tx   4.956 Wh  solar 5040.12 Wh  SOC 99.9%  deaths 24  [solar]
  passaconaway           tx 41405  rx 115304  col 25744  dup- 2761  E_tx   4.240 Wh  solar 5240.50 Wh  SOC 99.9%  deaths 21  [solar]
  ferncroft_th           tx 23389  rx  59487  col 1802  dup- 4295  E_tx   2.384 Wh  solar  775.55 Wh  SOC  6.0%  deaths 242  [solar]
  welch_dickey_th        tx 13755  rx  22090  col   14  dup-  721  E_tx   1.407 Wh  solar  770.72 Wh  SOC  6.1%  deaths 244  [solar]
  chocorua_summit        tx 24113  rx  33068  col  219  dup-  378  E_tx   2.457 Wh  solar  748.40 Wh  SOC  6.1%  deaths 235  [solar]
  piper_th               tx 20627  rx  48065  col  859  dup- 3091  E_tx   2.101 Wh  solar  724.29 Wh  SOC  5.3%  deaths 234  [solar]
  ravine_lodge           tx 28469  rx  38704  col   75  dup- 2111  E_tx   2.921 Wh  solar    0.00 Wh  SOC 100.0%  deaths 0  [grid]
  moosilauke_summit      tx 31406  rx  75243  col 5375  dup- 4218  E_tx   3.220 Wh  solar 5232.43 Wh  SOC 99.9%  deaths 21  [solar]
  kinsman_notch          tx 11901  rx  13213  col   23  dup-   54  E_tx   1.211 Wh  solar  730.60 Wh  SOC  5.5%  deaths 237  [solar]
  glencliff_th           tx 13949  rx  20837  col   38  dup- 1303  E_tx   1.420 Wh  solar  773.02 Wh  SOC  6.1%  deaths 242  [solar]
  gorham_info            tx 14811  rx  27922  col  489  dup-   33  E_tx   1.512 Wh  solar    0.00 Wh  SOC 100.0%  deaths 0  [grid]
  carter_dome            tx 229792  rx 1277549  col 599345  dup- 96158  E_tx  23.671 Wh  solar 5208.27 Wh  SOC 99.7%  deaths 21  [solar]
  imp_shelter            tx 140201  rx 426055  col 29584  dup- 28659  E_tx  14.418 Wh  solar 5064.96 Wh  SOC 99.3%  deaths 26  [solar]
  moriah_summit          tx 106860  rx 216940  col 4472  dup- 1741  E_tx  10.965 Wh  solar 4804.08 Wh  SOC 99.0%  deaths 29  [solar]
  baldface_s             tx 60082  rx 116018  col 4619  dup- 1779  E_tx   6.149 Wh  solar  748.43 Wh  SOC  6.0%  deaths 231  [solar]
  mt_hayes               tx 18765  rx  44005  col 3135  dup-  559  E_tx   1.913 Wh  solar  766.27 Wh  SOC  5.7%  deaths 242  [solar]
  gentian_pond           tx 25700  rx  62900  col 2139  dup- 1094  E_tx   2.624 Wh  solar  761.99 Wh  SOC  5.9%  deaths 241  [solar]
  success_summit         tx 12203  rx  41251  col 6014  dup-  911  E_tx   1.243 Wh  solar  781.42 Wh  SOC  6.0%  deaths 242  [solar]
  berlin_gateway         tx  7992  rx   8721  col    3  dup-    0  E_tx   0.813 Wh  solar    0.00 Wh  SOC 100.0%  deaths 0  [grid]
  cabot_summit           tx 22070  rx  24866  col  676  dup-  793  E_tx   2.245 Wh  solar 5119.52 Wh  SOC 99.9%  deaths 23  [solar]
  unknown_pond           tx 18682  rx  52508  col 2415  dup- 4968  E_tx   1.900 Wh  solar  768.65 Wh  SOC  5.8%  deaths 242  [solar]
  percy_peaks            tx 19944  rx  24594  col  408  dup-  537  E_tx   2.029 Wh  solar  750.40 Wh  SOC  5.8%  deaths 237  [solar]
  nash_stream_th         tx 12937  rx  42615  col  259  dup- 6893  E_tx   1.316 Wh  solar  699.87 Wh  SOC  5.5%  deaths 231  [solar]
  waumbek_summit         tx 30212  rx  55842  col  128  dup-    0  E_tx   3.085 Wh  solar  746.31 Wh  SOC  5.7%  deaths 241  [solar]
  cherry_mtn             tx 72160  rx 191016  col 6013  dup- 12995  E_tx   7.382 Wh  solar  775.39 Wh  SOC  6.1%  deaths 242  [solar]
  cardigan_lodge         tx  6982  rx   7129  col    1  dup-   36  E_tx   0.730 Wh  solar    0.00 Wh  SOC 100.0%  deaths 0  [grid]
  cardigan_summit        tx  3392  rx   3541  col    0  dup-   34  E_tx   0.346 Wh  solar  788.80 Wh  SOC  6.0%  deaths 244  [solar]
  sunapee_summit         tx    10  rx     11  col    0  dup-    0  E_tx   0.001 Wh  solar    0.00 Wh  SOC 100.0%  deaths 0  [grid]
  ragged_mtn             tx  3239  rx   3238  col    0  dup-    0  E_tx   0.329 Wh  solar  781.99 Wh  SOC  6.0%  deaths 241  [solar]
  gunstock_top           tx 11252  rx  30373  col 1148  dup- 4438  E_tx   1.176 Wh  solar    0.00 Wh  SOC 100.0%  deaths 0  [grid]
  major_summit           tx  8284  rx  19988  col  796  dup- 1423  E_tx   0.844 Wh  solar  767.57 Wh  SOC  6.1%  deaths 240  [solar]
  shaw_summit            tx 16060  rx  20622  col  282  dup-  293  E_tx   1.633 Wh  solar  767.18 Wh  SOC  6.1%  deaths 236  [solar]
  monadnock_hq           tx  8919  rx  15919  col   27  dup- 1219  E_tx   0.926 Wh  solar    0.00 Wh  SOC 100.0%  deaths 0  [grid]
  monadnock_summit       tx  6434  rx   9251  col  137  dup-  164  E_tx   0.655 Wh  solar  795.79 Wh  SOC  6.0%  deaths 246  [solar]
  dublin_th              tx  6398  rx   9045  col   58  dup-  155  E_tx   0.652 Wh  solar  790.09 Wh  SOC  6.1%  deaths 245  [solar]
  miller_hq              tx  7955  rx   8122  col    2  dup-   40  E_tx   0.817 Wh  solar    0.00 Wh  SOC 100.0%  deaths 0  [grid]
  pack_monadnock         tx  6507  rx  12270  col  781  dup-   69  E_tx   0.662 Wh  solar  795.21 Wh  SOC  6.0%  deaths 246  [solar]
  smarts_mtn             tx 13123  rx  13896  col   20  dup-  176  E_tx   1.335 Wh  solar  757.29 Wh  SOC  6.0%  deaths 232  [solar]
  lyme_dorchester_th     tx 13926  rx  33815  col 2339  dup- 1528  E_tx   1.416 Wh  solar  778.44 Wh  SOC  6.0%  deaths 241  [solar]
  winslow_hq             tx  5078  rx   5133  col    0  dup-   11  E_tx   0.526 Wh  solar    0.00 Wh  SOC 100.0%  deaths 0  [grid]
  kearsarge_summit       tx  3330  rx   3411  col    0  dup-   21  E_tx   0.339 Wh  solar  791.17 Wh  SOC  6.0%  deaths 244  [solar]
  cranmore_top           tx 14093  rx  21929  col  310  dup- 1318  E_tx   1.433 Wh  solar    0.00 Wh  SOC 100.0%  deaths 0  [grid]
  kearsarge_north        tx 13128  rx  25040  col  723  dup- 1515  E_tx   1.335 Wh  solar  783.94 Wh  SOC  6.0%  deaths 244  [solar]
  pawtuckaway_hq         tx  3270  rx   3270  col    0  dup-    0  E_tx   0.333 Wh  solar    0.00 Wh  SOC 100.0%  deaths 0  [grid]
  pawtuckaway_tower      tx  3286  rx   3264  col    0  dup-    0  E_tx   0.334 Wh  solar  793.61 Wh  SOC  6.0%  deaths 246  [solar]
  pisgah_hq              tx 10435  rx  27188  col  679  dup- 2595  E_tx   1.061 Wh  solar    0.00 Wh  SOC 100.0%  deaths 0  [grid]
  pisgah_ridge           tx 10216  rx  27277  col 1540  dup- 2673  E_tx   1.039 Wh  solar  789.49 Wh  SOC  6.2%  deaths 245  [solar]
  uncanoonuc_s           tx     0  rx      0  col    0  dup-    0  E_tx   0.000 Wh  solar    0.00 Wh  SOC 100.0%  deaths 0  [grid]
  blue_job               tx     0  rx      0  col    0  dup-    0  E_tx   0.000 Wh  solar    0.00 Wh  SOC 100.0%  deaths 0  [grid]
  balsams_gateway        tx  3003  rx   3003  col    0  dup-    0  E_tx   0.305 Wh  solar    0.00 Wh  SOC 100.0%  deaths 0  [grid]
  table_rock             tx  3003  rx   3003  col    0  dup-    0  E_tx   0.305 Wh  solar  721.45 Wh  SOC  6.1%  deaths 227  [solar]
  pittsburg_village      tx   468  rx    534  col    2  dup-    2  E_tx   0.048 Wh  solar    0.00 Wh  SOC 100.0%  deaths 0  [grid]
  magalloway_tower       tx     4  rx     10  col    0  dup-    0  E_tx   0.000 Wh  solar  729.53 Wh  SOC  5.6%  deaths 237  [solar]
  pulpit_rock            tx 174893  rx 348780  col 27148  dup- 15578  E_tx  18.000 Wh  solar 4199.31 Wh  SOC 99.0%  deaths 59  [solar]
  tremont_summit         tx 20253  rx  58171  col  761  dup- 6057  E_tx   2.074 Wh  solar  748.55 Wh  SOC  5.5%  deaths 242  [solar]
  noon_peak              tx 24991  rx  69530  col 1327  dup- 7377  E_tx   2.561 Wh  solar  715.65 Wh  SOC  5.9%  deaths 230  [solar]
  dickey_ledges          tx 17585  rx  35209  col  530  dup- 1564  E_tx   1.801 Wh  solar  740.25 Wh  SOC  5.4%  deaths 241  [solar]
  tecumseh_ski_top       tx 38013  rx 121445  col 4518  dup- 11815  E_tx   3.922 Wh  solar    0.00 Wh  SOC 100.0%  deaths 0  [grid]
  blue_ridge_ledge       tx 26749  rx  34494  col  696  dup-  253  E_tx   2.737 Wh  solar 4987.93 Wh  SOC 99.2%  deaths 26  [solar]
  north_carter           tx 40031  rx 184243  col 5916  dup- 21307  E_tx   4.093 Wh  solar  735.83 Wh  SOC  5.7%  deaths 235  [solar]
  the_horn               tx 27560  rx  88396  col 18588  dup- 4241  E_tx   2.803 Wh  solar 4657.16 Wh  SOC 99.0%  deaths 34  [solar]
  victor_head            tx 18199  rx  55709  col 1805  dup- 4745  E_tx   1.851 Wh  solar  765.30 Wh  SOC  6.0%  deaths 236  [solar]
  ragged_ski_base        tx  3239  rx   3239  col    0  dup-    0  E_tx   0.329 Wh  solar    0.00 Wh  SOC 100.0%  deaths 0  [grid]
  castle_clouds          tx 12947  rx  33111  col  589  dup- 4425  E_tx   1.317 Wh  solar    0.00 Wh  SOC 100.0%  deaths 0  [grid]
  dartmouth_skiway       tx 12574  rx  21044  col  265  dup- 1270  E_tx   1.279 Wh  solar    0.00 Wh  SOC 100.0%  deaths 0  [grid]
  holts_ledge            tx 11394  rx  29198  col 1678  dup- 3835  E_tx   1.159 Wh  solar  775.68 Wh  SOC  6.1%  deaths 244  [solar]
  first_lake_dam         tx   796  rx   1770  col   82  dup-    2  E_tx   0.081 Wh  solar    0.00 Wh  SOC 100.0%  deaths 0  [grid]
  moosilauke_s_peak      tx 28361  rx  84164  col 8097  dup- 7391  E_tx   2.908 Wh  solar 5232.10 Wh  SOC 99.9%  deaths 21  [solar]
  belknap_summit         tx  8687  rx  17090  col  152  dup- 1120  E_tx   0.885 Wh  solar  787.45 Wh  SOC  6.0%  deaths 245  [solar]
  newbury_station        tx   302  rx    319  col    1  dup-    0  E_tx   0.031 Wh  solar    0.00 Wh  SOC 100.0%  deaths 0  [grid]
  kilkenny_lookout       tx 18810  rx  40266  col 1085  dup- 4361  E_tx   1.913 Wh  solar  746.21 Wh  SOC  5.7%  deaths 240  [solar]
  stark_village          tx 21552  rx  74940  col 2628  dup- 8850  E_tx   2.192 Wh  solar    0.00 Wh  SOC 100.0%  deaths 0  [grid]
  signal_ridge           tx 54556  rx 162295  col 3881  dup- 15870  E_tx   5.637 Wh  solar 4833.72 Wh  SOC 99.9%  deaths 26  [solar]
  white_ledge_cg         tx 26725  rx  50206  col  452  dup- 2196  E_tx   2.732 Wh  solar    0.00 Wh  SOC 100.0%  deaths 0  [grid]
  notchland_inn          tx 56386  rx 135638  col 3031  dup- 8558  E_tx   5.821 Wh  solar    0.00 Wh  SOC 100.0%  deaths 0  [grid]
  mt_hight               tx 187241  rx 382229  col 17192  dup- 35747  E_tx  19.276 Wh  solar 4550.05 Wh  SOC 99.0%  deaths 34  [solar]
  south_carter           tx 143120  rx 736850  col 168094  dup- 92133  E_tx  14.732 Wh  solar 4510.48 Wh  SOC 99.9%  deaths 65  [solar]
  piper_mtn_belknap      tx  8581  rx  17600  col  221  dup- 1255  E_tx   0.874 Wh  solar  776.94 Wh  SOC  6.0%  deaths 242  [solar]
  jennings_peak          tx 38697  rx 110767  col 17539  dup- 5144  E_tx   3.956 Wh  solar  760.61 Wh  SOC  5.9%  deaths 239  [solar]
  welch_ledges           tx 18275  rx  47185  col 2687  dup- 1926  E_tx   1.871 Wh  solar  781.75 Wh  SOC  6.1%  deaths 245  [solar]
  the_bulge              tx 17074  rx  51853  col 3045  dup- 6227  E_tx   1.737 Wh  solar  733.40 Wh  SOC  5.6%  deaths 237  [solar]
  turtleback_mtn         tx 15972  rx  40207  col 2439  dup- 2428  E_tx   1.625 Wh  solar  768.21 Wh  SOC  6.0%  deaths 244  [solar]
  lambert_ridge          tx 13840  rx  21737  col  660  dup- 1197  E_tx   1.408 Wh  solar  763.77 Wh  SOC  6.0%  deaths 242  [solar]
  black_cap              tx 12386  rx  34861  col 1623  dup- 3851  E_tx   1.260 Wh  solar  777.49 Wh  SOC  6.0%  deaths 243  [solar]
  second_lake_dam        tx   783  rx    799  col    0  dup-    0  E_tx   0.080 Wh  solar    0.00 Wh  SOC 100.0%  deaths 0  [grid]
  middle_carter          tx 50306  rx 264221  col 26850  dup- 26512  E_tx   5.143 Wh  solar  759.14 Wh  SOC  5.8%  deaths 239  [solar]
  zeta_pass              tx 48685  rx 179369  col 5072  dup- 18034  E_tx   4.976 Wh  solar  684.96 Wh  SOC  5.3%  deaths 221  [solar]
  smarts_ranger_ledge    tx 13505  rx  37199  col 3629  dup- 1725  E_tx   1.374 Wh  solar  772.66 Wh  SOC  6.1%  deaths 245  [solar]
  hurricane_col          tx 11991  rx  33308  col 1651  dup- 3044  E_tx   1.220 Wh  solar  770.86 Wh  SOC  6.0%  deaths 239  [solar]
  cranmore_ledge         tx 16129  rx  44007  col 5811  dup- 1893  E_tx   1.640 Wh  solar  766.86 Wh  SOC  6.0%  deaths 243  [solar]
  bald_knob_ossipee      tx 13728  rx  47638  col 3239  dup- 5404  E_tx   1.396 Wh  solar  765.04 Wh  SOC  6.0%  deaths 241  [solar]
  mt_roberts             tx 16816  rx  60007  col 5588  dup- 4845  E_tx   1.710 Wh  solar  782.35 Wh  SOC  6.0%  deaths 242  [solar]
  faraway_ledge          tx 15345  rx  43514  col 1480  dup- 5711  E_tx   1.561 Wh  solar  773.01 Wh  SOC  6.0%  deaths 240  [solar]
  ossipee_saddle         tx 16787  rx  50029  col 2717  dup- 4200  E_tx   1.707 Wh  solar  766.01 Wh  SOC  5.9%  deaths 240  [solar]
  black_snout            tx 18190  rx  37619  col 1560  dup- 1353  E_tx   1.850 Wh  solar  767.93 Wh  SOC  6.0%  deaths 239  [solar]
  rockywold_camps        tx 16381  rx  30468  col  734  dup- 1311  E_tx   1.679 Wh  solar    0.00 Wh  SOC 100.0%  deaths 0  [grid]
  morgan_percival        tx 15742  rx  30090  col 2072  dup-  571  E_tx   1.602 Wh  solar  771.70 Wh  SOC  5.9%  deaths 242  [solar]
  rattlesnake_west       tx 14138  rx  31703  col 2092  dup- 1720  E_tx   1.439 Wh  solar  782.58 Wh  SOC  6.1%  deaths 245  [solar]
  red_hill_tower         tx 14372  rx  39317  col 3953  dup- 2267  E_tx   1.463 Wh  solar  774.69 Wh  SOC  6.1%  deaths 244  [solar]
  rumney_village         tx  4383  rx   4764  col   17  dup-   25  E_tx   0.458 Wh  solar    0.00 Wh  SOC 100.0%  deaths 0  [grid]
  stinson_summit         tx  3215  rx   3164  col    1  dup-    1  E_tx   0.327 Wh  solar  763.05 Wh  SOC  6.1%  deaths 240  [solar]
  rattlesnake_rumney     tx  6368  rx   9372  col  235  dup-  194  E_tx   0.648 Wh  solar  783.47 Wh  SOC  6.1%  deaths 245  [solar]
  rumney_cliff_top       tx  6164  rx  10993  col  592  dup-  407  E_tx   0.628 Wh  solar  785.89 Wh  SOC  6.1%  deaths 245  [solar]
  loon_summit            tx 56339  rx  74648  col  189  dup-  537  E_tx   5.813 Wh  solar    0.00 Wh  SOC 100.0%  deaths 0  [grid]
  owls_head_slide        tx  1542  rx   4416  col  170  dup-  276  E_tx   0.159 Wh  solar    0.00 Wh  SOC  0.0%  deaths 1  [battery]
  thirteen_falls         tx  1611  rx   4034  col  207  dup-  178  E_tx   0.166 Wh  solar    0.00 Wh  SOC  0.0%  deaths 1  [battery]
  mt_hale                tx 119940  rx 234951  col 11004  dup- 5527  E_tx  12.353 Wh  solar 5023.11 Wh  SOC 99.4%  deaths 26  [solar]
  twin_mountain_village  tx 88659  rx 146311  col 3909  dup- 2559  E_tx   9.128 Wh  solar    0.00 Wh  SOC 100.0%  deaths 0  [grid]
  sugarloaf_middle       tx 50307  rx  85652  col 4258  dup- 1714  E_tx   5.167 Wh  solar  728.35 Wh  SOC  5.7%  deaths 237  [solar]
  isolation_davis        tx  3344  rx  16404  col 1109  dup- 1998  E_tx   0.344 Wh  solar    0.00 Wh  SOC  0.0%  deaths 1  [battery]
  wild_river_cg          tx 181052  rx 661181  col 82030  dup- 49719  E_tx  18.645 Wh  solar    0.00 Wh  SOC 100.0%  deaths 0  [grid]
  wild_river_blue_brook  tx  3196  rx  15307  col 1967  dup- 1302  E_tx   0.328 Wh  solar    0.00 Wh  SOC  0.0%  deaths 1  [battery]
  north_baldface         tx 26595  rx  55926  col   87  dup-  106  E_tx   2.721 Wh  solar  708.26 Wh  SOC  4.9%  deaths 238  [solar]
  jackson_village        tx 10257  rx  18080  col  355  dup-  261  E_tx   1.043 Wh  solar    0.00 Wh  SOC 100.0%  deaths 0  [grid]
  doublehead_n           tx 12564  rx  26245  col 2283  dup-  374  E_tx   1.278 Wh  solar  773.76 Wh  SOC  6.1%  deaths 242  [solar]
  iron_mtn               tx 11744  rx  18963  col  301  dup-  430  E_tx   1.194 Wh  solar  761.94 Wh  SOC  6.0%  deaths 236  [solar]
  mt_cube                tx  5502  rx  10238  col    3  dup-  849  E_tx   0.560 Wh  solar  769.95 Wh  SOC  6.0%  deaths 236  [solar]
  mead_base              tx 21170  rx  63863  col 1072  dup- 5133  E_tx   2.161 Wh  solar    0.00 Wh  SOC 100.0%  deaths 0  [grid]
  mt_israel              tx 28119  rx  92335  col 11553  dup- 5442  E_tx   2.873 Wh  solar  782.98 Wh  SOC  5.9%  deaths 245  [solar]
  flat_mtn_pond          tx  1310  rx   5770  col  862  dup-  512  E_tx   0.134 Wh  solar    0.00 Wh  SOC  0.0%  deaths 1  [battery]
  green_mtn_effingham    tx     0  rx      0  col    0  dup-    0  E_tx   0.000 Wh  solar  755.48 Wh  SOC  6.1%  deaths 236  [solar]
  bear_brook_hq          tx  4939  rx   4997  col    0  dup-   15  E_tx   0.511 Wh  solar    0.00 Wh  SOC 100.0%  deaths 0  [grid]
  bear_brook_tower       tx  3320  rx   3380  col    0  dup-   16  E_tx   0.338 Wh  solar  789.56 Wh  SOC  6.0%  deaths 245  [solar]
  crotched_base          tx  3210  rx   3210  col    0  dup-    0  E_tx   0.326 Wh  solar    0.00 Wh  SOC 100.0%  deaths 0  [grid]
  crotched_summit        tx  3210  rx   3210  col    0  dup-    0  E_tx   0.326 Wh  solar  774.20 Wh  SOC  6.2%  deaths 245  [solar]
  temple_mtn_ledges      tx  6527  rx   6591  col    2  dup-   23  E_tx   0.664 Wh  solar  793.10 Wh  SOC  6.1%  deaths 247  [solar]
  washington_town        tx 15795  rx  48274  col 4042  dup- 6515  E_tx   1.607 Wh  solar    0.00 Wh  SOC 100.0%  deaths 0  [grid]
  lovewell_mtn           tx 17865  rx  56434  col 8188  dup- 4687  E_tx   1.817 Wh  solar  790.46 Wh  SOC  6.0%  deaths 244  [solar]
  pillsbury_sp           tx 17795  rx  28991  col  899  dup- 2463  E_tx   1.810 Wh  solar  789.08 Wh  SOC  6.1%  deaths 245  [solar]
  kilburn_th             tx 10596  rx  19505  col  538  dup- 1802  E_tx   1.078 Wh  solar  794.62 Wh  SOC  6.0%  deaths 246  [solar]
  milan_hill             tx     0  rx      0  col    0  dup-    0  E_tx   0.000 Wh  solar    0.00 Wh  SOC 100.0%  deaths 0  [grid]
  sugarloaf_nash         tx 14381  rx  46680  col  837  dup- 7349  E_tx   1.463 Wh  solar  773.51 Wh  SOC  6.0%  deaths 242  [solar]
  deer_mtn_pittsburg     tx  3211  rx   3484  col   92  dup-    0  E_tx   0.327 Wh  solar  773.20 Wh  SOC  5.9%  deaths 241  [solar]
  champney_th            tx 19241  rx  29167  col   57  dup-  381  E_tx   1.959 Wh  solar  779.53 Wh  SOC  5.9%  deaths 242  [solar]
  buffalo_rd_lot         tx  7280  rx  13313  col   64  dup- 1303  E_tx   0.752 Wh  solar    0.00 Wh  SOC 100.0%  deaths 0  [grid]
  stinson_lake_gw        tx  3405  rx   3512  col    0  dup-    1  E_tx   0.347 Wh  solar    0.00 Wh  SOC 100.0%  deaths 0  [grid]
  attitash_base          tx 14824  rx  22529  col  232  dup-  487  E_tx   1.508 Wh  solar    0.00 Wh  SOC 100.0%  deaths 0  [grid]
  iron_s_ledge           tx 14591  rx  28637  col 1331  dup-  372  E_tx   1.484 Wh  solar  726.65 Wh  SOC  6.0%  deaths 224  [solar]
  rocky_branch_knoll     tx 16126  rx  36519  col 2971  dup-  597  E_tx   1.640 Wh  solar  778.98 Wh  SOC  6.0%  deaths 244  [solar]
  mt_cube_farm           tx  4789  rx  11072  col    2  dup- 1621  E_tx   0.487 Wh  solar    0.00 Wh  SOC 100.0%  deaths 0  [grid]
  cube_s_ledge           tx  5553  rx  10180  col    3  dup-  798  E_tx   0.565 Wh  solar  768.73 Wh  SOC  6.0%  deaths 236  [solar]
  deer_mtn_cg            tx  3182  rx   3482  col    3  dup-   29  E_tx   0.324 Wh  solar    0.00 Wh  SOC 100.0%  deaths 0  [grid]
  millen_pond            tx 15049  rx  59666  col 7706  dup- 7491  E_tx   1.531 Wh  solar  790.49 Wh  SOC  6.0%  deaths 246  [solar]
  faxon_hill             tx 15396  rx  68663  col 10299  dup- 7229  E_tx   1.566 Wh  solar  786.88 Wh  SOC  6.0%  deaths 245  [solar]
  greenway_mid           tx 14226  rx  71755  col 11284  dup- 8084  E_tx   1.447 Wh  solar  776.46 Wh  SOC  6.0%  deaths 244  [solar]
  kittredge_hill         tx 16096  rx  59427  col 6787  dup- 6463  E_tx   1.637 Wh  solar  790.21 Wh  SOC  6.0%  deaths 244  [solar]
  bryant_ledge           tx 15362  rx  68407  col 9842  dup- 7171  E_tx   1.562 Wh  solar  783.93 Wh  SOC  6.1%  deaths 245  [solar]
  pisgah_w_knoll         tx  8487  rx  30686  col 2004  dup- 4322  E_tx   0.863 Wh  solar  776.76 Wh  SOC  5.9%  deaths 245  [solar]
  kilburn_ridge          tx  9406  rx  33270  col 3044  dup- 3513  E_tx   0.957 Wh  solar  789.54 Wh  SOC  6.0%  deaths 246  [solar]
  moose_mtn_at           tx  6542  rx   7435  col   12  dup-  143  E_tx   0.665 Wh  solar  770.55 Wh  SOC  5.9%  deaths 244  [solar]
  black_mtn_benton       tx 13638  rx  27648  col   89  dup- 3463  E_tx   1.388 Wh  solar  784.51 Wh  SOC  6.0%  deaths 244  [solar]
  prospect_weeks         tx     0  rx      0  col    0  dup-    0  E_tx   0.000 Wh  solar    0.00 Wh  SOC 100.0%  deaths 0  [grid]
  moose_mtn_lodge        tx  6713  rx   7650  col    6  dup-  139  E_tx   0.683 Wh  solar    0.00 Wh  SOC 100.0%  deaths 0  [grid]
  moose_s_ledge          tx  6626  rx  12594  col 1007  dup-  276  E_tx   0.674 Wh  solar  786.65 Wh  SOC  6.0%  deaths 244  [solar]
  radio_gateway_marshfield_0 tx 11391  rx 440178  col 99602  dup-    0  E_tx   1.222 Wh  solar    0.00 Wh  SOC 100.0%  deaths 0  [battery]
  radio_gateway_marshfield_1 tx 13226  rx 575496  col 121860  dup-    0  E_tx   1.420 Wh  solar    0.00 Wh  SOC 100.0%  deaths 0  [battery]
  radio_gateway_marshfield_2 tx     0  rx      0  col    0  dup-    0  E_tx   0.000 Wh  solar    0.00 Wh  SOC 100.0%  deaths 0  [battery]
  radio_pinkham_notch_vc_0 tx 11344  rx 319655  col 47740  dup-    0  E_tx   1.217 Wh  solar    0.00 Wh  SOC 100.0%  deaths 0  [battery]
  radio_pinkham_notch_vc_1 tx  9460  rx 320253  col 50670  dup-    0  E_tx   1.015 Wh  solar    0.00 Wh  SOC 100.0%  deaths 0  [battery]
  radio_pinkham_notch_vc_2 tx     0  rx      0  col    0  dup-    0  E_tx   0.000 Wh  solar    0.00 Wh  SOC 100.0%  deaths 0  [battery]
  radio_highland_center_0 tx    32  rx   1886  col  482  dup-    0  E_tx   0.003 Wh  solar    0.00 Wh  SOC 100.0%  deaths 0  [battery]
  radio_highland_center_1 tx    31  rx   1908  col  527  dup-    0  E_tx   0.003 Wh  solar    0.00 Wh  SOC 100.0%  deaths 0  [battery]
  radio_highland_center_2 tx    31  rx   1842  col  518  dup-    0  E_tx   0.003 Wh  solar    0.00 Wh  SOC 100.0%  deaths 0  [battery]
  radio_appalachia_th_0  tx  8865  rx 106465  col 4805  dup-    0  E_tx   0.951 Wh  solar    0.00 Wh  SOC 100.0%  deaths 0  [battery]
  radio_appalachia_th_1  tx     0  rx      0  col    0  dup-    0  E_tx   0.000 Wh  solar    0.00 Wh  SOC 100.0%  deaths 0  [battery]
  radio_appalachia_th_2  tx     0  rx      0  col    0  dup-    0  E_tx   0.000 Wh  solar    0.00 Wh  SOC 100.0%  deaths 0  [battery]
  radio_glen_house_0     tx    31  rx   1484  col  303  dup-    0  E_tx   0.003 Wh  solar    0.00 Wh  SOC 100.0%  deaths 0  [battery]
  radio_glen_house_1     tx    32  rx   1532  col  337  dup-    0  E_tx   0.003 Wh  solar    0.00 Wh  SOC 100.0%  deaths 0  [battery]
  radio_glen_house_2     tx    31  rx   1495  col  312  dup-    0  E_tx   0.003 Wh  solar    0.00 Wh  SOC 100.0%  deaths 0  [battery]
  radio_great_gulf_th_0  tx  5556  rx 170108  col 19694  dup-    0  E_tx   0.595 Wh  solar    0.00 Wh  SOC 100.0%  deaths 0  [battery]
  radio_great_gulf_th_1  tx     0  rx      0  col    0  dup-    0  E_tx   0.000 Wh  solar    0.00 Wh  SOC 100.0%  deaths 0  [battery]
  radio_great_gulf_th_2  tx     0  rx      0  col    0  dup-    0  E_tx   0.000 Wh  solar    0.00 Wh  SOC 100.0%  deaths 0  [battery]
  radio_lafayette_place_0 tx  3051  rx  46146  col 6754  dup-    0  E_tx   0.327 Wh  solar    0.00 Wh  SOC 100.0%  deaths 0  [battery]
  radio_lafayette_place_1 tx  8504  rx 118096  col 22183  dup-    0  E_tx   0.912 Wh  solar    0.00 Wh  SOC 100.0%  deaths 0  [battery]
  radio_lafayette_place_2 tx     0  rx      0  col    0  dup-    0  E_tx   0.000 Wh  solar    0.00 Wh  SOC 100.0%  deaths 0  [battery]
  radio_lafayette_place_3 tx     0  rx      0  col    0  dup-    0  E_tx   0.000 Wh  solar    0.00 Wh  SOC 100.0%  deaths 0  [battery]
  radio_lincoln_woods_th_0 tx  8244  rx  36510  col 3276  dup-    0  E_tx   0.884 Wh  solar    0.00 Wh  SOC 100.0%  deaths 0  [battery]
  radio_lincoln_woods_th_1 tx 15656  rx  94980  col 8195  dup-    0  E_tx   1.682 Wh  solar    0.00 Wh  SOC 100.0%  deaths 0  [battery]
  radio_lincoln_woods_th_2 tx     0  rx      0  col    0  dup-    0  E_tx   0.000 Wh  solar    0.00 Wh  SOC 100.0%  deaths 0  [battery]
  radio_lincoln_woods_th_3 tx     0  rx      0  col    0  dup-    0  E_tx   0.000 Wh  solar    0.00 Wh  SOC 100.0%  deaths 0  [battery]
  radio_ravine_lodge_0   tx  6004  rx  18296  col 1605  dup-    0  E_tx   0.643 Wh  solar    0.00 Wh  SOC 100.0%  deaths 0  [battery]
  radio_ravine_lodge_1   tx     0  rx      0  col    0  dup-    0  E_tx   0.000 Wh  solar    0.00 Wh  SOC 100.0%  deaths 0  [battery]
  radio_ravine_lodge_2   tx     0  rx      0  col    0  dup-    0  E_tx   0.000 Wh  solar    0.00 Wh  SOC 100.0%  deaths 0  [battery]
  radio_waterville_valley_0 tx 18153  rx  59646  col 6311  dup-    0  E_tx   1.948 Wh  solar    0.00 Wh  SOC 100.0%  deaths 0  [battery]
  radio_waterville_valley_1 tx     0  rx      0  col    0  dup-    0  E_tx   0.000 Wh  solar    0.00 Wh  SOC 100.0%  deaths 0  [battery]
  radio_waterville_valley_2 tx     0  rx      0  col    0  dup-    0  E_tx   0.000 Wh  solar    0.00 Wh  SOC 100.0%  deaths 0  [battery]
  radio_piper_th_0       tx  3518  rx   5603  col  210  dup-    0  E_tx   0.377 Wh  solar    0.00 Wh  SOC 100.0%  deaths 0  [battery]
  radio_piper_th_1       tx     0  rx      0  col    0  dup-    0  E_tx   0.000 Wh  solar    0.00 Wh  SOC 100.0%  deaths 0  [battery]
  radio_piper_th_2       tx     0  rx      0  col    0  dup-    0  E_tx   0.000 Wh  solar    0.00 Wh  SOC 100.0%  deaths 0  [battery]
  radio_sawyer_river_th_0 tx  6959  rx  18086  col  388  dup-    0  E_tx   0.746 Wh  solar    0.00 Wh  SOC 100.0%  deaths 0  [battery]
  radio_sawyer_river_th_1 tx     0  rx      0  col    0  dup-    0  E_tx   0.000 Wh  solar    0.00 Wh  SOC 100.0%  deaths 0  [battery]
  radio_sawyer_river_th_2 tx     0  rx      0  col    0  dup-    0  E_tx   0.000 Wh  solar    0.00 Wh  SOC 100.0%  deaths 0  [battery]
  radio_monadnock_hq_0   tx  3670  rx   3882  col   36  dup-    0  E_tx   0.393 Wh  solar    0.00 Wh  SOC 100.0%  deaths 0  [battery]
  radio_monadnock_hq_1   tx     0  rx      0  col    0  dup-    0  E_tx   0.000 Wh  solar    0.00 Wh  SOC 100.0%  deaths 0  [battery]
  radio_monadnock_hq_2   tx     0  rx      0  col    0  dup-    0  E_tx   0.000 Wh  solar    0.00 Wh  SOC 100.0%  deaths 0  [battery]
  radio_cardigan_lodge_0 tx  3788  rx   3866  col    7  dup-    0  E_tx   0.407 Wh  solar    0.00 Wh  SOC 100.0%  deaths 0  [battery]
  radio_cardigan_lodge_1 tx     0  rx      0  col    0  dup-    0  E_tx   0.000 Wh  solar    0.00 Wh  SOC 100.0%  deaths 0  [battery]
  radio_cardigan_lodge_2 tx     0  rx      0  col    0  dup-    0  E_tx   0.000 Wh  solar    0.00 Wh  SOC 100.0%  deaths 0  [battery]
  radio_gunstock_top_0   tx  6784  rx   6938  col  105  dup-    0  E_tx   0.727 Wh  solar    0.00 Wh  SOC 100.0%  deaths 0  [battery]
  radio_gunstock_top_1   tx     0  rx      0  col    0  dup-    0  E_tx   0.000 Wh  solar    0.00 Wh  SOC 100.0%  deaths 0  [battery]
  radio_gunstock_top_2   tx     0  rx      0  col    0  dup-    0  E_tx   0.000 Wh  solar    0.00 Wh  SOC 100.0%  deaths 0  [battery]
  radio_winslow_hq_0     tx  1945  rx   1838  col    2  dup-    0  E_tx   0.208 Wh  solar    0.00 Wh  SOC 100.0%  deaths 0  [battery]
  radio_winslow_hq_1     tx     0  rx      0  col    0  dup-    0  E_tx   0.000 Wh  solar    0.00 Wh  SOC 100.0%  deaths 0  [battery]
  radio_winslow_hq_2     tx     0  rx      0  col    0  dup-    0  E_tx   0.000 Wh  solar    0.00 Wh  SOC 100.0%  deaths 0  [battery]
  radio_miller_hq_0      tx  1576  rx   1521  col    3  dup-    0  E_tx   0.169 Wh  solar    0.00 Wh  SOC 100.0%  deaths 0  [battery]
  radio_miller_hq_1      tx     0  rx      0  col    0  dup-    0  E_tx   0.000 Wh  solar    0.00 Wh  SOC 100.0%  deaths 0  [battery]
  radio_miller_hq_2      tx     0  rx      0  col    0  dup-    0  E_tx   0.000 Wh  solar    0.00 Wh  SOC 100.0%  deaths 0  [battery]
  radio_rockywold_camps_0 tx  4016  rx   3290  col  303  dup-    0  E_tx   0.430 Wh  solar    0.00 Wh  SOC 100.0%  deaths 0  [battery]
  radio_rockywold_camps_1 tx     0  rx      0  col    0  dup-    0  E_tx   0.000 Wh  solar    0.00 Wh  SOC 100.0%  deaths 0  [battery]
  radio_rockywold_camps_2 tx     0  rx      0  col    0  dup-    0  E_tx   0.000 Wh  solar    0.00 Wh  SOC 100.0%  deaths 0  [battery]
  radio_rumney_village_0 tx  3999  rx   3848  col  402  dup-    0  E_tx   0.428 Wh  solar    0.00 Wh  SOC 100.0%  deaths 0  [battery]
  radio_rumney_village_1 tx     0  rx      0  col    0  dup-    0  E_tx   0.000 Wh  solar    0.00 Wh  SOC 100.0%  deaths 0  [battery]
  radio_rumney_village_2 tx     0  rx      0  col    0  dup-    0  E_tx   0.000 Wh  solar    0.00 Wh  SOC 100.0%  deaths 0  [battery]
  radio_glen_ellis_0     tx 15911  rx 527345  col 94949  dup-    0  E_tx   1.706 Wh  solar    0.00 Wh  SOC 100.0%  deaths 0  [battery]
  radio_glen_ellis_1     tx     0  rx      0  col    0  dup-    0  E_tx   0.000 Wh  solar    0.00 Wh  SOC 100.0%  deaths 0  [battery]
  radio_glen_ellis_2     tx     0  rx      0  col    0  dup-    0  E_tx   0.000 Wh  solar    0.00 Wh  SOC 100.0%  deaths 0  [battery]
  radio_twin_mountain_village_0 tx 18937  rx 121439  col 11888  dup-    0  E_tx   2.033 Wh  solar    0.00 Wh  SOC 100.0%  deaths 0  [battery]
  radio_twin_mountain_village_1 tx     0  rx      0  col    0  dup-    0  E_tx   0.000 Wh  solar    0.00 Wh  SOC 100.0%  deaths 0  [battery]
  radio_twin_mountain_village_2 tx     0  rx      0  col    0  dup-    0  E_tx   0.000 Wh  solar    0.00 Wh  SOC 100.0%  deaths 0  [battery]
  radio_wild_river_cg_0  tx 13102  rx 156023  col 12809  dup-    0  E_tx   1.406 Wh  solar    0.00 Wh  SOC 100.0%  deaths 0  [battery]
  radio_wild_river_cg_1  tx     0  rx      0  col    0  dup-    0  E_tx   0.000 Wh  solar    0.00 Wh  SOC 100.0%  deaths 0  [battery]
  radio_wild_river_cg_2  tx     0  rx      0  col    0  dup-    0  E_tx   0.000 Wh  solar    0.00 Wh  SOC 100.0%  deaths 0  [battery]
  radio_bear_brook_hq_0  tx  1677  rx   1728  col    0  dup-    0  E_tx   0.180 Wh  solar    0.00 Wh  SOC 100.0%  deaths 0  [battery]
  radio_bear_brook_hq_1  tx     0  rx      0  col    0  dup-    0  E_tx   0.000 Wh  solar    0.00 Wh  SOC 100.0%  deaths 0  [battery]
  radio_bear_brook_hq_2  tx     0  rx      0  col    0  dup-    0  E_tx   0.000 Wh  solar    0.00 Wh  SOC 100.0%  deaths 0  [battery]
wrote artifacts/sim/kiosk_trace_flood.jsonl, artifacts/sim/kiosk_summary_flood.json
