{
  "mode": "etx",
  "days": 365.0,
  "hop_limit": 3,
  "n_renters": 50,
  "fleet_energy": {
    "final_soc_std": 0.4221,
    "final_soc_min": 0.0466,
    "deaths_total": 28632,
    "relay_energy_gini": 0.4547,
    "soc_series_6h": [
      [
        0.25,
        0.953,
        0.953,
        0.953,
        0.0
      ],
      [
        0.5,
        0.911,
        0.912,
        0.953,
        0.0167
      ],
      [
        0.75,
        0.916,
        0.917,
        0.999,
        0.0371
      ],
      [
        1.0,
        0.903,
        0.906,
        0.999,
        0.0418
      ],
      [
        1.25,
        0.855,
        0.858,
        0.953,
        0.0423
      ],
      [
        1.5,
        0.815,
        0.819,
        0.964,
        0.0633
      ],
      [
        1.75,
        0.834,
        0.838,
        0.999,
        0.0731
      ],
      [
        2.0,
        0.83,
        0.838,
        0.999,
        0.0729
      ],
      [
        2.25,
        0.782,
        0.79,
        0.952,
        0.0734
      ],
      [
        2.5,
        0.742,
        0.75,
        0.956,
        0.0921
      ],
      [
        2.75,
        0.755,
        0.764,
        0.999,
        0.1076
      ],
      [
        3.0,
        0.747,
        0.759,
        0.999,
        0.1095
      ],
      [
        3.25,
        0.699,
        0.711,
        0.952,
        0.1099
      ],
      [
        3.5,
        0.658,
        0.67,
        0.947,
        0.1259
      ],
      [
        3.75,
        0.663,
        0.676,
        0.999,
        0.148
      ],
      [
        4.0,
        0.65,
        0.665,
        0.999,
        0.1524
      ],
      [
        4.25,
        0.602,
        0.617,
        0.953,
        0.1529
      ],
      [
        4.5,
        0.563,
        0.578,
        0.959,
        0.1722
      ],
      [
        4.75,
        0.578,
        0.594,
        0.999,
        0.1853
      ],
      [
        5.0,
        0.572,
        0.592,
        0.999,
        0.1862
      ],
      [
        5.25,
        0.524,
        0.544,
        0.953,
        0.1867
      ],
      [
        5.5,
        0.484,
        0.505,
        0.959,
        0.2061
      ],
      [
        5.75,
        0.501,
        0.521,
        0.999,
        0.2191
      ],
      [
        6.0,
        0.495,
        0.519,
        0.999,
        0.2197
      ],
      [
        6.25,
        0.447,
        0.471,
        0.953,
        0.2202
      ],
      [
        6.5,
        0.408,
        0.434,
        0.966,
        0.2418
      ],
      [
        6.75,
        0.432,
        0.458,
        0.999,
        0.2489
      ],
      [
        7.0,
        0.43,
        0.461,
        0.999,
        0.247
      ],
      [
        7.25,
        0.382,
        0.413,
        0.952,
        0.2474
      ],
      [
        7.5,
        0.342,
        0.373,
        0.95,
        0.2644
      ],
      [
        7.75,
        0.351,
        0.382,
        0.999,
        0.2837
      ],
      [
        8.0,
        0.341,
        0.376,
        0.999,
        0.2866
      ],
      [
        8.25,
        0.293,
        0.328,
        0.952,
        0.2869
      ],
      [
        8.5,
        0.251,
        0.285,
        0.937,
        0.2992
      ],
      [
        8.75,
        0.246,
        0.28,
        0.999,
        0.3305
      ],
      [
        9.0,
        0.226,
        0.262,
        0.998,
        0.3381
      ],
      [
        9.25,
        0.178,
        0.215,
        0.951,
        0.3383
      ],
      [
        9.5,
        0.135,
        0.171,
        0.932,
        0.349
      ],
      [
        9.75,
        0.125,
        0.161,
        0.999,
        0.3844
      ],
      [
        10.0,
        0.102,
        0.14,
        0.998,
        0.3934
      ],
      [
        10.25,
        0.054,
        0.092,
        0.952,
        0.3937
      ],
      [
        10.5,
        0.013,
        0.053,
        0.961,
        0.4123
      ],
      [
        10.75,
        0.047,
        0.072,
        0.999,
        0.4228
      ],
      [
        11.0,
        0.045,
        0.071,
        0.999,
        0.4225
      ],
      [
        11.25,
        0.0,
        0.024,
        0.952,
        0.4216
      ],
      [
        11.5,
        0.006,
        0.008,
        0.954,
        0.424
      ],
      [
        11.75,
        0.057,
        0.058,
        0.999,
        0.4239
      ],
      [
        12.0,
        0.051,
        0.054,
        0.999,
        0.4251
      ],
      [
        12.25,
        0.003,
        0.006,
        0.952,
        0.4254
      ],
      [
        12.5,
        0.006,
        0.008,
        0.952,
        0.4236
      ],
      [
        12.75,
        0.056,
        0.057,
        0.999,
        0.4242
      ],
      [
        13.0,
        0.049,
        0.053,
        0.999,
        0.4259
      ],
      [
        13.25,
        0.001,
        0.005,
        0.951,
        0.426
      ],
      [
        13.5,
        0.004,
        0.005,
        0.931,
        0.4164
      ],
      [
        13.75,
        0.042,
        0.043,
        0.999,
        0.4308
      ],
      [
        14.0,
        0.029,
        0.031,
        0.998,
        0.4355
      ],
      [
        14.25,
        0.0,
        0.0,
        0.952,
        0.4279
      ],
      [
        14.5,
        0.008,
        0.01,
        0.97,
        0.4286
      ],
      [
        14.75,
        0.068,
        0.069,
        0.999,
        0.4189
      ],
      [
        15.0,
        0.072,
        0.077,
        0.999,
        0.415
      ],
      [
        15.25,
        0.024,
        0.029,
        0.952,
        0.4153
      ],
      [
        15.5,
        0.007,
        0.01,
        0.964,
        0.4268
      ],
      [
        15.75,
        0.065,
        0.066,
        0.999,
        0.4203
      ],
      [
        16.0,
        0.066,
        0.071,
        0.999,
        0.4178
      ],
      [
        16.25,
        0.018,
        0.023,
        0.952,
        0.418
      ],
      [
        16.5,
        0.006,
        0.008,
        0.95,
        0.4223
      ],
      [
        16.75,
        0.056,
        0.057,
        0.999,
        0.4244
      ],
      [
        17.0,
        0.048,
        0.051,
        0.999,
        0.4264
      ],
      [
        17.25,
        0.0,
        0.003,
        0.952,
        0.4265
      ],
      [
        17.5,
        0.006,
        0.009,
        0.958,
        0.4249
      ],
      [
        17.75,
        0.061,
        0.062,
        0.999,
        0.4221
      ],
      [
        18.0,
        0.058,
        0.063,
        0.999,
        0.4212
      ],
      [
        18.25,
        0.01,
        0.015,
        0.952,
        0.4215
      ],
      [
        18.5,
        0.007,
        0.01,
        0.965,
        0.4268
      ],
      [
        18.75,
        0.067,
        0.069,
        0.999,
        0.4191
      ],
      [
        19.0,
        0.07,
        0.076,
        0.999,
        0.4155
      ],
      [
        19.25,
        0.022,
        0.028,
        0.951,
        0.4156
      ],
      [
        19.5,
        0.003,
        0.004,
        0.929,
        0.4152
      ],
      [
        19.75,
        0.041,
        0.041,
        0.999,
        0.4314
      ],
      [
        20.0,
        0.029,
        0.03,
        0.998,
        0.4356
      ],
      [
        20.25,
        0.0,
        0.0,
        0.95,
        0.4274
      ],
      [
        20.5,
        0.005,
        0.007,
        0.945,
        0.4205
      ],
      [
        20.75,
        0.054,
        0.055,
        0.999,
        0.4255
      ],
      [
        21.0,
        0.043,
        0.046,
        0.999,
        0.4289
      ],
      [
        21.25,
        0.0,
        0.0,
        0.951,
        0.4276
      ],
      [
        21.5,
        0.007,
        0.009,
        0.962,
        0.4258
      ],
      [
        21.75,
        0.066,
        0.067,
        0.999,
        0.42
      ],
      [
        22.0,
        0.067,
        0.072,
        0.999,
        0.4172
      ],
      [
        22.25,
        0.019,
        0.024,
        0.951,
        0.4174
      ],
      [
        22.5,
        0.007,
        0.01,
        0.964,
        0.4265
      ],
      [
        22.75,
        0.069,
        0.07,
        0.999,
        0.4186
      ],
      [
        23.0,
        0.072,
        0.078,
        0.999,
        0.4146
      ],
      [
        23.25,
        0.024,
        0.03,
        0.951,
        0.4148
      ],
      [
        23.5,
        0.007,
        0.01,
        0.963,
        0.4261
      ],
      [
        23.75,
        0.068,
        0.069,
        0.999,
        0.4189
      ],
      [
        24.0,
        0.071,
        0.077,
        0.999,
        0.4151
      ],
      [
        24.25,
        0.023,
        0.029,
        0.951,
        0.4152
      ],
      [
        24.5,
        0.004,
        0.004,
        0.929,
        0.4156
      ],
      [
        24.75,
        0.044,
        0.045,
        0.999,
        0.4296
      ],
      [
        25.0,
        0.029,
        0.031,
        0.998,
        0.4351
      ],
      [
        25.25,
        0.0,
        0.0,
        0.95,
        0.4273
      ],
      [
        25.5,
        0.007,
        0.01,
        0.964,
        0.4259
      ],
      [
        25.75,
        0.069,
        0.07,
        0.999,
        0.4186
      ],
      [
        26.0,
        0.072,
        0.078,
        0.999,
        0.4145
      ],
      [
        26.25,
        0.024,
        0.03,
        0.951,
        0.4145
      ],
      [
        26.5,
        0.004,
        0.005,
        0.933,
        0.4169
      ],
      [
        26.75,
        0.05,
        0.051,
        0.999,
        0.4271
      ],
      [
        27.0,
        0.033,
        0.035,
        0.998,
        0.4333
      ],
      [
        27.25,
        0.0,
        0.0,
        0.95,
        0.4273
      ],
      [
        27.5,
        0.006,
        0.008,
        0.955,
        0.4233
      ],
      [
        27.75,
        0.062,
        0.063,
        0.999,
        0.4215
      ],
      [
        28.0,
        0.06,
        0.065,
        0.998,
        0.42
      ],
      [
        28.25,
        0.012,
        0.017,
        0.951,
        0.42
      ],
      [
        28.5,
        0.006,
        0.008,
        0.952,
        0.4226
      ],
      [
        28.75,
        0.062,
        0.063,
        0.999,
        0.4217
      ],
      [
        29.0,
        0.059,
        0.064,
        0.998,
        0.4203
      ],
      [
        29.25,
        0.011,
        0.016,
        0.95,
        0.4203
      ],
      [
        29.5,
        0.005,
        0.008,
        0.948,
        0.4211
      ],
      [
        29.75,
        0.059,
        0.06,
        0.999,
        0.4231
      ],
      [
        30.0,
        0.053,
        0.057,
        0.998,
        0.4232
      ],
      [
        30.25,
        0.005,
        0.009,
        0.95,
        0.4232
      ],
      [
        30.5,
        0.002,
        0.002,
        0.914,
        0.4098
      ],
      [
        30.75,
        0.023,
        0.023,
        0.999,
        0.4394
      ],
      [
        31.0,
        0.037,
        0.037,
        0.994,
        0.4306
      ],
      [
        31.25,
        0.037,
        0.037,
        0.946,
        0.409
      ],
      [
        31.5,
        0.043,
        0.045,
        0.952,
        0.4044
      ],
      [
        31.75,
        0.074,
        0.075,
        0.999,
        0.4162
      ],
      [
        32.0,
        0.072,
        0.077,
        0.998,
        0.4145
      ],
      [
        32.25,
        0.024,
        0.029,
        0.95,
        0.4145
      ],
      [
        32.5,
        0.006,
        0.008,
        0.952,
        0.4224
      ],
      [
        32.75,
        0.064,
        0.065,
        0.999,
        0.4207
      ],
      [
        33.0,
        0.063,
        0.068,
        0.998,
        0.4185
      ],
      [
        33.25,
        0.015,
        0.02,
        0.95,
        0.4185
      ],
      [
        33.5,
        0.006,
        0.008,
        0.951,
        0.4218
      ],
      [
        33.75,
        0.063,
        0.065,
        0.999,
        0.421
      ],
      [
        34.0,
        0.062,
        0.067,
        0.998,
        0.4191
      ],
      [
        34.25,
        0.014,
        0.019,
        0.95,
        0.4191
      ],
      [
        34.5,
        0.006,
        0.008,
        0.952,
        0.422
      ],
      [
        34.75,
        0.065,
        0.066,
        0.999,
        0.4205
      ],
      [
        35.0,
        0.064,
        0.069,
        0.998,
        0.418
      ],
      [
        35.25,
        0.016,
        0.021,
        0.95,
        0.418
      ],
      [
        35.5,
        0.004,
        0.006,
        0.936,
        0.4174
      ],
      [
        35.75,
        0.053,
        0.054,
        0.999,
        0.4257
      ],
      [
        36.0,
        0.041,
        0.044,
        0.997,
        0.4288
      ],
      [
        36.25,
        0.0,
        0.0,
        0.949,
        0.4266
      ],
      [
        36.5,
        0.004,
        0.005,
        0.931,
        0.4159
      ],
      [
        36.75,
        0.051,
        0.052,
        0.999,
        0.4267
      ],
      [
        37.0,
        0.035,
        0.038,
        0.997,
        0.4316
      ],
      [
        37.25,
        0.0,
        0.0,
        0.949,
        0.4266
      ],
      [
        37.5,
        0.005,
        0.007,
        0.945,
        0.4196
      ],
      [
        37.75,
        0.059,
        0.061,
        0.999,
        0.4227
      ],
      [
        38.0,
        0.054,
        0.058,
        0.997,
        0.4224
      ],
      [
        38.25,
        0.006,
        0.01,
        0.949,
        0.4223
      ],
      [
        38.5,
        0.004,
        0.005,
        0.933,
        0.4162
      ],
      [
        38.75,
        0.053,
        0.053,
        0.999,
        0.426
      ],
      [
        39.0,
        0.039,
        0.042,
        0.997,
        0.4296
      ],
      [
        39.25,
        0.0,
        0.0,
        0.949,
        0.4264
      ],
      [
        39.5,
        0.005,
        0.007,
        0.944,
        0.4196
      ],
      [
        39.75,
        0.061,
        0.062,
        0.999,
        0.4223
      ],
      [
        40.0,
        0.056,
        0.061,
        0.997,
        0.4213
      ],
      [
        40.25,
        0.008,
        0.013,
        0.949,
        0.4212
      ],
      [
        40.5,
        0.005,
        0.007,
        0.945,
        0.4196
      ],
      [
        40.75,
        0.062,
        0.063,
        0.999,
        0.4216
      ],
      [
        41.0,
        0.058,
        0.063,
        0.997,
        0.4199
      ],
      [
        41.25,
        0.01,
        0.015,
        0.949,
        0.4199
      ],
      [
        41.5,
        0.005,
        0.007,
        0.944,
        0.4192
      ],
      [
        41.75,
        0.062,
        0.063,
        0.999,
        0.4218
      ],
      [
        42.0,
        0.057,
        0.062,
        0.996,
        0.4204
      ],
      [
        42.25,
        0.009,
        0.014,
        0.948,
        0.4204
      ],
      [
        42.5,
        0.005,
        0.007,
        0.941,
        0.4184
      ],
      [
        42.75,
        0.06,
        0.061,
        0.999,
        0.4226
      ],
      [
        43.0,
        0.053,
        0.059,
        0.996,
        0.4219
      ],
      [
        43.25,
        0.005,
        0.011,
        0.948,
        0.4218
      ],
      [
        43.5,
        0.004,
        0.006,
        0.938,
        0.4172
      ],
      [
        43.75,
        0.057,
        0.058,
        0.999,
        0.4239
      ],
      [
        44.0,
        0.047,
        0.053,
        0.996,
        0.4244
      ],
      [
        44.25,
        0.0,
        0.004,
        0.948,
        0.4242
      ],
      [
        44.5,
        0.004,
        0.006,
        0.937,
        0.4168
      ],
      [
        44.75,
        0.057,
        0.058,
        0.999,
        0.424
      ],
      [
        45.0,
        0.047,
        0.052,
        0.996,
        0.4245
      ],
      [
        45.25,
        0.0,
        0.004,
        0.948,
        0.4243
      ],
      [
        45.5,
        0.005,
        0.007,
        0.943,
        0.4185
      ],
      [
        45.75,
        0.064,
        0.065,
        0.999,
        0.4208
      ],
      [
        46.0,
        0.06,
        0.066,
        0.996,
        0.4185
      ],
      [
        46.25,
        0.012,
        0.018,
        0.948,
        0.4185
      ],
      [
        46.5,
        0.005,
        0.007,
        0.942,
        0.4183
      ],
      [
        46.75,
        0.064,
        0.065,
        0.999,
        0.4209
      ],
      [
        47.0,
        0.06,
        0.065,
        0.995,
        0.4186
      ],
      [
        47.25,
        0.012,
        0.017,
        0.947,
        0.4186
      ],
      [
        47.5,
        0.003,
        0.006,
        0.932,
        0.4152
      ],
      [
        47.75,
        0.055,
        0.056,
        0.999,
        0.4249
      ],
      [
        48.0,
        0.043,
        0.047,
        0.995,
        0.4266
      ],
      [
        48.25,
        0.0,
        0.0,
        0.947,
        0.4255
      ],
      [
        48.5,
        0.004,
        0.007,
        0.941,
        0.4178
      ],
      [
        48.75,
        0.064,
        0.065,
        0.999,
        0.4207
      ],
      [
        49.0,
        0.06,
        0.066,
        0.995,
        0.4183
      ],
      [
        49.25,
        0.012,
        0.018,
        0.947,
        0.4183
      ],
      [
        49.5,
        0.004,
        0.006,
        0.934,
        0.4155
      ],
      [
        49.75,
        0.057,
        0.058,
        0.999,
        0.424
      ],
      [
        50.0,
        0.046,
        0.051,
        0.995,
        0.4247
      ],
      [
        50.25,
        0.0,
        0.003,
        0.947,
        0.4243
      ],
      [
        50.5,
        0.003,
        0.004,
        0.919,
        0.4111
      ],
      [
        50.75,
        0.045,
        0.046,
        0.999,
        0.4293
      ],
      [
        51.0,
        0.028,
        0.03,
        0.994,
        0.4338
      ],
      [
        51.25,
        0.0,
        0.0,
        0.946,
        0.4253
      ],
      [
        51.5,
        0.004,
        0.007,
        0.939,
        0.4169
      ],
      [
        51.75,
        0.063,
        0.064,
        0.999,
        0.4212
      ],
      [
        52.0,
        0.058,
        0.064,
        0.994,
        0.419
      ],
      [
        52.25,
        0.01,
        0.016,
        0.946,
        0.419
      ],
      [
        52.5,
        0.004,
        0.006,
        0.934,
        0.4153
      ],
      [
        52.75,
        0.059,
        0.06,
        0.999,
        0.4231
      ],
      [
        53.0,
        0.05,
        0.055,
        0.994,
        0.4227
      ],
      [
        53.25,
        0.002,
        0.007,
        0.946,
        0.4226
      ],
      [
        53.5,
        0.003,
        0.005,
        0.928,
        0.4135
      ],
      [
        53.75,
        0.054,
        0.055,
        0.999,
        0.4252
      ],
      [
        54.0,
        0.04,
        0.045,
        0.994,
        0.4271
      ],
      [
        54.25,
        0.0,
        0.0,
        0.946,
        0.4249
      ],
      [
        54.5,
        0.003,
        0.004,
        0.925,
        0.4123
      ],
      [
        54.75,
        0.052,
        0.052,
        0.999,
        0.4263
      ],
      [
        55.0,
        0.035,
        0.038,
        0.993,
        0.4298
      ],
      [
        55.25,
        0.0,
        0.0,
        0.945,
        0.4249
      ],
      [
        55.5,
        0.002,
        0.003,
        0.916,
        0.41
      ],
      [
        55.75,
        0.043,
        0.044,
        0.999,
        0.43
      ],
      [
        56.0,
        0.027,
        0.029,
        0.993,
        0.4338
      ],
      [
        56.25,
        0.0,
        0.0,
        0.945,
        0.4248
      ],
      [
        56.5,
        0.003,
        0.004,
        0.92,
        0.411
      ],
      [
        56.75,
        0.05,
        0.051,
        0.999,
        0.4271
      ],
      [
        57.0,
        0.03,
        0.033,
        0.993,
        0.432
      ],
      [
        57.25,
        0.0,
        0.0,
        0.945,
        0.4248
      ],
      [
        57.5,
        0.003,
        0.004,
        0.921,
        0.4113
      ],
      [
        57.75,
        0.051,
        0.052,
        0.999,
        0.4266
      ],
      [
        58.0,
        0.032,
        0.036,
        0.993,
        0.4307
      ],
      [
        58.25,
        0.0,
        0.0,
        0.945,
        0.4246
      ],
      [
        58.5,
        0.003,
        0.006,
        0.93,
        0.4139
      ],
      [
        58.75,
        0.059,
        0.06,
        0.999,
        0.423
      ],
      [
        59.0,
        0.049,
        0.054,
        0.993,
        0.4224
      ],
      [
        59.25,
        0.001,
        0.006,
        0.945,
        0.4222
      ],
      [
        59.5,
        0.002,
        0.003,
        0.912,
        0.4084
      ],
      [
        59.75,
        0.039,
        0.04,
        0.999,
        0.4319
      ],
      [
        60.0,
        0.026,
        0.028,
        0.991,
        0.4339
      ],
      [
        60.25,
        0.0,
        0.0,
        0.943,
        0.4244
      ],
      [
        60.5,
        0.002,
        0.003,
        0.911,
        0.4082
      ],
      [
        60.75,
        0.038,
        0.039,
        0.999,
        0.4323
      ],
      [
        61.0,
        0.026,
        0.028,
        0.991,
        0.4338
      ],
      [
        61.25,
        0.0,
        0.0,
        0.943,
        0.4243
      ],
      [
        61.5,
        0.003,
        0.006,
        0.929,
        0.4133
      ],
      [
        61.75,
        0.06,
        0.062,
        0.999,
        0.4224
      ],
      [
        62.0,
        0.051,
        0.056,
        0.992,
        0.4214
      ],
      [
        62.25,
        0.003,
        0.008,
        0.944,
        0.4213
      ],
      [
        62.5,
        0.003,
        0.005,
        0.923,
        0.4116
      ],
      [
        62.75,
        0.055,
        0.056,
        0.999,
        0.4247
      ],
      [
        63.0,
        0.041,
        0.045,
        0.992,
        0.4258
      ],
      [
        63.25,
        0.0,
        0.0,
        0.944,
        0.4239
      ],
      [
        63.5,
        0.002,
        0.004,
        0.921,
        0.4106
      ],
      [
        63.75,
        0.053,
        0.054,
        0.999,
        0.4256
      ],
      [
        64.0,
        0.037,
        0.041,
        0.991,
        0.4276
      ],
      [
        64.25,
        0.0,
        0.0,
        0.943,
        0.4237
      ],
      [
        64.5,
        0.002,
        0.004,
        0.921,
        0.4105
      ],
      [
        64.75,
        0.054,
        0.055,
        0.999,
        0.4252
      ],
      [
        65.0,
        0.038,
        0.042,
        0.991,
        0.4269
      ],
      [
        65.25,
        0.0,
        0.0,
        0.943,
        0.4236
      ],
      [
        65.5,
        0.002,
        0.004,
        0.919,
        0.4099
      ],
      [
        65.75,
        0.053,
        0.054,
        0.999,
        0.4259
      ],
      [
        66.0,
        0.035,
        0.039,
        0.991,
        0.4282
      ],
      [
        66.25,
        0.0,
        0.0,
        0.943,
        0.4236
      ],
      [
        66.5,
        0.002,
        0.003,
        0.914,
        0.4083
      ],
      [
        66.75,
        0.049,
        0.05,
        0.999,
        0.4276
      ],
      [
        67.0,
        0.028,
        0.031,
        0.99,
        0.432
      ],
      [
        67.25,
        0.0,
        0.0,
        0.942,
        0.4237
      ],
      [
        67.5,
        0.001,
        0.002,
        0.903,
        0.4054
      ],
      [
        67.75,
        0.027,
        0.027,
        0.999,
        0.4377
      ],
      [
        68.0,
        0.041,
        0.042,
        0.988,
        0.4259
      ],
      [
        68.25,
        0.041,
        0.042,
        0.94,
        0.4043
      ],
      [
        68.5,
        0.043,
        0.044,
        0.905,
        0.3872
      ],
      [
        68.75,
        0.044,
        0.045,
        0.999,
        0.4298
      ],
      [
        69.0,
        0.015,
        0.017,
        0.989,
        0.4377
      ],
      [
        69.25,
        0.0,
        0.0,
        0.941,
        0.4234
      ],
      [
        69.5,
        0.003,
        0.005,
        0.921,
        0.4103
      ],
      [
        69.75,
        0.057,
        0.058,
        0.999,
        0.4238
      ],
      [
        70.0,
        0.043,
        0.048,
        0.99,
        0.424
      ],
      [
        70.25,
        0.0,
        0.0,
        0.942,
        0.4231
      ],
      [
        70.5,
        0.003,
        0.005,
        0.921,
        0.4103
      ],
      [
        70.75,
        0.058,
        0.059,
        0.999,
        0.4233
      ],
      [
        71.0,
        0.045,
        0.05,
        0.99,
        0.423
      ],
      [
        71.25,
        0.0,
        0.002,
        0.942,
        0.4225
      ],
      [
        71.5,
        0.002,
        0.004,
        0.919,
        0.4099
      ],
      [
        71.75,
        0.058,
        0.059,
        0.999,
        0.4235
      ],
      [
        72.0,
        0.044,
        0.049,
        0.99,
        0.4233
      ],
      [
        72.25,
        0.0,
        0.001,
        0.942,
        0.4227
      ],
      [
        72.5,
        0.002,
        0.004,
        0.916,
        0.4089
      ],
      [
        72.75,
        0.054,
        0.056,
        0.999,
        0.4251
      ],
      [
        73.0,
        0.038,
        0.042,
        0.989,
        0.4263
      ],
      [
        73.25,
        0.0,
        0.0,
        0.941,
        0.4228
      ],
      [
        73.5,
        0.002,
        0.004,
        0.918,
        0.4092
      ],
      [
        73.75,
        0.057,
        0.059,
        0.999,
        0.4237
      ],
      [
        74.0,
        0.043,
        0.048,
        0.989,
        0.4236
      ],
      [
        74.25,
        0.0,
        0.0,
        0.941,
        0.4227
      ],
      [
        74.5,
        0.001,
        0.002,
        0.906,
        0.406
      ],
      [
        74.75,
        0.043,
        0.044,
        0.999,
        0.4302
      ],
      [
        75.0,
        0.024,
        0.026,
        0.988,
        0.433
      ],
      [
        75.25,
        0.0,
        0.0,
        0.94,
        0.4228
      ],
      [
        75.5,
        0.002,
        0.004,
        0.914,
        0.4082
      ],
      [
        75.75,
        0.054,
        0.054,
        0.999,
        0.4255
      ],
      [
        76.0,
        0.035,
        0.039,
        0.989,
        0.4272
      ],
      [
        76.25,
        0.0,
        0.0,
        0.941,
        0.4225
      ],
      [
        76.5,
        0.002,
        0.004,
        0.915,
        0.4084
      ],
      [
        76.75,
        0.056,
        0.058,
        0.999,
        0.4241
      ],
      [
        77.0,
        0.041,
        0.046,
        0.988,
        0.4244
      ],
      [
        77.25,
        0.0,
        0.0,
        0.94,
        0.4224
      ],
      [
        77.5,
        0.002,
        0.004,
        0.914,
        0.4082
      ],
      [
        77.75,
        0.056,
        0.057,
        0.999,
        0.4243
      ],
      [
        78.0,
        0.04,
        0.045,
        0.988,
        0.4247
      ],
      [
        78.25,
        0.0,
        0.0,
        0.94,
        0.4223
      ],
      [
        78.5,
        0.002,
        0.004,
        0.912,
        0.4076
      ],
      [
        78.75,
        0.055,
        0.056,
        0.999,
        0.4249
      ],
      [
        79.0,
        0.037,
        0.041,
        0.988,
        0.426
      ],
      [
        79.25,
        0.0,
        0.0,
        0.94,
        0.4222
      ],
      [
        79.5,
        0.002,
        0.004,
        0.912,
        0.4073
      ],
      [
        79.75,
        0.055,
        0.056,
        0.999,
        0.4249
      ],
      [
        80.0,
        0.036,
        0.041,
        0.988,
        0.4259
      ],
      [
        80.25,
        0.0,
        0.0,
        0.94,
        0.4221
      ],
      [
        80.5,
        0.002,
        0.004,
        0.911,
        0.4069
      ],
      [
        80.75,
        0.055,
        0.056,
        0.999,
        0.4249
      ],
      [
        81.0,
        0.036,
        0.041,
        0.987,
        0.426
      ],
      [
        81.25,
        0.0,
        0.0,
        0.939,
        0.4219
      ],
      [
        81.5,
        0.002,
        0.004,
        0.91,
        0.4069
      ],
      [
        81.75,
        0.055,
        0.056,
        0.999,
        0.4247
      ],
      [
        82.0,
        0.037,
        0.042,
        0.987,
        0.4255
      ],
      [
        82.25,
        0.0,
        0.0,
        0.939,
        0.4219
      ],
      [
        82.5,
        0.001,
        0.003,
        0.91,
        0.4066
      ],
      [
        82.75,
        0.055,
        0.056,
        0.999,
        0.4249
      ],
      [
        83.0,
        0.036,
        0.041,
        0.987,
        0.4257
      ],
      [
        83.25,
        0.0,
        0.0,
        0.939,
        0.4217
      ],
      [
        83.5,
        0.001,
        0.003,
        0.908,
        0.4062
      ],
      [
        83.75,
        0.054,
        0.055,
        0.999,
        0.4251
      ],
      [
        84.0,
        0.035,
        0.039,
        0.987,
        0.4263
      ],
      [
        84.25,
        0.0,
        0.0,
        0.939,
        0.4216
      ],
      [
        84.5,
        0.0,
        0.001,
        0.894,
        0.4014
      ],
      [
        84.75,
        0.017,
        0.017,
        0.956,
        0.4219
      ],
      [
        85.0,
        0.025,
        0.026,
        0.965,
        0.4215
      ],
      [
        85.25,
        0.025,
        0.026,
        0.917,
        0.3998
      ],
      [
        85.5,
        0.026,
        0.027,
        0.876,
        0.3808
      ],
      [
        85.75,
        0.048,
        0.049,
        0.999,
        0.428
      ],
      [
        86.0,
        0.014,
        0.016,
        0.985,
        0.4361
      ],
      [
        86.25,
        0.0,
        0.0,
        0.937,
        0.4214
      ],
      [
        86.5,
        0.0,
        0.0,
        0.891,
        0.4007
      ],
      [
        86.75,
        0.012,
        0.012,
        0.919,
        0.408
      ],
      [
        87.0,
        0.017,
        0.018,
        0.909,
        0.4006
      ],
      [
        87.25,
        0.017,
        0.018,
        0.861,
        0.379
      ],
      [
        87.5,
        0.018,
        0.02,
        0.824,
        0.3612
      ],
      [
        87.75,
        0.051,
        0.052,
        0.999,
        0.4266
      ],
      [
        88.0,
        0.023,
        0.026,
        0.985,
        0.4316
      ],
      [
        88.25,
        0.0,
        0.0,
        0.937,
        0.4213
      ],
      [
        88.5,
        0.001,
        0.003,
        0.904,
        0.4047
      ],
      [
        88.75,
        0.053,
        0.054,
        0.999,
        0.4258
      ],
      [
        89.0,
        0.031,
        0.036,
        0.985,
        0.4274
      ],
      [
        89.25,
        0.0,
        0.0,
        0.937,
        0.421
      ],
      [
        89.5,
        0.001,
        0.003,
        0.902,
        0.4041
      ],
      [
        89.75,
        0.052,
        0.053,
        0.999,
        0.4263
      ],
      [
        90.0,
        0.028,
        0.032,
        0.985,
        0.4286
      ],
      [
        90.25,
        0.0,
        0.0,
        0.937,
        0.4208
      ],
      [
        90.5,
        0.0,
        0.003,
        0.902,
        0.404
      ],
      [
        90.75,
        0.053,
        0.054,
        0.999,
        0.4258
      ],
      [
        91.0,
        0.03,
        0.035,
        0.985,
        0.4273
      ],
      [
        91.25,
        0.0,
        0.0,
        0.937,
        0.4208
      ],
      [
        91.5,
        0.0,
        0.003,
        0.902,
        0.4038
      ],
      [
        91.75,
        0.053,
        0.054,
        0.999,
        0.4259
      ],
      [
        92.0,
        0.03,
        0.035,
        0.985,
        0.4275
      ],
      [
        92.25,
        0.0,
        0.0,
        0.937,
        0.4207
      ],
      [
        92.5,
        0.0,
        0.002,
        0.901,
        0.4036
      ],
      [
        92.75,
        0.053,
        0.054,
        0.999,
        0.4259
      ],
      [
        93.0,
        0.03,
        0.034,
        0.984,
        0.4277
      ],
      [
        93.25,
        0.0,
        0.0,
        0.936,
        0.4206
      ],
      [
        93.5,
        0.0,
        0.002,
        0.901,
        0.4033
      ],
      [
        93.75,
        0.052,
        0.053,
        0.999,
        0.426
      ],
      [
        94.0,
        0.029,
        0.033,
        0.984,
        0.4279
      ],
      [
        94.25,
        0.0,
        0.0,
        0.936,
        0.4205
      ],
      [
        94.5,
        0.0,
        0.002,
        0.9,
        0.4031
      ],
      [
        94.75,
        0.052,
        0.053,
        0.999,
        0.4262
      ],
      [
        95.0,
        0.028,
        0.033,
        0.984,
        0.4281
      ],
      [
        95.25,
        0.0,
        0.0,
        0.936,
        0.4204
      ],
      [
        95.5,
        0.0,
        0.002,
        0.899,
        0.4028
      ],
      [
        95.75,
        0.052,
        0.053,
        0.999,
        0.4263
      ],
      [
        96.0,
        0.027,
        0.032,
        0.984,
        0.4283
      ],
      [
        96.25,
        0.0,
        0.0,
        0.936,
        0.4203
      ],
      [
        96.5,
        0.0,
        0.002,
        0.899,
        0.4026
      ],
      [
        96.75,
        0.052,
        0.053,
        0.999,
        0.4263
      ],
      [
        97.0,
        0.027,
        0.031,
        0.983,
        0.4284
      ],
      [
        97.25,
        0.0,
        0.0,
        0.935,
        0.4201
      ],
      [
        97.5,
        0.0,
        0.002,
        0.898,
        0.4023
      ],
      [
        97.75,
        0.051,
        0.052,
        0.999,
        0.4264
      ],
      [
        98.0,
        0.026,
        0.031,
        0.983,
        0.4286
      ],
      [
        98.25,
        0.0,
        0.0,
        0.935,
        0.42
      ],
      [
        98.5,
        0.0,
        0.002,
        0.897,
        0.4019
      ],
      [
        98.75,
        0.051,
        0.052,
        0.999,
        0.4268
      ],
      [
        99.0,
        0.024,
        0.029,
        0.983,
        0.4293
      ],
      [
        99.25,
        0.0,
        0.0,
        0.935,
        0.4199
      ],
      [
        99.5,
        0.0,
        0.001,
        0.89,
        0.4002
      ],
      [
        99.75,
        0.033,
        0.034,
        0.999,
        0.435
      ],
      [
        100.0,
        0.045,
        0.049,
        0.982,
        0.4204
      ],
      [
        100.25,
        0.045,
        0.049,
        0.934,
        0.3993
      ],
      [
        100.5,
        0.046,
        0.049,
        0.893,
        0.3806
      ],
      [
        100.75,
        0.046,
        0.048,
        0.999,
        0.4284
      ],
      [
        101.0,
        0.017,
        0.02,
        0.982,
        0.4325
      ],
      [
        101.25,
        0.0,
        0.0,
        0.934,
        0.4195
      ],
      [
        101.5,
        0.0,
        0.002,
        0.894,
        0.401
      ],
      [
        101.75,
        0.051,
        0.052,
        0.999,
        0.4268
      ],
      [
        102.0,
        0.024,
        0.028,
        0.982,
        0.4292
      ],
      [
        102.25,
        0.0,
        0.0,
        0.934,
        0.4196
      ],
      [
        102.5,
        0.0,
        0.002,
        0.894,
        0.4009
      ],
      [
        102.75,
        0.051,
        0.052,
        0.999,
        0.4269
      ],
      [
        103.0,
        0.024,
        0.028,
        0.982,
        0.4293
      ],
      [
        103.25,
        0.0,
        0.0,
        0.934,
        0.4195
      ],
      [
        103.5,
        0.0,
        0.002,
        0.893,
        0.4006
      ],
      [
        103.75,
        0.048,
        0.051,
        0.999,
        0.4275
      ],
      [
        104.0,
        0.021,
        0.026,
        0.982,
        0.4301
      ],
      [
        104.25,
        0.0,
        0.0,
        0.934,
        0.4193
      ],
      [
        104.5,
        0.0,
        0.0,
        0.887,
        0.3982
      ],
      [
        104.75,
        0.013,
        0.013,
        0.922,
        0.408
      ],
      [
        105.0,
        0.018,
        0.018,
        0.911,
        0.3999
      ],
      [
        105.25,
        0.018,
        0.018,
        0.863,
        0.3783
      ],
      [
        105.5,
        0.018,
        0.018,
        0.815,
        0.357
      ],
      [
        105.75,
        0.027,
        0.028,
        0.828,
        0.3584
      ],
      [
        106.0,
        0.031,
        0.032,
        0.807,
        0.3467
      ],
      [
        106.25,
        0.031,
        0.032,
        0.759,
        0.3251
      ],
      [
        106.5,
        0.031,
        0.032,
        0.713,
        0.3049
      ],
      [
        106.75,
        0.047,
        0.048,
        0.877,
        0.369
      ],
      [
        107.0,
        0.012,
        0.014,
        0.925,
        0.4021
      ],
      [
        107.25,
        0.0,
        0.0,
        0.876,
        0.3865
      ],
      [
        107.5,
        0.0,
        0.001,
        0.831,
        0.3661
      ],
      [
        107.75,
        0.027,
        0.028,
        0.963,
        0.4114
      ],
      [
        108.0,
        0.037,
        0.04,
        0.98,
        0.4136
      ],
      [
        108.25,
        0.037,
        0.04,
        0.932,
        0.392
      ],
      [
        108.5,
        0.038,
        0.041,
        0.89,
        0.3726
      ],
      [
        108.75,
        0.056,
        0.057,
        0.999,
        0.4226
      ],
      [
        109.0,
        0.026,
        0.031,
        0.981,
        0.4261
      ],
      [
        109.25,
        0.0,
        0.0,
        0.933,
        0.4175
      ],
      [
        109.5,
        0.0,
        0.001,
        0.89,
        0.398
      ],
      [
        109.75,
        0.047,
        0.05,
        0.999,
        0.4272
      ],
      [
        110.0,
        0.02,
        0.025,
        0.98,
        0.4293
      ],
      [
        110.25,
        0.0,
        0.0,
        0.932,
        0.418
      ],
      [
        110.5,
        0.0,
        0.001,
        0.888,
        0.3983
      ],
      [
        110.75,
        0.047,
        0.049,
        0.999,
        0.4273
      ],
      [
        111.0,
        0.019,
        0.024,
        0.98,
        0.4293
      ],
      [
        111.25,
        0.0,
        0.0,
        0.932,
        0.4178
      ],
      [
        111.5,
        0.0,
        0.0,
        0.885,
        0.3963
      ],
      [
        111.75,
        0.005,
        0.005,
        0.868,
        0.3868
      ],
      [
        112.0,
        0.007,
        0.007,
        0.833,
        0.3701
      ],
      [
        112.25,
        0.007,
        0.007,
        0.785,
        0.3485
      ],
      [
        112.5,
        0.007,
        0.007,
        0.739,
        0.3277
      ],
      [
        112.75,
        0.032,
        0.033,
        0.859,
        0.3679
      ],
      [
        113.0,
        0.041,
        0.044,
        0.884,
        0.3718
      ],
      [
        113.25,
        0.041,
        0.044,
        0.836,
        0.3502
      ],
      [
        113.5,
        0.041,
        0.044,
        0.789,
        0.3292
      ],
      [
        113.75,
        0.037,
        0.039,
        0.876,
        0.3695
      ],
      [
        114.0,
        0.0,
        0.0,
        0.887,
        0.3895
      ],
      [
        114.25,
        0.0,
        0.0,
        0.839,
        0.368
      ],
      [
        114.5,
        0.0,
        0.001,
        0.792,
        0.3474
      ],
      [
        114.75,
        0.032,
        0.034,
        0.963,
        0.4055
      ],
      [
        115.0,
        0.044,
        0.048,
        0.979,
        0.4078
      ],
      [
        115.25,
        0.044,
        0.048,
        0.931,
        0.3863
      ],
      [
        115.5,
        0.044,
        0.048,
        0.883,
        0.365
      ],
      [
        115.75,
        0.023,
        0.038,
        0.882,
        0.3703
      ],
      [
        116.0,
        0.0,
        0.0,
        0.855,
        0.3704
      ],
      [
        116.25,
        0.0,
        0.0,
        0.807,
        0.3491
      ],
      [
        116.5,
        0.0,
        0.001,
        0.76,
        0.3286
      ],
      [
        116.75,
        0.033,
        0.034,
        0.934,
        0.3888
      ],
      [
        117.0,
        0.042,
        0.048,
        0.978,
        0.4009
      ],
      [
        117.25,
        0.042,
        0.048,
        0.93,
        0.3806
      ],
      [
        117.5,
        0.042,
        0.048,
        0.883,
        0.36
      ],
      [
        117.75,
        0.03,
        0.038,
        0.999,
        0.4156
      ],
      [
        118.0,
        0.0,
        0.001,
        0.978,
        0.4235
      ],
      [
        118.25,
        0.0,
        0.0,
        0.93,
        0.4026
      ],
      [
        118.5,
        0.0,
        0.0,
        0.883,
        0.3819
      ],
      [
        118.75,
        0.023,
        0.024,
        0.991,
        0.419
      ],
      [
        119.0,
        0.031,
        0.034,
        0.977,
        0.4129
      ],
      [
        119.25,
        0.031,
        0.034,
        0.929,
        0.3919
      ],
      [
        119.5,
        0.031,
        0.034,
        0.883,
        0.3715
      ],
      [
        119.75,
        0.053,
        0.054,
        0.999,
        0.4166
      ],
      [
        120.0,
        0.02,
        0.025,
        0.978,
        0.4198
      ],
      [
        120.25,
        0.0,
        0.0,
        0.93,
        0.4083
      ],
      [
        120.5,
        0.0,
        0.0,
        0.883,
        0.3877
      ],
      [
        120.75,
        0.042,
        0.045,
        0.999,
        0.4218
      ],
      [
        121.0,
        0.017,
        0.022,
        0.978,
        0.4229
      ],
      [
        121.25,
        0.0,
        0.0,
        0.93,
        0.4102
      ],
      [
        121.5,
        0.0,
        0.0,
        0.882,
        0.389
      ],
      [
        121.75,
        0.013,
        0.014,
        0.923,
        0.4007
      ],
      [
        122.0,
        0.018,
        0.019,
        0.911,
        0.3924
      ],
      [
        122.25,
        0.018,
        0.019,
        0.863,
        0.3711
      ],
      [
        122.5,
        0.018,
        0.019,
        0.815,
        0.3498
      ],
      [
        122.75,
        0.032,
        0.033,
        0.859,
        0.3626
      ],
      [
        123.0,
        0.037,
        0.039,
        0.848,
        0.3547
      ],
      [
        123.25,
        0.037,
        0.039,
        0.8,
        0.3334
      ],
      [
        123.5,
        0.037,
        0.039,
        0.752,
        0.3121
      ],
      [
        123.75,
        0.04,
        0.042,
        0.724,
        0.2978
      ],
      [
        124.0,
        0.041,
        0.043,
        0.683,
        0.2792
      ],
      [
        124.25,
        0.041,
        0.043,
        0.635,
        0.2578
      ],
      [
        124.5,
        0.041,
        0.043,
        0.587,
        0.237
      ],
      [
        124.75,
        0.049,
        0.05,
        0.806,
        0.3257
      ],
      [
        125.0,
        0.014,
        0.019,
        0.869,
        0.3635
      ],
      [
        125.25,
        0.0,
        0.0,
        0.821,
        0.3499
      ],
      [
        125.5,
        0.0,
        0.0,
        0.774,
        0.329
      ],
      [
        125.75,
        0.039,
        0.043,
        0.999,
        0.4046
      ],
      [
        126.0,
        0.017,
        0.022,
        0.977,
        0.4128
      ],
      [
        126.25,
        0.0,
        0.0,
        0.929,
        0.3999
      ],
      [
        126.5,
        0.0,
        0.0,
        0.881,
        0.3787
      ],
      [
        126.75,
        0.005,
        0.005,
        0.867,
        0.3701
      ],
      [
        127.0,
        0.007,
        0.007,
        0.833,
        0.3545
      ],
      [
        127.25,
        0.007,
        0.007,
        0.785,
        0.3336
      ],
      [
        127.5,
        0.007,
        0.007,
        0.737,
        0.3126
      ],
      [
        127.75,
        0.01,
        0.011,
        0.713,
        0.3007
      ],
      [
        128.0,
        0.012,
        0.012,
        0.675,
        0.2835
      ],
      [
        128.25,
        0.012,
        0.012,
        0.627,
        0.2627
      ],
      [
        128.5,
        0.012,
        0.012,
        0.579,
        0.2419
      ],
      [
        128.75,
        0.019,
        0.021,
        0.585,
        0.2407
      ],
      [
        129.0,
        0.022,
        0.024,
        0.56,
        0.2278
      ],
      [
        129.25,
        0.022,
        0.024,
        0.512,
        0.207
      ],
      [
        129.5,
        0.022,
        0.024,
        0.464,
        0.1863
      ],
      [
        129.75,
        0.035,
        0.037,
        0.502,
        0.1965
      ],
      [
        130.0,
        0.038,
        0.043,
        0.489,
        0.1882
      ],
      [
        130.25,
        0.038,
        0.043,
        0.441,
        0.1678
      ],
      [
        130.5,
        0.038,
        0.043,
        0.393,
        0.147
      ],
      [
        130.75,
        0.043,
        0.045,
        0.548,
        0.2093
      ],
      [
        131.0,
        0.006,
        0.008,
        0.583,
        0.2373
      ],
      [
        131.25,
        0.0,
        0.0,
        0.535,
        0.2202
      ],
      [
        131.5,
        0.0,
        0.0,
        0.487,
        0.1996
      ],
      [
        131.75,
        0.002,
        0.002,
        0.451,
        0.1832
      ],
      [
        132.0,
        0.002,
        0.003,
        0.408,
        0.1642
      ],
      [
        132.25,
        0.002,
        0.003,
        0.36,
        0.1436
      ],
      [
        132.5,
        0.003,
        0.003,
        0.312,
        0.1231
      ],
      [
        132.75,
        0.016,
        0.017,
        0.358,
        0.136
      ],
      [
        133.0,
        0.021,
        0.022,
        0.346,
        0.1287
      ],
      [
        133.25,
        0.021,
        0.022,
        0.298,
        0.1091
      ],
      [
        133.5,
        0.021,
        0.022,
        0.25,
        0.0892
      ],
      [
        133.75,
        0.023,
        0.025,
        0.221,
        0.076
      ],
      [
        134.0,
        0.024,
        0.026,
        0.18,
        0.0591
      ],
      [
        134.25,
        0.023,
        0.026,
        0.132,
        0.0403
      ],
      [
        134.5,
        0.023,
        0.026,
        0.084,
        0.0226
      ],
      [
        134.75,
        0.043,
        0.045,
        0.16,
        0.0435
      ],
      [
        135.0,
        0.015,
        0.022,
        0.16,
        0.0522
      ],
      [
        135.25,
        0.0,
        0.0,
        0.112,
        0.0412
      ],
      [
        135.5,
        0.0,
        0.0,
        0.064,
        0.0273
      ],
      [
        135.75,
        0.003,
        0.003,
        0.046,
        0.0169
      ],
      [
        136.0,
        0.0,
        0.004,
        0.025,
        0.0118
      ],
      [
        136.25,
        0.0,
        0.004,
        0.025,
        0.012
      ],
      [
        136.5,
        0.0,
        0.004,
        0.025,
        0.012
      ],
      [
        136.75,
        0.004,
        0.008,
        0.047,
        0.0151
      ],
      [
        137.0,
        0.005,
        0.01,
        0.036,
        0.0118
      ],
      [
        137.25,
        0.0,
        0.009,
        0.036,
        0.0126
      ],
      [
        137.5,
        0.0,
        0.009,
        0.036,
        0.0126
      ],
      [
        137.75,
        0.03,
        0.036,
        0.17,
        0.0545
      ],
      [
        138.0,
        0.036,
        0.046,
        0.19,
        0.0579
      ],
      [
        138.25,
        0.036,
        0.046,
        0.142,
        0.0387
      ],
      [
        138.5,
        0.028,
        0.046,
        0.094,
        0.0219
      ],
      [
        138.75,
        0.015,
        0.047,
        0.059,
        0.0147
      ],
      [
        139.0,
        0.002,
        0.04,
        0.049,
        0.0178
      ],
      [
        139.25,
        0.0,
        0.04,
        0.049,
        0.0215
      ],
      [
        139.5,
        0.0,
        0.04,
        0.049,
        0.0215
      ],
      [
        139.75,
        0.012,
        0.031,
        0.049,
        0.0157
      ],
      [
        140.0,
        0.0,
        0.02,
        0.049,
        0.0179
      ],
      [
        140.25,
        0.0,
        0.02,
        0.049,
        0.0185
      ],
      [
        140.5,
        0.0,
        0.02,
        0.049,
        0.0185
      ],
      [
        140.75,
        0.011,
        0.026,
        0.074,
        0.0255
      ],
      [
        141.0,
        0.0,
        0.016,
        0.054,
        0.0201
      ],
      [
        141.25,
        0.0,
        0.006,
        0.019,
        0.0104
      ],
      [
        141.5,
        0.0,
        0.0,
        0.019,
        0.0111
      ],
      [
        141.75,
        0.034,
        0.05,
        0.21,
        0.0694
      ],
      [
        142.0,
        0.016,
        0.042,
        0.256,
        0.0934
      ],
      [
        142.25,
        0.0,
        0.042,
        0.208,
        0.0785
      ],
      [
        142.5,
        0.0,
        0.042,
        0.16,
        0.0588
      ],
      [
        142.75,
        0.035,
        0.046,
        0.346,
        0.1242
      ],
      [
        143.0,
        0.008,
        0.025,
        0.394,
        0.1482
      ],
      [
        143.25,
        0.0,
        0.0,
        0.346,
        0.1336
      ],
      [
        143.5,
        0.0,
        0.0,
        0.298,
        0.1134
      ],
      [
        143.75,
        0.004,
        0.005,
        0.279,
        0.1046
      ],
      [
        144.0,
        0.0,
        0.006,
        0.242,
        0.0903
      ],
      [
        144.25,
        0.0,
        0.006,
        0.194,
        0.0709
      ],
      [
        144.5,
        0.0,
        0.006,
        0.146,
        0.052
      ],
      [
        144.75,
        0.022,
        0.029,
        0.245,
        0.082
      ],
      [
        145.0,
        0.03,
        0.037,
        0.255,
        0.0835
      ],
      [
        145.25,
        0.03,
        0.037,
        0.207,
        0.0654
      ],
      [
        145.5,
        0.02,
        0.036,
        0.159,
        0.0481
      ],
      [
        145.75,
        0.044,
        0.047,
        0.26,
        0.0804
      ],
      [
        146.0,
        0.005,
        0.008,
        0.271,
        0.0985
      ],
      [
        146.25,
        0.0,
        0.0,
        0.223,
        0.082
      ],
      [
        146.5,
        0.0,
        0.0,
        0.175,
        0.0638
      ],
      [
        146.75,
        0.002,
        0.002,
        0.142,
        0.0506
      ],
      [
        147.0,
        0.003,
        0.003,
        0.1,
        0.0357
      ],
      [
        147.25,
        0.003,
        0.003,
        0.052,
        0.0207
      ],
      [
        147.5,
        0.002,
        0.003,
        0.02,
        0.0086
      ],
      [
        147.75,
        0.028,
        0.03,
        0.151,
        0.0513
      ],
      [
        148.0,
        0.034,
        0.041,
        0.167,
        0.055
      ],
      [
        148.25,
        0.034,
        0.041,
        0.119,
        0.0358
      ],
      [
        148.5,
        0.033,
        0.041,
        0.071,
        0.0177
      ],
      [
        148.75,
        0.041,
        0.045,
        0.167,
        0.0512
      ],
      [
        149.0,
        0.003,
        0.004,
        0.175,
        0.069
      ],
      [
        149.25,
        0.0,
        0.0,
        0.127,
        0.0505
      ],
      [
        149.5,
        0.0,
        0.0,
        0.079,
        0.031
      ],
      [
        149.75,
        0.025,
        0.029,
        0.22,
        0.0763
      ],
      [
        150.0,
        0.033,
        0.04,
        0.248,
        0.082
      ],
      [
        150.25,
        0.033,
        0.04,
        0.2,
        0.0627
      ],
      [
        150.5,
        0.032,
        0.04,
        0.152,
        0.0443
      ],
      [
        150.75,
        0.038,
        0.047,
        0.152,
        0.042
      ],
      [
        151.0,
        0.01,
        0.043,
        0.125,
        0.0388
      ],
      [
        151.25,
        0.0,
        0.04,
        0.077,
        0.0296
      ],
      [
        151.5,
        0.0,
        0.03,
        0.049,
        0.022
      ],
      [
        151.75,
        0.003,
        0.022,
        0.047,
        0.0172
      ],
      [
        152.0,
        0.0,
        0.005,
        0.046,
        0.0173
      ],
      [
        152.25,
        0.0,
        0.005,
        0.046,
        0.0176
      ],
      [
        152.5,
        0.0,
        0.005,
        0.046,
        0.0176
      ],
      [
        152.75,
        0.001,
        0.006,
        0.047,
        0.0173
      ],
      [
        153.0,
        0.002,
        0.007,
        0.046,
        0.0172
      ],
      [
        153.25,
        0.002,
        0.007,
        0.046,
        0.0172
      ],
      [
        153.5,
        0.002,
        0.007,
        0.046,
        0.0172
      ],
      [
        153.75,
        0.019,
        0.025,
        0.116,
        0.0381
      ],
      [
        154.0,
        0.0,
        0.031,
        0.105,
        0.0372
      ],
      [
        154.25,
        0.0,
        0.031,
        0.057,
        0.0192
      ],
      [
        154.5,
        0.0,
        0.025,
        0.032,
        0.0129
      ],
      [
        154.75,
        0.001,
        0.026,
        0.034,
        0.0129
      ],
      [
        155.0,
        0.002,
        0.027,
        0.034,
        0.0122
      ],
      [
        155.25,
        0.002,
        0.027,
        0.034,
        0.0122
      ],
      [
        155.5,
        0.002,
        0.027,
        0.034,
        0.0122
      ],
      [
        155.75,
        0.009,
        0.04,
        0.053,
        0.014
      ],
      [
        156.0,
        0.01,
        0.036,
        0.044,
        0.0132
      ],
      [
        156.25,
        0.0,
        0.036,
        0.044,
        0.0185
      ],
      [
        156.5,
        0.0,
        0.036,
        0.044,
        0.0185
      ],
      [
        156.75,
        0.013,
        0.039,
        0.047,
        0.0139
      ],
      [
        157.0,
        0.014,
        0.04,
        0.048,
        0.013
      ],
      [
        157.25,
        0.014,
        0.04,
        0.048,
        0.0131
      ],
      [
        157.5,
        0.014,
        0.04,
        0.048,
        0.0131
      ],
      [
        157.75,
        0.041,
        0.047,
        0.203,
        0.0661
      ],
      [
        158.0,
        0.008,
        0.011,
        0.237,
        0.0911
      ],
      [
        158.25,
        0.0,
        0.0,
        0.189,
        0.0747
      ],
      [
        158.5,
        0.0,
        0.0,
        0.141,
        0.0546
      ],
      [
        158.75,
        0.025,
        0.028,
        0.274,
        0.0975
      ],
      [
        159.0,
        0.025,
        0.038,
        0.298,
        0.1039
      ],
      [
        159.25,
        0.025,
        0.038,
        0.25,
        0.0842
      ],
      [
        159.5,
        0.019,
        0.038,
        0.202,
        0.065
      ],
      [
        159.75,
        0.047,
        0.048,
        0.355,
        0.12
      ],
      [
        160.0,
        0.009,
        0.013,
        0.388,
        0.1448
      ],
      [
        160.25,
        0.0,
        0.0,
        0.34,
        0.129
      ],
      [
        160.5,
        0.0,
        0.0,
        0.292,
        0.1094
      ],
      [
        160.75,
        0.007,
        0.007,
        0.291,
        0.1057
      ],
      [
        161.0,
        0.009,
        0.01,
        0.263,
        0.0929
      ],
      [
        161.25,
        0.009,
        0.01,
        0.215,
        0.0743
      ],
      [
        161.5,
        0.008,
        0.01,
        0.167,
        0.0564
      ],
      [
        161.75,
        0.036,
        0.041,
        0.322,
        0.1046
      ],
      [
        162.0,
        0.017,
        0.023,
        0.356,
        0.1232
      ],
      [
        162.25,
        0.0,
        0.012,
        0.308,
        0.1094
      ],
      [
        162.5,
        0.0,
        0.012,
        0.26,
        0.091
      ],
      [
        162.75,
        0.002,
        0.011,
        0.228,
        0.0786
      ],
      [
        163.0,
        0.0,
        0.003,
        0.186,
        0.0649
      ],
      [
        163.25,
        0.0,
        0.003,
        0.138,
        0.0489
      ],
      [
        163.5,
        0.0,
        0.003,
        0.09,
        0.0343
      ],
      [
        163.75,
        0.005,
        0.006,
        0.06,
        0.0237
      ],
      [
        164.0,
        0.004,
        0.007,
        0.035,
        0.013
      ],
      [
        164.25,
        0.0,
        0.007,
        0.025,
        0.0103
      ],
      [
        164.5,
        0.0,
        0.007,
        0.025,
        0.0104
      ],
      [
        164.75,
        0.006,
        0.01,
        0.04,
        0.0122
      ],
      [
        165.0,
        0.003,
        0.011,
        0.045,
        0.0139
      ],
      [
        165.25,
        0.003,
        0.011,
        0.045,
        0.0139
      ],
      [
        165.5,
        0.003,
        0.011,
        0.045,
        0.0139
      ],
      [
        165.75,
        0.024,
        0.032,
        0.136,
        0.0468
      ],
      [
        166.0,
        0.029,
        0.041,
        0.145,
        0.0458
      ],
      [
        166.25,
        0.028,
        0.041,
        0.097,
        0.0266
      ],
      [
        166.5,
        0.027,
        0.04,
        0.049,
        0.0113
      ],
      [
        166.75,
        0.013,
        0.037,
        0.045,
        0.0129
      ],
      [
        167.0,
        0.0,
        0.038,
        0.046,
        0.0179
      ],
      [
        167.25,
        0.0,
        0.038,
        0.046,
        0.0179
      ],
      [
        167.5,
        0.0,
        0.038,
        0.046,
        0.0179
      ],
      [
        167.75,
        0.037,
        0.045,
        0.098,
        0.0241
      ],
      [
        168.0,
        0.0,
        0.004,
        0.096,
        0.0381
      ],
      [
        168.25,
        0.0,
        0.0,
        0.049,
        0.0202
      ],
      [
        168.5,
        0.0,
        0.0,
        0.003,
        0.0105
      ],
      [
        168.75,
        0.026,
        0.03,
        0.169,
        0.0578
      ],
      [
        169.0,
        0.031,
        0.042,
        0.201,
        0.0662
      ],
      [
        169.25,
        0.031,
        0.042,
        0.153,
        0.0467
      ],
      [
        169.5,
        0.027,
        0.042,
        0.105,
        0.0285
      ],
      [
        169.75,
        0.041,
        0.045,
        0.194,
        0.0588
      ],
      [
        170.0,
        0.003,
        0.004,
        0.202,
        0.0754
      ],
      [
        170.25,
        0.0,
        0.0,
        0.154,
        0.0574
      ],
      [
        170.5,
        0.0,
        0.0,
        0.106,
        0.0387
      ],
      [
        170.75,
        0.026,
        0.03,
        0.252,
        0.0849
      ],
      [
        171.0,
        0.032,
        0.042,
        0.287,
        0.0946
      ],
      [
        171.25,
        0.032,
        0.042,
        0.239,
        0.0757
      ],
      [
        171.5,
        0.031,
        0.042,
        0.191,
        0.0577
      ],
      [
        171.75,
        0.013,
        0.043,
        0.149,
        0.0427
      ],
      [
        172.0,
        0.005,
        0.042,
        0.103,
        0.029
      ],
      [
        172.25,
        0.001,
        0.041,
        0.055,
        0.0189
      ],
      [
        172.5,
        0.0,
        0.039,
        0.045,
        0.017
      ],
      [
        172.75,
        0.019,
        0.045,
        0.049,
        0.0118
      ],
      [
        173.0,
        0.0,
        0.01,
        0.047,
        0.0177
      ],
      [
        173.25,
        0.0,
        0.0,
        0.047,
        0.0195
      ],
      [
        173.5,
        0.0,
        0.0,
        0.047,
        0.0195
      ],
      [
        173.75,
        0.019,
        0.031,
        0.11,
        0.0357
      ],
      [
        174.0,
        0.0,
        0.028,
        0.115,
        0.0398
      ],
      [
        174.25,
        0.0,
        0.028,
        0.067,
        0.0217
      ],
      [
        174.5,
        0.0,
        0.024,
        0.029,
        0.0134
      ],
      [
        174.75,
        0.023,
        0.049,
        0.143,
        0.0437
      ],
      [
        175.0,
        0.011,
        0.015,
        0.164,
        0.0598
      ],
      [
        175.25,
        0.0,
        0.015,
        0.116,
        0.0439
      ],
      [
        175.5,
        0.0,
        0.0,
        0.068,
        0.0258
      ],
      [
        175.75,
        0.004,
        0.014,
        0.05,
        0.0182
      ],
      [
        176.0,
        0.0,
        0.007,
        0.037,
        0.0131
      ],
      [
        176.25,
        0.0,
        0.007,
        0.037,
        0.0136
      ],
      [
        176.5,
        0.0,
        0.007,
        0.037,
        0.0136
      ],
      [
        176.75,
        0.009,
        0.015,
        0.039,
        0.0123
      ],
      [
        177.0,
        0.01,
        0.021,
        0.041,
        0.0124
      ],
      [
        177.25,
        0.01,
        0.021,
        0.041,
        0.0124
      ],
      [
        177.5,
        0.01,
        0.021,
        0.041,
        0.0124
      ],
      [
        177.75,
        0.011,
        0.029,
        0.042,
        0.0132
      ],
      [
        178.0,
        0.012,
        0.02,
        0.043,
        0.0144
      ],
      [
        178.25,
        0.012,
        0.02,
        0.043,
        0.0144
      ],
      [
        178.5,
        0.012,
        0.02,
        0.043,
        0.0144
      ],
      [
        178.75,
        0.04,
        0.044,
        0.196,
        0.0632
      ],
      [
        179.0,
        0.006,
        0.019,
        0.231,
        0.0862
      ],
      [
        179.25,
        0.0,
        0.0,
        0.183,
        0.072
      ],
      [
        179.5,
        0.0,
        0.0,
        0.135,
        0.0523
      ],
      [
        179.75,
        0.024,
        0.027,
        0.262,
        0.0927
      ],
      [
        180.0,
        0.031,
        0.039,
        0.292,
        0.1009
      ],
      [
        180.25,
        0.03,
        0.039,
        0.244,
        0.0815
      ],
      [
        180.5,
        0.029,
        0.039,
        0.196,
        0.0625
      ],
      [
        180.75,
        0.047,
        0.048,
        0.34,
        0.1133
      ],
      [
        181.0,
        0.01,
        0.014,
        0.376,
        0.1401
      ],
      [
        181.25,
        0.0,
        0.0,
        0.328,
        0.1248
      ],
      [
        181.5,
        0.0,
        0.0,
        0.28,
        0.1054
      ],
      [
        181.75,
        0.001,
        0.001,
        0.239,
        0.0884
      ],
      [
        182.0,
        0.001,
        0.001,
        0.193,
        0.0705
      ],
      [
        182.25,
        0.001,
        0.001,
        0.145,
        0.0527
      ],
      [
        182.5,
        0.001,
        0.001,
        0.097,
        0.0362
      ],
      [
        182.75,
        0.005,
        0.005,
        0.072,
        0.0266
      ],
      [
        183.0,
        0.006,
        0.006,
        0.046,
        0.0162
      ],
      [
        183.25,
        0.0,
        0.006,
        0.029,
        0.0111
      ],
      [
        183.5,
        0.0,
        0.006,
        0.029,
        0.0113
      ],
      [
        183.75,
        0.032,
        0.036,
        0.169,
        0.0581
      ],
      [
        184.0,
        0.019,
        0.047,
        0.207,
        0.0713
      ],
      [
        184.25,
        0.0,
        0.047,
        0.159,
        0.0546
      ],
      [
        184.5,
        0.0,
        0.047,
        0.111,
        0.0362
      ],
      [
        184.75,
        0.004,
        0.042,
        0.09,
        0.0285
      ],
      [
        185.0,
        0.0,
        0.006,
        0.055,
        0.0221
      ],
      [
        185.25,
        0.0,
        0.004,
        0.046,
        0.0164
      ],
      [
        185.5,
        0.0,
        0.0,
        0.046,
        0.0167
      ],
      [
        185.75,
        0.027,
        0.035,
        0.161,
        0.0534
      ],
      [
        186.0,
        0.006,
        0.041,
        0.197,
        0.0673
      ],
      [
        186.25,
        0.0,
        0.041,
        0.149,
        0.0488
      ],
      [
        186.5,
        0.0,
        0.041,
        0.101,
        0.031
      ],
      [
        186.75,
        0.018,
        0.044,
        0.176,
        0.055
      ],
      [
        187.0,
        0.0,
        0.013,
        0.185,
        0.0679
      ],
      [
        187.25,
        0.0,
        0.0,
        0.137,
        0.05
      ],
      [
        187.5,
        0.0,
        0.0,
        0.089,
        0.0319
      ],
      [
        187.75,
        0.025,
        0.027,
        0.212,
        0.0694
      ],
      [
        188.0,
        0.011,
        0.038,
        0.245,
        0.0814
      ],
      [
        188.25,
        0.0,
        0.038,
        0.197,
        0.064
      ],
      [
        188.5,
        0.0,
        0.038,
        0.149,
        0.0467
      ],
      [
        188.75,
        0.02,
        0.046,
        0.236,
        0.0734
      ],
      [
        189.0,
        0.007,
        0.016,
        0.251,
        0.0889
      ],
      [
        189.25,
        0.0,
        0.0,
        0.203,
        0.0727
      ],
      [
        189.5,
        0.0,
        0.0,
        0.155,
        0.0552
      ],
      [
        189.75,
        0.007,
        0.008,
        0.156,
        0.0523
      ],
      [
        190.0,
        0.01,
        0.011,
        0.131,
        0.0434
      ],
      [
        190.25,
        0.006,
        0.011,
        0.083,
        0.0285
      ],
      [
        190.5,
        0.0,
        0.011,
        0.044,
        0.0163
      ],
      [
        190.75,
        0.012,
        0.013,
        0.038,
        0.0109
      ],
      [
        191.0,
        0.002,
        0.014,
        0.038,
        0.0117
      ],
      [
        191.25,
        0.002,
        0.014,
        0.038,
        0.0117
      ],
      [
        191.5,
        0.002,
        0.014,
        0.038,
        0.0117
      ],
      [
        191.75,
        0.026,
        0.028,
        0.082,
        0.0227
      ],
      [
        192.0,
        0.006,
        0.034,
        0.07,
        0.0217
      ],
      [
        192.25,
        0.0,
        0.029,
        0.035,
        0.0132
      ],
      [
        192.5,
        0.0,
        0.029,
        0.035,
        0.0166
      ],
      [
        192.75,
        0.025,
        0.048,
        0.149,
        0.0451
      ],
      [
        193.0,
        0.011,
        0.014,
        0.183,
        0.0665
      ],
      [
        193.25,
        0.0,
        0.0,
        0.135,
        0.0509
      ],
      [
        193.5,
        0.0,
        0.0,
        0.087,
        0.0321
      ],
      [
        193.75,
        0.022,
        0.024,
        0.192,
        0.0643
      ],
      [
        194.0,
        0.008,
        0.035,
        0.22,
        0.0752
      ],
      [
        194.25,
        0.0,
        0.035,
        0.172,
        0.0572
      ],
      [
        194.5,
        0.0,
        0.035,
        0.124,
        0.0393
      ],
      [
        194.75,
        0.006,
        0.04,
        0.113,
        0.0333
      ],
      [
        195.0,
        0.007,
        0.042,
        0.084,
        0.0245
      ],
      [
        195.25,
        0.002,
        0.041,
        0.045,
        0.0177
      ],
      [
        195.5,
        0.0,
        0.036,
        0.044,
        0.0194
      ],
      [
        195.75,
        0.012,
        0.041,
        0.049,
        0.0141
      ],
      [
        196.0,
        0.011,
        0.038,
        0.048,
        0.0163
      ],
      [
        196.25,
        0.0,
        0.038,
        0.048,
        0.0201
      ],
      [
        196.5,
        0.0,
        0.038,
        0.048,
        0.0201
      ],
      [
        196.75,
        0.031,
        0.044,
        0.209,
        0.071
      ],
      [
        197.0,
        0.009,
        0.046,
        0.262,
        0.0964
      ],
      [
        197.25,
        0.0,
        0.046,
        0.214,
        0.0803
      ],
      [
        197.5,
        0.0,
        0.046,
        0.166,
        0.0609
      ],
      [
        197.75,
        0.014,
        0.034,
        0.217,
        0.077
      ],
      [
        198.0,
        0.0,
        0.022,
        0.219,
        0.0812
      ],
      [
        198.25,
        0.0,
        0.021,
        0.171,
        0.0618
      ],
      [
        198.5,
        0.0,
        0.021,
        0.123,
        0.0424
      ],
      [
        198.75,
        0.003,
        0.024,
        0.092,
        0.0296
      ],
      [
        199.0,
        0.004,
        0.024,
        0.052,
        0.0167
      ],
      [
        199.25,
        0.0,
        0.011,
        0.026,
        0.0109
      ],
      [
        199.5,
        0.0,
        0.004,
        0.026,
        0.0116
      ],
      [
        199.75,
        0.017,
        0.038,
        0.072,
        0.0201
      ],
      [
        200.0,
        0.023,
        0.043,
        0.066,
        0.0155
      ],
      [
        200.25,
        0.01,
        0.024,
        0.045,
        0.014
      ],
      [
        200.5,
        0.0,
        0.024,
        0.045,
        0.0179
      ],
      [
        200.75,
        0.017,
        0.026,
        0.047,
        0.0125
      ],
      [
        201.0,
        0.023,
        0.028,
        0.049,
        0.0122
      ],
      [
        201.25,
        0.023,
        0.028,
        0.049,
        0.0122
      ],
      [
        201.5,
        0.023,
        0.028,
        0.049,
        0.0122
      ],
      [
        201.75,
        0.031,
        0.044,
        0.109,
        0.0305
      ],
      [
        202.0,
        0.0,
        0.019,
        0.116,
        0.0448
      ],
      [
        202.25,
        0.0,
        0.0,
        0.068,
        0.0277
      ],
      [
        202.5,
        0.0,
        0.0,
        0.023,
        0.012
      ],
      [
        202.75,
        0.003,
        0.004,
        0.026,
        0.0117
      ],
      [
        203.0,
        0.005,
        0.006,
        0.035,
        0.0127
      ],
      [
        203.25,
        0.005,
        0.006,
        0.035,
        0.0127
      ],
      [
        203.5,
        0.005,
        0.006,
        0.035,
        0.0127
      ],
      [
        203.75,
        0.032,
        0.035,
        0.181,
        0.0634
      ],
      [
        204.0,
        0.024,
        0.046,
        0.232,
        0.0826
      ],
      [
        204.25,
        0.0,
        0.046,
        0.184,
        0.0685
      ],
      [
        204.5,
        0.0,
        0.046,
        0.136,
        0.0491
      ],
      [
        204.75,
        0.032,
        0.046,
        0.301,
        0.1066
      ],
      [
        205.0,
        0.011,
        0.027,
        0.367,
        0.1374
      ],
      [
        205.25,
        0.0,
        0.0,
        0.319,
        0.1224
      ],
      [
        205.5,
        0.0,
        0.0,
        0.271,
        0.1022
      ],
      [
        205.75,
        0.007,
        0.008,
        0.276,
        0.1019
      ],
      [
        206.0,
        0.0,
        0.012,
        0.255,
        0.0938
      ],
      [
        206.25,
        0.0,
        0.012,
        0.207,
        0.0741
      ],
      [
        206.5,
        0.0,
        0.012,
        0.159,
        0.0548
      ],
      [
        206.75,
        0.005,
        0.017,
        0.143,
        0.0464
      ],
      [
        207.0,
        0.007,
        0.019,
        0.111,
        0.0344
      ],
      [
        207.25,
        0.007,
        0.018,
        0.063,
        0.0187
      ],
      [
        207.5,
        0.0,
        0.018,
        0.02,
        0.0091
      ],
      [
        207.75,
        0.04,
        0.051,
        0.191,
        0.0606
      ],
      [
        208.0,
        0.015,
        0.022,
        0.256,
        0.0971
      ],
      [
        208.25,
        0.0,
        0.0,
        0.208,
        0.0844
      ],
      [
        208.5,
        0.0,
        0.0,
        0.16,
        0.0639
      ],
      [
        208.75,
        0.003,
        0.004,
        0.135,
        0.0517
      ],
      [
        209.0,
        0.005,
        0.006,
        0.1,
        0.0363
      ],
      [
        209.25,
        0.005,
        0.005,
        0.052,
        0.019
      ],
      [
        209.5,
        0.0,
        0.005,
        0.012,
        0.0095
      ],
      [
        209.75,
        0.008,
        0.008,
        0.017,
        0.0081
      ],
      [
        210.0,
        0.009,
        0.01,
        0.026,
        0.0097
      ],
      [
        210.25,
        0.009,
        0.01,
        0.026,
        0.0098
      ],
      [
        210.5,
        0.009,
        0.01,
        0.026,
        0.0098
      ],
      [
        210.75,
        0.016,
        0.018,
        0.061,
        0.0192
      ],
      [
        211.0,
        0.019,
        0.022,
        0.043,
        0.0101
      ],
      [
        211.25,
        0.0,
        0.021,
        0.023,
        0.0108
      ],
      [
        211.5,
        0.0,
        0.021,
        0.023,
        0.0108
      ],
      [
        211.75,
        0.043,
        0.047,
        0.145,
        0.0417
      ],
      [
        212.0,
        0.015,
        0.018,
        0.187,
        0.0689
      ],
      [
        212.25,
        0.0,
        0.0,
        0.139,
        0.0556
      ],
      [
        212.5,
        0.0,
        0.0,
        0.091,
        0.0357
      ],
      [
        212.75,
        0.025,
        0.026,
        0.215,
        0.0754
      ],
      [
        213.0,
        0.034,
        0.041,
        0.261,
        0.0899
      ],
      [
        213.25,
        0.022,
        0.04,
        0.213,
        0.0707
      ],
      [
        213.5,
        0.022,
        0.04,
        0.165,
        0.0514
      ],
      [
        213.75,
        0.049,
        0.051,
        0.345,
        0.1179
      ],
      [
        214.0,
        0.018,
        0.022,
        0.424,
        0.1589
      ],
      [
        214.25,
        0.0,
        0.0,
        0.376,
        0.1465
      ],
      [
        214.5,
        0.0,
        0.0,
        0.328,
        0.1265
      ],
      [
        214.75,
        0.034,
        0.035,
        0.509,
        0.1876
      ],
      [
        215.0,
        0.022,
        0.026,
        0.59,
        0.2228
      ],
      [
        215.25,
        0.0,
        0.0,
        0.542,
        0.211
      ],
      [
        215.5,
        0.0,
        0.0,
        0.494,
        0.1909
      ],
      [
        215.75,
        0.033,
        0.036,
        0.677,
        0.2539
      ],
      [
        216.0,
        0.02,
        0.026,
        0.76,
        0.2912
      ],
      [
        216.25,
        0.0,
        0.0,
        0.712,
        0.2798
      ],
      [
        216.5,
        0.0,
        0.0,
        0.664,
        0.2597
      ],
      [
        216.75,
        0.034,
        0.036,
        0.851,
        0.3224
      ],
      [
        217.0,
        0.022,
        0.026,
        0.936,
        0.3591
      ],
      [
        217.25,
        0.0,
        0.0,
        0.888,
        0.3474
      ],
      [
        217.5,
        0.0,
        0.0,
        0.84,
        0.3273
      ],
      [
        217.75,
        0.034,
        0.036,
        0.999,
        0.3792
      ],
      [
        218.0,
        0.02,
        0.025,
        0.98,
        0.3915
      ],
      [
        218.25,
        0.0,
        0.0,
        0.932,
        0.3799
      ],
      [
        218.5,
        0.0,
        0.0,
        0.884,
        0.3594
      ],
      [
        218.75,
        0.025,
        0.027,
        0.999,
        0.3979
      ],
      [
        219.0,
        0.036,
        0.041,
        0.98,
        0.3926
      ],
      [
        219.25,
        0.035,
        0.041,
        0.932,
        0.3727
      ],
      [
        219.5,
        0.033,
        0.041,
        0.884,
        0.3522
      ],
      [
        219.75,
        0.047,
        0.049,
        0.999,
        0.3992
      ],
      [
        220.0,
        0.015,
        0.019,
        0.98,
        0.4061
      ],
      [
        220.25,
        0.0,
        0.0,
        0.932,
        0.3925
      ],
      [
        220.5,
        0.0,
        0.0,
        0.884,
        0.3719
      ],
      [
        220.75,
        0.027,
        0.028,
        0.999,
        0.4106
      ],
      [
        221.0,
        0.038,
        0.043,
        0.98,
        0.4003
      ],
      [
        221.25,
        0.036,
        0.043,
        0.932,
        0.3804
      ],
      [
        221.5,
        0.035,
        0.043,
        0.884,
        0.3599
      ],
      [
        221.75,
        0.039,
        0.047,
        0.864,
        0.3488
      ],
      [
        222.0,
        0.012,
        0.048,
        0.831,
        0.3368
      ],
      [
        222.25,
        0.0,
        0.048,
        0.783,
        0.3182
      ],
      [
        222.5,
        0.0,
        0.048,
        0.735,
        0.2974
      ],
      [
        222.75,
        0.038,
        0.048,
        0.936,
        0.3741
      ],
      [
        223.0,
        0.018,
        0.024,
        0.981,
        0.4056
      ],
      [
        223.25,
        0.0,
        0.0,
        0.933,
        0.3938
      ],
      [
        223.5,
        0.0,
        0.0,
        0.885,
        0.3733
      ],
      [
        223.75,
        0.036,
        0.038,
        0.999,
        0.4109
      ],
      [
        224.0,
        0.02,
        0.025,
        0.981,
        0.4102
      ],
      [
        224.25,
        0.0,
        0.0,
        0.933,
        0.3994
      ],
      [
        224.5,
        0.0,
        0.0,
        0.885,
        0.3788
      ],
      [
        224.75,
        0.036,
        0.039,
        0.999,
        0.4149
      ],
      [
        225.0,
        0.021,
        0.026,
        0.982,
        0.4136
      ],
      [
        225.25,
        0.0,
        0.0,
        0.934,
        0.4027
      ],
      [
        225.5,
        0.0,
        0.0,
        0.886,
        0.382
      ],
      [
        225.75,
        0.004,
        0.004,
        0.862,
        0.3704
      ],
      [
        226.0,
        0.006,
        0.006,
        0.828,
        0.3552
      ],
      [
        226.25,
        0.006,
        0.006,
        0.78,
        0.3347
      ],
      [
        226.5,
        0.006,
        0.006,
        0.732,
        0.3137
      ],
      [
        226.75,
        0.011,
        0.011,
        0.72,
        0.3056
      ],
      [
        227.0,
        0.013,
        0.014,
        0.692,
        0.2919
      ],
      [
        227.25,
        0.013,
        0.014,
        0.644,
        0.271
      ],
      [
        227.5,
        0.013,
        0.014,
        0.596,
        0.25
      ],
      [
        227.75,
        0.05,
        0.051,
        0.809,
        0.3236
      ],
      [
        228.0,
        0.021,
        0.026,
        0.913,
        0.3756
      ],
      [
        228.25,
        0.0,
        0.0,
        0.865,
        0.3652
      ],
      [
        228.5,
        0.0,
        0.0,
        0.817,
        0.3445
      ],
      [
        228.75,
        0.021,
        0.022,
        0.914,
        0.3759
      ],
      [
        229.0,
        0.032,
        0.035,
        0.949,
        0.3849
      ],
      [
        229.25,
        0.032,
        0.035,
        0.901,
        0.3645
      ],
      [
        229.5,
        0.032,
        0.035,
        0.853,
        0.3439
      ],
      [
        229.75,
        0.053,
        0.054,
        0.999,
        0.4053
      ],
      [
        230.0,
        0.024,
        0.029,
        0.982,
        0.4128
      ],
      [
        230.25,
        0.0,
        0.0,
        0.934,
        0.4036
      ],
      [
        230.5,
        0.0,
        0.0,
        0.886,
        0.3828
      ],
      [
        230.75,
        0.026,
        0.028,
        0.999,
        0.4209
      ],
      [
        231.0,
        0.041,
        0.044,
        0.982,
        0.4079
      ],
      [
        231.25,
        0.041,
        0.044,
        0.934,
        0.3872
      ],
      [
        231.5,
        0.041,
        0.044,
        0.886,
        0.3665
      ],
      [
        231.75,
        0.041,
        0.043,
        0.999,
        0.415
      ],
      [
        232.0,
        0.008,
        0.009,
        0.982,
        0.4226
      ],
      [
        232.25,
        0.0,
        0.0,
        0.934,
        0.4056
      ],
      [
        232.5,
        0.0,
        0.0,
        0.886,
        0.3848
      ],
      [
        232.75,
        0.034,
        0.036,
        0.999,
        0.4193
      ],
      [
        233.0,
        0.023,
        0.027,
        0.983,
        0.4157
      ],
      [
        233.25,
        0.0,
        0.0,
        0.935,
        0.4051
      ],
      [
        233.5,
        0.0,
        0.0,
        0.887,
        0.3842
      ],
      [
        233.75,
        0.04,
        0.043,
        0.999,
        0.4171
      ],
      [
        234.0,
        0.022,
        0.027,
        0.983,
        0.4169
      ],
      [
        234.25,
        0.0,
        0.0,
        0.935,
        0.407
      ],
      [
        234.5,
        0.0,
        0.0,
        0.887,
        0.3859
      ],
      [
        234.75,
        0.022,
        0.023,
        0.987,
        0.4188
      ],
      [
        235.0,
        0.033,
        0.035,
        0.982,
        0.4129
      ],
      [
        235.25,
        0.033,
        0.035,
        0.934,
        0.392
      ],
      [
        235.5,
        0.033,
        0.035,
        0.886,
        0.371
      ],
      [
        235.75,
        0.04,
        0.042,
        0.882,
        0.3658
      ],
      [
        236.0,
        0.043,
        0.046,
        0.859,
        0.3539
      ],
      [
        236.25,
        0.043,
        0.046,
        0.811,
        0.333
      ],
      [
        236.5,
        0.043,
        0.046,
        0.763,
        0.3123
      ],
      [
        236.75,
        0.038,
        0.041,
        0.887,
        0.3661
      ],
      [
        237.0,
        0.005,
        0.007,
        0.941,
        0.4016
      ],
      [
        237.25,
        0.0,
        0.0,
        0.893,
        0.3836
      ],
      [
        237.5,
        0.0,
        0.0,
        0.845,
        0.3628
      ],
      [
        237.75,
        0.004,
        0.004,
        0.823,
        0.3514
      ],
      [
        238.0,
        0.006,
        0.006,
        0.79,
        0.3358
      ],
      [
        238.25,
        0.006,
        0.006,
        0.742,
        0.315
      ],
      [
        238.5,
        0.006,
        0.006,
        0.694,
        0.2942
      ],
      [
        238.75,
        0.045,
        0.047,
        0.914,
        0.3693
      ],
      [
        239.0,
        0.023,
        0.027,
        0.984,
        0.4111
      ],
      [
        239.25,
        0.0,
        0.0,
        0.936,
        0.4011
      ],
      [
        239.5,
        0.0,
        0.0,
        0.888,
        0.3805
      ],
      [
        239.75,
        0.006,
        0.006,
        0.882,
        0.375
      ],
      [
        240.0,
        0.009,
        0.01,
        0.858,
        0.3631
      ],
      [
        240.25,
        0.009,
        0.01,
        0.81,
        0.3425
      ],
      [
        240.5,
        0.009,
        0.01,
        0.763,
        0.3218
      ],
      [
        240.75,
        0.049,
        0.051,
        0.985,
        0.3977
      ],
      [
        241.0,
        0.023,
        0.027,
        0.984,
        0.4147
      ],
      [
        241.25,
        0.0,
        0.0,
        0.936,
        0.405
      ],
      [
        241.5,
        0.0,
        0.0,
        0.889,
        0.3845
      ],
      [
        241.75,
        0.04,
        0.043,
        0.999,
        0.4167
      ],
      [
        242.0,
        0.023,
        0.027,
        0.985,
        0.4167
      ],
      [
        242.25,
        0.0,
        0.0,
        0.937,
        0.407
      ],
      [
        242.5,
        0.0,
        0.0,
        0.889,
        0.3862
      ],
      [
        242.75,
        0.031,
        0.032,
        0.999,
        0.4213
      ],
      [
        243.0,
        0.03,
        0.047,
        0.984,
        0.412
      ],
      [
        243.25,
        0.0,
        0.047,
        0.936,
        0.3997
      ],
      [
        243.5,
        0.0,
        0.047,
        0.889,
        0.3791
      ],
      [
        243.75,
        0.047,
        0.051,
        0.999,
        0.4146
      ],
      [
        244.0,
        0.027,
        0.031,
        0.985,
        0.4172
      ],
      [
        244.25,
        0.0,
        0.0,
        0.937,
        0.4091
      ],
      [
        244.5,
        0.0,
        0.0,
        0.889,
        0.3882
      ],
      [
        244.75,
        0.046,
        0.048,
        0.999,
        0.4183
      ],
      [
        245.0,
        0.026,
        0.031,
        0.985,
        0.4208
      ],
      [
        245.25,
        0.0,
        0.0,
        0.937,
        0.4123
      ],
      [
        245.5,
        0.0,
        0.0,
        0.89,
        0.3913
      ],
      [
        245.75,
        0.045,
        0.047,
        0.999,
        0.4228
      ],
      [
        246.0,
        0.026,
        0.03,
        0.986,
        0.4246
      ],
      [
        246.25,
        0.0,
        0.0,
        0.937,
        0.4157
      ],
      [
        246.5,
        0.0,
        0.0,
        0.89,
        0.3943
      ],
      [
        246.75,
        0.012,
        0.012,
        0.921,
        0.4024
      ],
      [
        247.0,
        0.018,
        0.02,
        0.922,
        0.3975
      ],
      [
        247.25,
        0.018,
        0.02,
        0.874,
        0.376
      ],
      [
        247.5,
        0.018,
        0.02,
        0.826,
        0.3552
      ],
      [
        247.75,
        0.055,
        0.056,
        0.999,
        0.4204
      ],
      [
        248.0,
        0.032,
        0.037,
        0.986,
        0.4234
      ],
      [
        248.25,
        0.0,
        0.0,
        0.938,
        0.4177
      ],
      [
        248.5,
        0.0,
        0.0,
        0.89,
        0.3961
      ],
      [
        248.75,
        0.006,
        0.006,
        0.882,
        0.3896
      ],
      [
        249.0,
        0.009,
        0.01,
        0.858,
        0.3765
      ],
      [
        249.25,
        0.009,
        0.01,
        0.81,
        0.3549
      ],
      [
        249.5,
        0.009,
        0.01,
        0.762,
        0.3339
      ],
      [
        249.75,
        0.039,
        0.04,
        0.914,
        0.3871
      ],
      [
        250.0,
        0.023,
        0.025,
        0.984,
        0.4222
      ],
      [
        250.25,
        0.0,
        0.0,
        0.936,
        0.4114
      ],
      [
        250.5,
        0.0,
        0.001,
        0.889,
        0.3908
      ],
      [
        250.75,
        0.04,
        0.042,
        0.999,
        0.4284
      ],
      [
        251.0,
        0.024,
        0.027,
        0.986,
        0.4296
      ],
      [
        251.25,
        0.0,
        0.0,
        0.938,
        0.4196
      ],
      [
        251.5,
        0.0,
        0.001,
        0.892,
        0.3992
      ],
      [
        251.75,
        0.05,
        0.051,
        0.999,
        0.4271
      ],
      [
        252.0,
        0.029,
        0.034,
        0.986,
        0.4288
      ],
      [
        252.25,
        0.0,
        0.0,
        0.938,
        0.4215
      ],
      [
        252.5,
        0.0,
        0.001,
        0.893,
        0.4013
      ],
      [
        252.75,
        0.051,
        0.052,
        0.999,
        0.4268
      ],
      [
        253.0,
        0.03,
        0.035,
        0.987,
        0.4284
      ],
      [
        253.25,
        0.0,
        0.0,
        0.939,
        0.4216
      ],
      [
        253.5,
        0.0,
        0.0,
        0.892,
        0.4009
      ],
      [
        253.75,
        0.032,
        0.033,
        0.999,
        0.4352
      ],
      [
        254.0,
        0.03,
        0.033,
        0.986,
        0.4279
      ],
      [
        254.25,
        0.0,
        0.0,
        0.938,
        0.4178
      ],
      [
        254.5,
        0.0,
        0.0,
        0.891,
        0.3965
      ],
      [
        254.75,
        0.011,
        0.011,
        0.914,
        0.4048
      ],
      [
        255.0,
        0.001,
        0.017,
        0.907,
        0.4013
      ],
      [
        255.25,
        0.001,
        0.017,
        0.859,
        0.3797
      ],
      [
        255.5,
        0.001,
        0.018,
        0.815,
        0.3597
      ],
      [
        255.75,
        0.049,
        0.054,
        0.999,
        0.426
      ],
      [
        256.0,
        0.028,
        0.035,
        0.987,
        0.4286
      ],
      [
        256.25,
        0.0,
        0.0,
        0.939,
        0.4217
      ],
      [
        256.5,
        0.0,
        0.0,
        0.891,
        0.4003
      ],
      [
        256.75,
        0.007,
        0.007,
        0.891,
        0.3966
      ],
      [
        257.0,
        0.011,
        0.012,
        0.871,
        0.3851
      ],
      [
        257.25,
        0.011,
        0.012,
        0.823,
        0.3635
      ],
      [
        257.5,
        0.011,
        0.012,
        0.776,
        0.3425
      ],
      [
        257.75,
        0.028,
        0.029,
        0.842,
        0.3641
      ],
      [
        258.0,
        0.038,
        0.039,
        0.863,
        0.3671
      ],
      [
        258.25,
        0.038,
        0.039,
        0.815,
        0.3454
      ],
      [
        258.5,
        0.038,
        0.04,
        0.768,
        0.3242
      ],
      [
        258.75,
        0.047,
        0.049,
        0.795,
        0.3324
      ],
      [
        259.0,
        0.006,
        0.009,
        0.792,
        0.3485
      ],
      [
        259.25,
        0.0,
        0.0,
        0.744,
        0.3306
      ],
      [
        259.5,
        0.0,
        0.001,
        0.701,
        0.3116
      ],
      [
        259.75,
        0.052,
        0.053,
        0.999,
        0.422
      ],
      [
        260.0,
        0.034,
        0.039,
        0.988,
        0.4271
      ],
      [
        260.25,
        0.0,
        0.0,
        0.94,
        0.4221
      ],
      [
        260.5,
        0.0,
        0.002,
        0.898,
        0.4033
      ],
      [
        260.75,
        0.052,
        0.053,
        0.999,
        0.426
      ],
      [
        261.0,
        0.035,
        0.04,
        0.988,
        0.4269
      ],
      [
        261.25,
        0.0,
        0.0,
        0.94,
        0.4222
      ],
      [
        261.5,
        0.0,
        0.001,
        0.896,
        0.4028
      ],
      [
        261.75,
        0.043,
        0.044,
        0.999,
        0.4302
      ],
      [
        262.0,
        0.025,
        0.028,
        0.988,
        0.4317
      ],
      [
        262.25,
        0.0,
        0.0,
        0.94,
        0.4223
      ],
      [
        262.5,
        0.0,
        0.0,
        0.892,
        0.401
      ],
      [
        262.75,
        0.006,
        0.006,
        0.884,
        0.3944
      ],
      [
        263.0,
        0.009,
        0.01,
        0.86,
        0.3814
      ],
      [
        263.25,
        0.009,
        0.01,
        0.812,
        0.3598
      ],
      [
        263.5,
        0.01,
        0.01,
        0.766,
        0.3394
      ],
      [
        263.75,
        0.031,
        0.032,
        0.861,
        0.3715
      ],
      [
        264.0,
        0.043,
        0.045,
        0.898,
        0.3807
      ],
      [
        264.25,
        0.043,
        0.045,
        0.85,
        0.3591
      ],
      [
        264.5,
        0.043,
        0.045,
        0.803,
        0.3376
      ],
      [
        264.75,
        0.045,
        0.047,
        0.768,
        0.3211
      ],
      [
        265.0,
        0.046,
        0.048,
        0.728,
        0.3025
      ],
      [
        265.25,
        0.046,
        0.048,
        0.68,
        0.2809
      ],
      [
        265.5,
        0.046,
        0.048,
        0.634,
        0.2599
      ],
      [
        265.75,
        0.023,
        0.028,
        0.66,
        0.281
      ],
      [
        266.0,
        0.0,
        0.0,
        0.656,
        0.2909
      ],
      [
        266.25,
        0.0,
        0.0,
        0.608,
        0.2693
      ],
      [
        266.5,
        0.0,
        0.001,
        0.562,
        0.2485
      ],
      [
        266.75,
        0.012,
        0.012,
        0.591,
        0.2557
      ],
      [
        267.0,
        0.018,
        0.019,
        0.589,
        0.2508
      ],
      [
        267.25,
        0.018,
        0.019,
        0.541,
        0.2292
      ],
      [
        267.5,
        0.019,
        0.021,
        0.501,
        0.2103
      ],
      [
        267.75,
        0.05,
        0.05,
        0.69,
        0.2802
      ],
      [
        268.0,
        0.021,
        0.024,
        0.786,
        0.3316
      ],
      [
        268.25,
        0.0,
        0.0,
        0.738,
        0.3204
      ],
      [
        268.5,
        0.0,
        0.0,
        0.692,
        0.2997
      ],
      [
        268.75,
        0.011,
        0.012,
        0.718,
        0.3058
      ],
      [
        269.0,
        0.017,
        0.018,
        0.714,
        0.3004
      ],
      [
        269.25,
        0.017,
        0.018,
        0.666,
        0.2788
      ],
      [
        269.5,
        0.018,
        0.021,
        0.631,
        0.2625
      ],
      [
        269.75,
        0.062,
        0.063,
        0.991,
        0.4013
      ],
      [
        270.0,
        0.047,
        0.052,
        0.99,
        0.4197
      ],
      [
        270.25,
        0.0,
        0.004,
        0.942,
        0.4193
      ],
      [
        270.5,
        0.001,
        0.003,
        0.908,
        0.4044
      ],
      [
        270.75,
        0.055,
        0.056,
        0.999,
        0.4247
      ],
      [
        271.0,
        0.041,
        0.046,
        0.99,
        0.4247
      ],
      [
        271.25,
        0.0,
        0.0,
        0.942,
        0.423
      ],
      [
        271.5,
        0.001,
        0.002,
        0.904,
        0.4055
      ],
      [
        271.75,
        0.047,
        0.048,
        0.999,
        0.4284
      ],
      [
        272.0,
        0.028,
        0.03,
        0.989,
        0.4316
      ],
      [
        272.25,
        0.0,
        0.0,
        0.941,
        0.4231
      ],
      [
        272.5,
        0.001,
        0.003,
        0.911,
        0.4074
      ],
      [
        272.75,
        0.055,
        0.056,
        0.999,
        0.4247
      ],
      [
        273.0,
        0.041,
        0.046,
        0.99,
        0.4248
      ],
      [
        273.25,
        0.0,
        0.0,
        0.942,
        0.4231
      ],
      [
        273.5,
        0.001,
        0.001,
        0.898,
        0.4033
      ],
      [
        273.75,
        0.021,
        0.021,
        0.982,
        0.4322
      ],
      [
        274.0,
        0.032,
        0.033,
        0.987,
        0.4295
      ],
      [
        274.25,
        0.032,
        0.033,
        0.939,
        0.4079
      ],
      [
        274.5,
        0.033,
        0.034,
        0.898,
        0.3891
      ],
      [
        274.75,
        0.046,
        0.047,
        0.999,
        0.4289
      ],
      [
        275.0,
        0.015,
        0.016,
        0.989,
        0.4377
      ],
      [
        275.25,
        0.0,
        0.0,
        0.941,
        0.4232
      ],
      [
        275.5,
        0.001,
        0.003,
        0.909,
        0.4069
      ],
      [
        275.75,
        0.051,
        0.052,
        0.999,
        0.4267
      ],
      [
        276.0,
        0.031,
        0.034,
        0.99,
        0.4301
      ],
      [
        276.25,
        0.0,
        0.0,
        0.942,
        0.4234
      ],
      [
        276.5,
        0.001,
        0.002,
        0.905,
        0.4059
      ],
      [
        276.75,
        0.041,
        0.042,
        0.999,
        0.4311
      ],
      [
        277.0,
        0.025,
        0.028,
        0.99,
        0.4331
      ],
      [
        277.25,
        0.0,
        0.0,
        0.942,
        0.4236
      ],
      [
        277.5,
        0.002,
        0.004,
        0.916,
        0.409
      ],
      [
        277.75,
        0.055,
        0.056,
        0.999,
        0.4248
      ],
      [
        278.0,
        0.041,
        0.045,
        0.991,
        0.4254
      ],
      [
        278.25,
        0.0,
        0.0,
        0.943,
        0.4235
      ],
      [
        278.5,
        0.001,
        0.001,
        0.898,
        0.4033
      ],
      [
        278.75,
        0.014,
        0.014,
        0.942,
        0.4166
      ],
      [
        279.0,
        0.022,
        0.023,
        0.948,
        0.4154
      ],
      [
        279.25,
        0.022,
        0.023,
        0.9,
        0.3938
      ],
      [
        279.5,
        0.023,
        0.024,
        0.861,
        0.3755
      ],
      [
        279.75,
        0.049,
        0.05,
        0.999,
        0.4265
      ],
      [
        280.0,
        0.018,
        0.019,
        0.989,
        0.4367
      ],
      [
        280.25,
        0.0,
        0.0,
        0.941,
        0.4235
      ],
      [
        280.5,
        0.0,
        0.0,
        0.895,
        0.4027
      ],
      [
        280.75,
        0.007,
        0.007,
        0.892,
        0.3981
      ],
      [
        281.0,
        0.011,
        0.011,
        0.871,
        0.3864
      ],
      [
        281.25,
        0.011,
        0.011,
        0.823,
        0.3648
      ],
      [
        281.5,
        0.013,
        0.016,
        0.803,
        0.3519
      ],
      [
        281.75,
        0.063,
        0.065,
        0.999,
        0.4209
      ],
      [
        282.0,
        0.052,
        0.058,
        0.991,
        0.4201
      ],
      [
        282.25,
        0.004,
        0.01,
        0.943,
        0.42
      ],
      [
        282.5,
        0.003,
        0.005,
        0.923,
        0.4111
      ],
      [
        282.75,
        0.059,
        0.061,
        0.999,
        0.4228
      ],
      [
        283.0,
        0.049,
        0.054,
        0.991,
        0.4219
      ],
      [
        283.25,
        0.001,
        0.006,
        0.943,
        0.4217
      ],
      [
        283.5,
        0.002,
        0.004,
        0.92,
        0.4102
      ],
      [
        283.75,
        0.054,
        0.055,
        0.999,
        0.4254
      ],
      [
        284.0,
        0.038,
        0.042,
        0.992,
        0.427
      ],
      [
        284.25,
        0.0,
        0.0,
        0.943,
        0.4238
      ],
      [
        284.5,
        0.002,
        0.004,
        0.917,
        0.4093
      ],
      [
        284.75,
        0.051,
        0.052,
        0.999,
        0.4266
      ],
      [
        285.0,
        0.032,
        0.036,
        0.992,
        0.4302
      ],
      [
        285.25,
        0.0,
        0.0,
        0.943,
        0.4241
      ],
      [
        285.5,
        0.003,
        0.005,
        0.923,
        0.4115
      ],
      [
        285.75,
        0.056,
        0.057,
        0.999,
        0.4244
      ],
      [
        286.0,
        0.042,
        0.047,
        0.992,
        0.4251
      ],
      [
        286.25,
        0.0,
        0.0,
        0.944,
        0.424
      ],
      [
        286.5,
        0.0,
        0.0,
        0.898,
        0.4034
      ],
      [
        286.75,
        0.008,
        0.008,
        0.901,
        0.4011
      ],
      [
        287.0,
        0.012,
        0.013,
        0.884,
        0.3909
      ],
      [
        287.25,
        0.012,
        0.013,
        0.836,
        0.3692
      ],
      [
        287.5,
        0.015,
        0.016,
        0.806,
        0.354
      ],
      [
        287.75,
        0.051,
        0.051,
        0.999,
        0.4268
      ],
      [
        288.0,
        0.027,
        0.029,
        0.992,
        0.4332
      ],
      [
        288.25,
        0.0,
        0.0,
        0.944,
        0.4244
      ],
      [
        288.5,
        0.002,
        0.003,
        0.915,
        0.4096
      ],
      [
        288.75,
        0.047,
        0.048,
        0.999,
        0.4285
      ],
      [
        289.0,
        0.028,
        0.03,
        0.992,
        0.433
      ],
      [
        289.25,
        0.0,
        0.0,
        0.944,
        0.4245
      ],
      [
        289.5,
        0.002,
        0.003,
        0.911,
        0.4085
      ],
      [
        289.75,
        0.039,
        0.039,
        0.999,
        0.4323
      ],
      [
        290.0,
        0.026,
        0.028,
        0.991,
        0.4338
      ],
      [
        290.25,
        0.0,
        0.0,
        0.943,
        0.4244
      ],
      [
        290.5,
        0.003,
        0.006,
        0.93,
        0.4136
      ],
      [
        290.75,
        0.057,
        0.058,
        0.999,
        0.4237
      ],
      [
        291.0,
        0.045,
        0.051,
        0.993,
        0.424
      ],
      [
        291.25,
        0.0,
        0.003,
        0.945,
        0.4236
      ],
      [
        291.5,
        0.004,
        0.006,
        0.932,
        0.4142
      ],
      [
        291.75,
        0.059,
        0.06,
        0.999,
        0.4231
      ],
      [
        292.0,
        0.048,
        0.053,
        0.993,
        0.4228
      ],
      [
        292.25,
        0.0,
        0.005,
        0.945,
        0.4226
      ],
      [
        292.5,
        0.0,
        0.0,
        0.898,
        0.4032
      ],
      [
        292.75,
        0.003,
        0.003,
        0.868,
        0.3886
      ],
      [
        293.0,
        0.005,
        0.005,
        0.831,
        0.3712
      ],
      [
        293.25,
        0.005,
        0.005,
        0.783,
        0.3495
      ],
      [
        293.5,
        0.008,
        0.01,
        0.77,
        0.3395
      ],
      [
        293.75,
        0.059,
        0.06,
        0.999,
        0.4229
      ],
      [
        294.0,
        0.048,
        0.053,
        0.993,
        0.4233
      ],
      [
        294.25,
        0.0,
        0.005,
        0.945,
        0.4231
      ],
      [
        294.5,
        0.004,
        0.007,
        0.938,
        0.4164
      ],
      [
        294.75,
        0.063,
        0.064,
        0.999,
        0.4212
      ],
      [
        295.0,
        0.056,
        0.062,
        0.994,
        0.4195
      ],
      [
        295.25,
        0.008,
        0.014,
        0.946,
        0.4194
      ],
      [
        295.5,
        0.003,
        0.004,
        0.918,
        0.4109
      ],
      [
        295.75,
        0.045,
        0.046,
        0.999,
        0.4293
      ],
      [
        296.0,
        0.027,
        0.029,
        0.993,
        0.4339
      ],
      [
        296.25,
        0.0,
        0.0,
        0.945,
        0.4249
      ],
      [
        296.5,
        0.001,
        0.002,
        0.907,
        0.4066
      ],
      [
        296.75,
        0.018,
        0.019,
        0.974,
        0.4289
      ],
      [
        297.0,
        0.028,
        0.03,
        0.99,
        0.431
      ],
      [
        297.25,
        0.028,
        0.03,
        0.942,
        0.4094
      ],
      [
        297.5,
        0.033,
        0.036,
        0.932,
        0.4002
      ],
      [
        297.75,
        0.065,
        0.066,
        0.999,
        0.4201
      ],
      [
        298.0,
        0.052,
        0.058,
        0.994,
        0.4212
      ],
      [
        298.25,
        0.004,
        0.01,
        0.946,
        0.4212
      ],
      [
        298.5,
        0.005,
        0.007,
        0.943,
        0.4184
      ],
      [
        298.75,
        0.064,
        0.065,
        0.999,
        0.4206
      ],
      [
        299.0,
        0.058,
        0.064,
        0.994,
        0.4185
      ],
      [
        299.25,
        0.01,
        0.016,
        0.946,
        0.4185
      ],
      [
        299.5,
        0.004,
        0.006,
        0.936,
        0.4164
      ],
      [
        299.75,
        0.057,
        0.058,
        0.999,
        0.4241
      ],
      [
        300.0,
        0.045,
        0.049,
        0.994,
        0.4251
      ],
      [
        300.25,
        0.0,
        0.001,
        0.946,
        0.4245
      ],
      [
        300.5,
        0.005,
        0.007,
        0.94,
        0.4175
      ],
      [
        300.75,
        0.06,
        0.061,
        0.999,
        0.4228
      ],
      [
        301.0,
        0.05,
        0.055,
        0.994,
        0.4226
      ],
      [
        301.25,
        0.002,
        0.007,
        0.946,
        0.4225
      ],
      [
        301.5,
        0.005,
        0.008,
        0.947,
        0.4197
      ],
      [
        301.75,
        0.065,
        0.066,
        0.999,
        0.4202
      ],
      [
        302.0,
        0.06,
        0.066,
        0.995,
        0.4179
      ],
      [
        302.25,
        0.012,
        0.018,
        0.947,
        0.4179
      ],
      [
        302.5,
        0.005,
        0.008,
        0.948,
        0.4202
      ],
      [
        302.75,
        0.065,
        0.067,
        0.999,
        0.42
      ],
      [
        303.0,
        0.061,
        0.067,
        0.995,
        0.4177
      ],
      [
        303.25,
        0.013,
        0.019,
        0.947,
        0.4177
      ],
      [
        303.5,
        0.001,
        0.001,
        0.906,
        0.4066
      ],
      [
        303.75,
        0.015,
        0.015,
        0.951,
        0.4203
      ],
      [
        304.0,
        0.023,
        0.024,
        0.959,
        0.4202
      ],
      [
        304.25,
        0.023,
        0.024,
        0.911,
        0.3986
      ],
      [
        304.5,
        0.029,
        0.032,
        0.912,
        0.3933
      ],
      [
        304.75,
        0.072,
        0.073,
        0.999,
        0.4172
      ],
      [
        305.0,
        0.065,
        0.071,
        0.995,
        0.416
      ],
      [
        305.25,
        0.017,
        0.023,
        0.947,
        0.416
      ],
      [
        305.5,
        0.001,
        0.001,
        0.903,
        0.4053
      ],
      [
        305.75,
        0.008,
        0.008,
        0.904,
        0.4022
      ],
      [
        306.0,
        0.012,
        0.013,
        0.886,
        0.3919
      ],
      [
        306.25,
        0.012,
        0.013,
        0.838,
        0.3702
      ],
      [
        306.5,
        0.016,
        0.017,
        0.815,
        0.358
      ],
      [
        306.75,
        0.05,
        0.051,
        0.999,
        0.427
      ],
      [
        307.0,
        0.027,
        0.029,
        0.994,
        0.4346
      ],
      [
        307.25,
        0.0,
        0.0,
        0.946,
        0.4256
      ],
      [
        307.5,
        0.005,
        0.006,
        0.937,
        0.4173
      ],
      [
        307.75,
        0.054,
        0.054,
        0.999,
        0.4255
      ],
      [
        308.0,
        0.039,
        0.042,
        0.995,
        0.4289
      ],
      [
        308.25,
        0.0,
        0.0,
        0.947,
        0.4257
      ],
      [
        308.5,
        0.006,
        0.009,
        0.954,
        0.4224
      ],
      [
        308.75,
        0.065,
        0.067,
        0.999,
        0.4201
      ],
      [
        309.0,
        0.061,
        0.067,
        0.996,
        0.4182
      ],
      [
        309.25,
        0.013,
        0.019,
        0.948,
        0.4182
      ],
      [
        309.5,
        0.002,
        0.002,
        0.911,
        0.4083
      ],
      [
        309.75,
        0.02,
        0.02,
        0.986,
        0.4339
      ],
      [
        310.0,
        0.031,
        0.032,
        0.99,
        0.4316
      ],
      [
        310.25,
        0.031,
        0.032,
        0.942,
        0.4099
      ],
      [
        310.5,
        0.037,
        0.039,
        0.943,
        0.4037
      ],
      [
        310.75,
        0.065,
        0.066,
        0.999,
        0.4202
      ],
      [
        311.0,
        0.054,
        0.058,
        0.996,
        0.4219
      ],
      [
        311.25,
        0.006,
        0.01,
        0.948,
        0.4219
      ],
      [
        311.5,
        0.002,
        0.002,
        0.911,
        0.4084
      ],
      [
        311.75,
        0.018,
        0.019,
        0.976,
        0.4299
      ],
      [
        312.0,
        0.029,
        0.03,
        0.992,
        0.4319
      ],
      [
        312.25,
        0.029,
        0.03,
        0.944,
        0.4103
      ],
      [
        312.5,
        0.033,
        0.035,
        0.928,
        0.4003
      ],
      [
        312.75,
        0.053,
        0.054,
        0.999,
        0.4256
      ],
      [
        313.0,
        0.033,
        0.036,
        0.995,
        0.432
      ],
      [
        313.25,
        0.0,
        0.0,
        0.947,
        0.4261
      ],
      [
        313.5,
        0.005,
        0.006,
        0.938,
        0.418
      ],
      [
        313.75,
        0.052,
        0.053,
        0.999,
        0.4263
      ],
      [
        314.0,
        0.036,
        0.039,
        0.996,
        0.4309
      ],
      [
        314.25,
        0.0,
        0.0,
        0.948,
        0.4261
      ],
      [
        314.5,
        0.005,
        0.007,
        0.944,
        0.42
      ],
      [
        314.75,
        0.055,
        0.056,
        0.999,
        0.4248
      ],
      [
        315.0,
        0.043,
        0.046,
        0.996,
        0.4276
      ],
      [
        315.25,
        0.0,
        0.0,
        0.948,
        0.4261
      ],
      [
        315.5,
        0.006,
        0.007,
        0.946,
        0.4205
      ],
      [
        315.75,
        0.056,
        0.056,
        0.999,
        0.4246
      ],
      [
        316.0,
        0.044,
        0.047,
        0.996,
        0.427
      ],
      [
        316.25,
        0.0,
        0.0,
        0.948,
        0.4261
      ],
      [
        316.5,
        0.002,
        0.003,
        0.917,
        0.4108
      ],
      [
        316.75,
        0.027,
        0.027,
        0.999,
        0.4377
      ],
      [
        317.0,
        0.042,
        0.043,
        0.993,
        0.4279
      ],
      [
        317.25,
        0.042,
        0.043,
        0.945,
        0.4062
      ],
      [
        317.5,
        0.044,
        0.044,
        0.909,
        0.3891
      ],
      [
        317.75,
        0.034,
        0.035,
        0.978,
        0.4248
      ],
      [
        318.0,
        0.0,
        0.0,
        0.991,
        0.4461
      ],
      [
        318.25,
        0.0,
        0.0,
        0.943,
        0.4245
      ],
      [
        318.5,
        0.004,
        0.004,
        0.922,
        0.4125
      ],
      [
        318.75,
        0.04,
        0.04,
        0.999,
        0.4318
      ],
      [
        319.0,
        0.027,
        0.029,
        0.995,
        0.4352
      ],
      [
        319.25,
        0.0,
        0.0,
        0.947,
        0.4262
      ],
      [
        319.5,
        0.008,
        0.011,
        0.968,
        0.4271
      ],
      [
        319.75,
        0.069,
        0.071,
        0.999,
        0.4181
      ],
      [
        320.0,
        0.07,
        0.076,
        0.997,
        0.4149
      ],
      [
        320.25,
        0.022,
        0.028,
        0.949,
        0.4149
      ],
      [
        320.5,
        0.008,
        0.011,
        0.967,
        0.4275
      ],
      [
        320.75,
        0.07,
        0.071,
        0.999,
        0.4181
      ],
      [
        321.0,
        0.07,
        0.076,
        0.998,
        0.4148
      ],
      [
        321.25,
        0.022,
        0.028,
        0.949,
        0.4148
      ],
      [
        321.5,
        0.006,
        0.008,
        0.95,
        0.4222
      ],
      [
        321.75,
        0.057,
        0.058,
        0.999,
        0.4241
      ],
      [
        322.0,
        0.046,
        0.05,
        0.997,
        0.4263
      ],
      [
        322.25,
        0.0,
        0.002,
        0.949,
        0.426
      ],
      [
        322.5,
        0.007,
        0.009,
        0.958,
        0.4245
      ],
      [
        322.75,
        0.061,
        0.061,
        0.999,
        0.4223
      ],
      [
        323.0,
        0.054,
        0.059,
        0.998,
        0.4225
      ],
      [
        323.25,
        0.006,
        0.01,
        0.95,
        0.4225
      ],
      [
        323.5,
        0.007,
        0.009,
        0.955,
        0.4237
      ],
      [
        323.75,
        0.059,
        0.06,
        0.999,
        0.4231
      ],
      [
        324.0,
        0.051,
        0.055,
        0.998,
        0.4241
      ],
      [
        324.25,
        0.003,
        0.007,
        0.95,
        0.4241
      ],
      [
        324.5,
        0.008,
        0.011,
        0.971,
        0.4288
      ],
      [
        324.75,
        0.07,
        0.071,
        0.999,
        0.4179
      ],
      [
        325.0,
        0.072,
        0.077,
        0.998,
        0.4143
      ],
      [
        325.25,
        0.024,
        0.029,
        0.95,
        0.4143
      ],
      [
        325.5,
        0.008,
        0.011,
        0.972,
        0.4292
      ],
      [
        325.75,
        0.07,
        0.072,
        0.999,
        0.4178
      ],
      [
        326.0,
        0.072,
        0.078,
        0.998,
        0.4142
      ],
      [
        326.25,
        0.024,
        0.03,
        0.95,
        0.4142
      ],
      [
        326.5,
        0.006,
        0.008,
        0.949,
        0.4224
      ],
      [
        326.75,
        0.055,
        0.056,
        0.999,
        0.4247
      ],
      [
        327.0,
        0.044,
        0.047,
        0.998,
        0.4279
      ],
      [
        327.25,
        0.0,
        0.0,
        0.95,
        0.4269
      ],
      [
        327.5,
        0.002,
        0.002,
        0.913,
        0.4096
      ],
      [
        327.75,
        0.017,
        0.017,
        0.968,
        0.4273
      ],
      [
        328.0,
        0.027,
        0.027,
        0.986,
        0.4308
      ],
      [
        328.25,
        0.027,
        0.027,
        0.938,
        0.4092
      ],
      [
        328.5,
        0.031,
        0.032,
        0.918,
        0.3979
      ],
      [
        328.75,
        0.047,
        0.048,
        0.999,
        0.4282
      ],
      [
        329.0,
        0.022,
        0.024,
        0.996,
        0.4379
      ],
      [
        329.25,
        0.0,
        0.0,
        0.949,
        0.4267
      ],
      [
        329.5,
        0.009,
        0.012,
        0.975,
        0.4298
      ],
      [
        329.75,
        0.07,
        0.071,
        0.999,
        0.4179
      ],
      [
        330.0,
        0.072,
        0.078,
        0.998,
        0.4144
      ],
      [
        330.25,
        0.024,
        0.03,
        0.951,
        0.4145
      ],
      [
        330.5,
        0.008,
        0.011,
        0.969,
        0.4285
      ],
      [
        330.75,
        0.066,
        0.067,
        0.999,
        0.4198
      ],
      [
        331.0,
        0.065,
        0.07,
        0.998,
        0.4178
      ],
      [
        331.25,
        0.017,
        0.022,
        0.951,
        0.4179
      ],
      [
        331.5,
        0.007,
        0.009,
        0.957,
        0.4247
      ],
      [
        331.75,
        0.058,
        0.059,
        0.999,
        0.4235
      ],
      [
        332.0,
        0.049,
        0.053,
        0.998,
        0.4252
      ],
      [
        332.25,
        0.001,
        0.005,
        0.95,
        0.4252
      ],
      [
        332.5,
        0.005,
        0.005,
        0.935,
        0.4178
      ],
      [
        332.75,
        0.046,
        0.047,
        0.999,
        0.429
      ],
      [
        333.0,
        0.029,
        0.03,
        0.997,
        0.4353
      ],
      [
        333.25,
        0.0,
        0.0,
        0.949,
        0.4271
      ],
      [
        333.5,
        0.002,
        0.002,
        0.914,
        0.41
      ],
      [
        333.75,
        0.016,
        0.017,
        0.964,
        0.426
      ],
      [
        334.0,
        0.026,
        0.027,
        0.983,
        0.4289
      ],
      [
        334.25,
        0.026,
        0.027,
        0.935,
        0.4073
      ],
      [
        334.5,
        0.03,
        0.031,
        0.913,
        0.3956
      ],
      [
        334.75,
        0.047,
        0.047,
        0.999,
        0.4286
      ],
      [
        335.0,
        0.019,
        0.021,
        0.997,
        0.4391
      ],
      [
        335.25,
        0.0,
        0.0,
        0.95,
        0.4267
      ],
      [
        335.5,
        0.008,
        0.011,
        0.968,
        0.4281
      ],
      [
        335.75,
        0.064,
        0.065,
        0.999,
        0.4208
      ],
      [
        336.0,
        0.062,
        0.066,
        0.999,
        0.4195
      ],
      [
        336.25,
        0.014,
        0.018,
        0.951,
        0.4197
      ],
      [
        336.5,
        0.009,
        0.012,
        0.975,
        0.4308
      ],
      [
        336.75,
        0.069,
        0.07,
        0.999,
        0.4184
      ],
      [
        337.0,
        0.071,
        0.076,
        0.999,
        0.4151
      ],
      [
        337.25,
        0.023,
        0.028,
        0.951,
        0.4153
      ],
      [
        337.5,
        0.009,
        0.012,
        0.979,
        0.4322
      ],
      [
        337.75,
        0.072,
        0.073,
        0.999,
        0.4171
      ],
      [
        338.0,
        0.076,
        0.082,
        0.999,
        0.4128
      ],
      [
        338.25,
        0.028,
        0.034,
        0.951,
        0.413
      ],
      [
        338.5,
        0.007,
        0.01,
        0.979,
        0.4332
      ],
      [
        338.75,
        0.071,
        0.073,
        0.999,
        0.4175
      ],
      [
        339.0,
        0.076,
        0.081,
        0.999,
        0.4131
      ],
      [
        339.25,
        0.028,
        0.033,
        0.951,
        0.4133
      ],
      [
        339.5,
        0.007,
        0.009,
        0.965,
        0.4281
      ],
      [
        339.75,
        0.061,
        0.062,
        0.999,
        0.4222
      ],
      [
        340.0,
        0.057,
        0.061,
        0.999,
        0.422
      ],
      [
        340.25,
        0.009,
        0.013,
        0.951,
        0.422
      ],
      [
        340.5,
        0.003,
        0.004,
        0.927,
        0.4147
      ],
      [
        340.75,
        0.034,
        0.034,
        0.999,
        0.4346
      ],
      [
        341.0,
        0.034,
        0.035,
        0.997,
        0.4329
      ],
      [
        341.25,
        0.0,
        0.0,
        0.949,
        0.4269
      ],
      [
        341.5,
        0.004,
        0.004,
        0.929,
        0.4159
      ],
      [
        341.75,
        0.038,
        0.039,
        0.999,
        0.4325
      ],
      [
        342.0,
        0.029,
        0.03,
        0.997,
        0.4354
      ],
      [
        342.25,
        0.0,
        0.0,
        0.95,
        0.4274
      ],
      [
        342.5,
        0.01,
        0.012,
        0.983,
        0.4328
      ],
      [
        342.75,
        0.072,
        0.074,
        0.999,
        0.4169
      ],
      [
        343.0,
        0.077,
        0.083,
        0.999,
        0.4123
      ],
      [
        343.25,
        0.029,
        0.035,
        0.952,
        0.4127
      ],
      [
        343.5,
        0.003,
        0.01,
        0.981,
        0.4348
      ],
      [
        343.75,
        0.069,
        0.072,
        0.999,
        0.4196
      ],
      [
        344.0,
        0.073,
        0.081,
        0.999,
        0.4149
      ],
      [
        344.25,
        0.025,
        0.033,
        0.952,
        0.4151
      ],
      [
        344.5,
        0.007,
        0.009,
        0.961,
        0.4271
      ],
      [
        344.75,
        0.059,
        0.06,
        0.999,
        0.4232
      ],
      [
        345.0,
        0.052,
        0.056,
        0.999,
        0.4242
      ],
      [
        345.25,
        0.004,
        0.008,
        0.952,
        0.4244
      ],
      [
        345.5,
        0.007,
        0.009,
        0.957,
        0.4253
      ],
      [
        345.75,
        0.056,
        0.057,
        0.999,
        0.4243
      ],
      [
        346.0,
        0.047,
        0.051,
        0.999,
        0.4267
      ],
      [
        346.25,
        0.0,
        0.003,
        0.952,
        0.4269
      ],
      [
        346.5,
        0.008,
        0.011,
        0.972,
        0.4299
      ],
      [
        346.75,
        0.064,
        0.065,
        0.999,
        0.4206
      ],
      [
        347.0,
        0.064,
        0.068,
        0.999,
        0.4188
      ],
      [
        347.25,
        0.016,
        0.02,
        0.952,
        0.4193
      ],
      [
        347.5,
        0.01,
        0.012,
        0.979,
        0.4325
      ],
      [
        347.75,
        0.071,
        0.073,
        0.999,
        0.4174
      ],
      [
        348.0,
        0.076,
        0.081,
        0.999,
        0.413
      ],
      [
        348.25,
        0.028,
        0.034,
        0.952,
        0.4134
      ],
      [
        348.5,
        0.006,
        0.008,
        0.959,
        0.4267
      ],
      [
        348.75,
        0.057,
        0.058,
        0.999,
        0.4238
      ],
      [
        349.0,
        0.051,
        0.053,
        0.999,
        0.4254
      ],
      [
        349.25,
        0.003,
        0.006,
        0.952,
        0.4257
      ],
      [
        349.5,
        0.007,
        0.008,
        0.955,
        0.4247
      ],
      [
        349.75,
        0.055,
        0.056,
        0.999,
        0.4248
      ],
      [
        350.0,
        0.045,
        0.048,
        0.999,
        0.4279
      ],
      [
        350.25,
        0.0,
        0.0,
        0.952,
        0.4279
      ],
      [
        350.5,
        0.009,
        0.011,
        0.974,
        0.4306
      ],
      [
        350.75,
        0.066,
        0.067,
        0.999,
        0.4199
      ],
      [
        351.0,
        0.066,
        0.071,
        0.999,
        0.4176
      ],
      [
        351.25,
        0.018,
        0.023,
        0.952,
        0.4181
      ],
      [
        351.5,
        0.009,
        0.011,
        0.972,
        0.4302
      ],
      [
        351.75,
        0.065,
        0.067,
        0.999,
        0.42
      ],
      [
        352.0,
        0.066,
        0.071,
        0.999,
        0.4177
      ],
      [
        352.25,
        0.018,
        0.023,
        0.951,
        0.4178
      ],
      [
        352.5,
        0.002,
        0.002,
        0.917,
        0.4112
      ],
      [
        352.75,
        0.02,
        0.021,
        0.992,
        0.4363
      ],
      [
        353.0,
        0.033,
        0.033,
        0.994,
        0.4326
      ],
      [
        353.25,
        0.033,
        0.033,
        0.948,
        0.4115
      ],
      [
        353.5,
        0.041,
        0.043,
        0.967,
        0.4122
      ],
      [
        353.75,
        0.071,
        0.072,
        0.999,
        0.4174
      ],
      [
        354.0,
        0.068,
        0.073,
        0.999,
        0.4167
      ],
      [
        354.25,
        0.02,
        0.025,
        0.951,
        0.417
      ],
      [
        354.5,
        0.005,
        0.006,
        0.938,
        0.4186
      ],
      [
        354.75,
        0.046,
        0.047,
        0.999,
        0.4289
      ],
      [
        355.0,
        0.03,
        0.031,
        0.998,
        0.4353
      ],
      [
        355.25,
        0.0,
        0.0,
        0.952,
        0.428
      ],
      [
        355.5,
        0.007,
        0.008,
        0.956,
        0.4251
      ],
      [
        355.75,
        0.055,
        0.056,
        0.999,
        0.4248
      ],
      [
        356.0,
        0.046,
        0.049,
        0.999,
        0.4276
      ],
      [
        356.25,
        0.0,
        0.001,
        0.952,
        0.4276
      ],
      [
        356.5,
        0.006,
        0.007,
        0.949,
        0.4229
      ],
      [
        356.75,
        0.052,
        0.053,
        0.999,
        0.4261
      ],
      [
        357.0,
        0.039,
        0.042,
        0.999,
        0.4308
      ],
      [
        357.25,
        0.0,
        0.0,
        0.952,
        0.4279
      ],
      [
        357.5,
        0.005,
        0.006,
        0.938,
        0.4192
      ],
      [
        357.75,
        0.047,
        0.047,
        0.999,
        0.4286
      ],
      [
        358.0,
        0.03,
        0.032,
        0.998,
        0.4352
      ],
      [
        358.25,
        0.0,
        0.0,
        0.953,
        0.4282
      ],
      [
        358.5,
        0.009,
        0.012,
        0.978,
        0.4318
      ],
      [
        358.75,
        0.069,
        0.07,
        0.999,
        0.4186
      ],
      [
        359.0,
        0.072,
        0.077,
        0.999,
        0.4149
      ],
      [
        359.25,
        0.024,
        0.03,
        0.953,
        0.4154
      ],
      [
        359.5,
        0.008,
        0.01,
        0.966,
        0.4282
      ],
      [
        359.75,
        0.061,
        0.062,
        0.999,
        0.422
      ],
      [
        360.0,
        0.058,
        0.063,
        0.999,
        0.4212
      ],
      [
        360.25,
        0.01,
        0.015,
        0.952,
        0.4216
      ],
      [
        360.5,
        0.005,
        0.007,
        0.944,
        0.4212
      ],
      [
        360.75,
        0.051,
        0.052,
        0.999,
        0.4266
      ],
      [
        361.0,
        0.036,
        0.038,
        0.999,
        0.4324
      ],
      [
        361.25,
        0.0,
        0.0,
        0.953,
        0.4282
      ],
      [
        361.5,
        0.008,
        0.011,
        0.971,
        0.4293
      ],
      [
        361.75,
        0.063,
        0.065,
        0.999,
        0.4209
      ],
      [
        362.0,
        0.062,
        0.068,
        0.999,
        0.4192
      ],
      [
        362.25,
        0.014,
        0.02,
        0.953,
        0.4198
      ],
      [
        362.5,
        0.009,
        0.012,
        0.977,
        0.4316
      ],
      [
        362.75,
        0.07,
        0.071,
        0.999,
        0.4179
      ],
      [
        363.0,
        0.075,
        0.081,
        0.999,
        0.4135
      ],
      [
        363.25,
        0.027,
        0.033,
        0.953,
        0.414
      ],
      [
        363.5,
        0.009,
        0.011,
        0.98,
        0.4328
      ],
      [
        363.75,
        0.072,
        0.073,
        0.999,
        0.4172
      ],
      [
        364.0,
        0.079,
        0.084,
        0.999,
        0.412
      ],
      [
        364.25,
        0.031,
        0.036,
        0.953,
        0.4126
      ],
      [
        364.5,
        0.005,
        0.007,
        0.964,
        0.4284
      ],
      [
        364.75,
        0.059,
        0.061,
        0.999,
        0.4227
      ]
    ]
  },
  "beacon_interval_s": 900.0,
  "n_nodes": 267,
  "daily_kt": [],
  "channel_utilization": 0.03768,
  "start_date": "2025-07-01",
  "weather_driven": true,
  "packets_originated": 1156281,
  "pdr_overall": 0.8874,
  "sos": {
    "sent": 196,
    "delivered": 193,
    "latencies_s": [
      0.74,
      0.75,
      0.76,
      0.76,
      0.75,
      1.79,
      0.73,
      0.73,
      1.81,
      0.73,
      2.86,
      1.83,
      0.76,
      0.74,
      1.82,
      2.57,
      2.62,
      1.84,
      0.74,
      0.76,
      0.76,
      0.74,
      0.74,
      92.21,
      0.75,
      0.74,
      0.76,
      2.57,
      2.92,
      0.73,
      1.8,
      0.73,
      0.73,
      3.67,
      0.76,
      2.59,
      1.8,
      0.75,
      1.82,
      0.74,
      0.75,
      1.81,
      0.75,
      0.74,
      1.82,
      0.74,
      0.75,
      0.75,
      0.75,
      0.74,
      1.8,
      0.75,
      1.82,
      0.75,
      0.74,
      31.5,
      31.51,
      0.75,
      1.84,
      0.75,
      2.61,
      0.73,
      0.73,
      0.75,
      0.75,
      92.2,
      0.74,
      0.75,
      0.76,
      0.73,
      0.76,
      0.73,
      0.75,
      0.73,
      1.86,
      1.83,
      0.74,
      0.75,
      0.75,
      0.75,
      1.84,
      0.74,
      0.74,
      0.73,
      0.76,
      0.76,
      0.74,
      1.79,
      1.86,
      0.74,
      0.76,
      0.75,
      0.73,
      0.76,
      0.75,
      0.74,
      0.76,
      0.73,
      0.75,
      0.73,
      0.74,
      0.73,
      0.74,
      0.74,
      0.72,
      0.73,
      1.78,
      0.75,
      0.75,
      0.74,
      0.75,
      1.88,
      1.8,
      92.23,
      0.74,
      0.76,
      2.88,
      0.76,
      0.73,
      1.85,
      1.81,
      0.72,
      31.47,
      0.76,
      2.92,
      2.58,
      0.74,
      0.75,
      1.83,
      0.74,
      1.84,
      0.73,
      31.48,
      0.76,
      0.76,
      0.75,
      0.75,
      0.75,
      0.73,
      0.75,
      2.96,
      0.75,
      0.74,
      0.75,
      0.74,
      0.73,
      0.72,
      0.73,
      0.74,
      0.76,
      0.74,
      2.63,
      1.8,
      0.76,
      0.74,
      0.75,
      0.74,
      0.76,
      2.94,
      0.75,
      0.73,
      0.74,
      0.75,
      0.75,
      0.75,
      0.73,
      0.75,
      0.75,
      1.82,
      1.82,
      0.75,
      0.75,
      2.57,
      0.75,
      92.24,
      1.87,
      0.74,
      3.74,
      0.76,
      0.74,
      0.73,
      0.76,
      0.74,
      0.76,
      1.8,
      0.74,
      0.76,
      0.74,
      0.73,
      0.73,
      0.76,
      0.75,
      0.74
    ]
  }
}
struggling links (313 of 607 active):
              flume_vc <-> loon_summit          PRR 0.05  margin  -13.9 dB  (5110 tries)
         kinsman_notch <-> moosilauke_summit    PRR 0.05  margin  -13.5 dB  (6142 tries)
             lion_head <-> madison_hut          PRR 0.05  margin  -12.9 dB  (53559 tries)
       garfield_summit <-> hancock_th           PRR 0.05  margin  -13.3 dB  (17045 tries)
            glen_ellis <-> madison_hut          PRR 0.06  margin  -12.8 dB  (16246 tries)
          guyot_summit <-> owls_head_slide      PRR 0.06  margin  -13.5 dB  (388 tries)
             kinsman_n <-> lafayette_place      PRR 0.06  margin  -12.5 dB  (12324 tries)
             bondcliff <-> south_twin           PRR 0.06  margin  -13.0 dB  (23745 tries)
             crag_camp <-> great_gulf_th        PRR 0.06  margin  -12.5 dB  (13012 tries)
        grayknob_cabin <-> great_gulf_th        PRR 0.06  margin  -12.2 dB  (10313 tries)
           imp_shelter <-> pulpit_rock          PRR 0.06  margin  -12.3 dB  (30609 tries)
       highland_center <-> mizpah_hut           PRR 0.06  margin  -12.3 dB  (23211 tries)
per-node:
  summit_shermanadams    tx 10936  rx 416074  col 76313  dup- 6572  E_tx   1.438 Wh  solar    0.00 Wh  SOC 100.0%  deaths 0  [grid]
  gateway_marshfield     tx  7952  rx 169421  col 11322  dup- 5790  E_tx   1.046 Wh  solar    0.00 Wh  SOC 100.0%  deaths 0  [grid]
  pinkham_notch_vc       tx  9465  rx 132304  col 1646  dup- 3734  E_tx   1.245 Wh  solar    0.00 Wh  SOC 100.0%  deaths 0  [grid]
  highland_center        tx  8974  rx  53668  col 1425  dup- 1944  E_tx   1.180 Wh  solar    0.00 Wh  SOC 100.0%  deaths 0  [grid]
  lakes_hut              tx 16747  rx 174959  col 11682  dup- 5028  E_tx   1.957 Wh  solar 5140.80 Wh  SOC 99.9%  deaths 25  [solar]
  madison_hut            tx 30584  rx  95567  col 2904  dup- 2610  E_tx   3.443 Wh  solar 4915.94 Wh  SOC 99.9%  deaths 30  [solar]
  mizpah_hut             tx 19082  rx 102869  col 3000  dup- 3340  E_tx   2.263 Wh  solar 5180.97 Wh  SOC 99.4%  deaths 21  [solar]
  carter_notch_hut       tx  4126  rx  14517  col  249  dup-   47  E_tx   0.459 Wh  solar  676.54 Wh  SOC  4.7%  deaths 237  [solar]
  grayknob_cabin         tx 17617  rx 121180  col 5399  dup- 4510  E_tx   2.076 Wh  solar 5098.70 Wh  SOC 99.9%  deaths 26  [solar]
  hermit_lake            tx 16591  rx 112070  col 1210  dup- 2990  E_tx   1.948 Wh  solar 4803.78 Wh  SOC 99.2%  deaths 43  [solar]
  crag_camp              tx 24698  rx 141614  col 10341  dup- 6232  E_tx   2.761 Wh  solar 5087.08 Wh  SOC 99.1%  deaths 21  [solar]
  dolly_copp             tx  4950  rx  34795  col 1300  dup-  923  E_tx   0.559 Wh  solar  733.30 Wh  SOC  5.6%  deaths 237  [solar]
  ammo_relay             tx 15713  rx 106842  col 4566  dup- 3905  E_tx   1.813 Wh  solar 4658.82 Wh  SOC 99.9%  deaths 42  [solar]
  jewell_relay           tx 16567  rx 172478  col 13378  dup- 5590  E_tx   1.938 Wh  solar 4960.32 Wh  SOC 99.9%  deaths 26  [solar]
  clay_relay             tx 22548  rx 150046  col 15560  dup- 4897  E_tx   2.556 Wh  solar 5009.53 Wh  SOC 99.9%  deaths 28  [solar]
  monroe_flank           tx 19184  rx 267974  col 37381  dup- 5411  E_tx   2.276 Wh  solar 5221.11 Wh  SOC 99.9%  deaths 21  [solar]
  lion_head              tx 26835  rx 199175  col 18596  dup- 5112  E_tx   3.022 Wh  solar 5088.65 Wh  SOC 99.2%  deaths 23  [solar]
  boott_spur             tx 17489  rx 153027  col 7558  dup- 4348  E_tx   2.036 Wh  solar 4160.93 Wh  SOC 99.0%  deaths 60  [solar]
  jefferson_lawn         tx 17232  rx 243631  col 36959  dup- 7589  E_tx   2.019 Wh  solar 5182.37 Wh  SOC 99.9%  deaths 21  [solar]
  thunderstorm_jct       tx 17329  rx 210674  col 22984  dup- 6484  E_tx   2.018 Wh  solar 5217.91 Wh  SOC 99.9%  deaths 21  [solar]
  eisenhower_relay       tx 17768  rx 212769  col 25053  dup- 5778  E_tx   2.083 Wh  solar 5221.97 Wh  SOC 99.9%  deaths 21  [solar]
  pierce_relay           tx  8477  rx  49333  col 6174  dup- 1221  E_tx   0.956 Wh  solar  758.99 Wh  SOC  6.1%  deaths 239  [solar]
  wildcat_d              tx 11775  rx  79376  col 8580  dup- 1672  E_tx   1.256 Wh  solar  760.38 Wh  SOC  6.0%  deaths 238  [solar]
  nelson_crag            tx 17586  rx 290311  col 37342  dup- 6000  E_tx   2.056 Wh  solar 4985.31 Wh  SOC 99.2%  deaths 25  [solar]
  appalachia_th          tx  4747  rx  19208  col   13  dup-  103  E_tx   0.528 Wh  solar  777.06 Wh  SOC  6.0%  deaths 241  [solar]
  caps_ridge_th          tx  5567  rx  69057  col 6077  dup- 1821  E_tx   0.638 Wh  solar  761.45 Wh  SOC  6.0%  deaths 240  [solar]
  glen_ellis             tx  5444  rx  38583  col 1843  dup-  782  E_tx   0.623 Wh  solar  726.95 Wh  SOC  5.8%  deaths 238  [solar]
  great_gulf_th          tx  5734  rx  43284  col 1751  dup-  866  E_tx   0.658 Wh  solar  766.17 Wh  SOC  5.8%  deaths 242  [solar]
  glen_house             tx  4919  rx  69819  col 5505  dup- 1527  E_tx   0.554 Wh  solar  747.79 Wh  SOC  6.1%  deaths 237  [solar]
  jackson_summit         tx 18504  rx 148542  col 14655  dup- 5686  E_tx   2.182 Wh  solar 5225.52 Wh  SOC 99.9%  deaths 21  [solar]
  webster_cliff          tx  5859  rx  41414  col 3915  dup- 1800  E_tx   0.675 Wh  solar  767.38 Wh  SOC  6.1%  deaths 239  [solar]
  cog_skyline            tx 16199  rx 163670  col 11280  dup- 5290  E_tx   1.887 Wh  solar 5026.65 Wh  SOC 99.9%  deaths 25  [solar]
  wildcat_a              tx  4666  rx  70389  col 6389  dup- 1354  E_tx   0.518 Wh  solar  709.07 Wh  SOC  5.8%  deaths 235  [solar]
  madison_summit         tx 21325  rx 168008  col 12865  dup- 5484  E_tx   2.452 Wh  solar 5207.56 Wh  SOC 99.9%  deaths 22  [solar]
  durand_ridge           tx  5232  rx  21862  col  122  dup-  562  E_tx   0.575 Wh  solar  776.06 Wh  SOC  6.0%  deaths 241  [solar]
  cannon_tram_top        tx  3200  rx 140150  col 8233  dup- 2061  E_tx   0.421 Wh  solar    0.00 Wh  SOC 100.0%  deaths 0  [grid]
  lafayette_place        tx  3366  rx  73003  col 1025  dup-  951  E_tx   0.443 Wh  solar    0.00 Wh  SOC 100.0%  deaths 0  [grid]
  flume_vc               tx  3059  rx  70895  col  758  dup- 1558  E_tx   0.402 Wh  solar    0.00 Wh  SOC 100.0%  deaths 0  [grid]
  greenleaf_hut          tx 11180  rx  81429  col 1570  dup- 1524  E_tx   1.225 Wh  solar 5133.14 Wh  SOC 99.9%  deaths 24  [solar]
  lonesome_lake_hut      tx  4073  rx  33861  col  961  dup-  576  E_tx   0.441 Wh  solar  771.08 Wh  SOC  5.9%  deaths 242  [solar]
  lafayette_summit       tx 33753  rx 116880  col 7643  dup- 1051  E_tx   3.617 Wh  solar 5228.13 Wh  SOC 99.9%  deaths 21  [solar]
  little_haystack        tx 10583  rx  59120  col 1960  dup- 1103  E_tx   1.147 Wh  solar 4712.45 Wh  SOC 99.9%  deaths 26  [solar]
  liberty_summit         tx 11168  rx  62122  col 3471  dup- 1075  E_tx   1.226 Wh  solar 4899.09 Wh  SOC 99.9%  deaths 26  [solar]
  kinsman_n              tx 10962  rx  69168  col  497  dup- 1263  E_tx   1.198 Wh  solar 5169.84 Wh  SOC 99.9%  deaths 25  [solar]
  kinsman_pond           tx  4150  rx  33101  col  502  dup-  550  E_tx   0.451 Wh  solar  752.15 Wh  SOC  5.8%  deaths 240  [solar]
  lincoln_woods_th       tx  2735  rx  36435  col   40  dup-   81  E_tx   0.360 Wh  solar    0.00 Wh  SOC 100.0%  deaths 0  [grid]
  garfield_summit        tx 35364  rx  69154  col 2402  dup- 1076  E_tx   3.774 Wh  solar 5225.96 Wh  SOC 99.9%  deaths 21  [solar]
  galehead_hut           tx 26221  rx  60805  col  638  dup-  589  E_tx   2.837 Wh  solar 5059.70 Wh  SOC 99.9%  deaths 25  [solar]
  south_twin             tx 17443  rx  72486  col 1361  dup-  444  E_tx   1.944 Wh  solar 5152.51 Wh  SOC 99.4%  deaths 21  [solar]
  guyot_summit           tx 13935  rx  94577  col  402  dup- 1435  E_tx   1.540 Wh  solar 4916.03 Wh  SOC 99.0%  deaths 25  [solar]
  bondcliff              tx 10254  rx  69502  col  454  dup-  769  E_tx   1.138 Wh  solar 4374.33 Wh  SOC 99.9%  deaths 46  [solar]
  zealand_hut            tx  9994  rx  58417  col  982  dup-  522  E_tx   1.123 Wh  solar  755.35 Wh  SOC  5.9%  deaths 239  [solar]
  zeacliff               tx  7861  rx  50968  col  531  dup-  568  E_tx   0.876 Wh  solar  688.05 Wh  SOC  5.4%  deaths 232  [solar]
  hancock_th             tx  6531  rx  27148  col   91  dup-   76  E_tx   0.717 Wh  solar  724.23 Wh  SOC  6.0%  deaths 231  [solar]
  carrigain_summit       tx 64547  rx  76789  col 3480  dup- 1506  E_tx   6.833 Wh  solar 5230.30 Wh  SOC 99.9%  deaths 21  [solar]
  willey_summit          tx  7815  rx  53517  col  712  dup-  440  E_tx   0.879 Wh  solar  781.33 Wh  SOC  6.0%  deaths 244  [solar]
  sawyer_river_th        tx  4548  rx  15385  col   29  dup-  177  E_tx   0.494 Wh  solar  779.50 Wh  SOC  6.0%  deaths 244  [solar]
  waterville_valley      tx  2008  rx  38982  col  412  dup-  471  E_tx   0.264 Wh  solar    0.00 Wh  SOC 100.0%  deaths 0  [grid]
  kanc_pass              tx  4071  rx  11855  col   45  dup-   73  E_tx   0.440 Wh  solar  771.87 Wh  SOC  6.1%  deaths 240  [solar]
  osceola_summit         tx  4047  rx  23490  col  766  dup-  446  E_tx   0.437 Wh  solar  770.20 Wh  SOC  6.0%  deaths 242  [solar]
  greeley_ponds          tx  6701  rx  21493  col  311  dup-  102  E_tx   0.718 Wh  solar  716.52 Wh  SOC  6.0%  deaths 221  [solar]
  tripyramid_n           tx  6417  rx  14619  col   61  dup-  182  E_tx   0.695 Wh  solar  696.18 Wh  SOC  6.0%  deaths 225  [solar]
  sandwich_dome          tx  3455  rx   6670  col   51  dup-   14  E_tx   0.358 Wh  solar  776.15 Wh  SOC  5.9%  deaths 245  [solar]
  whiteface_summit       tx 13374  rx  16755  col  319  dup-  270  E_tx   1.417 Wh  solar 5040.12 Wh  SOC 99.9%  deaths 24  [solar]
  passaconaway           tx 18165  rx  37792  col  515  dup-   41  E_tx   1.872 Wh  solar 5240.50 Wh  SOC 99.9%  deaths 21  [solar]
  ferncroft_th           tx 15410  rx  13746  col   17  dup-   17  E_tx   1.574 Wh  solar  775.55 Wh  SOC  5.9%  deaths 242  [solar]
  welch_dickey_th        tx  3549  rx   4582  col    0  dup-   29  E_tx   0.371 Wh  solar  770.72 Wh  SOC  6.1%  deaths 244  [solar]
  chocorua_summit        tx  3229  rx  12854  col    8  dup-    3  E_tx   0.332 Wh  solar  748.40 Wh  SOC  6.1%  deaths 235  [solar]
  piper_th               tx  6019  rx  15432  col    7  dup-   12  E_tx   0.615 Wh  solar  724.29 Wh  SOC  5.3%  deaths 234  [solar]
  ravine_lodge           tx   740  rx  37226  col   17  dup-  180  E_tx   0.097 Wh  solar    0.00 Wh  SOC 100.0%  deaths 0  [grid]
  moosilauke_summit      tx  9018  rx  43370  col   62  dup-  129  E_tx   0.939 Wh  solar 5232.43 Wh  SOC 99.9%  deaths 21  [solar]
  kinsman_notch          tx  3067  rx   3218  col    0  dup-    0  E_tx   0.313 Wh  solar  730.60 Wh  SOC  5.5%  deaths 237  [solar]
  glencliff_th           tx  3259  rx  15145  col    4  dup-    5  E_tx   0.333 Wh  solar  773.02 Wh  SOC  6.1%  deaths 242  [solar]
  gorham_info            tx   213  rx   3522  col   11  dup-    0  E_tx   0.028 Wh  solar    0.00 Wh  SOC 100.0%  deaths 0  [grid]
  carter_dome            tx 44436  rx 177816  col 31075  dup- 4485  E_tx   4.890 Wh  solar 5208.27 Wh  SOC 99.8%  deaths 21  [solar]
  imp_shelter            tx 15406  rx  52775  col 1064  dup-  715  E_tx   1.751 Wh  solar 5064.96 Wh  SOC 99.3%  deaths 26  [solar]
  moriah_summit          tx 14877  rx  17619  col   74  dup-   48  E_tx   1.618 Wh  solar 4804.08 Wh  SOC 99.0%  deaths 29  [solar]
  baldface_s             tx  4852  rx  20591  col  149  dup-  152  E_tx   0.545 Wh  solar  748.43 Wh  SOC  6.0%  deaths 231  [solar]
  mt_hayes               tx  3374  rx   6820  col    8  dup-    1  E_tx   0.349 Wh  solar  766.27 Wh  SOC  5.7%  deaths 242  [solar]
  gentian_pond           tx  3580  rx  11046  col    3  dup-   10  E_tx   0.376 Wh  solar  761.99 Wh  SOC  5.9%  deaths 241  [solar]
  success_summit         tx  3285  rx   6195  col   43  dup-    3  E_tx   0.336 Wh  solar  781.42 Wh  SOC  6.0%  deaths 241  [solar]
  berlin_gateway         tx     0  rx   2371  col    0  dup-    0  E_tx   0.000 Wh  solar    0.00 Wh  SOC 100.0%  deaths 0  [grid]
  cabot_summit           tx  8256  rx   9870  col    2  dup-    0  E_tx   0.840 Wh  solar 5119.52 Wh  SOC 99.9%  deaths 23  [solar]
  unknown_pond           tx  3182  rx  25428  col   10  dup-    0  E_tx   0.324 Wh  solar  768.65 Wh  SOC  5.8%  deaths 242  [solar]
  percy_peaks            tx  3118  rx  15698  col    9  dup-    0  E_tx   0.317 Wh  solar  750.40 Wh  SOC  5.8%  deaths 237  [solar]
  nash_stream_th         tx  2928  rx   5586  col    0  dup-    0  E_tx   0.298 Wh  solar  699.87 Wh  SOC  5.5%  deaths 230  [solar]
  waumbek_summit         tx  3813  rx   6400  col    1  dup-    0  E_tx   0.409 Wh  solar  746.31 Wh  SOC  5.7%  deaths 240  [solar]
  cherry_mtn             tx  7816  rx  22402  col  142  dup-  341  E_tx   0.858 Wh  solar  775.39 Wh  SOC  6.1%  deaths 242  [solar]
  cardigan_lodge         tx   318  rx  11102  col    1  dup-    1  E_tx   0.042 Wh  solar    0.00 Wh  SOC 100.0%  deaths 0  [grid]
  cardigan_summit        tx  3288  rx    485  col    0  dup-    3  E_tx   0.335 Wh  solar  788.80 Wh  SOC  6.0%  deaths 244  [solar]
  sunapee_summit         tx     0  rx      2  col    0  dup-    0  E_tx   0.000 Wh  solar    0.00 Wh  SOC 100.0%  deaths 0  [grid]
  ragged_mtn             tx  3245  rx      0  col    0  dup-    0  E_tx   0.330 Wh  solar  781.99 Wh  SOC  6.0%  deaths 241  [solar]
  gunstock_top           tx   978  rx  22785  col   32  dup-   31  E_tx   0.129 Wh  solar    0.00 Wh  SOC 100.0%  deaths 0  [grid]
  major_summit           tx  3242  rx   7078  col   18  dup-   16  E_tx   0.331 Wh  solar  767.57 Wh  SOC  6.1%  deaths 240  [solar]
  shaw_summit            tx  3173  rx   7292  col   64  dup-    0  E_tx   0.323 Wh  solar  767.18 Wh  SOC  6.0%  deaths 236  [solar]
  monadnock_hq           tx   282  rx  14008  col    4  dup-    9  E_tx   0.037 Wh  solar    0.00 Wh  SOC 100.0%  deaths 0  [grid]
  monadnock_summit       tx  3307  rx   2484  col    1  dup-    5  E_tx   0.337 Wh  solar  795.79 Wh  SOC  6.0%  deaths 246  [solar]
  dublin_th              tx  3296  rx   2429  col    0  dup-    0  E_tx   0.336 Wh  solar  790.09 Wh  SOC  6.1%  deaths 245  [solar]
  miller_hq              tx     8  rx   9608  col    2  dup-    0  E_tx   0.001 Wh  solar    0.00 Wh  SOC 100.0%  deaths 0  [grid]
  pack_monadnock         tx  6533  rx   3366  col    0  dup-    0  E_tx   0.665 Wh  solar  795.21 Wh  SOC  6.0%  deaths 246  [solar]
  smarts_mtn             tx  3139  rx   9125  col    1  dup-    0  E_tx   0.319 Wh  solar  757.29 Wh  SOC  6.0%  deaths 232  [solar]
  lyme_dorchester_th     tx 12154  rx  13070  col    3  dup-    0  E_tx   1.236 Wh  solar  778.44 Wh  SOC  6.0%  deaths 241  [solar]
  winslow_hq             tx     8  rx   6947  col    0  dup-    0  E_tx   0.001 Wh  solar    0.00 Wh  SOC 100.0%  deaths 0  [grid]
  kearsarge_summit       tx  3288  rx    201  col    0  dup-    0  E_tx   0.335 Wh  solar  791.17 Wh  SOC  6.0%  deaths 244  [solar]
  cranmore_top           tx     0  rx  15967  col   90  dup-    0  E_tx   0.000 Wh  solar    0.00 Wh  SOC 100.0%  deaths 0  [grid]
  kearsarge_north        tx  3254  rx  15469  col  439  dup-    0  E_tx   0.331 Wh  solar  783.94 Wh  SOC  6.0%  deaths 244  [solar]
  pawtuckaway_hq         tx     0  rx   3280  col    0  dup-    0  E_tx   0.000 Wh  solar    0.00 Wh  SOC 100.0%  deaths 0  [grid]
  pawtuckaway_tower      tx  3292  rx      0  col    0  dup-    0  E_tx   0.335 Wh  solar  793.61 Wh  SOC  6.0%  deaths 246  [solar]
  pisgah_hq              tx     0  rx  13451  col    2  dup-    0  E_tx   0.000 Wh  solar    0.00 Wh  SOC 100.0%  deaths 0  [grid]
  pisgah_ridge           tx  3281  rx  10047  col    2  dup-    0  E_tx   0.334 Wh  solar  789.49 Wh  SOC  6.1%  deaths 245  [solar]
  uncanoonuc_s           tx     0  rx      0  col    0  dup-    0  E_tx   0.000 Wh  solar    0.00 Wh  SOC 100.0%  deaths 0  [grid]
  blue_job               tx     0  rx      0  col    0  dup-    0  E_tx   0.000 Wh  solar    0.00 Wh  SOC 100.0%  deaths 0  [grid]
  balsams_gateway        tx     0  rx   2999  col    0  dup-    0  E_tx   0.000 Wh  solar    0.00 Wh  SOC 100.0%  deaths 0  [grid]
  table_rock             tx  2999  rx      0  col    0  dup-    0  E_tx   0.305 Wh  solar  721.45 Wh  SOC  6.1%  deaths 227  [solar]
  pittsburg_village      tx     0  rx     99  col    0  dup-    0  E_tx   0.000 Wh  solar    0.00 Wh  SOC 100.0%  deaths 0  [grid]
  magalloway_tower       tx     0  rx      0  col    0  dup-    0  E_tx   0.000 Wh  solar  729.53 Wh  SOC  5.6%  deaths 237  [solar]
  pulpit_rock            tx 19732  rx  59536  col 1049  dup-  512  E_tx   2.252 Wh  solar 4199.31 Wh  SOC 99.0%  deaths 59  [solar]
  tremont_summit         tx  4058  rx   8251  col   24  dup-  203  E_tx   0.439 Wh  solar  748.55 Wh  SOC  5.5%  deaths 241  [solar]
  noon_peak              tx  3853  rx  15580  col   52  dup-  333  E_tx   0.418 Wh  solar  715.65 Wh  SOC  5.9%  deaths 230  [solar]
  dickey_ledges          tx  3610  rx   4878  col    2  dup-   19  E_tx   0.383 Wh  solar  740.25 Wh  SOC  5.4%  deaths 241  [solar]
  tecumseh_ski_top       tx  2050  rx  43991  col  224  dup-  428  E_tx   0.270 Wh  solar    0.00 Wh  SOC 100.0%  deaths 0  [grid]
  blue_ridge_ledge       tx  8605  rx  11220  col    7  dup-    2  E_tx   0.889 Wh  solar 4987.93 Wh  SOC 99.2%  deaths 26  [solar]
  north_carter           tx  4063  rx  14215  col  154  dup-  388  E_tx   0.440 Wh  solar  735.83 Wh  SOC  5.7%  deaths 235  [solar]
  the_horn               tx 22483  rx  17630  col    1  dup-    0  E_tx   2.287 Wh  solar 4657.16 Wh  SOC 99.0%  deaths 34  [solar]
  victor_head            tx  3182  rx  17025  col   11  dup-    0  E_tx   0.324 Wh  solar  765.30 Wh  SOC  6.0%  deaths 236  [solar]
  ragged_ski_base        tx     0  rx   3245  col    0  dup-    0  E_tx   0.000 Wh  solar    0.00 Wh  SOC 100.0%  deaths 0  [grid]
  castle_clouds          tx     0  rx  24180  col   15  dup-    0  E_tx   0.000 Wh  solar    0.00 Wh  SOC 100.0%  deaths 0  [grid]
  dartmouth_skiway       tx     0  rx  11625  col    9  dup-    0  E_tx   0.000 Wh  solar    0.00 Wh  SOC 100.0%  deaths 0  [grid]
  holts_ledge            tx  3229  rx  13278  col    5  dup-    0  E_tx   0.328 Wh  solar  775.68 Wh  SOC  6.1%  deaths 244  [solar]
  first_lake_dam         tx     0  rx    428  col    0  dup-    0  E_tx   0.000 Wh  solar    0.00 Wh  SOC 100.0%  deaths 0  [grid]
  moosilauke_s_peak      tx 24027  rx  27289  col  152  dup-  180  E_tx   2.466 Wh  solar 5232.10 Wh  SOC 99.9%  deaths 21  [solar]
  belknap_summit         tx  3333  rx   5975  col    1  dup-   18  E_tx   0.341 Wh  solar  787.45 Wh  SOC  6.1%  deaths 245  [solar]
  newbury_station        tx     0  rx     93  col    0  dup-    0  E_tx   0.000 Wh  solar    0.00 Wh  SOC 100.0%  deaths 0  [grid]
  kilkenny_lookout       tx  3108  rx  20053  col   10  dup-    0  E_tx   0.316 Wh  solar  746.21 Wh  SOC  5.7%  deaths 240  [solar]
  stark_village          tx     0  rx  32614  col   13  dup-    0  E_tx   0.000 Wh  solar    0.00 Wh  SOC 100.0%  deaths 0  [grid]
  signal_ridge           tx 12172  rx 102232  col  337  dup-  896  E_tx   1.353 Wh  solar 4833.72 Wh  SOC 99.9%  deaths 26  [solar]
  white_ledge_cg         tx   232  rx  27443  col   19  dup-    7  E_tx   0.031 Wh  solar    0.00 Wh  SOC 100.0%  deaths 0  [grid]
  notchland_inn          tx  3780  rx  80177  col  254  dup-  346  E_tx   0.497 Wh  solar    0.00 Wh  SOC 100.0%  deaths 0  [grid]
  mt_hight               tx 16746  rx  66787  col  776  dup- 1438  E_tx   1.962 Wh  solar 4550.05 Wh  SOC 99.0%  deaths 33  [solar]
  south_carter           tx 12806  rx  83114  col 8088  dup- 3717  E_tx   1.492 Wh  solar 4510.48 Wh  SOC 99.9%  deaths 64  [solar]
  piper_mtn_belknap      tx  3295  rx   6151  col    4  dup-   25  E_tx   0.337 Wh  solar  776.94 Wh  SOC  6.1%  deaths 242  [solar]
  jennings_peak          tx  4175  rx  29341  col  338  dup-  116  E_tx   0.451 Wh  solar  760.61 Wh  SOC  5.9%  deaths 239  [solar]
  welch_ledges           tx  3776  rx   7565  col   82  dup-   28  E_tx   0.400 Wh  solar  781.75 Wh  SOC  6.0%  deaths 245  [solar]
  the_bulge              tx  6083  rx  23193  col   13  dup-    0  E_tx   0.619 Wh  solar  733.40 Wh  SOC  5.6%  deaths 237  [solar]
  turtleback_mtn         tx  3251  rx  29606  col   21  dup-    0  E_tx   0.331 Wh  solar  768.21 Wh  SOC  6.0%  deaths 244  [solar]
  lambert_ridge          tx  3174  rx  13900  col   42  dup-    0  E_tx   0.323 Wh  solar  763.77 Wh  SOC  5.9%  deaths 242  [solar]
  black_cap              tx  9381  rx  19356  col  951  dup-    0  E_tx   0.954 Wh  solar  777.49 Wh  SOC  6.0%  deaths 243  [solar]
  second_lake_dam        tx     0  rx      0  col    0  dup-    0  E_tx   0.000 Wh  solar    0.00 Wh  SOC 100.0%  deaths 0  [grid]
  middle_carter          tx  4356  rx  24399  col  820  dup-  407  E_tx   0.478 Wh  solar  759.14 Wh  SOC  5.8%  deaths 239  [solar]
  zeta_pass              tx  3898  rx  11662  col  139  dup-  311  E_tx   0.428 Wh  solar  684.96 Wh  SOC  5.3%  deaths 221  [solar]
  smarts_ranger_ledge    tx  9218  rx  17900  col   15  dup-    0  E_tx   0.938 Wh  solar  772.66 Wh  SOC  6.1%  deaths 245  [solar]
  hurricane_col          tx  6264  rx  18486  col    3  dup-    0  E_tx   0.637 Wh  solar  770.86 Wh  SOC  6.0%  deaths 239  [solar]
  cranmore_ledge         tx 12499  rx  17778  col    7  dup-    0  E_tx   1.271 Wh  solar  766.86 Wh  SOC  6.0%  deaths 243  [solar]
  bald_knob_ossipee      tx 16428  rx  20526  col   24  dup-    0  E_tx   1.671 Wh  solar  765.04 Wh  SOC  6.0%  deaths 241  [solar]
  mt_roberts             tx 15165  rx  32079  col  144  dup-    0  E_tx   1.542 Wh  solar  782.35 Wh  SOC  6.0%  deaths 242  [solar]
  faraway_ledge          tx  3204  rx  30553  col  256  dup-    0  E_tx   0.326 Wh  solar  773.01 Wh  SOC  6.0%  deaths 240  [solar]
  ossipee_saddle         tx  9161  rx  27298  col  115  dup-    0  E_tx   0.932 Wh  solar  766.01 Wh  SOC  5.9%  deaths 240  [solar]
  black_snout            tx  6135  rx  15533  col   60  dup-    0  E_tx   0.624 Wh  solar  767.93 Wh  SOC  6.0%  deaths 239  [solar]
  rockywold_camps        tx   161  rx  16712  col    6  dup-    1  E_tx   0.021 Wh  solar    0.00 Wh  SOC 100.0%  deaths 0  [grid]
  morgan_percival        tx  3262  rx   9343  col    2  dup-    2  E_tx   0.333 Wh  solar  771.70 Wh  SOC  5.9%  deaths 242  [solar]
  rattlesnake_west       tx  5792  rx  11937  col    9  dup-    2  E_tx   0.590 Wh  solar  782.58 Wh  SOC  6.1%  deaths 245  [solar]
  red_hill_tower         tx  9088  rx   7855  col    6  dup-    2  E_tx   0.926 Wh  solar  774.69 Wh  SOC  6.1%  deaths 244  [solar]
  rumney_village         tx   287  rx   5764  col    1  dup-    4  E_tx   0.038 Wh  solar    0.00 Wh  SOC 100.0%  deaths 0  [grid]
  stinson_summit         tx  3164  rx      2  col    0  dup-    0  E_tx   0.322 Wh  solar  763.05 Wh  SOC  6.1%  deaths 240  [solar]
  rattlesnake_rumney     tx  3378  rx   3150  col    1  dup-    0  E_tx   0.345 Wh  solar  783.47 Wh  SOC  6.1%  deaths 245  [solar]
  rumney_cliff_top       tx  3288  rx   3146  col    0  dup-    1  E_tx   0.335 Wh  solar  785.89 Wh  SOC  6.1%  deaths 245  [solar]
  loon_summit            tx  2449  rx  23400  col   17  dup-   16  E_tx   0.322 Wh  solar    0.00 Wh  SOC 100.0%  deaths 0  [grid]
  owls_head_slide        tx   197  rx   1822  col   12  dup-   15  E_tx   0.022 Wh  solar    0.00 Wh  SOC  0.0%  deaths 1  [battery]
  thirteen_falls         tx   196  rx   1011  col   11  dup-    6  E_tx   0.022 Wh  solar    0.00 Wh  SOC  0.0%  deaths 1  [battery]
  mt_hale                tx 15172  rx  47185  col  614  dup-  294  E_tx   1.747 Wh  solar 5023.11 Wh  SOC 99.5%  deaths 26  [solar]
  twin_mountain_village  tx  4170  rx  51938  col  414  dup-  151  E_tx   0.548 Wh  solar    0.00 Wh  SOC 100.0%  deaths 0  [grid]
  sugarloaf_middle       tx  5497  rx  14503  col  252  dup-   56  E_tx   0.633 Wh  solar  728.35 Wh  SOC  5.7%  deaths 237  [solar]
  isolation_davis        tx   284  rx   1599  col   43  dup-   60  E_tx   0.034 Wh  solar    0.00 Wh  SOC  0.0%  deaths 1  [battery]
  wild_river_cg          tx  8622  rx 111459  col 3739  dup- 1601  E_tx   1.134 Wh  solar    0.00 Wh  SOC 100.0%  deaths 0  [grid]
  wild_river_blue_brook  tx   258  rx   1773  col   73  dup-   27  E_tx   0.030 Wh  solar    0.00 Wh  SOC  0.0%  deaths 1  [battery]
  north_baldface         tx  3781  rx   7991  col    5  dup-   41  E_tx   0.409 Wh  solar  708.26 Wh  SOC  4.9%  deaths 238  [solar]
  jackson_village        tx     1  rx   5730  col    1  dup-    0  E_tx   0.000 Wh  solar    0.00 Wh  SOC 100.0%  deaths 0  [grid]
  doublehead_n           tx  3252  rx   2091  col    0  dup-    0  E_tx   0.332 Wh  solar  773.76 Wh  SOC  6.1%  deaths 242  [solar]
  iron_mtn               tx  3168  rx   6766  col    3  dup-    0  E_tx   0.322 Wh  solar  761.94 Wh  SOC  6.0%  deaths 236  [solar]
  mt_cube                tx  3207  rx   3136  col    0  dup-    0  E_tx   0.326 Wh  solar  769.95 Wh  SOC  6.0%  deaths 236  [solar]
  mead_base              tx   121  rx  12188  col   10  dup-   11  E_tx   0.016 Wh  solar    0.00 Wh  SOC 100.0%  deaths 0  [grid]
  mt_israel              tx  3778  rx  14977  col   73  dup-   44  E_tx   0.400 Wh  solar  782.98 Wh  SOC  6.0%  deaths 245  [solar]
  flat_mtn_pond          tx   200  rx   1197  col    5  dup-    2  E_tx   0.021 Wh  solar    0.00 Wh  SOC  0.0%  deaths 1  [battery]
  green_mtn_effingham    tx     0  rx      0  col    0  dup-    0  E_tx   0.000 Wh  solar  755.48 Wh  SOC  6.1%  deaths 236  [solar]
  bear_brook_hq          tx     9  rx   6687  col    2  dup-    0  E_tx   0.001 Wh  solar    0.00 Wh  SOC 100.0%  deaths 0  [grid]
  bear_brook_tower       tx  3285  rx    153  col    0  dup-    0  E_tx   0.334 Wh  solar  789.56 Wh  SOC  6.0%  deaths 245  [solar]
  crotched_base          tx     0  rx   3222  col    0  dup-    0  E_tx   0.000 Wh  solar    0.00 Wh  SOC 100.0%  deaths 0  [grid]
  crotched_summit        tx  3222  rx      0  col    0  dup-    0  E_tx   0.328 Wh  solar  774.20 Wh  SOC  6.2%  deaths 245  [solar]
  temple_mtn_ledges      tx  3279  rx   6488  col    2  dup-    0  E_tx   0.334 Wh  solar  793.10 Wh  SOC  6.1%  deaths 247  [solar]
  washington_town        tx     0  rx  31676  col   46  dup-    0  E_tx   0.000 Wh  solar    0.00 Wh  SOC 100.0%  deaths 0  [grid]
  lovewell_mtn           tx  3382  rx  31949  col  202  dup-    0  E_tx   0.344 Wh  solar  790.46 Wh  SOC  6.0%  deaths 244  [solar]
  pillsbury_sp           tx  3277  rx  12362  col   35  dup-    0  E_tx   0.333 Wh  solar  789.08 Wh  SOC  6.1%  deaths 245  [solar]
  kilburn_th             tx  3299  rx   9068  col    1  dup-    0  E_tx   0.336 Wh  solar  794.62 Wh  SOC  6.0%  deaths 246  [solar]
  milan_hill             tx     0  rx      0  col    0  dup-    0  E_tx   0.000 Wh  solar    0.00 Wh  SOC 100.0%  deaths 0  [grid]
  sugarloaf_nash         tx  3209  rx   6171  col    0  dup-    0  E_tx   0.326 Wh  solar  773.51 Wh  SOC  6.0%  deaths 242  [solar]
  deer_mtn_pittsburg     tx  3194  rx      0  col    0  dup-    0  E_tx   0.325 Wh  solar  773.20 Wh  SOC  5.9%  deaths 241  [solar]
  champney_th            tx  3264  rx   9703  col    3  dup-    2  E_tx   0.333 Wh  solar  779.53 Wh  SOC  5.9%  deaths 242  [solar]
  buffalo_rd_lot         tx   176  rx  10173  col    2  dup-    3  E_tx   0.023 Wh  solar    0.00 Wh  SOC 100.0%  deaths 0  [grid]
  stinson_lake_gw        tx    25  rx   3395  col    0  dup-    0  E_tx   0.003 Wh  solar    0.00 Wh  SOC 100.0%  deaths 0  [grid]
  attitash_base          tx     0  rx  10417  col    1  dup-    0  E_tx   0.000 Wh  solar    0.00 Wh  SOC 100.0%  deaths 0  [grid]
  iron_s_ledge           tx  5883  rx  11935  col    1  dup-    0  E_tx   0.598 Wh  solar  726.65 Wh  SOC  6.0%  deaths 224  [solar]
  rocky_branch_knoll     tx  9004  rx  12040  col    5  dup-    0  E_tx   0.916 Wh  solar  778.98 Wh  SOC  6.0%  deaths 244  [solar]
  mt_cube_farm           tx     0  rx   6394  col    0  dup-    0  E_tx   0.000 Wh  solar    0.00 Wh  SOC 100.0%  deaths 0  [grid]
  cube_s_ledge           tx  3185  rx   3140  col    0  dup-    0  E_tx   0.324 Wh  solar  768.73 Wh  SOC  6.0%  deaths 236  [solar]
  deer_mtn_cg            tx     0  rx   3194  col    0  dup-    0  E_tx   0.000 Wh  solar    0.00 Wh  SOC 100.0%  deaths 0  [grid]
  millen_pond            tx 19234  rx  21352  col   15  dup-    0  E_tx   1.956 Wh  solar  790.49 Wh  SOC  6.0%  deaths 246  [solar]
  faxon_hill             tx  3451  rx  43559  col  153  dup-    0  E_tx   0.351 Wh  solar  786.88 Wh  SOC  6.0%  deaths 245  [solar]
  greenway_mid           tx 12683  rx  34803  col  356  dup-    0  E_tx   1.290 Wh  solar  776.46 Wh  SOC  6.0%  deaths 244  [solar]
  kittredge_hill         tx  3261  rx  36231  col  352  dup-    0  E_tx   0.332 Wh  solar  790.21 Wh  SOC  6.0%  deaths 244  [solar]
  bryant_ledge           tx  6473  rx  28023  col   41  dup-    0  E_tx   0.658 Wh  solar  783.93 Wh  SOC  6.1%  deaths 245  [solar]
  pisgah_w_knoll         tx  3223  rx  10801  col    2  dup-    0  E_tx   0.328 Wh  solar  776.76 Wh  SOC  5.9%  deaths 245  [solar]
  kilburn_ridge          tx  6537  rx   9211  col    0  dup-    0  E_tx   0.665 Wh  solar  789.54 Wh  SOC  6.0%  deaths 246  [solar]
  moose_mtn_at           tx  3205  rx   6422  col    2  dup-    0  E_tx   0.326 Wh  solar  770.55 Wh  SOC  5.9%  deaths 244  [solar]
  black_mtn_benton       tx  3294  rx  16572  col    4  dup-   21  E_tx   0.336 Wh  solar  784.51 Wh  SOC  6.1%  deaths 244  [solar]
  prospect_weeks         tx     0  rx      0  col    0  dup-    0  E_tx   0.000 Wh  solar    0.00 Wh  SOC 100.0%  deaths 0  [grid]
  moose_mtn_lodge        tx     0  rx   7086  col    2  dup-    0  E_tx   0.000 Wh  solar    0.00 Wh  SOC 100.0%  deaths 0  [grid]
  moose_s_ledge          tx  6439  rx   3397  col    0  dup-    0  E_tx   0.655 Wh  solar  786.65 Wh  SOC  6.0%  deaths 244  [solar]
  rent_ammo_jewell_loop_0 tx 14714  rx 141727  col 18893  dup-    0  E_tx   1.612 Wh  solar    0.00 Wh  SOC 100.0%  deaths 0  [battery]
  rent_ammo_jewell_loop_1 tx 14680  rx 144992  col 17856  dup-    0  E_tx   1.608 Wh  solar    0.00 Wh  SOC 100.0%  deaths 0  [battery]
  rent_tuckerman_loop_0  tx 10417  rx  97792  col 8448  dup-    0  E_tx   1.139 Wh  solar    0.00 Wh  SOC 100.0%  deaths 0  [battery]
  rent_tuckerman_loop_1  tx 10423  rx 115542  col 9171  dup-    0  E_tx   1.140 Wh  solar    0.00 Wh  SOC 100.0%  deaths 0  [battery]
  rent_crawford_traverse_0 tx 12553  rx 117420  col 16085  dup-    0  E_tx   1.374 Wh  solar    0.00 Wh  SOC 100.0%  deaths 0  [battery]
  rent_crawford_traverse_1 tx 12538  rx 110025  col 14730  dup-    0  E_tx   1.372 Wh  solar    0.00 Wh  SOC 100.0%  deaths 0  [battery]
  rent_valley_way_madison_0 tx  8906  rx  38799  col  819  dup-    0  E_tx   0.973 Wh  solar    0.00 Wh  SOC 100.0%  deaths 0  [battery]
  rent_valley_way_madison_1 tx  8884  rx  38823  col  905  dup-    0  E_tx   0.970 Wh  solar    0.00 Wh  SOC 100.0%  deaths 0  [battery]
  rent_carter_wildcat_0  tx  9373  rx  53409  col 5008  dup-    0  E_tx   1.024 Wh  solar    0.00 Wh  SOC 100.0%  deaths 0  [battery]
  rent_carter_wildcat_1  tx  9355  rx  62013  col 6310  dup-    0  E_tx   1.022 Wh  solar    0.00 Wh  SOC 100.0%  deaths 0  [battery]
  rent_great_gulf_osgood_0 tx  5929  rx  35928  col 1864  dup-    0  E_tx   0.645 Wh  solar    0.00 Wh  SOC 100.0%  deaths 0  [battery]
  rent_great_gulf_osgood_1 tx  5970  rx  53643  col 3879  dup-    0  E_tx   0.649 Wh  solar    0.00 Wh  SOC 100.0%  deaths 0  [battery]
  rent_franconia_ridge_loop_0 tx  9316  rx  36289  col 2916  dup-    0  E_tx   1.017 Wh  solar    0.00 Wh  SOC 100.0%  deaths 0  [battery]
  rent_franconia_ridge_loop_1 tx  9305  rx  42130  col 3575  dup-    0  E_tx   1.016 Wh  solar    0.00 Wh  SOC 100.0%  deaths 0  [battery]
  rent_lonesome_lake_family_0 tx  2677  rx   5109  col   11  dup-    0  E_tx   0.287 Wh  solar    0.00 Wh  SOC 100.0%  deaths 0  [battery]
  rent_lonesome_lake_family_1 tx  2710  rx  13644  col  910  dup-    0  E_tx   0.291 Wh  solar    0.00 Wh  SOC 100.0%  deaths 0  [battery]
  rent_pemi_bonds_long_0 tx 17250  rx  59587  col 1411  dup-    0  E_tx   1.891 Wh  solar    0.00 Wh  SOC 100.0%  deaths 0  [battery]
  rent_pemi_bonds_long_1 tx 17231  rx  63563  col 1522  dup-    0  E_tx   1.889 Wh  solar    0.00 Wh  SOC 100.0%  deaths 0  [battery]
  rent_moosilauke_gorge_brook_0 tx  6484  rx   8767  col  245  dup-    0  E_tx   0.706 Wh  solar    0.00 Wh  SOC 100.0%  deaths 0  [battery]
  rent_moosilauke_gorge_brook_1 tx  6461  rx   9152  col  229  dup-    0  E_tx   0.704 Wh  solar    0.00 Wh  SOC 100.0%  deaths 0  [battery]
  rent_osceola_greeley_0 tx 20118  rx  26384  col  752  dup-    0  E_tx   2.207 Wh  solar    0.00 Wh  SOC 100.0%  deaths 0  [battery]
  rent_osceola_greeley_1 tx 20085  rx  26559  col  732  dup-    0  E_tx   2.203 Wh  solar    0.00 Wh  SOC 100.0%  deaths 0  [battery]
  rent_chocorua_piper_0  tx  3666  rx   2283  col   12  dup-    0  E_tx   0.396 Wh  solar    0.00 Wh  SOC 100.0%  deaths 0  [battery]
  rent_chocorua_piper_1  tx  3673  rx   2592  col   11  dup-    0  E_tx   0.397 Wh  solar    0.00 Wh  SOC 100.0%  deaths 0  [battery]
  rent_carrigain_signal_ridge_0 tx  7564  rx  17959  col   52  dup-    0  E_tx   0.825 Wh  solar    0.00 Wh  SOC 100.0%  deaths 0  [battery]
  rent_carrigain_signal_ridge_1 tx  7572  rx  22763  col   62  dup-    0  E_tx   0.826 Wh  solar    0.00 Wh  SOC 100.0%  deaths 0  [battery]
  rent_monadnock_white_dot_0 tx  3822  rx   1516  col    4  dup-    0  E_tx   0.413 Wh  solar    0.00 Wh  SOC 100.0%  deaths 0  [battery]
  rent_monadnock_white_dot_1 tx  3833  rx   1530  col    6  dup-    0  E_tx   0.414 Wh  solar    0.00 Wh  SOC 100.0%  deaths 0  [battery]
  rent_cardigan_west_ridge_0 tx  3952  rx   1608  col    0  dup-    0  E_tx   0.428 Wh  solar    0.00 Wh  SOC 100.0%  deaths 0  [battery]
  rent_cardigan_west_ridge_1 tx  3953  rx   1618  col    1  dup-    0  E_tx   0.427 Wh  solar    0.00 Wh  SOC 100.0%  deaths 0  [battery]
  rent_belknap_range_walk_0 tx  7335  rx   5550  col   16  dup-    0  E_tx   0.800 Wh  solar    0.00 Wh  SOC 100.0%  deaths 0  [battery]
  rent_belknap_range_walk_1 tx  7320  rx   5806  col   23  dup-    0  E_tx   0.798 Wh  solar    0.00 Wh  SOC 100.0%  deaths 0  [battery]
  rent_kearsarge_winslow_0 tx  1968  rx     26  col    0  dup-    0  E_tx   0.211 Wh  solar    0.00 Wh  SOC 100.0%  deaths 0  [battery]
  rent_kearsarge_winslow_1 tx  1963  rx     33  col    0  dup-    0  E_tx   0.210 Wh  solar    0.00 Wh  SOC 100.0%  deaths 0  [battery]
  rent_pack_monadnock_loop_0 tx  1573  rx     27  col    1  dup-    0  E_tx   0.169 Wh  solar    0.00 Wh  SOC 100.0%  deaths 0  [battery]
  rent_pack_monadnock_loop_1 tx  1622  rx     55  col    0  dup-    0  E_tx   0.174 Wh  solar    0.00 Wh  SOC 100.0%  deaths 0  [battery]
  rent_squam_morgan_percival_0 tx  3647  rx   1361  col   26  dup-    0  E_tx   0.393 Wh  solar    0.00 Wh  SOC 100.0%  deaths 0  [battery]
  rent_squam_morgan_percival_1 tx  3662  rx   1500  col   14  dup-    0  E_tx   0.396 Wh  solar    0.00 Wh  SOC 100.0%  deaths 0  [battery]
  rent_rumney_rattlesnake_0 tx  4195  rx   1903  col   36  dup-    0  E_tx   0.454 Wh  solar    0.00 Wh  SOC 100.0%  deaths 0  [battery]
  rent_rumney_rattlesnake_1 tx  4210  rx   1989  col   44  dup-    0  E_tx   0.456 Wh  solar    0.00 Wh  SOC 100.0%  deaths 0  [battery]
  rent_owls_head_marathon_0 tx  8897  rx  19203  col  424  dup-    0  E_tx   0.971 Wh  solar    0.00 Wh  SOC 100.0%  deaths 0  [battery]
  rent_owls_head_marathon_1 tx  8912  rx  21241  col  483  dup-    0  E_tx   0.974 Wh  solar    0.00 Wh  SOC 100.0%  deaths 0  [battery]
  rent_isolation_glen_boulder_0 tx 17618  rx 138417  col 13546  dup-    0  E_tx   1.931 Wh  solar    0.00 Wh  SOC 100.0%  deaths 0  [battery]
  rent_isolation_glen_boulder_1 tx 17660  rx 128130  col 11164  dup-    0  E_tx   1.936 Wh  solar    0.00 Wh  SOC 100.0%  deaths 0  [battery]
  rent_hale_zealand_loop_0 tx 20988  rx  49327  col 2039  dup-    0  E_tx   2.302 Wh  solar    0.00 Wh  SOC 100.0%  deaths 0  [battery]
  rent_hale_zealand_loop_1 tx 20969  rx  48411  col 2085  dup-    0  E_tx   2.300 Wh  solar    0.00 Wh  SOC 98.9%  deaths 0  [battery]
  rent_baldface_wild_river_0 tx 14428  rx  37257  col 1854  dup-    0  E_tx   1.580 Wh  solar    0.00 Wh  SOC 100.0%  deaths 0  [battery]
  rent_baldface_wild_river_1 tx 14449  rx  37156  col 1968  dup-    0  E_tx   1.583 Wh  solar    0.00 Wh  SOC 100.0%  deaths 0  [battery]
  rent_bear_brook_loop_0 tx  1699  rx     17  col    0  dup-    0  E_tx   0.182 Wh  solar    0.00 Wh  SOC 100.0%  deaths 0  [battery]
  rent_bear_brook_loop_1 tx  1705  rx     24  col    0  dup-    0  E_tx   0.183 Wh  solar    0.00 Wh  SOC 100.0%  deaths 0  [battery]
wrote artifacts/sim/year_trace_etx.jsonl, artifacts/sim/year_summary_etx.json
