link,distance_km,path_type,pred_rssi_dbm_q50,pred_rssi_dbm_q90,worst_fresnel_fraction,usable_q90,planning_ok_q90,planning_evidence_eligible,policy_rssi_dbm_q50,policy_rssi_dbm_q90,diagnostic_itm_rssi_dbm_q50,diagnostic_itm_rssi_dbm_q90
imp_shelter<->north_carter,0.42,line_of_sight,-59.7,-59.7,0.86,True,True,True,,,,
south_carter<->zeta_pass,0.58,line_of_sight,-60.7,-60.7,3.07,True,True,True,,,,
deer_mtn_pittsburg<->deer_mtn_cg,0.68,line_of_sight,-62.4,-62.4,1.26,True,True,True,,,,
hermit_lake<->boott_spur,0.83,line_of_sight,-63.7,-63.7,2.35,True,True,True,,,,
mt_cube<->cube_s_ledge,0.84,line_of_sight,-63.9,-63.9,1.21,True,True,True,,,,
sawyer_river_th<->tremont_summit,0.85,line_of_sight,-64.0,-64.0,1.99,True,True,True,,,,
cranmore_top<->cranmore_ledge,0.98,line_of_sight,-65.2,-65.2,1.51,True,True,True,,,,
zealand_hut<->zeacliff,0.81,line_of_sight,-65.5,-65.5,1.0,True,True,True,,,,
gunstock_top<->major_summit,0.63,line_of_sight,-65.8,-65.8,1.0,True,True,True,,,,
lambert_ridge<->smarts_ranger_ledge,1.11,line_of_sight,-66.3,-66.3,2.83,True,True,True,,,,
iron_mtn<->iron_s_ledge,1.07,line_of_sight,-66.9,-66.9,1.16,True,True,True,,,,
attitash_base<->rocky_branch_knoll,1.23,line_of_sight,-67.2,-67.2,2.46,True,True,True,,,,
kearsarge_north<->hurricane_col,0.7,line_of_sight,-67.8,-67.8,0.8,True,True,True,,,,
baldface_s<->north_baldface,1.36,line_of_sight,-68.1,-68.1,4.33,True,True,True,,,,
lion_head<->nelson_crag,1.13,line_of_sight,-68.5,-68.5,0.68,True,True,True,,,,
crag_camp<->thunderstorm_jct,1.33,line_of_sight,-68.6,-68.6,0.93,True,True,True,,,,
clay_relay<->jefferson_lawn,1.44,line_of_sight,-68.6,-68.6,2.75,True,True,True,,,,
south_carter<->middle_carter,1.55,line_of_sight,-69.2,-69.2,0.59,True,True,True,,,,
victor_head<->stark_village,1.75,line_of_sight,-70.2,-70.2,1.12,True,True,True,,,,
mizpah_hut<->jackson_summit,1.8,line_of_sight,-70.5,-70.5,3.22,True,True,True,,,,
mt_roberts<->faraway_ledge,1.34,line_of_sight,-70.6,-70.6,0.66,True,True,True,,,,
mt_cube<->mt_cube_farm,1.96,line_of_sight,-71.2,-71.2,2.35,True,True,True,,,,
gateway_marshfield<->cog_skyline,2.12,line_of_sight,-71.9,-71.9,1.18,True,True,True,,,,
jewell_relay<->caps_ridge_th,2.11,line_of_sight,-71.9,-71.9,1.35,True,True,True,,,,
cannon_tram_top<->lafayette_place,2.15,line_of_sight,-72.0,-72.0,0.04,True,True,True,,,,
pinkham_notch_vc<->wildcat_d,2.17,line_of_sight,-72.1,-72.1,1.14,True,True,True,,,,
summit_shermanadams<->monroe_flank,2.2,line_of_sight,-72.2,-72.2,0.11,True,True,True,,,,
lonesome_lake_hut<->kinsman_pond,2.34,line_of_sight,-72.8,-72.8,0.92,True,True,True,,,,
lion_head<->boott_spur,1.07,line_of_sight,-73.0,-73.0,0.33,True,True,True,,,,
cardigan_lodge<->cardigan_summit,2.43,line_of_sight,-73.1,-73.1,0.27,True,True,True,,,,
pisgah_ridge<->pisgah_w_knoll,1.03,line_of_sight,-73.1,-73.1,0.63,True,True,True,,,,
gateway_marshfield<->jewell_relay,2.59,line_of_sight,-73.7,-73.7,0.84,True,True,True,,,,
pack_monadnock<->temple_mtn_ledges,2.6,line_of_sight,-73.7,-73.7,2.05,True,True,True,,,,
jewell_relay<->jefferson_lawn,2.63,line_of_sight,-73.8,-73.8,1.92,True,True,True,,,,
highland_center<->webster_cliff,2.76,line_of_sight,-74.2,-74.2,2.4,True,True,True,,,,
lafayette_place<->little_haystack,2.88,line_of_sight,-74.6,-74.6,1.24,True,True,True,,,,
clay_relay<->caps_ridge_th,2.91,line_of_sight,-74.7,-74.7,1.95,True,True,True,,,,
bear_brook_hq<->bear_brook_tower,2.36,line_of_sight,-74.8,-74.8,0.67,True,True,True,,,,
mt_cube_farm<->cube_s_ledge,1.12,line_of_sight,-74.9,-74.9,0.5,True,True,True,,,,
gateway_marshfield<->eisenhower_relay,3.05,line_of_sight,-75.1,-75.1,0.64,True,True,True,,,,
cannon_tram_top<->greenleaf_hut,3.1,line_of_sight,-75.2,-75.2,0.09,True,True,True,,,,
castle_clouds<->bald_knob_ossipee,1.08,line_of_sight,-75.4,-75.4,0.59,True,True,True,,,,
garfield_summit<->galehead_hut,3.33,line_of_sight,-75.8,-75.8,0.25,True,True,True,,,,
faxon_hill<->greenway_mid,1.27,line_of_sight,-76.0,-76.0,0.16,True,True,True,,,,
gateway_marshfield<->lakes_hut,3.41,line_of_sight,-76.0,-76.1,0.12,True,True,True,,,,
flume_vc<->liberty_summit,3.63,line_of_sight,-76.6,-76.6,3.41,True,True,True,,,,
nash_stream_th<->stark_village,3.72,line_of_sight,-76.8,-76.8,2.22,True,True,True,,,,
great_gulf_th<->glen_house,3.75,line_of_sight,-76.9,-76.9,2.68,True,True,True,,,,
summit_shermanadams<->jefferson_lawn,3.78,line_of_sight,-76.9,-76.9,2.28,True,True,True,,,,
unknown_pond<->kilkenny_lookout,3.86,line_of_sight,-77.1,-77.1,1.9,True,True,True,,,,
eisenhower_relay<->cog_skyline,3.94,line_of_sight,-77.3,-77.3,1.33,True,True,True,,,,
bondcliff<->thirteen_falls,3.97,line_of_sight,-77.4,-77.4,3.69,True,True,True,,,,
pinkham_notch_vc<->nelson_crag,3.99,line_of_sight,-77.4,-77.4,1.52,True,True,True,,,,
tremont_summit<->notchland_inn,4.02,line_of_sight,-77.5,-77.5,0.77,True,True,True,,,,
carrigain_summit<->notchland_inn,4.09,line_of_sight,-77.6,-77.6,0.55,True,True,True,,,,
mizpah_hut<->isolation_davis,4.28,line_of_sight,-78.0,-78.0,1.26,True,True,True,,,,
cannon_tram_top<->lafayette_summit,4.34,line_of_sight,-78.1,-78.1,2.01,True,True,True,,,,
cannon_tram_top<->kinsman_pond,4.3,line_of_sight,-78.0,-78.1,0.72,True,True,True,,,,
middle_carter<->wild_river_blue_brook,4.35,line_of_sight,-78.1,-78.2,0.97,True,True,True,,,,
crag_camp<->nelson_crag,4.36,line_of_sight,-78.2,-78.2,0.29,True,True,True,,,,
imp_shelter<->wild_river_blue_brook,4.44,line_of_sight,-78.3,-78.3,0.59,True,True,True,,,,
waterville_valley<->osceola_summit,4.46,line_of_sight,-78.4,-78.4,1.37,True,True,True,,,,
cannon_tram_top<->little_haystack,4.45,line_of_sight,-78.4,-78.4,3.24,True,True,True,,,,
cannon_tram_top<->kinsman_n,4.46,line_of_sight,-78.4,-78.4,0.49,True,True,True,,,,
rattlesnake_west<->red_hill_tower,4.58,line_of_sight,-78.6,-78.6,0.63,True,True,True,,,,
lonesome_lake_hut<->little_haystack,4.7,line_of_sight,-78.8,-78.8,3.15,True,True,True,,,,
osceola_summit<->tecumseh_ski_top,2.68,line_of_sight,-79.0,-79.0,0.5,True,True,True,,,,
jewell_relay<->eisenhower_relay,4.86,line_of_sight,-79.1,-79.1,0.53,True,True,True,,,,
gateway_marshfield<->ammo_relay,2.89,line_of_sight,-79.1,-79.1,1.14,True,True,True,,,,
thunderstorm_jct<->nelson_crag,4.9,line_of_sight,-79.2,-79.2,2.05,True,True,True,,,,
summit_shermanadams<->crag_camp,4.89,line_of_sight,-79.2,-79.2,1.72,True,True,True,,,,
lakes_hut<->jefferson_lawn,4.93,line_of_sight,-79.2,-79.3,0.25,True,True,True,,,,
summit_shermanadams<->eisenhower_relay,4.96,line_of_sight,-79.3,-79.3,0.4,True,True,True,,,,
summit_shermanadams<->caps_ridge_th,5.02,line_of_sight,-79.4,-79.4,0.32,True,True,True,,,,
jackson_summit<->isolation_davis,5.11,line_of_sight,-79.5,-79.6,1.86,True,True,True,,,,
lakes_hut<->caps_ridge_th,5.14,line_of_sight,-79.6,-79.6,1.03,True,True,True,,,,
gateway_marshfield<->jefferson_lawn,5.2,line_of_sight,-79.7,-79.7,2.71,True,True,True,,,,
glencliff_th<->moosilauke_s_peak,5.26,line_of_sight,-79.8,-79.8,0.63,True,True,True,,,,
lonesome_lake_hut<->lafayette_summit,5.33,line_of_sight,-79.9,-79.9,2.08,True,True,True,,,,
monroe_flank<->jefferson_lawn,5.33,line_of_sight,-79.9,-79.9,0.15,True,True,True,,,,
hermit_lake<->wildcat_a,5.29,line_of_sight,-79.9,-79.9,1.1,True,True,True,,,,
lion_head<->wildcat_d,5.36,line_of_sight,-80.0,-80.0,3.06,True,True,True,,,,
boott_spur<->wildcat_d,5.38,line_of_sight,-80.0,-80.0,3.52,True,True,True,,,,
lonesome_lake_hut<->liberty_summit,5.43,line_of_sight,-80.1,-80.1,0.58,True,True,True,,,,
summit_shermanadams<->thunderstorm_jct,5.56,line_of_sight,-80.3,-80.3,1.99,True,True,True,,,,
waterville_valley<->noon_peak,2.67,line_of_sight,-80.7,-80.7,1.43,True,True,True,,,,
nelson_crag<->glen_house,5.84,line_of_sight,-80.7,-80.7,0.18,True,True,True,,,,
moosilauke_s_peak<->black_mtn_benton,5.86,line_of_sight,-80.7,-80.8,1.37,True,True,True,,,,
lion_head<->wildcat_a,5.92,line_of_sight,-80.8,-80.8,3.02,True,True,True,,,,
wildcat_d<->nelson_crag,5.89,line_of_sight,-80.8,-80.8,2.92,True,True,True,,,,
lion_head<->glen_house,5.94,line_of_sight,-80.8,-80.9,1.37,True,True,True,,,,
rockywold_camps<->red_hill_tower,6.06,line_of_sight,-81.0,-81.0,4.18,True,True,True,,,,
boott_spur<->wildcat_a,6.04,line_of_sight,-81.0,-81.0,4.33,True,True,True,,,,
nelson_crag<->madison_summit,6.02,line_of_sight,-81.0,-81.0,2.46,True,True,True,,,,
moosilauke_summit<->black_mtn_benton,6.17,line_of_sight,-81.2,-81.2,1.51,True,True,True,,,,
glen_house<->madison_summit,6.14,line_of_sight,-81.1,-81.2,1.81,True,True,True,,,,
eisenhower_relay<->caps_ridge_th,6.28,line_of_sight,-81.3,-81.4,0.43,True,True,True,,,,
great_gulf_th<->wildcat_a,6.28,line_of_sight,-81.3,-81.4,2.47,True,True,True,,,,
nelson_crag<->wildcat_a,6.34,line_of_sight,-81.4,-81.4,2.99,True,True,True,,,,
cannon_tram_top<->liberty_summit,6.36,line_of_sight,-81.5,-81.5,3.26,True,True,True,,,,
thunderstorm_jct<->glen_house,6.38,line_of_sight,-81.5,-81.5,0.22,True,True,True,,,,
whiteface_summit<->jennings_peak,6.43,line_of_sight,-81.5,-81.6,1.45,True,True,True,,,,
wildcat_d<->great_gulf_th,6.5,line_of_sight,-81.6,-81.7,2.84,True,True,True,,,,
boott_spur<->glen_house,6.51,line_of_sight,-81.6,-81.7,1.81,True,True,True,,,,
moosilauke_summit<->moosilauke_s_peak,0.93,line_of_sight,-81.7,-81.7,-0.08,True,True,True,,,,
little_haystack<->kinsman_pond,6.59,line_of_sight,-81.8,-81.8,1.79,True,True,True,,,,
cannon_tram_top<->flume_vc,6.71,line_of_sight,-81.9,-81.9,1.39,True,True,True,,,,
summit_shermanadams<->madison_summit,6.75,line_of_sight,-82.0,-82.0,1.69,True,True,True,,,,
victor_head<->sugarloaf_nash,6.8,line_of_sight,-82.0,-82.1,0.28,True,True,True,,,,
hancock_th<->owls_head_slide,6.9,line_of_sight,-82.1,-82.2,1.31,True,True,True,,,,
osceola_summit<->noon_peak,6.95,line_of_sight,-82.2,-82.3,2.2,True,True,True,,,,
moriah_summit<->wild_river_cg,6.97,line_of_sight,-82.2,-82.3,1.03,True,True,True,,,,
guyot_summit<->willey_summit,7.16,line_of_sight,-82.5,-82.5,1.72,True,True,True,,,,
crag_camp<->glen_house,7.13,line_of_sight,-82.4,-82.5,2.63,True,True,True,,,,
osceola_summit<->tripyramid_n,7.3,line_of_sight,-82.6,-82.7,2.1,True,True,True,,,,
millen_pond<->faxon_hill,1.11,line_of_sight,-82.8,-82.8,-0.26,True,True,True,,,,
jefferson_lawn<->eisenhower_relay,7.38,line_of_sight,-82.7,-82.8,3.05,True,True,True,,,,
garfield_summit<->bondcliff,7.38,line_of_sight,-82.7,-82.8,4.92,True,True,True,,,,
lafayette_summit<->kinsman_pond,7.52,line_of_sight,-82.9,-82.9,2.63,True,True,True,,,,
tripyramid_n<->tecumseh_ski_top,7.61,line_of_sight,-83.0,-83.0,3.05,True,True,True,,,,
flume_vc<->lafayette_summit,7.62,line_of_sight,-83.0,-83.1,0.44,True,True,True,,,,
carrigain_summit<->willey_summit,7.69,line_of_sight,-83.1,-83.1,1.08,True,True,True,,,,
piper_th<->champney_th,7.87,line_of_sight,-83.3,-83.3,0.94,True,True,True,,,,
imp_shelter<->wild_river_cg,8.15,line_of_sight,-83.6,-83.6,2.35,True,True,True,,,,
nash_stream_th<->sugarloaf_nash,8.13,line_of_sight,-83.6,-83.6,2.45,True,True,True,,,,
carter_notch_hut<->pulpit_rock,0.41,excluded_unvalidated_short_link,-273.7,-273.7,-10.11,False,False,False,-83.7,-83.7,-129.236,-129.237
lafayette_summit<->kinsman_n,8.26,line_of_sight,-83.7,-83.7,0.4,True,True,True,,,,
lafayette_summit<->bondcliff,8.35,line_of_sight,-83.8,-83.8,1.49,True,True,True,,,,
pinkham_notch_vc<->lion_head,3.29,line_of_sight,-83.8,-83.8,0.24,True,True,True,,,,
passaconaway<->flat_mtn_pond,8.44,line_of_sight,-83.9,-83.9,1.13,True,True,True,,,,
thunderstorm_jct<->wildcat_a,8.53,line_of_sight,-84.0,-84.0,1.68,True,True,True,,,,
thunderstorm_jct<->wildcat_d,8.54,line_of_sight,-84.0,-84.0,2.12,True,True,True,,,,
lakes_hut<->monroe_flank,0.43,excluded_unvalidated_short_link,-273.7,-273.7,-2.75,False,False,False,-84.1,-84.1,-102.359,-102.36
wildcat_a<->madison_summit,8.59,line_of_sight,-84.1,-84.1,2.62,True,True,True,,,,
dolly_copp<->wildcat_a,8.6,line_of_sight,-84.1,-84.1,1.28,True,True,True,,,,
wildcat_d<->madison_summit,8.73,line_of_sight,-84.2,-84.2,2.86,True,True,True,,,,
dolly_copp<->wildcat_d,8.93,line_of_sight,-84.4,-84.4,2.83,True,True,True,,,,
crag_camp<->wildcat_d,8.88,line_of_sight,-84.3,-84.4,3.66,True,True,True,,,,
liberty_summit<->loon_summit,9.0,line_of_sight,-84.5,-84.5,0.63,True,True,True,,,,
crag_camp<->wildcat_a,8.99,line_of_sight,-84.5,-84.5,3.85,True,True,True,,,,
the_horn<->stark_village,9.03,line_of_sight,-84.5,-84.6,0.09,True,True,True,,,,
summit_shermanadams<->jackson_summit,9.37,line_of_sight,-84.8,-84.8,0.77,True,True,True,,,,
south_carter<->wild_river_cg,9.32,line_of_sight,-84.8,-84.8,0.99,True,True,True,,,,
madison_hut<->madison_summit,0.48,excluded_unvalidated_short_link,-273.7,-273.7,-2.55,False,False,False,-85.1,-85.1,-103.147,-103.148
summit_shermanadams<->carter_dome,9.91,line_of_sight,-85.3,-85.3,0.01,True,True,True,,,,
madison_summit<->south_carter,10.32,line_of_sight,-85.6,-85.7,0.5,True,True,True,,,,
guyot_summit<->carrigain_summit,10.3,line_of_sight,-85.6,-85.7,2.96,True,True,True,,,,
summit_shermanadams<->webster_cliff,10.49,line_of_sight,-85.8,-85.8,0.75,True,True,True,,,,
guyot_summit<->signal_ridge,10.42,line_of_sight,-85.7,-85.8,0.38,True,True,True,,,,
thunderstorm_jct<->south_carter,10.86,line_of_sight,-86.1,-86.1,1.23,True,True,True,,,,
zeacliff<->carrigain_summit,11.16,line_of_sight,-86.3,-86.4,1.57,True,True,True,,,,
carter_dome<->mt_hight,0.57,excluded_unvalidated_short_link,-273.7,-273.7,-10.14,False,False,False,-86.5,-86.5,-131.712,-131.714
sandwich_dome<->mt_israel,6.72,line_of_sight,-86.5,-86.6,0.71,True,True,True,,,,
grayknob_cabin<->crag_camp,0.58,excluded_unvalidated_short_link,-273.7,-273.7,-1.23,False,False,False,-86.7,-86.7,-94.901,-94.903
crag_camp<->south_carter,11.74,line_of_sight,-86.8,-86.8,0.02,True,True,True,,,,
lafayette_summit<->hancock_th,11.77,line_of_sight,-86.8,-86.8,1.36,True,True,True,,,,
jefferson_lawn<->jackson_summit,11.98,line_of_sight,-86.9,-87.0,0.93,True,True,True,,,,
clay_relay<->cherry_mtn,11.91,line_of_sight,-86.9,-87.0,0.0,True,True,True,,,,
whiteface_summit<->mt_israel,11.97,line_of_sight,-86.9,-87.0,0.0,True,True,True,,,,
zealand_hut<->carrigain_summit,11.97,line_of_sight,-86.9,-87.0,2.0,True,True,True,,,,
rumney_cliff_top<->buffalo_rd_lot,0.68,excluded_unvalidated_short_link,-273.7,-273.7,-1.56,False,False,False,-88.0,-88.0,-100.305,-100.308
kilburn_th<->kilburn_ridge,0.73,excluded_unvalidated_short_link,-273.7,-273.7,-2.17,False,False,False,-88.7,-88.7,-104.195,-104.198
crotched_base<->crotched_summit,0.77,excluded_unvalidated_short_link,-273.7,-273.7,-3.93,False,False,False,-89.1,-89.1,-115.573,-115.576
carrigain_summit<->signal_ridge,0.78,excluded_unvalidated_short_link,-273.7,-273.7,-6.7,False,False,False,-89.2,-89.2,-130.781,-130.784
cabot_summit<->the_bulge,0.78,excluded_unvalidated_short_link,-273.7,-273.7,-11.06,False,False,False,-89.3,-89.3,-138.917,-138.92
wildcat_d<->wildcat_a,0.81,excluded_unvalidated_short_link,-273.7,-273.7,-2.65,False,False,False,-89.5,-89.5,-108.424,-108.426
summit_shermanadams<->nelson_crag,0.84,excluded_unvalidated_short_link,-273.7,-273.7,-2.86,False,False,False,-89.8,-89.8,-109.725,-109.728
welch_dickey_th<->welch_ledges,0.84,excluded_unvalidated_short_link,-273.7,-273.7,-1.71,False,False,False,-89.9,-89.9,-103.755,-103.759
imp_shelter<->middle_carter,0.86,excluded_unvalidated_short_link,-273.7,-273.7,-7.18,False,False,False,-90.0,-90.0,-133.165,-133.167
black_cap<->hurricane_col,0.87,excluded_unvalidated_short_link,-273.7,-273.7,-5.18,False,False,False,-90.2,-90.2,-122.636,-122.64
black_cap<->cranmore_ledge,0.89,excluded_unvalidated_short_link,-273.7,-273.7,-5.73,False,False,False,-90.3,-90.3,-122.276,-122.279
washington_town<->millen_pond,0.89,excluded_unvalidated_short_link,-273.7,-273.7,-5.47,False,False,False,-90.4,-90.4,-123.888,-123.891
lakes_hut<->ammo_relay,0.89,excluded_unvalidated_short_link,-273.7,-273.7,-3.13,False,False,False,-90.4,-90.4,-114.798,-114.803
hermit_lake<->lion_head,0.91,excluded_unvalidated_short_link,-273.7,-273.7,-6.62,False,False,False,-90.5,-90.5,-123.276,-123.278
moose_mtn_lodge<->moose_s_ledge,0.91,excluded_unvalidated_short_link,-273.7,-273.7,-3.36,False,False,False,-90.6,-90.6,-117.82,-117.824
moose_mtn_at<->moose_s_ledge,0.91,excluded_unvalidated_short_link,-273.7,-273.7,-1.76,False,False,False,-90.6,-90.6,-105.076,-105.079
madison_hut<->durand_ridge,2.0,line_of_sight,-90.7,-90.7,-0.06,True,True,True,,,,
pisgah_w_knoll<->kilburn_ridge,0.92,excluded_unvalidated_short_link,-273.7,-273.7,-5.78,False,False,False,-90.7,-90.7,-120.499,-120.503
passaconaway<->piper_th,0.94,excluded_unvalidated_short_link,-273.7,-273.7,-6.75,False,False,False,-90.8,-90.8,-128.993,-128.995
balsams_gateway<->table_rock,0.97,excluded_unvalidated_short_link,-273.7,-273.7,-0.58,False,False,False,-91.1,-91.1,-94.892,-94.894
middle_carter<->zeta_pass,0.98,excluded_unvalidated_short_link,-273.7,-273.7,-2.36,False,False,False,-91.2,-91.2,-108.814,-108.819
bald_knob_ossipee<->mt_roberts,0.98,excluded_unvalidated_short_link,-273.7,-273.7,-5.48,False,False,False,-91.2,-91.2,-131.659,-131.665
jewell_relay<->cog_skyline,0.98,excluded_unvalidated_short_link,-273.7,-273.7,-3.18,False,False,False,-91.2,-91.2,-118.421,-118.423
miller_hq<->pack_monadnock,0.99,excluded_unvalidated_short_link,-273.7,-273.7,-1.64,False,False,False,-91.3,-91.3,-106.844,-106.848
summit_shermanadams<->lion_head,0.99,excluded_unvalidated_short_link,-273.7,-273.7,-3.94,False,False,False,-91.3,-91.3,-123.204,-123.206
shaw_summit<->black_snout,1.01,excluded_unvalidated_short_link,-273.7,-273.7,-6.32,False,False,False,-91.4,-91.4,-126.822,-126.826
grayknob_cabin<->jefferson_lawn,1.0,excluded_unvalidated_short_link,-273.7,-273.7,-9.45,False,False,False,-91.4,-91.4,-138.016,-138.021
winslow_hq<->kearsarge_summit,1.02,excluded_unvalidated_short_link,-273.7,-273.7,-3.91,False,False,False,-91.5,-91.5,-119.498,-119.502
iron_s_ledge<->rocky_branch_knoll,1.08,excluded_unvalidated_short_link,-273.7,-273.7,-17.97,False,False,False,-92.0,-92.0,-147.213,-147.217
madison_hut<->thunderstorm_jct,1.08,excluded_unvalidated_short_link,-273.7,-273.7,-5.95,False,False,False,-92.1,-92.1,-131.801,-131.805
north_carter<->middle_carter,1.11,excluded_unvalidated_short_link,-273.7,-273.7,-15.64,False,False,False,-92.3,-92.3,-142.045,-142.047
dickey_ledges<->welch_ledges,1.13,excluded_unvalidated_short_link,-273.7,-273.7,-1.24,False,False,False,-92.4,-92.4,-98.892,-98.896
boott_spur<->nelson_crag,2.18,line_of_sight,-92.4,-92.4,-0.09,True,True,True,,,,
greenway_mid<->kittredge_hill,1.12,excluded_unvalidated_short_link,-273.7,-273.7,-2.21,False,False,False,-92.4,-92.4,-108.658,-108.665
smarts_mtn<->smarts_ranger_ledge,1.14,excluded_unvalidated_short_link,-273.7,-273.7,-11.27,False,False,False,-92.5,-92.5,-141.391,-141.394
faraway_ledge<->ossipee_saddle,1.14,excluded_unvalidated_short_link,-273.7,-273.7,-1.22,False,False,False,-92.5,-92.5,-105.694,-105.698
mizpah_hut<->pierce_relay,1.15,excluded_unvalidated_short_link,-273.7,-273.7,-14.03,False,False,False,-92.6,-92.6,-143.232,-143.236
galehead_hut<->south_twin,1.18,excluded_unvalidated_short_link,-273.7,-273.7,-6.24,False,False,False,-92.8,-92.8,-131.103,-131.107
mt_hight<->south_carter,1.17,excluded_unvalidated_short_link,-273.7,-273.7,-19.52,False,False,False,-92.8,-92.8,-146.764,-146.767
lyme_dorchester_th<->holts_ledge,1.76,line_of_sight,-92.8,-92.9,-0.26,True,True,True,,,,
appalachia_th<->durand_ridge,2.99,line_of_sight,-93.0,-93.0,-0.06,True,True,True,,,,
ammo_relay<->monroe_flank,1.21,excluded_unvalidated_short_link,-273.7,-273.7,-3.62,False,False,False,-93.1,-93.1,-123.027,-123.033
the_horn<->the_bulge,1.23,excluded_unvalidated_short_link,-273.7,-273.7,-8.29,False,False,False,-93.2,-93.2,-139.092,-139.097
jackson_summit<->webster_cliff,1.23,excluded_unvalidated_short_link,-273.7,-273.7,-1.43,False,False,False,-93.2,-93.2,-118.1,-118.106
greenleaf_hut<->lafayette_summit,1.25,excluded_unvalidated_short_link,-273.7,-273.7,-0.51,False,False,False,-93.3,-93.3,-98.324,-98.328
ragged_mtn<->ragged_ski_base,1.24,excluded_unvalidated_short_link,-273.7,-273.7,-1.13,False,False,False,-93.3,-93.3,-98.922,-98.926
kittredge_hill<->bryant_ledge,1.27,excluded_unvalidated_short_link,-273.7,-273.7,-1.03,False,False,False,-93.4,-93.4,-96.533,-96.538
ossipee_saddle<->black_snout,1.28,excluded_unvalidated_short_link,-273.7,-273.7,-13.36,False,False,False,-93.6,-93.6,-141.397,-141.403
passaconaway<->chocorua_summit,1.32,excluded_unvalidated_short_link,-273.7,-273.7,-1.34,False,False,False,-93.8,-93.8,-105.293,-105.301
pillsbury_sp<->bryant_ledge,1.32,excluded_unvalidated_short_link,-273.7,-273.7,-4.64,False,False,False,-93.8,-93.8,-123.404,-123.41
ammo_relay<->cog_skyline,1.34,excluded_unvalidated_short_link,-273.7,-273.7,-3.19,False,False,False,-93.9,-93.9,-120.912,-120.915
dartmouth_skiway<->holts_ledge,2.19,line_of_sight,-94.1,-94.1,-0.17,True,True,True,,,,
dolly_copp<->glen_house,5.89,line_of_sight,-95.0,-95.0,-0.05,True,True,True,,,,
wild_river_cg<->wild_river_blue_brook,4.26,line_of_sight,-96.2,-96.2,-0.15,True,True,True,,,,
lakes_hut<->cog_skyline,2.21,line_of_sight,-96.9,-96.9,-0.25,True,True,True,,,,
kinsman_notch<->blue_ridge_ledge,1.98,line_of_sight,-97.5,-97.5,-0.62,True,True,True,,,,
clay_relay<->thunderstorm_jct,3.95,line_of_sight,-99.0,-99.0,-0.17,True,True,True,,,,
monroe_flank<->isolation_davis,3.78,line_of_sight,-99.4,-99.4,-0.29,True,True,True,,,,
caps_ridge_th<->cog_skyline,2.93,line_of_sight,-100.1,-100.1,-0.61,True,False,True,,,,
sawyer_river_th<->notchland_inn,4.7,line_of_sight,-100.6,-100.7,-0.31,True,False,True,,,,
gunstock_top<->piper_mtn_belknap,2.07,line_of_sight,-100.7,-100.7,-0.78,True,False,True,,,,
jewell_relay<->clay_relay,1.55,line_of_sight,-101.3,-101.3,-0.81,True,False,True,,,,
ferncroft_th<->white_ledge_cg,1.59,line_of_sight,-101.8,-101.8,-1.15,True,False,True,,,,
grayknob_cabin<->thunderstorm_jct,1.91,line_of_sight,-102.5,-102.5,-0.54,True,False,True,,,,
gunstock_top<->belknap_summit,4.03,line_of_sight,-102.7,-102.7,-0.49,True,False,True,,,,
pinkham_notch_vc<->glen_ellis,1.76,line_of_sight,-102.9,-103.0,-0.96,True,False,True,,,,
first_lake_dam<->second_lake_dam,9.61,line_of_sight,-102.8,-103.1,-0.1,True,False,True,,,,
mead_base<->mt_israel,1.61,line_of_sight,-103.9,-103.9,-1.39,True,False,True,,,,
cannon_tram_top<->garfield_summit,7.8,line_of_sight,-104.0,-104.0,-0.16,True,False,True,,,,
sandwich_dome<->flat_mtn_pond,5.55,line_of_sight,-104.0,-104.0,-0.38,True,False,True,,,,
jefferson_lawn<->cog_skyline,3.45,line_of_sight,-105.4,-105.5,-0.96,True,False,True,,,,
unknown_pond<->the_bulge,3.21,line_of_sight,-106.2,-106.3,-0.44,True,False,True,,,,
greenleaf_hut<->kinsman_n,7.17,line_of_sight,-106.4,-106.7,-0.33,True,False,True,,,,
south_twin<->willey_summit,9.15,line_of_sight,-106.8,-106.8,-0.36,True,False,True,,,,
highland_center<->jackson_summit,3.28,line_of_sight,-106.9,-107.0,-1.58,True,False,True,,,,
whiteface_summit<->tecumseh_ski_top,10.28,line_of_sight,-108.0,-108.1,-0.33,True,False,True,,,,
greenway_mid<->bryant_ledge,2.39,line_of_sight,-108.2,-108.3,-1.25,True,False,True,,,,
pawtuckaway_hq<->pawtuckaway_tower,2.69,line_of_sight,-108.7,-108.7,-1.4,True,False,True,,,,
millen_pond<->greenway_mid,2.37,line_of_sight,-108.9,-108.9,-1.63,True,False,True,,,,
sandwich_dome<->mead_base,8.19,line_of_sight,-108.8,-108.9,-0.37,True,False,True,,,,
north_carter<->wild_river_cg,7.76,line_of_sight,-109.4,-109.4,-0.7,True,False,True,,,,
mizpah_hut<->webster_cliff,2.76,line_of_sight,-110.0,-110.0,-1.37,True,False,True,,,,
dolly_copp<->pulpit_rock,9.38,line_of_sight,-110.3,-110.4,-0.2,True,False,True,,,,
monadnock_hq<->monadnock_summit,2.44,line_of_sight,-110.5,-110.5,-0.53,True,False,True,,,,
garfield_summit<->twin_mountain_village,9.61,line_of_sight,-110.6,-110.7,-0.62,True,False,True,,,,
jefferson_lawn<->caps_ridge_th,3.0,line_of_sight,-110.9,-111.0,-0.99,True,False,True,,,,
pierce_relay<->webster_cliff,3.04,line_of_sight,-111.0,-111.0,-1.47,True,False,True,,,,
nelson_crag<->glen_ellis,5.13,line_of_sight,-111.1,-111.2,-0.34,True,False,True,,,,
summit_shermanadams<->wildcat_a,6.81,line_of_sight,-111.5,-111.6,-0.21,True,False,True,,,,
nash_stream_th<->victor_head,2.06,line_of_sight,-112.0,-112.0,-1.97,True,False,True,,,,
summit_shermanadams<->lakes_hut,1.79,line_of_sight,-112.2,-112.2,-0.96,True,False,True,,,,
hermit_lake<->wildcat_d,4.67,line_of_sight,-112.4,-112.4,-0.83,True,False,True,,,,
zealand_hut<->mt_hale,2.35,line_of_sight,-112.8,-112.8,-1.32,True,False,True,,,,
summit_shermanadams<->jewell_relay,2.97,line_of_sight,-113.4,-113.5,-1.74,True,False,True,,,,
monroe_flank<->jackson_summit,7.17,line_of_sight,-113.5,-113.6,-0.29,True,False,True,,,,
passaconaway<->ferncroft_th,4.75,line_of_sight,-113.5,-113.6,-1.17,True,False,True,,,,
stinson_summit<->stinson_lake_gw,1.43,line_of_sight,-113.7,-113.7,-3.04,True,False,True,,,,
summit_shermanadams<->wildcat_d,6.29,line_of_sight,-113.8,-113.9,-0.29,True,False,True,,,,
jackson_village<->doublehead_n,3.16,line_of_sight,-114.0,-114.1,-1.75,True,False,True,,,,
moriah_summit<->gentian_pond,10.37,line_of_sight,-113.8,-114.1,-0.89,True,False,True,,,,
white_ledge_cg<->flat_mtn_pond,5.83,line_of_sight,-114.0,-114.1,-0.57,True,False,True,,,,
bondcliff<->owls_head_slide,5.02,line_of_sight,-114.1,-114.2,-1.37,True,False,True,,,,
washington_town<->lovewell_mtn,3.43,line_of_sight,-114.3,-114.3,-1.77,True,False,True,,,,
summit_shermanadams<->isolation_davis,5.54,line_of_sight,-114.3,-114.5,-1.66,True,False,True,,,,
eisenhower_relay<->pierce_relay,3.01,line_of_sight,-114.4,-114.5,-1.7,True,False,True,,,,
grayknob_cabin<->nelson_crag,4.17,line_of_sight,-114.7,-114.8,-1.02,True,False,True,,,,
lyme_dorchester_th<->smarts_ranger_ledge,3.61,line_of_sight,-114.8,-114.8,-1.85,True,False,True,,,,
mt_roberts<->ossipee_saddle,2.45,line_of_sight,-114.9,-114.9,-1.29,True,False,True,,,,
monroe_flank<->eisenhower_relay,2.8,line_of_sight,-115.3,-115.3,-0.96,True,False,True,,,,
lafayette_place<->liberty_summit,4.22,line_of_sight,-115.2,-115.3,-1.56,True,False,True,,,,
stark_village<->sugarloaf_nash,5.41,line_of_sight,-115.9,-116.0,-1.27,True,False,True,,,,
pisgah_hq<->pisgah_w_knoll,2.66,line_of_sight,-116.4,-116.5,-1.62,True,False,True,,,,
castle_clouds<->turtleback_mtn,2.58,line_of_sight,-116.4,-116.5,-2.22,True,False,True,,,,
lovewell_mtn<->faxon_hill,4.3,line_of_sight,-116.5,-116.6,-1.76,True,False,True,,,,
monadnock_hq<->dublin_th,4.57,line_of_sight,-116.5,-116.6,-1.5,True,False,True,,,,
major_summit<->piper_mtn_belknap,1.44,line_of_sight,-116.8,-116.8,-3.04,True,False,True,,,,
turtleback_mtn<->bald_knob_ossipee,2.16,line_of_sight,-116.9,-116.9,-1.4,True,False,True,,,,
clay_relay<->monroe_flank,3.89,line_of_sight,-117.2,-117.3,-4.68,True,False,True,,,,
nelson_crag<->carter_dome,9.38,line_of_sight,-117.3,-117.4,-0.22,True,False,True,,,,
pierce_relay<->jackson_summit,2.48,line_of_sight,-118.0,-118.0,-2.82,True,False,True,,,,
unknown_pond<->the_horn,2.4,line_of_sight,-118.2,-118.2,-1.56,True,False,True,,,,
summit_shermanadams<->glen_house,6.56,line_of_sight,-118.1,-118.2,-0.56,True,False,True,,,,
jewell_relay<->monroe_flank,3.37,line_of_sight,-118.3,-118.3,-1.28,True,False,True,,,,
lion_head<->glen_ellis,4.16,line_of_sight,-118.4,-118.5,-2.29,True,False,True,,,,
the_horn<->kilkenny_lookout,3.46,line_of_sight,-118.7,-118.8,-2.58,True,False,True,,,,
jefferson_lawn<->wildcat_a,8.99,line_of_sight,-118.7,-118.8,-0.46,True,False,True,,,,
faxon_hill<->bryant_ledge,3.56,line_of_sight,-118.7,-118.8,-2.39,True,False,True,,,,
passaconaway<->jennings_peak,9.48,line_of_sight,-118.9,-119.0,-1.36,True,False,True,,,,
ravine_lodge<->moosilauke_s_peak,2.85,line_of_sight,-119.0,-119.0,-1.25,True,False,True,,,,
pisgah_hq<->kilburn_ridge,3.58,line_of_sight,-119.2,-119.3,-2.0,True,False,True,,,,
greenleaf_hut<->liberty_summit,5.24,line_of_sight,-119.2,-119.3,-0.93,True,False,True,,,,
summit_shermanadams<->boott_spur,1.75,line_of_sight,-119.3,-119.3,-2.65,True,False,True,,,,
pisgah_hq<->pisgah_ridge,1.71,line_of_sight,-119.4,-119.4,-2.58,True,False,True,,,,
carter_dome<->wild_river_cg,10.71,line_of_sight,-119.3,-119.4,-0.37,True,False,True,,,,
highland_center<->pierce_relay,2.56,line_of_sight,-119.6,-119.6,-2.66,True,False,True,,,,
mt_hayes<->success_summit,10.56,line_of_sight,-119.2,-119.9,-1.1,True,False,True,,,,
boott_spur<->carter_dome,9.2,line_of_sight,-120.0,-120.1,-0.29,True,False,True,,,,
jefferson_lawn<->carter_dome,11.7,line_of_sight,-119.5,-120.2,-0.72,True,False,True,,,,
gateway_marshfield<->clay_relay,4.11,line_of_sight,-120.3,-120.3,-1.46,True,False,True,,,,
galehead_hut<->thirteen_falls,4.33,line_of_sight,-120.2,-120.3,-1.72,True,False,True,,,,
wildcat_d<->glen_house,3.23,line_of_sight,-120.4,-120.4,-2.39,True,False,True,,,,
major_summit<->belknap_summit,3.41,line_of_sight,-120.4,-120.4,-2.13,True,False,True,,,,
jennings_peak<->flat_mtn_pond,7.92,line_of_sight,-120.3,-120.5,-0.87,True,False,True,,,,
gentian_pond<->success_summit,5.84,line_of_sight,-120.7,-120.9,-1.24,True,False,True,,,,
kanc_pass<->greeley_ponds,2.81,line_of_sight,-121.5,-121.5,-3.01,True,False,True,,,,
jefferson_lawn<->nelson_crag,3.45,line_of_sight,-121.7,-121.7,-1.02,True,False,True,,,,
pisgah_ridge<->kilburn_ridge,1.95,line_of_sight,-121.7,-121.7,-4.01,True,False,True,,,,
turtleback_mtn<->mt_roberts,2.32,line_of_sight,-121.7,-121.8,-2.06,True,False,True,,,,
zeta_pass<->wild_river_cg,9.02,line_of_sight,-121.7,-121.8,-1.71,True,False,True,,,,
mizpah_hut<->monroe_flank,5.55,line_of_sight,-121.9,-122.0,-1.54,True,False,True,,,,
rattlesnake_rumney<->rumney_cliff_top,2.93,line_of_sight,-122.1,-122.1,-2.34,True,False,True,,,,
liberty_summit<->kinsman_pond,6.26,line_of_sight,-122.1,-122.2,-0.93,True,False,True,,,,
summit_shermanadams<->glen_ellis,5.13,line_of_sight,-122.1,-122.2,-1.81,True,False,True,,,,
lafayette_summit<->owls_head_slide,5.44,line_of_sight,-122.2,-122.3,-0.86,True,False,True,,,,
carter_dome<->pulpit_rock,1.7,line_of_sight,-122.5,-122.5,-2.91,True,False,True,,,,
zeacliff<->signal_ridge,11.58,line_of_sight,-122.4,-122.5,-0.87,True,False,True,,,,
madison_hut<->nelson_crag,5.84,line_of_sight,-122.6,-122.6,-0.89,True,False,True,,,,
gateway_marshfield<->caps_ridge_th,3.35,line_of_sight,-122.6,-122.6,-2.43,True,False,True,,,,
percy_peaks<->the_horn,6.45,line_of_sight,-122.8,-122.9,-1.48,True,False,True,,,,
pinkham_notch_vc<->boott_spur,3.21,line_of_sight,-122.9,-122.9,-3.26,True,False,True,,,,
carter_dome<->wild_river_blue_brook,6.45,line_of_sight,-123.0,-123.1,-1.05,True,False,True,,,,
lovewell_mtn<->greenway_mid,5.22,line_of_sight,-122.9,-123.1,-2.07,True,False,True,,,,
madison_hut<->appalachia_th,4.94,line_of_sight,-123.0,-123.1,-1.17,True,False,True,,,,
jewell_relay<->cherry_mtn,11.15,line_of_sight,-123.0,-123.2,-3.26,True,False,True,,,,
zeta_pass<->wild_river_blue_brook,4.89,line_of_sight,-123.4,-123.5,-2.49,True,False,True,,,,
flume_vc<->lonesome_lake_hut,4.85,line_of_sight,-123.4,-123.5,-1.64,True,False,True,,,,
lion_head<->carter_dome,9.05,line_of_sight,-123.9,-123.9,-0.4,True,False,True,,,,
waumbek_summit<->cherry_mtn,9.52,line_of_sight,-124.0,-124.1,-0.75,True,False,True,,,,
monroe_flank<->webster_cliff,8.29,line_of_sight,-124.0,-124.2,-0.71,True,False,True,,,,
summit_shermanadams<->cog_skyline,2.57,line_of_sight,-124.2,-124.2,-3.25,True,False,True,,,,
south_carter<->wild_river_blue_brook,5.12,line_of_sight,-124.3,-124.3,-1.81,True,False,True,,,,
rattlesnake_rumney<->buffalo_rd_lot,2.48,line_of_sight,-124.3,-124.4,-2.92,True,False,True,,,,
thunderstorm_jct<->eisenhower_relay,9.92,line_of_sight,-124.4,-124.5,-1.81,True,False,True,,,,
glen_ellis<->madison_summit,9.85,line_of_sight,-125.1,-125.2,-1.6,True,False,True,,,,
greenleaf_hut<->little_haystack,2.15,line_of_sight,-125.2,-125.2,-3.19,True,False,True,,,,
summit_shermanadams<->madison_hut,6.55,line_of_sight,-125.4,-125.4,-0.87,True,False,True,,,,
monroe_flank<->lion_head,2.56,line_of_sight,-125.5,-125.5,-5.67,True,False,True,,,,
pierce_relay<->caps_ridge_th,8.29,line_of_sight,-125.5,-125.9,-1.58,True,False,True,,,,
thunderstorm_jct<->great_gulf_th,2.94,line_of_sight,-126.0,-126.0,-1.44,True,False,True,,,,
clay_relay<->cog_skyline,2.14,line_of_sight,-126.1,-126.1,-4.16,True,False,True,,,,
morgan_percival<->rattlesnake_west,3.55,line_of_sight,-126.2,-126.2,-3.6,True,False,True,,,,
clay_relay<->madison_summit,5.37,line_of_sight,-126.2,-126.2,-1.51,True,False,True,,,,
success_summit<->berlin_gateway,11.58,line_of_sight,-126.2,-126.5,-1.29,True,False,True,,,,
lafayette_place<->lafayette_summit,3.6,line_of_sight,-126.6,-126.6,-3.16,True,False,True,,,,
crag_camp<->monroe_flank,6.68,line_of_sight,-126.8,-126.8,-2.86,True,False,True,,,,
little_haystack<->kinsman_n,7.58,line_of_sight,-126.7,-126.8,-0.81,True,False,True,,,,
great_gulf_th<->madison_summit,2.39,line_of_sight,-126.8,-126.8,-3.9,True,False,True,,,,
clay_relay<->eisenhower_relay,6.0,line_of_sight,-127.0,-127.0,-1.22,True,False,True,,,,
lincoln_woods_th<->greeley_ponds,7.49,line_of_sight,-126.9,-127.0,-2.09,True,False,True,,,,
grayknob_cabin<->carter_dome,11.71,line_of_sight,-126.4,-127.2,-1.06,True,False,True,,,,
summit_shermanadams<->gateway_marshfield,4.5,line_of_sight,-127.2,-127.3,-1.09,True,False,True,,,,
faxon_hill<->kittredge_hill,2.34,line_of_sight,-127.5,-127.5,-4.46,True,False,True,,,,
gorham_info<->mt_hayes,3.53,line_of_sight,-127.5,-127.6,-3.34,True,False,True,,,,
summit_shermanadams<->mizpah_hut,7.75,line_of_sight,-127.6,-127.7,-1.42,True,False,True,,,,
nelson_crag<->great_gulf_th,5.27,line_of_sight,-127.8,-127.8,-2.07,True,False,True,,,,
highland_center<->eisenhower_relay,5.53,line_of_sight,-127.6,-127.8,-1.71,True,False,True,,,,
lyme_dorchester_th<->dartmouth_skiway,2.15,line_of_sight,-127.9,-127.9,-4.16,True,False,True,,,,
lovewell_mtn<->millen_pond,3.87,line_of_sight,-127.8,-127.9,-2.79,True,False,True,,,,
middle_carter<->wild_river_cg,8.32,line_of_sight,-127.8,-127.9,-2.78,True,False,True,,,,
pierce_relay<->mt_hale,11.85,line_of_sight,-127.8,-127.9,-2.18,True,False,True,,,,
glen_ellis<->great_gulf_th,8.01,line_of_sight,-127.9,-128.0,-4.02,True,False,True,,,,
monadnock_summit<->dublin_th,4.39,line_of_sight,-128.2,-128.2,-3.45,True,False,True,,,,
osceola_summit<->whiteface_summit,11.16,line_of_sight,-128.2,-128.3,-2.04,True,False,True,,,,
mt_israel<->flat_mtn_pond,6.8,line_of_sight,-128.2,-128.4,-4.51,True,False,True,,,,
hermit_lake<->glen_house,5.68,line_of_sight,-128.4,-128.5,-3.61,True,False,True,,,,
monroe_flank<->pierce_relay,5.82,line_of_sight,-128.3,-128.5,-5.42,True,False,True,,,,
millen_pond<->kittredge_hill,3.4,line_of_sight,-128.5,-128.5,-3.93,True,False,True,,,,
waterville_valley<->welch_ledges,8.07,line_of_sight,-128.3,-128.6,-3.66,True,False,True,,,,
the_horn<->victor_head,8.16,line_of_sight,-128.2,-128.6,-4.8,True,False,True,,,,
carter_dome<->baldface_s,9.5,line_of_sight,-128.7,-128.7,-2.01,True,False,True,,,,
caps_ridge_th<->webster_cliff,11.33,line_of_sight,-128.4,-128.7,-1.55,True,False,True,,,,
north_carter<->wild_river_blue_brook,4.12,line_of_sight,-128.7,-128.7,-3.25,True,False,True,,,,
osceola_summit<->jennings_peak,9.65,line_of_sight,-128.7,-128.8,-1.5,True,False,True,,,,
eisenhower_relay<->isolation_davis,3.5,line_of_sight,-128.9,-128.9,-2.1,True,False,True,,,,
moosilauke_summit<->blue_ridge_ledge,1.56,line_of_sight,-129.0,-129.0,-6.52,True,False,True,,,,
passaconaway<->white_ledge_cg,3.34,line_of_sight,-129.1,-129.2,-3.98,True,False,True,,,,
lovewell_mtn<->bryant_ledge,7.56,line_of_sight,-129.0,-129.2,-1.78,True,False,True,,,,
washington_town<->faxon_hill,1.97,line_of_sight,-129.5,-129.5,-4.7,True,False,True,,,,
belknap_summit<->piper_mtn_belknap,1.98,line_of_sight,-129.6,-129.6,-5.32,True,False,True,,,,
mizpah_hut<->eisenhower_relay,2.87,line_of_sight,-129.5,-129.6,-4.4,True,False,True,,,,
sandwich_dome<->jennings_peak,2.56,line_of_sight,-129.6,-129.6,-3.14,True,False,True,,,,
moosilauke_summit<->glencliff_th,6.17,line_of_sight,-129.6,-129.6,-3.18,True,False,True,,,,
thunderstorm_jct<->madison_summit,1.47,line_of_sight,-129.6,-129.6,-3.11,True,False,True,,,,
lafayette_place<->flume_vc,4.93,line_of_sight,-129.6,-129.7,-2.45,True,False,True,,,,
monroe_flank<->cog_skyline,2.45,line_of_sight,-129.8,-129.8,-1.64,True,False,True,,,,
monroe_flank<->thunderstorm_jct,7.55,line_of_sight,-129.8,-129.8,-2.63,True,False,True,,,,
pinkham_notch_vc<->wildcat_a,2.87,line_of_sight,-129.9,-129.9,-4.12,True,False,True,,,,
monroe_flank<->carter_dome,11.39,line_of_sight,-129.7,-129.9,-3.53,True,False,True,,,,
lakes_hut<->jewell_relay,3.08,line_of_sight,-129.8,-129.9,-1.95,True,False,True,,,,
clay_relay<->pierce_relay,8.73,line_of_sight,-129.6,-130.0,-2.04,True,False,True,,,,
jewell_relay<->jackson_summit,9.42,line_of_sight,-130.0,-130.0,-2.97,True,False,True,,,,
zeacliff<->notchland_inn,11.88,line_of_sight,-129.9,-130.1,-1.76,True,False,True,,,,
hurricane_col<->cranmore_ledge,1.54,line_of_sight,-130.1,-130.1,-5.63,True,False,True,,,,
cannon_tram_top<->lonesome_lake_hut,2.08,line_of_sight,-130.3,-130.3,-5.85,True,False,True,,,,
lafayette_summit<->garfield_summit,3.97,line_of_sight,-130.3,-130.3,-0.86,True,False,True,,,,
lafayette_summit<->liberty_summit,5.05,line_of_sight,-130.4,-130.4,-2.13,True,False,True,,,,
kearsarge_north<->black_cap,1.56,line_of_sight,-130.5,-130.5,-5.5,True,False,True,,,,
caps_ridge_th<->jackson_summit,10.57,line_of_sight,-130.2,-130.5,-4.66,True,False,True,,,,
waterville_valley<->dickey_ledges,7.19,line_of_sight,-130.4,-130.6,-3.6,True,False,True,,,,
lovewell_mtn<->kittredge_hill,6.31,line_of_sight,-130.5,-130.8,-1.87,True,False,True,,,,
jackson_summit<->sugarloaf_middle,10.58,line_of_sight,-130.9,-131.0,-2.7,True,False,True,,,,
cranmore_ledge<->rocky_branch_knoll,11.73,line_of_sight,-131.0,-131.1,-3.29,False,False,True,,,,
boott_spur<->glen_ellis,3.61,line_of_sight,-131.1,-131.1,-9.17,False,False,True,,,,
south_twin<->zealand_hut,4.88,line_of_sight,-131.0,-131.1,-2.34,False,False,True,,,,
jackson_summit<->mt_hale,11.61,line_of_sight,-130.9,-131.2,-3.84,False,False,True,,,,
lakes_hut<->lion_head,2.23,line_of_sight,-131.4,-131.5,-9.94,False,False,True,,,,
ammo_relay<->eisenhower_relay,3.49,line_of_sight,-131.4,-131.5,-4.28,False,False,True,,,,
ammo_relay<->caps_ridge_th,4.26,line_of_sight,-131.6,-131.6,-4.3,False,False,True,,,,
summit_shermanadams<->ammo_relay,1.68,line_of_sight,-132.1,-132.1,-4.92,False,False,True,,,,
pillsbury_sp<->kittredge_hill,2.58,line_of_sight,-132.3,-132.3,-5.3,False,False,True,,,,
pittsburg_village<->first_lake_dam,9.5,line_of_sight,-132.0,-132.4,-3.3,False,False,True,,,,
greenleaf_hut<->kinsman_pond,6.55,line_of_sight,-132.5,-132.6,-1.28,False,False,True,,,,
imp_shelter<->baldface_s,10.16,line_of_sight,-132.6,-132.7,-3.66,False,False,True,,,,
waterville_valley<->tecumseh_ski_top,2.76,line_of_sight,-132.7,-132.7,-4.12,False,False,True,,,,
pisgah_ridge<->kilburn_th,2.68,line_of_sight,-133.0,-133.0,-5.48,False,False,True,,,,
crag_camp<->jefferson_lawn,1.52,line_of_sight,-133.0,-133.0,-6.2,False,False,True,,,,
carrigain_summit<->greeley_ponds,10.0,line_of_sight,-132.9,-133.0,-2.41,False,False,True,,,,
carter_notch_hut<->carter_dome,1.61,line_of_sight,-133.1,-133.1,-5.21,False,False,True,,,,
morgan_percival<->mt_israel,9.99,line_of_sight,-132.8,-133.1,-4.91,False,False,True,,,,
lonesome_lake_hut<->kinsman_n,2.94,line_of_sight,-133.1,-133.1,-3.46,False,False,True,,,,
monroe_flank<->caps_ridge_th,5.38,line_of_sight,-133.1,-133.1,-1.12,False,False,True,,,,
ammo_relay<->jewell_relay,2.19,line_of_sight,-133.1,-133.1,-4.27,False,False,True,,,,
kearsarge_north<->cranmore_ledge,2.13,line_of_sight,-133.0,-133.1,-5.12,False,False,True,,,,
pisgah_hq<->kilburn_th,4.28,line_of_sight,-133.0,-133.1,-3.85,False,False,True,,,,
kilburn_th<->pisgah_w_knoll,1.65,line_of_sight,-133.2,-133.2,-6.67,False,False,True,,,,
lafayette_place<->lonesome_lake_hut,1.82,line_of_sight,-133.3,-133.3,-7.16,False,False,True,,,,
mead_base<->flat_mtn_pond,8.32,line_of_sight,-132.9,-133.4,-4.9,False,False,True,,,,
hermit_lake<->nelson_crag,1.97,line_of_sight,-133.4,-133.4,-6.99,False,False,True,,,,
eisenhower_relay<->jackson_summit,4.61,line_of_sight,-133.4,-133.5,-2.44,False,False,True,,,,
doublehead_n<->attitash_base,10.52,line_of_sight,-133.2,-133.6,-2.2,False,False,True,,,,
caps_ridge_th<->cherry_mtn,9.09,line_of_sight,-133.5,-133.7,-5.13,False,False,True,,,,
mizpah_hut<->lion_head,8.02,line_of_sight,-133.4,-133.8,-9.09,False,False,True,,,,
carter_dome<->imp_shelter,4.0,line_of_sight,-133.7,-133.8,-3.05,False,False,True,,,,
lafayette_place<->kinsman_pond,3.92,line_of_sight,-133.9,-133.9,-7.13,False,False,True,,,,
south_twin<->twin_mountain_village,7.96,line_of_sight,-133.6,-133.9,-4.8,False,False,True,,,,
eisenhower_relay<->webster_cliff,5.63,line_of_sight,-133.9,-134.0,-2.08,False,False,True,,,,
moriah_summit<->mt_hayes,7.18,line_of_sight,-134.0,-134.1,-1.71,False,False,True,,,,
hermit_lake<->carter_dome,8.45,line_of_sight,-134.0,-134.1,-0.9,False,False,True,,,,
jackson_summit<->zealand_hut,9.51,line_of_sight,-134.0,-134.4,-8.6,False,False,True,,,,
crag_camp<->madison_summit,2.78,line_of_sight,-134.3,-134.4,-10.47,False,False,True,,,,
summit_shermanadams<->pierce_relay,7.96,line_of_sight,-134.5,-134.6,-1.82,False,False,True,,,,
lakes_hut<->eisenhower_relay,3.18,line_of_sight,-134.6,-134.6,-5.14,False,False,True,,,,
morgan_percival<->red_hill_tower,7.62,line_of_sight,-134.5,-134.6,-2.96,False,False,True,,,,
waterville_valley<->jennings_peak,5.24,line_of_sight,-134.7,-134.7,-4.28,False,False,True,,,,
imp_shelter<->south_carter,2.37,line_of_sight,-134.8,-134.8,-3.69,False,False,True,,,,
mt_hayes<->gentian_pond,4.97,line_of_sight,-134.7,-134.8,-8.2,False,False,True,,,,
summit_shermanadams<->great_gulf_th,6.1,line_of_sight,-134.9,-134.9,-2.96,False,False,True,,,,
lincoln_woods_th<->kanc_pass,4.72,line_of_sight,-134.8,-134.9,-4.74,False,False,True,,,,
eisenhower_relay<->sugarloaf_middle,11.77,line_of_sight,-134.9,-134.9,-2.98,False,False,True,,,,
washington_town<->greenway_mid,3.24,line_of_sight,-134.9,-134.9,-4.59,False,False,True,,,,
doublehead_n<->iron_mtn,9.34,line_of_sight,-134.8,-135.0,-3.15,False,False,True,,,,
wildcat_d<->carter_dome,3.86,line_of_sight,-135.0,-135.0,-4.44,False,False,True,,,,
greenleaf_hut<->lonesome_lake_hut,4.27,line_of_sight,-135.0,-135.0,-2.03,False,False,True,,,,
washington_town<->bryant_ledge,5.46,line_of_sight,-135.1,-135.2,-4.86,False,False,True,,,,
lyme_dorchester_th<->lambert_ridge,2.71,line_of_sight,-135.3,-135.3,-6.31,False,False,True,,,,
rockywold_camps<->morgan_percival,1.65,line_of_sight,-135.3,-135.3,-7.75,False,False,True,,,,
ferncroft_th<->flat_mtn_pond,4.32,line_of_sight,-135.4,-135.4,-7.02,False,False,True,,,,
percy_peaks<->stark_village,3.25,line_of_sight,-135.4,-135.4,-5.64,False,False,True,,,,
holts_ledge<->lambert_ridge,2.09,line_of_sight,-135.4,-135.4,-5.59,False,False,True,,,,
little_haystack<->liberty_summit,3.27,line_of_sight,-135.3,-135.4,-6.03,False,False,True,,,,
madison_summit<->pulpit_rock,9.66,line_of_sight,-135.3,-135.4,-1.4,False,False,True,,,,
castle_clouds<->mt_roberts,2.07,line_of_sight,-135.6,-135.6,-5.06,False,False,True,,,,
summit_shermanadams<->hermit_lake,1.88,line_of_sight,-135.6,-135.6,-6.1,False,False,True,,,,
jewell_relay<->webster_cliff,10.33,line_of_sight,-135.7,-135.7,-3.99,False,False,True,,,,
pillsbury_sp<->greenway_mid,3.69,line_of_sight,-135.7,-135.8,-5.79,False,False,True,,,,
great_gulf_th<->south_carter,7.99,line_of_sight,-135.8,-135.9,-2.62,False,False,True,,,,
passaconaway<->champney_th,8.4,line_of_sight,-135.8,-136.0,-1.47,False,False,True,,,,
south_twin<->thirteen_falls,4.9,line_of_sight,-136.0,-136.0,-2.11,False,False,True,,,,
bald_knob_ossipee<->faraway_ledge,2.16,line_of_sight,-136.0,-136.1,-9.72,False,False,True,,,,
dolly_copp<->glen_ellis,10.61,line_of_sight,-135.8,-136.1,-5.19,False,False,True,,,,
webster_cliff<->sugarloaf_middle,9.81,line_of_sight,-136.1,-136.1,-4.31,False,False,True,,,,
carrigain_summit<->sawyer_river_th,3.36,line_of_sight,-136.2,-136.2,-6.3,False,False,True,,,,
grayknob_cabin<->wildcat_d,9.02,line_of_sight,-136.1,-136.2,-1.19,False,False,True,,,,
waterville_valley<->tripyramid_n,5.66,line_of_sight,-136.1,-136.2,-6.9,False,False,True,,,,
lafayette_summit<->little_haystack,1.78,line_of_sight,-136.3,-136.3,-8.66,False,False,True,,,,
lion_head<->eisenhower_relay,5.35,line_of_sight,-136.3,-136.3,-7.6,False,False,True,,,,
pinkham_notch_vc<->glen_house,4.1,line_of_sight,-136.3,-136.3,-7.03,False,False,True,,,,
washington_town<->kittredge_hill,4.29,line_of_sight,-136.4,-136.4,-3.68,False,False,True,,,,
jefferson_lawn<->pierce_relay,10.01,line_of_sight,-136.3,-136.4,-1.36,False,False,True,,,,
welch_dickey_th<->dickey_ledges,1.36,line_of_sight,-136.5,-136.5,-8.18,False,False,True,,,,
clay_relay<->webster_cliff,11.59,line_of_sight,-136.2,-136.5,-2.78,False,False,True,,,,
lakes_hut<->clay_relay,3.49,line_of_sight,-136.6,-136.6,-6.56,False,False,True,,,,
ravine_lodge<->moosilauke_summit,3.12,line_of_sight,-136.6,-136.6,-6.05,False,False,True,,,,
jewell_relay<->pierce_relay,7.39,line_of_sight,-136.7,-136.7,-2.23,False,False,True,,,,
faraway_ledge<->black_snout,2.39,line_of_sight,-136.8,-136.8,-7.56,False,False,True,,,,
ferncroft_th<->jennings_peak,9.25,line_of_sight,-136.8,-137.0,-4.65,False,False,True,,,,
jefferson_lawn<->wildcat_d,8.75,line_of_sight,-137.0,-137.1,-4.12,False,False,True,,,,
grayknob_cabin<->madison_summit,3.36,line_of_sight,-137.1,-137.1,-10.6,False,False,True,,,,
kinsman_n<->kinsman_pond,1.43,line_of_sight,-137.2,-137.2,-8.24,False,False,True,,,,
dolly_copp<->durand_ridge,3.06,line_of_sight,-137.3,-137.3,-15.07,False,False,True,,,,
cabot_summit<->kilkenny_lookout,2.37,line_of_sight,-137.3,-137.3,-5.78,False,False,True,,,,
rockywold_camps<->rattlesnake_west,2.52,line_of_sight,-137.2,-137.3,-7.78,False,False,True,,,,
red_hill_tower<->mead_base,7.15,line_of_sight,-137.1,-137.3,-3.33,False,False,True,,,,
summit_shermanadams<->grayknob_cabin,4.61,line_of_sight,-137.4,-137.4,-3.31,False,False,True,,,,
rockywold_camps<->mt_israel,9.69,line_of_sight,-137.1,-137.4,-2.35,False,False,True,,,,
nelson_crag<->isolation_davis,6.26,line_of_sight,-137.2,-137.4,-6.62,False,False,True,,,,
gateway_marshfield<->pierce_relay,4.98,line_of_sight,-137.3,-137.5,-3.16,False,False,True,,,,
millen_pond<->bryant_ledge,4.57,line_of_sight,-137.8,-137.8,-6.02,False,False,True,,,,
pierce_relay<->cog_skyline,6.59,line_of_sight,-137.8,-137.9,-2.91,False,False,True,,,,
bald_knob_ossipee<->ossipee_saddle,3.16,line_of_sight,-138.0,-138.0,-11.22,False,False,True,,,,
turtleback_mtn<->faraway_ledge,2.19,line_of_sight,-137.9,-138.0,-9.78,False,False,True,,,,
gateway_marshfield<->monroe_flank,3.38,line_of_sight,-138.3,-138.3,-3.56,False,False,True,,,,
red_hill_tower<->mt_israel,8.75,line_of_sight,-138.2,-138.4,-3.17,False,False,True,,,,
summit_shermanadams<->pinkham_notch_vc,4.25,line_of_sight,-138.4,-138.4,-2.91,False,False,True,,,,
lakes_hut<->crag_camp,6.26,line_of_sight,-138.3,-138.4,-4.92,False,False,True,,,,
grayknob_cabin<->wildcat_a,9.18,line_of_sight,-138.4,-138.5,-1.47,False,False,True,,,,
noon_peak<->jennings_peak,2.74,line_of_sight,-138.5,-138.5,-7.48,False,False,True,,,,
dolly_copp<->madison_summit,2.13,line_of_sight,-138.5,-138.5,-6.59,False,False,True,,,,
cranmore_top<->kearsarge_north,2.96,line_of_sight,-138.6,-138.6,-6.47,False,False,True,,,,
mt_roberts<->black_snout,3.65,line_of_sight,-138.7,-138.7,-6.07,False,False,True,,,,
cranmore_top<->black_cap,1.87,line_of_sight,-138.8,-138.8,-9.04,False,False,True,,,,
jackson_summit<->willey_summit,7.12,line_of_sight,-138.5,-138.8,-2.56,False,False,True,,,,
jefferson_lawn<->thunderstorm_jct,2.76,line_of_sight,-138.9,-138.9,-3.74,False,False,True,,,,
cranmore_top<->hurricane_col,2.46,line_of_sight,-139.2,-139.2,-7.24,False,False,True,,,,
mt_hale<->twin_mountain_village,8.5,line_of_sight,-139.0,-139.2,-5.08,False,False,True,,,,
hancock_th<->willey_summit,8.66,line_of_sight,-139.1,-139.2,-5.22,False,False,True,,,,
greeley_ponds<->tremont_summit,9.59,line_of_sight,-139.2,-139.3,-7.12,False,False,True,,,,
crag_camp<->clay_relay,2.87,line_of_sight,-139.3,-139.3,-7.36,False,False,True,,,,
clay_relay<->jackson_summit,10.61,line_of_sight,-139.3,-139.4,-3.25,False,False,True,,,,
greeley_ponds<->signal_ridge,9.22,line_of_sight,-139.4,-139.4,-5.29,False,False,True,,,,
mt_hight<->wild_river_cg,10.14,line_of_sight,-139.4,-139.5,-3.92,False,False,True,,,,
rumney_village<->rumney_cliff_top,6.96,line_of_sight,-139.4,-139.5,-9.52,False,False,True,,,,
thunderstorm_jct<->carter_dome,10.7,line_of_sight,-139.6,-139.6,-0.97,False,False,True,,,,
pinkham_notch_vc<->carter_dome,6.02,line_of_sight,-139.6,-139.7,-3.12,False,False,True,,,,
moose_mtn_at<->moose_mtn_lodge,1.82,line_of_sight,-139.6,-139.7,-7.52,False,False,True,,,,
mt_hight<->wild_river_blue_brook,5.88,line_of_sight,-139.7,-139.7,-6.32,False,False,True,,,,
percy_peaks<->victor_head,1.81,line_of_sight,-139.8,-139.8,-9.3,False,False,True,,,,
pulpit_rock<->middle_carter,4.64,line_of_sight,-139.8,-139.8,-9.51,False,False,True,,,,
rattlesnake_west<->mead_base,5.99,line_of_sight,-139.9,-140.0,-4.4,False,False,True,,,,
cabot_summit<->the_horn,2.01,line_of_sight,-140.0,-140.0,-7.3,False,False,True,,,,
imp_shelter<->zeta_pass,1.78,line_of_sight,-140.1,-140.1,-5.88,False,False,True,,,,
dolly_copp<->great_gulf_th,2.61,line_of_sight,-140.1,-140.1,-9.54,False,False,True,,,,
baldface_s<->wild_river_blue_brook,6.71,line_of_sight,-140.1,-140.1,-5.7,False,False,True,,,,
pillsbury_sp<->faxon_hill,4.83,line_of_sight,-140.0,-140.1,-5.83,False,False,True,,,,
hermit_lake<->glen_ellis,3.25,line_of_sight,-140.3,-140.3,-14.16,False,False,True,,,,
crag_camp<->carter_dome,11.42,line_of_sight,-140.2,-140.3,-1.06,False,False,True,,,,
whiteface_summit<->passaconaway,3.08,line_of_sight,-140.3,-140.3,-5.39,False,False,True,,,,
first_lake_dam<->deer_mtn_pittsburg,7.19,line_of_sight,-140.3,-140.4,-5.04,False,False,True,,,,
glen_house<->wildcat_a,2.75,line_of_sight,-140.5,-140.5,-6.97,False,False,True,,,,
flume_vc<->greenleaf_hut,7.24,line_of_sight,-140.2,-140.5,-2.17,False,False,True,,,,
cranmore_ledge<->jackson_village,11.92,line_of_sight,-140.3,-140.5,-4.05,False,False,True,,,,
doublehead_n<->iron_s_ledge,9.49,line_of_sight,-140.3,-140.5,-2.57,False,False,True,,,,
lafayette_summit<->galehead_hut,6.75,line_of_sight,-140.4,-140.5,-3.07,False,False,True,,,,
jackson_village<->iron_s_ledge,6.38,line_of_sight,-140.4,-140.5,-3.68,False,False,True,,,,
jewell_relay<->nelson_crag,3.29,line_of_sight,-140.4,-140.5,-8.19,False,False,True,,,,
thunderstorm_jct<->glen_ellis,9.23,line_of_sight,-140.5,-140.6,-7.7,False,False,True,,,,
lakes_hut<->pierce_relay,6.19,line_of_sight,-140.4,-140.6,-6.9,False,False,True,,,,
lion_head<->pierce_relay,8.36,line_of_sight,-140.2,-140.6,-9.88,False,False,True,,,,
lakes_hut<->isolation_davis,4.15,line_of_sight,-140.5,-140.6,-6.83,False,False,True,,,,
summit_shermanadams<->clay_relay,2.51,line_of_sight,-140.7,-140.7,-6.96,False,False,True,,,,
wildcat_a<->carter_dome,3.16,line_of_sight,-140.6,-140.7,-13.52,False,False,True,,,,
dolly_copp<->thunderstorm_jct,3.57,line_of_sight,-140.7,-140.7,-12.16,False,False,True,,,,
rumney_village<->rattlesnake_rumney,4.4,line_of_sight,-140.6,-140.7,-7.7,False,False,True,,,,
eisenhower_relay<->madison_summit,11.29,line_of_sight,-140.7,-140.8,-4.86,False,False,True,,,,
highland_center<->monroe_flank,8.32,line_of_sight,-140.6,-140.8,-4.45,False,False,True,,,,
percy_peaks<->sugarloaf_nash,8.56,line_of_sight,-140.8,-140.9,-2.97,False,False,True,,,,
lincoln_woods_th<->thirteen_falls,9.86,line_of_sight,-140.7,-140.9,-3.41,False,False,True,,,,
whiteface_summit<->noon_peak,7.17,line_of_sight,-141.2,-141.2,-5.07,False,False,True,,,,
carter_notch_hut<->doublehead_n,11.57,line_of_sight,-141.1,-141.2,-4.68,False,False,True,,,,
madison_hut<->grayknob_cabin,2.93,line_of_sight,-141.3,-141.3,-14.2,False,False,True,,,,
carter_dome<->south_carter,1.67,line_of_sight,-141.3,-141.3,-14.93,False,False,True,,,,
clay_relay<->nelson_crag,2.41,line_of_sight,-141.3,-141.3,-8.94,False,False,True,,,,
jackson_summit<->zeacliff,9.35,line_of_sight,-141.1,-141.3,-10.8,False,False,True,,,,
dartmouth_skiway<->lambert_ridge,4.17,line_of_sight,-141.2,-141.3,-3.95,False,False,True,,,,
south_twin<->mt_hale,2.87,line_of_sight,-141.4,-141.4,-5.67,False,False,True,,,,
willey_summit<->notchland_inn,7.37,line_of_sight,-141.2,-141.4,-5.97,False,False,True,,,,
first_lake_dam<->deer_mtn_cg,6.52,line_of_sight,-141.2,-141.4,-5.42,False,False,True,,,,
jefferson_lawn<->cherry_mtn,11.41,line_of_sight,-141.0,-141.5,-1.74,False,False,True,,,,
madison_summit<->durand_ridge,2.11,line_of_sight,-141.6,-141.6,-5.2,False,False,True,,,,
gateway_marshfield<->webster_cliff,8.01,line_of_sight,-141.5,-141.7,-5.86,False,False,True,,,,
grayknob_cabin<->cherry_mtn,11.44,line_of_sight,-141.4,-141.7,-1.72,False,False,True,,,,
jennings_peak<->mt_israel,8.85,line_of_sight,-141.5,-141.8,-2.3,False,False,True,,,,
morgan_percival<->mead_base,8.92,line_of_sight,-141.6,-141.8,-5.56,False,False,True,,,,
glencliff_th<->black_mtn_benton,5.87,line_of_sight,-141.8,-141.9,-6.86,False,False,True,,,,
flume_vc<->little_haystack,5.99,line_of_sight,-142.0,-142.0,-5.77,False,False,True,,,,
ammo_relay<->pierce_relay,6.42,line_of_sight,-141.8,-142.0,-6.72,False,False,True,,,,
lafayette_place<->greenleaf_hut,2.7,line_of_sight,-142.1,-142.1,-6.01,False,False,True,,,,
shaw_summit<->turtleback_mtn,3.69,line_of_sight,-142.1,-142.2,-9.82,False,False,True,,,,
ammo_relay<->clay_relay,2.71,line_of_sight,-142.2,-142.2,-9.21,False,False,True,,,,
lakes_hut<->carter_dome,11.17,line_of_sight,-141.6,-142.2,-7.69,False,False,True,,,,
smarts_mtn<->lambert_ridge,2.24,line_of_sight,-142.2,-142.2,-6.71,False,False,True,,,,
jackson_summit<->cog_skyline,8.53,line_of_sight,-142.2,-142.3,-6.09,False,False,True,,,,
rumney_village<->buffalo_rd_lot,6.71,line_of_sight,-142.3,-142.4,-8.49,False,False,True,,,,
rattlesnake_west<->mt_israel,7.34,line_of_sight,-142.2,-142.4,-5.57,False,False,True,,,,
washington_town<->pillsbury_sp,6.67,line_of_sight,-142.3,-142.5,-6.91,False,False,True,,,,
pinkham_notch_vc<->hermit_lake,2.52,line_of_sight,-142.5,-142.5,-9.58,False,False,True,,,,
jackson_village<->attitash_base,7.62,line_of_sight,-142.4,-142.5,-5.58,False,False,True,,,,
durand_ridge<->gorham_info,10.47,line_of_sight,-142.3,-142.5,-4.53,False,False,True,,,,
carter_dome<->middle_carter,3.21,line_of_sight,-142.5,-142.5,-7.9,False,False,True,,,,
waterville_valley<->whiteface_summit,7.56,line_of_sight,-142.6,-142.6,-6.86,False,False,True,,,,
jewell_relay<->isolation_davis,7.09,line_of_sight,-142.4,-142.7,-19.27,False,False,True,,,,
passaconaway<->noon_peak,9.94,line_of_sight,-142.6,-142.7,-5.23,False,False,True,,,,
pierce_relay<->sugarloaf_middle,9.44,line_of_sight,-142.7,-142.8,-5.14,False,False,True,,,,
great_gulf_th<->gorham_info,10.57,line_of_sight,-142.4,-142.8,-3.6,False,False,True,,,,
blue_ridge_ledge<->moosilauke_s_peak,2.46,line_of_sight,-142.9,-142.9,-8.08,False,False,True,,,,
moriah_summit<->wild_river_blue_brook,6.05,line_of_sight,-142.8,-142.9,-5.83,False,False,True,,,,
grayknob_cabin<->great_gulf_th,4.52,line_of_sight,-143.1,-143.2,-6.08,False,False,True,,,,
ammo_relay<->jefferson_lawn,4.15,line_of_sight,-143.2,-143.2,-7.94,False,False,True,,,,
baldface_s<->mt_hight,9.17,line_of_sight,-143.2,-143.2,-4.62,False,False,True,,,,
lafayette_place<->kinsman_n,4.74,line_of_sight,-143.4,-143.4,-5.91,False,False,True,,,,
highland_center<->mizpah_hut,3.34,line_of_sight,-143.4,-143.4,-6.85,False,False,True,,,,
madison_hut<->carter_dome,10.69,line_of_sight,-142.9,-143.5,-4.15,False,False,True,,,,
imp_shelter<->pulpit_rock,5.32,line_of_sight,-143.4,-143.5,-6.03,False,False,True,,,,
summit_shermanadams<->highland_center,10.42,line_of_sight,-143.5,-143.6,-4.57,False,False,True,,,,
crag_camp<->great_gulf_th,4.04,line_of_sight,-143.6,-143.6,-8.02,False,False,True,,,,
pinkham_notch_vc<->great_gulf_th,6.25,line_of_sight,-143.7,-143.8,-6.04,False,False,True,,,,
south_twin<->bondcliff,5.25,line_of_sight,-144.0,-144.0,-5.95,False,False,True,,,,
kanc_pass<->loon_summit,6.47,line_of_sight,-143.9,-144.0,-7.51,False,False,True,,,,
madison_hut<->lion_head,6.89,line_of_sight,-143.9,-144.1,-9.63,False,False,True,,,,
baldface_s<->wild_river_cg,8.02,line_of_sight,-144.2,-144.2,-6.38,False,False,True,,,,
rockywold_camps<->mead_base,8.43,line_of_sight,-144.0,-144.2,-3.95,False,False,True,,,,
madison_summit<->carter_dome,10.38,line_of_sight,-144.1,-144.2,-1.33,False,False,True,,,,
monroe_flank<->nelson_crag,3.03,line_of_sight,-144.3,-144.4,-11.81,False,False,True,,,,
moosilauke_summit<->kinsman_notch,3.53,line_of_sight,-144.4,-144.4,-10.52,False,False,True,,,,
garfield_summit<->hancock_th,11.61,line_of_sight,-144.3,-144.4,-6.13,False,False,True,,,,
madison_hut<->glen_ellis,9.88,line_of_sight,-143.8,-144.4,-6.46,False,False,True,,,,
whiteface_summit<->chocorua_summit,2.2,line_of_sight,-144.5,-144.5,-9.99,False,False,True,,,,
shaw_summit<->mt_roberts,4.65,line_of_sight,-144.6,-144.6,-5.45,False,False,True,,,,
guyot_summit<->owls_head_slide,6.94,line_of_sight,-144.4,-144.7,-9.92,False,False,True,,,,
lion_head<->jackson_summit,9.55,line_of_sight,-144.6,-144.7,-8.26,False,False,True,,,,
glen_house<->carter_dome,4.32,line_of_sight,-144.8,-144.8,-5.12,False,False,True,,,,
madison_hut<->crag_camp,2.35,line_of_sight,-144.7,-144.8,-14.09,False,False,True,,,,
grayknob_cabin<->glen_house,7.46,line_of_sight,-144.6,-144.8,-2.87,False,False,True,,,,
dolly_copp<->gorham_info,8.54,line_of_sight,-144.7,-144.9,-4.82,False,False,True,,,,
jefferson_lawn<->madison_summit,4.22,line_of_sight,-145.0,-145.0,-4.72,False,False,True,,,,
south_twin<->guyot_summit,3.21,line_of_sight,-145.2,-145.2,-8.97,False,False,True,,,,
twin_mountain_village<->sugarloaf_middle,4.19,line_of_sight,-145.2,-145.2,-9.19,False,False,True,,,,
jennings_peak<->mead_base,10.18,line_of_sight,-144.8,-145.2,-2.37,False,False,True,,,,
dolly_copp<->south_carter,9.37,line_of_sight,-145.2,-145.2,-4.08,False,False,True,,,,
great_gulf_th<->pulpit_rock,7.28,line_of_sight,-145.2,-145.3,-3.83,False,False,True,,,,
carter_dome<->zeta_pass,2.23,line_of_sight,-145.3,-145.3,-15.7,False,False,True,,,,
grayknob_cabin<->pulpit_rock,10.57,line_of_sight,-144.7,-145.3,-8.38,False,False,True,,,,
flume_vc<->loon_summit,8.34,line_of_sight,-145.3,-145.4,-5.61,False,False,True,,,,
lovewell_mtn<->pillsbury_sp,8.88,line_of_sight,-145.1,-145.5,-5.0,False,False,True,,,,
imp_shelter<->mt_hight,3.54,line_of_sight,-145.6,-145.6,-11.69,False,False,True,,,,
carrigain_summit<->kanc_pass,9.69,line_of_sight,-145.3,-145.6,-5.33,False,False,True,,,,
jackson_village<->iron_mtn,6.19,line_of_sight,-145.5,-145.6,-8.07,False,False,True,,,,
rumney_village<->stinson_lake_gw,5.58,line_of_sight,-145.5,-145.6,-9.48,False,False,True,,,,
crag_camp<->eisenhower_relay,8.86,line_of_sight,-145.7,-145.7,-5.78,False,False,True,,,,
glen_house<->south_carter,4.68,line_of_sight,-145.6,-145.7,-8.22,False,False,True,,,,
webster_cliff<->cog_skyline,9.48,line_of_sight,-145.6,-145.7,-6.44,False,False,True,,,,
carter_dome<->north_carter,4.31,line_of_sight,-145.7,-145.8,-8.58,False,False,True,,,,
mizpah_hut<->clay_relay,8.85,line_of_sight,-145.4,-145.8,-7.07,False,False,True,,,,
south_twin<->hancock_th,9.48,line_of_sight,-145.8,-145.9,-6.3,False,False,True,,,,
holts_ledge<->smarts_ranger_ledge,3.2,line_of_sight,-145.9,-145.9,-10.56,False,False,True,,,,
flume_vc<->kinsman_pond,4.15,line_of_sight,-145.8,-145.9,-6.97,False,False,True,,,,
pinkham_notch_vc<->madison_summit,8.13,line_of_sight,-145.9,-146.0,-5.65,False,False,True,,,,
dartmouth_skiway<->smarts_ranger_ledge,5.25,line_of_sight,-145.9,-146.0,-7.58,False,False,True,,,,
carter_notch_hut<->middle_carter,4.71,line_of_sight,-146.1,-146.1,-18.07,False,False,True,,,,
jefferson_lawn<->glen_house,7.54,line_of_sight,-146.0,-146.2,-3.6,False,False,True,,,,
pittsburg_village<->deer_mtn_pittsburg,10.28,line_of_sight,-145.9,-146.2,-5.22,False,False,True,,,,
madison_hut<->boott_spur,7.96,line_of_sight,-146.1,-146.2,-8.96,False,False,True,,,,
shaw_summit<->faraway_ledge,3.39,line_of_sight,-146.2,-146.3,-7.04,False,False,True,,,,
castle_clouds<->faraway_ledge,3.2,line_of_sight,-146.3,-146.3,-12.73,False,False,True,,,,
south_twin<->owls_head_slide,8.11,line_of_sight,-146.1,-146.4,-11.08,False,False,True,,,,
lion_head<->webster_cliff,10.71,line_of_sight,-146.2,-146.4,-8.66,False,False,True,,,,
sawyer_river_th<->signal_ridge,3.2,line_of_sight,-146.5,-146.5,-6.56,False,False,True,,,,
north_carter<->south_carter,2.66,line_of_sight,-146.5,-146.5,-9.6,False,False,True,,,,
ravine_lodge<->blue_ridge_ledge,3.7,line_of_sight,-146.4,-146.5,-8.84,False,False,True,,,,
greeley_ponds<->tripyramid_n,7.61,line_of_sight,-146.4,-146.6,-7.38,False,False,True,,,,
eisenhower_relay<->willey_summit,11.46,line_of_sight,-146.1,-146.6,-10.76,False,False,True,,,,
miller_hq<->temple_mtn_ledges,3.22,line_of_sight,-146.6,-146.6,-12.42,False,False,True,,,,
lincoln_woods_th<->owls_head_slide,6.68,line_of_sight,-146.7,-146.7,-6.39,False,False,True,,,,
guyot_summit<->mt_hale,2.75,line_of_sight,-146.7,-146.7,-10.31,False,False,True,,,,
webster_cliff<->mt_hale,10.43,line_of_sight,-146.7,-146.8,-5.83,False,False,True,,,,
noon_peak<->tecumseh_ski_top,4.68,line_of_sight,-146.8,-146.8,-5.59,False,False,True,,,,
sandwich_dome<->ferncroft_th,7.71,line_of_sight,-146.8,-146.9,-5.99,False,False,True,,,,
whiteface_summit<->white_ledge_cg,4.02,line_of_sight,-146.8,-146.9,-12.04,False,False,True,,,,
lakes_hut<->mizpah_hut,5.96,line_of_sight,-146.8,-147.0,-7.26,False,False,True,,,,
boott_spur<->thunderstorm_jct,7.05,line_of_sight,-147.0,-147.0,-6.54,False,False,True,,,,
webster_cliff<->willey_summit,5.93,line_of_sight,-146.8,-147.0,-7.22,False,False,True,,,,
greenleaf_hut<->owls_head_slide,6.31,line_of_sight,-147.1,-147.1,-19.52,False,False,True,,,,
moriah_summit<->north_carter,4.8,line_of_sight,-147.1,-147.2,-7.24,False,False,True,,,,
cranmore_top<->rocky_branch_knoll,10.78,line_of_sight,-147.1,-147.3,-6.74,False,False,True,,,,
wildcat_a<->pulpit_rock,1.55,line_of_sight,-147.3,-147.3,-23.34,False,False,True,,,,
glen_ellis<->glen_house,5.65,line_of_sight,-147.3,-147.3,-11.01,False,False,True,,,,
kilkenny_lookout<->the_bulge,2.65,line_of_sight,-147.3,-147.3,-12.9,False,False,True,,,,
pinkham_notch_vc<->thunderstorm_jct,7.59,line_of_sight,-147.3,-147.3,-6.34,False,False,True,,,,
willey_summit<->signal_ridge,8.3,line_of_sight,-147.3,-147.5,-4.95,False,False,True,,,,
jefferson_lawn<->great_gulf_th,5.02,line_of_sight,-147.5,-147.5,-5.22,False,False,True,,,,
jackson_summit<->notchland_inn,11.04,line_of_sight,-146.8,-147.5,-4.6,False,False,True,,,,
zeacliff<->mt_hale,2.26,line_of_sight,-147.6,-147.6,-11.36,False,False,True,,,,
jefferson_lawn<->isolation_davis,9.07,line_of_sight,-147.5,-147.6,-9.13,False,False,True,,,,
glen_house<->pulpit_rock,3.54,line_of_sight,-147.6,-147.6,-11.41,False,False,True,,,,
greeley_ponds<->loon_summit,8.5,line_of_sight,-147.6,-147.7,-9.23,False,False,True,,,,
lakes_hut<->nelson_crag,2.62,line_of_sight,-147.7,-147.8,-14.88,False,False,True,,,,
monroe_flank<->glen_ellis,5.61,line_of_sight,-147.7,-147.8,-19.2,False,False,True,,,,
imp_shelter<->moriah_summit,5.12,line_of_sight,-147.9,-147.9,-6.67,False,False,True,,,,
boott_spur<->madison_summit,8.1,line_of_sight,-148.0,-148.0,-6.49,False,False,True,,,,
cabot_summit<->unknown_pond,3.86,line_of_sight,-148.0,-148.0,-6.78,False,False,True,,,,
monroe_flank<->madison_summit,8.83,line_of_sight,-148.0,-148.0,-6.12,False,False,True,,,,
tripyramid_n<->tremont_summit,11.05,line_of_sight,-148.0,-148.1,-3.03,False,False,True,,,,
highland_center<->caps_ridge_th,9.99,line_of_sight,-147.8,-148.1,-7.64,False,False,True,,,,
baldface_s<->middle_carter,9.6,line_of_sight,-148.0,-148.1,-5.88,False,False,True,,,,
carrigain_summit<->tremont_summit,2.62,line_of_sight,-148.0,-148.1,-9.24,False,False,True,,,,
turtleback_mtn<->ossipee_saddle,2.41,line_of_sight,-148.1,-148.1,-12.47,False,False,True,,,,
chocorua_summit<->noon_peak,8.69,line_of_sight,-148.1,-148.2,-14.25,False,False,True,,,,
whiteface_summit<->flat_mtn_pond,6.7,line_of_sight,-148.1,-148.2,-4.73,False,False,True,,,,
hancock_th<->thirteen_falls,7.74,line_of_sight,-148.3,-148.3,-8.39,False,False,True,,,,
tremont_summit<->signal_ridge,2.6,line_of_sight,-148.3,-148.3,-13.35,False,False,True,,,,
chocorua_summit<->white_ledge_cg,4.09,line_of_sight,-148.3,-148.4,-12.57,False,False,True,,,,
lakes_hut<->thunderstorm_jct,7.12,line_of_sight,-148.4,-148.5,-6.7,False,False,True,,,,
carter_notch_hut<->imp_shelter,5.43,line_of_sight,-148.4,-148.5,-12.18,False,False,True,,,,
lincoln_woods_th<->hancock_th,7.38,line_of_sight,-148.3,-148.5,-14.15,False,False,True,,,,
pillsbury_sp<->millen_pond,5.78,line_of_sight,-148.5,-148.6,-8.2,False,False,True,,,,
carter_dome<->moriah_summit,9.11,line_of_sight,-148.1,-148.6,-5.78,False,False,True,,,,
lafayette_summit<->south_twin,7.81,line_of_sight,-148.7,-148.7,-1.84,False,False,True,,,,
pittsburg_village<->deer_mtn_cg,9.9,line_of_sight,-148.3,-148.7,-4.27,False,False,True,,,,
sawyer_river_th<->tripyramid_n,10.22,line_of_sight,-148.5,-148.7,-3.56,False,False,True,,,,
madison_hut<->jefferson_lawn,3.82,line_of_sight,-148.7,-148.7,-13.25,False,False,True,,,,
lyme_dorchester_th<->moose_s_ledge,9.87,line_of_sight,-148.4,-148.7,-6.57,False,False,True,,,,
madison_hut<->great_gulf_th,2.71,line_of_sight,-148.6,-148.7,-9.41,False,False,True,,,,
liberty_summit<->kinsman_n,7.61,line_of_sight,-148.7,-148.8,-2.84,False,False,True,,,,
madison_hut<->clay_relay,5.03,line_of_sight,-148.7,-148.8,-14.67,False,False,True,,,,
sunapee_summit<->newbury_station,4.0,line_of_sight,-148.7,-148.8,-10.37,False,False,True,,,,
great_gulf_th<->carter_dome,7.99,line_of_sight,-149.0,-149.0,-2.58,False,False,True,,,,
castle_clouds<->ossipee_saddle,4.14,line_of_sight,-148.9,-149.0,-15.45,False,False,True,,,,
madison_hut<->pulpit_rock,9.91,line_of_sight,-148.6,-149.1,-4.36,False,False,True,,,,
mizpah_hut<->caps_ridge_th,8.78,line_of_sight,-148.8,-149.2,-10.75,False,False,True,,,,
kanc_pass<->owls_head_slide,10.52,line_of_sight,-149.0,-149.2,-6.58,False,False,True,,,,
hancock_th<->loon_summit,11.36,line_of_sight,-149.2,-149.3,-9.13,False,False,True,,,,
tecumseh_ski_top<->jennings_peak,7.42,line_of_sight,-149.2,-149.3,-4.53,False,False,True,,,,
cranmore_top<->doublehead_n,11.85,line_of_sight,-148.8,-149.3,-7.24,False,False,True,,,,
garfield_summit<->south_twin,4.51,line_of_sight,-149.3,-149.3,-3.25,False,False,True,,,,
sandwich_dome<->white_ledge_cg,8.49,line_of_sight,-149.3,-149.4,-8.27,False,False,True,,,,
nelson_crag<->imp_shelter,11.29,line_of_sight,-149.2,-149.4,-4.47,False,False,True,,,,
mizpah_hut<->zealand_hut,10.25,line_of_sight,-149.4,-149.5,-6.91,False,False,True,,,,
grayknob_cabin<->clay_relay,2.42,line_of_sight,-149.5,-149.5,-15.25,False,False,True,,,,
loon_summit<->owls_head_slide,9.8,line_of_sight,-149.6,-149.6,-5.73,False,False,True,,,,
ammo_relay<->lion_head,2.46,line_of_sight,-149.6,-149.6,-24.53,False,False,True,,,,
mizpah_hut<->ammo_relay,6.35,line_of_sight,-149.5,-149.7,-10.76,False,False,True,,,,
south_twin<->sugarloaf_middle,7.34,line_of_sight,-149.6,-149.7,-15.51,False,False,True,,,,
shaw_summit<->ossipee_saddle,2.27,line_of_sight,-149.7,-149.7,-13.07,False,False,True,,,,
grayknob_cabin<->boott_spur,6.31,line_of_sight,-149.7,-149.8,-16.05,False,False,True,,,,
magalloway_tower<->second_lake_dam,7.34,line_of_sight,-149.6,-149.8,-8.16,False,False,True,,,,
madison_hut<->dolly_copp,2.6,line_of_sight,-149.8,-149.8,-20.23,False,False,True,,,,
shaw_summit<->castle_clouds,6.04,line_of_sight,-149.7,-149.8,-11.96,False,False,True,,,,
clay_relay<->great_gulf_th,5.65,line_of_sight,-149.7,-149.8,-5.76,False,False,True,,,,
gateway_marshfield<->jackson_summit,7.22,line_of_sight,-149.9,-150.0,-8.76,False,False,True,,,,
glen_ellis<->carter_dome,6.57,line_of_sight,-150.1,-150.1,-15.81,False,False,True,,,,
glen_house<->imp_shelter,5.45,line_of_sight,-150.0,-150.1,-17.63,False,False,True,,,,
appalachia_th<->madison_summit,4.93,line_of_sight,-150.1,-150.1,-5.7,False,False,True,,,,
nelson_crag<->cog_skyline,3.11,line_of_sight,-150.1,-150.1,-12.33,False,False,True,,,,
thunderstorm_jct<->cog_skyline,6.08,line_of_sight,-150.1,-150.1,-8.04,False,False,True,,,,
newbury_station<->bryant_ledge,11.71,line_of_sight,-149.9,-150.2,-7.95,False,False,True,,,,
wildcat_d<->imp_shelter,7.06,line_of_sight,-150.0,-150.2,-10.1,False,False,True,,,,
thunderstorm_jct<->durand_ridge,2.79,line_of_sight,-150.2,-150.2,-7.49,False,False,True,,,,
north_carter<->zeta_pass,2.08,line_of_sight,-150.3,-150.3,-13.74,False,False,True,,,,
pinkham_notch_vc<->dolly_copp,8.85,line_of_sight,-150.3,-150.4,-5.63,False,False,True,,,,
jewell_relay<->boott_spur,4.53,line_of_sight,-150.3,-150.4,-16.65,False,False,True,,,,
shaw_summit<->bald_knob_ossipee,5.21,line_of_sight,-150.3,-150.4,-8.26,False,False,True,,,,
grayknob_cabin<->dolly_copp,5.48,line_of_sight,-150.4,-150.5,-21.99,False,False,True,,,,
kanc_pass<->tripyramid_n,10.39,line_of_sight,-150.2,-150.5,-10.54,False,False,True,,,,
chocorua_summit<->jennings_peak,8.4,line_of_sight,-150.5,-150.5,-6.72,False,False,True,,,,
nash_stream_th<->the_horn,8.38,line_of_sight,-150.4,-150.6,-11.88,False,False,True,,,,
lyme_dorchester_th<->moose_mtn_lodge,10.76,line_of_sight,-150.0,-150.7,-8.18,False,False,True,,,,
sawyer_river_th<->greeley_ponds,9.13,line_of_sight,-150.6,-150.7,-8.97,False,False,True,,,,
cranmore_top<->jackson_village,11.29,line_of_sight,-150.3,-150.7,-5.91,False,False,True,,,,
webster_cliff<->isolation_davis,6.34,line_of_sight,-150.7,-150.7,-8.52,False,False,True,,,,
tripyramid_n<->champney_th,11.98,line_of_sight,-150.0,-150.8,-7.76,False,False,True,,,,
greenleaf_hut<->garfield_summit,4.91,line_of_sight,-150.8,-150.8,-8.52,False,False,True,,,,
clay_relay<->isolation_davis,7.64,line_of_sight,-150.6,-150.9,-11.31,False,False,True,,,,
ammo_relay<->nelson_crag,2.45,line_of_sight,-151.0,-151.0,-20.48,False,False,True,,,,
highland_center<->lakes_hut,8.68,line_of_sight,-150.9,-151.1,-6.72,False,False,True,,,,
guyot_summit<->bondcliff,2.51,line_of_sight,-151.1,-151.1,-13.52,False,False,True,,,,
thunderstorm_jct<->pulpit_rock,9.77,line_of_sight,-151.0,-151.1,-4.11,False,False,True,,,,
monroe_flank<->boott_spur,2.19,line_of_sight,-151.2,-151.2,-12.98,False,False,True,,,,
newbury_station<->pillsbury_sp,10.83,line_of_sight,-151.0,-151.2,-8.02,False,False,True,,,,
percy_peaks<->nash_stream_th,2.28,line_of_sight,-151.2,-151.2,-16.71,False,False,True,,,,
turtleback_mtn<->black_snout,2.86,line_of_sight,-151.2,-151.2,-10.94,False,False,True,,,,
smarts_mtn<->lyme_dorchester_th,4.7,line_of_sight,-151.3,-151.3,-6.73,False,False,True,,,,
smarts_mtn<->holts_ledge,4.33,line_of_sight,-151.3,-151.3,-7.1,False,False,True,,,,
ravine_lodge<->glencliff_th,6.12,line_of_sight,-151.3,-151.4,-16.95,False,False,True,,,,
nelson_crag<->south_carter,10.28,line_of_sight,-151.4,-151.5,-3.37,False,False,True,,,,
kanc_pass<->signal_ridge,8.93,line_of_sight,-151.4,-151.5,-8.6,False,False,True,,,,
kanc_pass<->tremont_summit,10.03,line_of_sight,-151.2,-151.6,-13.82,False,False,True,,,,
clay_relay<->carter_dome,11.42,line_of_sight,-150.8,-151.6,-9.14,False,False,True,,,,
sandwich_dome<->whiteface_summit,6.19,line_of_sight,-151.6,-151.6,-8.34,False,False,True,,,,
attitash_base<->iron_s_ledge,2.31,line_of_sight,-151.6,-151.6,-16.23,False,False,True,,,,
dolly_copp<->carter_dome,9.76,line_of_sight,-151.6,-151.7,-2.62,False,False,True,,,,
wildcat_d<->glen_ellis,2.92,line_of_sight,-151.8,-151.8,-12.86,False,False,True,,,,
wildcat_a<->imp_shelter,6.25,line_of_sight,-151.6,-151.8,-12.41,False,False,True,,,,
dolly_copp<->clay_relay,7.35,line_of_sight,-151.6,-151.8,-18.97,False,False,True,,,,
zeacliff<->willey_summit,4.71,line_of_sight,-151.7,-151.8,-10.95,False,False,True,,,,
ferncroft_th<->chocorua_summit,5.25,line_of_sight,-151.8,-151.9,-14.16,False,False,True,,,,
liberty_summit<->south_twin,10.72,line_of_sight,-151.2,-151.9,-7.14,False,False,True,,,,
zealand_hut<->willey_summit,5.4,line_of_sight,-151.9,-152.0,-10.35,False,False,True,,,,
baldface_s<->north_carter,10.01,line_of_sight,-151.9,-152.0,-4.49,False,False,True,,,,
black_cap<->attitash_base,11.81,line_of_sight,-151.5,-152.0,-10.06,False,False,True,,,,
thunderstorm_jct<->caps_ridge_th,5.55,line_of_sight,-151.9,-152.0,-10.49,False,False,True,,,,
tripyramid_n<->noon_peak,7.19,line_of_sight,-151.9,-152.0,-8.27,False,False,True,,,,
dolly_copp<->jefferson_lawn,6.3,line_of_sight,-151.9,-152.1,-17.09,False,False,True,,,,
jackson_village<->rocky_branch_knoll,6.9,line_of_sight,-152.0,-152.2,-10.55,False,False,True,,,,
boott_spur<->great_gulf_th,7.02,line_of_sight,-152.2,-152.2,-9.41,False,False,True,,,,
jewell_relay<->glen_ellis,8.08,line_of_sight,-151.9,-152.3,-34.73,False,False,True,,,,
cabot_summit<->percy_peaks,7.76,line_of_sight,-152.0,-152.3,-9.91,False,False,True,,,,
grayknob_cabin<->caps_ridge_th,3.65,line_of_sight,-152.3,-152.3,-15.22,False,False,True,,,,
guyot_summit<->zealand_hut,4.94,line_of_sight,-152.3,-152.4,-13.25,False,False,True,,,,
lakes_hut<->boott_spur,2.02,line_of_sight,-152.3,-152.4,-13.13,False,False,True,,,,
flume_vc<->bondcliff,11.99,line_of_sight,-152.1,-152.4,-16.76,False,False,True,,,,
willey_summit<->mt_hale,6.35,line_of_sight,-152.5,-152.5,-7.93,False,False,True,,,,
lion_head<->isolation_davis,5.29,line_of_sight,-152.4,-152.5,-12.12,False,False,True,,,,
grayknob_cabin<->cog_skyline,4.45,line_of_sight,-152.5,-152.5,-20.04,False,False,True,,,,
appalachia_th<->gorham_info,9.44,line_of_sight,-152.3,-152.5,-9.03,False,False,True,,,,
ammo_relay<->isolation_davis,4.99,line_of_sight,-152.5,-152.5,-26.78,False,False,True,,,,
crag_camp<->caps_ridge_th,4.22,line_of_sight,-152.5,-152.5,-12.56,False,False,True,,,,
crag_camp<->boott_spur,6.53,line_of_sight,-152.6,-152.6,-14.41,False,False,True,,,,
garfield_summit<->thirteen_falls,4.16,line_of_sight,-152.6,-152.6,-8.9,False,False,True,,,,
glen_house<->gorham_info,11.85,line_of_sight,-152.1,-152.6,-5.97,False,False,True,,,,
whiteface_summit<->piper_th,3.68,line_of_sight,-152.8,-152.8,-10.5,False,False,True,,,,
jewell_relay<->thunderstorm_jct,5.36,line_of_sight,-152.8,-152.8,-9.53,False,False,True,,,,
pulpit_rock<->south_carter,3.21,line_of_sight,-152.8,-152.8,-15.94,False,False,True,,,,
lion_head<->madison_summit,7.04,line_of_sight,-152.8,-152.8,-7.13,False,False,True,,,,
gorham_info<->moriah_summit,6.27,line_of_sight,-152.9,-152.9,-6.52,False,False,True,,,,
lion_head<->imp_shelter,11.34,line_of_sight,-152.8,-152.9,-4.58,False,False,True,,,,
holts_ledge<->moose_s_ledge,10.48,line_of_sight,-152.8,-153.0,-6.0,False,False,True,,,,
guyot_summit<->thirteen_falls,4.67,line_of_sight,-152.9,-153.0,-11.77,False,False,True,,,,
bald_knob_ossipee<->black_snout,4.23,line_of_sight,-152.9,-153.0,-9.43,False,False,True,,,,
ammo_relay<->boott_spur,2.62,line_of_sight,-153.0,-153.0,-21.6,False,False,True,,,,
holts_ledge<->moose_mtn_lodge,11.34,line_of_sight,-152.7,-153.0,-6.55,False,False,True,,,,
little_haystack<->south_twin,8.69,line_of_sight,-152.6,-153.1,-9.57,False,False,True,,,,
pierce_relay<->nelson_crag,8.79,line_of_sight,-152.6,-153.1,-11.25,False,False,True,,,,
highland_center<->lion_head,10.88,line_of_sight,-152.8,-153.2,-11.47,False,False,True,,,,
nelson_crag<->caps_ridge_th,5.2,line_of_sight,-153.3,-153.3,-8.5,False,False,True,,,,
lion_head<->thunderstorm_jct,5.98,line_of_sight,-153.3,-153.3,-7.54,False,False,True,,,,
lyme_dorchester_th<->moose_mtn_at,8.97,line_of_sight,-152.9,-153.3,-9.31,False,False,True,,,,
lion_head<->great_gulf_th,6.04,line_of_sight,-153.5,-153.5,-11.63,False,False,True,,,,
galehead_hut<->zealand_hut,6.04,line_of_sight,-153.5,-153.6,-21.69,False,False,True,,,,
jefferson_lawn<->glen_ellis,8.53,line_of_sight,-153.5,-153.6,-18.63,False,False,True,,,,
mizpah_hut<->nelson_crag,8.58,line_of_sight,-153.2,-153.6,-11.48,False,False,True,,,,
dartmouth_skiway<->moose_mtn_lodge,9.15,line_of_sight,-153.6,-153.7,-9.47,False,False,True,,,,
guyot_summit<->zeacliff,4.57,line_of_sight,-153.8,-153.8,-18.3,False,False,True,,,,
tripyramid_n<->chocorua_summit,4.45,line_of_sight,-153.9,-153.9,-10.31,False,False,True,,,,
cog_skyline<->cherry_mtn,11.8,line_of_sight,-153.8,-153.9,-9.29,False,False,True,,,,
cranmore_ledge<->attitash_base,10.93,line_of_sight,-153.8,-153.9,-10.55,False,False,True,,,,
ammo_relay<->webster_cliff,9.11,line_of_sight,-153.8,-154.0,-9.9,False,False,True,,,,
iron_mtn<->rocky_branch_knoll,2.14,line_of_sight,-154.0,-154.0,-20.79,False,False,True,,,,
cannon_tram_top<->galehead_hut,10.93,line_of_sight,-154.0,-154.1,-7.98,False,False,True,,,,
dickey_ledges<->tecumseh_ski_top,6.23,line_of_sight,-154.0,-154.1,-10.44,False,False,True,,,,
monroe_flank<->wildcat_d,7.58,line_of_sight,-154.1,-154.1,-8.82,False,False,True,,,,
mizpah_hut<->cog_skyline,6.75,line_of_sight,-154.2,-154.3,-9.39,False,False,True,,,,
wildcat_d<->pulpit_rock,2.18,line_of_sight,-154.3,-154.3,-20.4,False,False,True,,,,
hermit_lake<->imp_shelter,10.99,line_of_sight,-154.3,-154.4,-6.24,False,False,True,,,,
lincoln_woods_th<->loon_summit,4.02,line_of_sight,-154.3,-154.4,-11.71,False,False,True,,,,
percy_peaks<->the_bulge,7.23,line_of_sight,-154.3,-154.5,-12.19,False,False,True,,,,
ammo_relay<->jackson_summit,8.06,line_of_sight,-154.6,-154.6,-11.46,False,False,True,,,,
pinkham_notch_vc<->imp_shelter,8.92,line_of_sight,-154.5,-154.6,-12.76,False,False,True,,,,
ammo_relay<->glen_ellis,6.23,line_of_sight,-154.4,-154.6,-31.92,False,False,True,,,,
boott_spur<->imp_shelter,11.81,line_of_sight,-154.5,-154.6,-4.16,False,False,True,,,,
clay_relay<->boott_spur,4.26,line_of_sight,-154.6,-154.7,-21.46,False,False,True,,,,
galehead_hut<->bondcliff,5.59,line_of_sight,-154.8,-154.8,-8.38,False,False,True,,,,
greenleaf_hut<->south_twin,8.97,line_of_sight,-154.6,-154.8,-12.47,False,False,True,,,,
sandwich_dome<->passaconaway,9.2,line_of_sight,-154.9,-154.9,-8.17,False,False,True,,,,
galehead_hut<->guyot_summit,3.96,line_of_sight,-154.8,-154.9,-11.12,False,False,True,,,,
piper_th<->white_ledge_cg,2.77,line_of_sight,-155.0,-155.0,-16.91,False,False,True,,,,
liberty_summit<->owls_head_slide,3.44,line_of_sight,-155.1,-155.1,-9.12,False,False,True,,,,
madison_hut<->hermit_lake,7.5,line_of_sight,-154.8,-155.1,-18.39,False,False,True,,,,
grayknob_cabin<->pierce_relay,11.01,line_of_sight,-154.7,-155.2,-15.35,False,False,True,,,,
grayknob_cabin<->durand_ridge,4.12,line_of_sight,-155.2,-155.2,-14.25,False,False,True,,,,
crag_camp<->pierce_relay,11.53,line_of_sight,-154.9,-155.2,-11.41,False,False,True,,,,
madison_hut<->monroe_flank,8.58,line_of_sight,-155.2,-155.3,-6.71,False,False,True,,,,
gorham_info<->gentian_pond,8.49,line_of_sight,-155.1,-155.3,-9.31,False,False,True,,,,
castle_clouds<->black_snout,5.09,line_of_sight,-155.3,-155.4,-11.76,False,False,True,,,,
pinkham_notch_vc<->madison_hut,8.18,line_of_sight,-155.2,-155.4,-7.36,False,False,True,,,,
chocorua_summit<->champney_th,9.51,line_of_sight,-155.4,-155.5,-8.26,False,False,True,,,,
grayknob_cabin<->glen_ellis,9.1,line_of_sight,-155.4,-155.5,-22.36,False,False,True,,,,
lakes_hut<->hermit_lake,2.72,line_of_sight,-155.5,-155.5,-19.94,False,False,True,,,,
rumney_village<->stinson_summit,4.49,line_of_sight,-155.5,-155.5,-12.5,False,False,True,,,,
osceola_summit<->loon_summit,9.08,line_of_sight,-155.3,-155.6,-13.8,False,False,True,,,,
pulpit_rock<->mt_hight,2.26,line_of_sight,-155.6,-155.6,-20.35,False,False,True,,,,
percy_peaks<->kilkenny_lookout,9.84,line_of_sight,-155.2,-155.6,-12.63,False,False,True,,,,
mt_hight<->middle_carter,2.72,line_of_sight,-155.7,-155.7,-15.29,False,False,True,,,,
owls_head_slide<->mt_hale,9.52,line_of_sight,-155.3,-155.7,-12.4,False,False,True,,,,
monroe_flank<->glen_house,8.49,line_of_sight,-155.6,-155.7,-11.81,False,False,True,,,,
highland_center<->ammo_relay,8.82,line_of_sight,-155.6,-155.8,-9.58,False,False,True,,,,
carter_notch_hut<->mt_hight,2.18,line_of_sight,-155.8,-155.8,-21.48,False,False,True,,,,
lakes_hut<->grayknob_cabin,5.88,line_of_sight,-155.9,-155.9,-11.29,False,False,True,,,,
gateway_marshfield<->highland_center,6.92,line_of_sight,-155.8,-155.9,-12.47,False,False,True,,,,
whiteface_summit<->ferncroft_th,4.54,line_of_sight,-156.0,-156.0,-11.49,False,False,True,,,,
champney_th<->rocky_branch_knoll,11.5,line_of_sight,-155.8,-156.0,-10.78,False,False,True,,,,
grayknob_cabin<->jewell_relay,3.62,line_of_sight,-156.0,-156.0,-18.81,False,False,True,,,,
flume_vc<->kinsman_n,5.57,line_of_sight,-155.9,-156.0,-8.16,False,False,True,,,,
south_twin<->zeacliff,5.04,line_of_sight,-156.0,-156.0,-9.88,False,False,True,,,,
madison_hut<->wildcat_d,8.89,line_of_sight,-156.0,-156.1,-4.26,False,False,True,,,,
grayknob_cabin<->lion_head,5.3,line_of_sight,-156.1,-156.1,-15.7,False,False,True,,,,
eisenhower_relay<->nelson_crag,5.79,line_of_sight,-156.1,-156.1,-10.52,False,False,True,,,,
grayknob_cabin<->monroe_flank,6.29,line_of_sight,-156.1,-156.1,-10.96,False,False,True,,,,
moriah_summit<->middle_carter,5.91,line_of_sight,-156.1,-156.2,-10.27,False,False,True,,,,
madison_hut<->glen_house,6.42,line_of_sight,-156.1,-156.2,-6.91,False,False,True,,,,
madison_summit<->gorham_info,10.61,line_of_sight,-155.9,-156.2,-3.71,False,False,True,,,,
north_carter<->mt_hight,3.83,line_of_sight,-156.3,-156.3,-11.83,False,False,True,,,,
boott_spur<->jefferson_lawn,5.52,line_of_sight,-156.2,-156.3,-15.01,False,False,True,,,,
ferncroft_th<->mt_israel,11.06,line_of_sight,-156.1,-156.4,-7.17,False,False,True,,,,
lambert_ridge<->moose_mtn_at,11.52,line_of_sight,-155.9,-156.4,-10.15,False,False,True,,,,
kinsman_n<->kinsman_notch,10.75,line_of_sight,-156.2,-156.5,-8.37,False,False,True,,,,
pierce_relay<->isolation_davis,5.22,line_of_sight,-156.5,-156.5,-15.12,False,False,True,,,,
dartmouth_skiway<->moose_s_ledge,8.29,line_of_sight,-156.3,-156.5,-9.04,False,False,True,,,,
lakes_hut<->webster_cliff,8.7,line_of_sight,-156.4,-156.5,-7.53,False,False,True,,,,
smarts_mtn<->dartmouth_skiway,6.39,line_of_sight,-156.5,-156.5,-6.12,False,False,True,,,,
smarts_mtn<->mt_cube_farm,9.39,line_of_sight,-156.5,-156.6,-10.36,False,False,True,,,,
crag_camp<->durand_ridge,3.63,line_of_sight,-156.7,-156.7,-13.82,False,False,True,,,,
grayknob_cabin<->appalachia_th,6.95,line_of_sight,-156.6,-156.7,-13.88,False,False,True,,,,
moriah_summit<->south_carter,7.46,line_of_sight,-156.6,-156.7,-6.29,False,False,True,,,,
cranmore_top<->attitash_base,9.96,line_of_sight,-156.4,-156.7,-13.3,False,False,True,,,,
gateway_marshfield<->sugarloaf_middle,11.44,line_of_sight,-156.6,-156.7,-10.09,False,False,True,,,,
cog_skyline<->madison_summit,7.51,line_of_sight,-156.7,-156.7,-12.13,False,False,True,,,,
mizpah_hut<->sugarloaf_middle,10.48,line_of_sight,-156.5,-156.7,-5.01,False,False,True,,,,
moriah_summit<->zeta_pass,6.88,line_of_sight,-156.4,-156.7,-7.26,False,False,True,,,,
white_ledge_cg<->champney_th,9.52,line_of_sight,-156.7,-156.8,-11.03,False,False,True,,,,
galehead_hut<->sugarloaf_middle,8.09,line_of_sight,-156.7,-156.8,-18.05,False,False,True,,,,
mizpah_hut<->willey_summit,8.63,line_of_sight,-156.5,-156.9,-11.19,False,False,True,,,,
garfield_summit<->zealand_hut,9.35,line_of_sight,-156.9,-157.0,-13.99,False,False,True,,,,
gateway_marshfield<->nelson_crag,5.15,line_of_sight,-157.0,-157.1,-11.39,False,False,True,,,,
summit_shermanadams<->south_carter,10.9,line_of_sight,-157.0,-157.1,-3.9,False,False,True,,,,
jefferson_lawn<->durand_ridge,5.12,line_of_sight,-157.1,-157.2,-11.12,False,False,True,,,,
wildcat_a<->south_carter,4.45,line_of_sight,-157.1,-157.2,-14.27,False,False,True,,,,
willey_summit<->sugarloaf_middle,9.53,line_of_sight,-157.2,-157.4,-11.29,False,False,True,,,,
little_haystack<->owls_head_slide,4.26,line_of_sight,-157.3,-157.4,-12.59,False,False,True,,,,
welch_dickey_th<->jennings_peak,8.75,line_of_sight,-157.2,-157.4,-14.44,False,False,True,,,,
clay_relay<->glen_ellis,7.52,line_of_sight,-157.1,-157.4,-27.25,False,False,True,,,,
jewell_relay<->lion_head,3.96,line_of_sight,-157.4,-157.5,-28.73,False,False,True,,,,
thunderstorm_jct<->appalachia_th,5.78,line_of_sight,-157.5,-157.6,-7.43,False,False,True,,,,
baldface_s<->pulpit_rock,10.83,line_of_sight,-157.5,-157.6,-9.04,False,False,True,,,,
crag_camp<->cog_skyline,4.95,line_of_sight,-157.6,-157.7,-14.33,False,False,True,,,,
liberty_summit<->lincoln_woods_th,7.21,line_of_sight,-157.6,-157.8,-10.64,False,False,True,,,,
lafayette_summit<->lincoln_woods_th,11.69,line_of_sight,-157.8,-157.9,-9.35,False,False,True,,,,
mizpah_hut<->jewell_relay,7.62,line_of_sight,-158.0,-158.0,-8.98,False,False,True,,,,
highland_center<->jewell_relay,9.48,line_of_sight,-158.0,-158.0,-11.09,False,False,True,,,,
bondcliff<->mt_hale,5.24,line_of_sight,-158.0,-158.0,-12.32,False,False,True,,,,
chocorua_summit<->flat_mtn_pond,8.42,line_of_sight,-158.0,-158.1,-11.14,False,False,True,,,,
imp_shelter<->north_baldface,8.81,line_of_sight,-157.8,-158.1,-16.69,False,False,True,,,,
madison_hut<->wildcat_a,8.79,line_of_sight,-158.1,-158.2,-4.76,False,False,True,,,,
tripyramid_n<->whiteface_summit,5.19,line_of_sight,-158.2,-158.3,-12.89,False,False,True,,,,
imp_shelter<->mt_hayes,11.87,line_of_sight,-158.2,-158.3,-8.0,False,False,True,,,,
gateway_marshfield<->thunderstorm_jct,7.94,line_of_sight,-158.2,-158.3,-10.88,False,False,True,,,,
webster_cliff<->notchland_inn,10.37,line_of_sight,-157.7,-158.3,-8.09,False,False,True,,,,
tecumseh_ski_top<->welch_ledges,7.31,line_of_sight,-158.3,-158.4,-11.37,False,False,True,,,,
wildcat_a<->isolation_davis,9.08,line_of_sight,-158.1,-158.4,-14.88,False,False,True,,,,
moriah_summit<->mt_hight,8.63,line_of_sight,-158.2,-158.4,-8.2,False,False,True,,,,
gorham_info<->berlin_gateway,9.04,line_of_sight,-158.2,-158.4,-11.06,False,False,True,,,,
kinsman_pond<->kinsman_notch,10.76,line_of_sight,-158.0,-158.4,-9.56,False,False,True,,,,
monroe_flank<->wildcat_a,8.23,line_of_sight,-158.4,-158.5,-9.92,False,False,True,,,,
pierce_relay<->zealand_hut,9.57,line_of_sight,-158.4,-158.5,-11.07,False,False,True,,,,
sandwich_dome<->noon_peak,5.27,line_of_sight,-158.6,-158.6,-13.97,False,False,True,,,,
waumbek_summit<->the_horn,10.66,line_of_sight,-158.3,-158.6,-19.67,False,False,True,,,,
hancock_th<->mt_hale,8.7,line_of_sight,-158.6,-158.7,-11.47,False,False,True,,,,
highland_center<->cog_skyline,8.79,line_of_sight,-158.8,-158.8,-12.38,False,False,True,,,,
lonesome_lake_hut<->garfield_summit,9.18,line_of_sight,-158.8,-158.8,-11.37,False,False,True,,,,
kinsman_pond<->owls_head_slide,9.56,line_of_sight,-158.6,-158.8,-16.51,False,False,True,,,,
lakes_hut<->madison_summit,8.4,line_of_sight,-158.9,-158.9,-9.86,False,False,True,,,,
kinsman_pond<->garfield_summit,11.44,line_of_sight,-158.9,-159.0,-10.6,False,False,True,,,,
dickey_ledges<->jennings_peak,7.71,line_of_sight,-158.9,-159.0,-13.41,False,False,True,,,,
galehead_hut<->twin_mountain_village,8.14,line_of_sight,-158.9,-159.0,-17.13,False,False,True,,,,
greenleaf_hut<->galehead_hut,7.88,line_of_sight,-158.9,-159.0,-15.12,False,False,True,,,,
crag_camp<->dolly_copp,4.9,line_of_sight,-159.0,-159.0,-20.2,False,False,True,,,,
lakes_hut<->madison_hut,8.16,line_of_sight,-158.9,-159.1,-10.39,False,False,True,,,,
waterville_valley<->welch_dickey_th,8.55,line_of_sight,-158.9,-159.1,-11.37,False,False,True,,,,
stinson_summit<->rumney_cliff_top,5.75,line_of_sight,-159.1,-159.1,-12.84,False,False,True,,,,
highland_center<->sugarloaf_middle,7.32,line_of_sight,-159.2,-159.2,-13.63,False,False,True,,,,
cog_skyline<->isolation_davis,6.13,line_of_sight,-159.2,-159.2,-20.89,False,False,True,,,,
lambert_ridge<->mt_cube_farm,11.24,line_of_sight,-159.0,-159.2,-14.45,False,False,True,,,,
dolly_copp<->appalachia_th,4.85,line_of_sight,-159.2,-159.3,-18.55,False,False,True,,,,
carter_notch_hut<->south_carter,3.23,line_of_sight,-159.3,-159.3,-19.55,False,False,True,,,,
lambert_ridge<->mt_cube,9.49,line_of_sight,-159.1,-159.4,-11.58,False,False,True,,,,
hermit_lake<->ammo_relay,3.16,line_of_sight,-159.3,-159.4,-31.27,False,False,True,,,,
liberty_summit<->garfield_summit,8.37,line_of_sight,-159.3,-159.4,-6.7,False,False,True,,,,
hermit_lake<->monroe_flank,2.95,line_of_sight,-159.5,-159.5,-19.07,False,False,True,,,,
carter_notch_hut<->wildcat_a,1.86,line_of_sight,-159.5,-159.5,-32.52,False,False,True,,,,
white_ledge_cg<->jennings_peak,9.66,line_of_sight,-159.5,-159.6,-12.2,False,False,True,,,,
durand_ridge<->imp_shelter,11.63,line_of_sight,-159.2,-159.6,-15.27,False,False,True,,,,
dolly_copp<->nelson_crag,7.58,line_of_sight,-159.5,-159.6,-10.3,False,False,True,,,,
mt_hight<->zeta_pass,1.75,line_of_sight,-159.6,-159.6,-23.63,False,False,True,,,,
chocorua_summit<->tecumseh_ski_top,11.02,line_of_sight,-159.6,-159.7,-11.84,False,False,True,,,,
kinsman_n<->owls_head_slide,10.84,line_of_sight,-159.5,-159.7,-13.27,False,False,True,,,,
liberty_summit<->thirteen_falls,5.85,line_of_sight,-159.6,-159.7,-14.3,False,False,True,,,,
glen_ellis<->imp_shelter,9.97,line_of_sight,-159.5,-159.7,-15.41,False,False,True,,,,
wildcat_d<->south_carter,5.22,line_of_sight,-159.7,-159.7,-13.25,False,False,True,,,,
mt_hale<->sugarloaf_middle,6.38,line_of_sight,-159.6,-159.7,-15.57,False,False,True,,,,
chocorua_summit<->piper_th,2.23,line_of_sight,-159.8,-159.8,-25.02,False,False,True,,,,
carrigain_summit<->mt_hale,11.55,line_of_sight,-159.7,-159.8,-6.26,False,False,True,,,,
lakes_hut<->jackson_summit,7.59,line_of_sight,-159.8,-159.8,-8.19,False,False,True,,,,
sunapee_summit<->bryant_ledge,11.89,line_of_sight,-159.4,-159.9,-11.38,False,False,True,,,,
smarts_ranger_ledge<->mt_cube,8.69,line_of_sight,-159.5,-159.9,-12.93,False,False,True,,,,
pulpit_rock<->north_carter,5.69,line_of_sight,-159.9,-159.9,-12.37,False,False,True,,,,
noon_peak<->dickey_ledges,6.31,line_of_sight,-160.0,-160.0,-10.75,False,False,True,,,,
osceola_summit<->greeley_ponds,4.21,line_of_sight,-160.0,-160.1,-25.99,False,False,True,,,,
pierce_relay<->zeacliff,9.62,line_of_sight,-160.2,-160.2,-8.72,False,False,True,,,,
jewell_relay<->madison_summit,6.81,line_of_sight,-160.1,-160.2,-13.02,False,False,True,,,,
gateway_marshfield<->isolation_davis,6.21,line_of_sight,-160.2,-160.3,-23.74,False,False,True,,,,
hermit_lake<->jewell_relay,4.84,line_of_sight,-160.3,-160.3,-36.37,False,False,True,,,,
mt_hayes<->berlin_gateway,8.07,line_of_sight,-160.1,-160.3,-14.08,False,False,True,,,,
glen_ellis<->cog_skyline,7.5,line_of_sight,-160.2,-160.4,-31.8,False,False,True,,,,
stinson_summit<->rattlesnake_rumney,5.12,line_of_sight,-160.3,-160.4,-16.17,False,False,True,,,,
zealand_hut<->thirteen_falls,9.15,line_of_sight,-160.3,-160.4,-21.09,False,False,True,,,,
clay_relay<->lion_head,3.4,line_of_sight,-160.3,-160.4,-20.48,False,False,True,,,,
galehead_hut<->mt_hale,4.04,line_of_sight,-160.4,-160.5,-20.13,False,False,True,,,,
iron_mtn<->attitash_base,3.37,line_of_sight,-160.5,-160.5,-20.16,False,False,True,,,,
nelson_crag<->jackson_summit,10.2,line_of_sight,-160.5,-160.6,-10.1,False,False,True,,,,
kinsman_notch<->moosilauke_s_peak,4.41,line_of_sight,-160.5,-160.6,-15.9,False,False,True,,,,
tripyramid_n<->passaconaway,5.57,line_of_sight,-160.6,-160.6,-8.34,False,False,True,,,,
unknown_pond<->stark_village,9.71,line_of_sight,-160.0,-160.6,-11.31,False,False,True,,,,
caps_ridge_th<->isolation_davis,8.98,line_of_sight,-160.5,-160.6,-20.6,False,False,True,,,,
pulpit_rock<->zeta_pass,3.68,line_of_sight,-160.6,-160.6,-18.3,False,False,True,,,,
owls_head_slide<->thirteen_falls,3.36,line_of_sight,-160.7,-160.7,-23.15,False,False,True,,,,
glen_ellis<->wildcat_a,3.72,line_of_sight,-160.6,-160.7,-16.32,False,False,True,,,,
crag_camp<->lion_head,5.49,line_of_sight,-160.6,-160.7,-12.38,False,False,True,,,,
pinkham_notch_vc<->lakes_hut,5.22,line_of_sight,-160.6,-160.7,-20.28,False,False,True,,,,
tecumseh_ski_top<->loon_summit,10.91,line_of_sight,-160.4,-160.7,-7.95,False,False,True,,,,
unknown_pond<->percy_peaks,7.74,line_of_sight,-160.7,-160.9,-12.91,False,False,True,,,,
mizpah_hut<->jefferson_lawn,10.2,line_of_sight,-161.0,-161.1,-6.81,False,False,True,,,,
carter_notch_hut<->baldface_s,10.49,line_of_sight,-160.9,-161.1,-11.57,False,False,True,,,,
carter_notch_hut<->north_carter,5.78,line_of_sight,-161.0,-161.1,-15.06,False,False,True,,,,
stinson_summit<->buffalo_rd_lot,5.98,line_of_sight,-161.1,-161.1,-13.63,False,False,True,,,,
lakes_hut<->glen_house,8.16,line_of_sight,-161.0,-161.1,-16.39,False,False,True,,,,
crag_camp<->ammo_relay,5.55,line_of_sight,-161.1,-161.1,-15.17,False,False,True,,,,
crag_camp<->isolation_davis,10.36,line_of_sight,-161.0,-161.1,-14.81,False,False,True,,,,
liberty_summit<->galehead_hut,10.01,line_of_sight,-160.9,-161.2,-7.63,False,False,True,,,,
crag_camp<->pulpit_rock,10.34,line_of_sight,-161.2,-161.3,-7.25,False,False,True,,,,
ferncroft_th<->piper_th,4.31,line_of_sight,-161.3,-161.3,-17.41,False,False,True,,,,
osceola_summit<->chocorua_summit,11.39,line_of_sight,-161.2,-161.3,-13.95,False,False,True,,,,
summit_shermanadams<->dolly_copp,8.38,line_of_sight,-161.2,-161.3,-10.46,False,False,True,,,,
zealand_hut<->twin_mountain_village,7.99,line_of_sight,-161.2,-161.3,-21.58,False,False,True,,,,
hermit_lake<->great_gulf_th,6.35,line_of_sight,-161.4,-161.4,-14.12,False,False,True,,,,
baldface_s<->south_carter,9.29,line_of_sight,-161.2,-161.4,-9.26,False,False,True,,,,
baldface_s<->doublehead_n,10.7,line_of_sight,-161.1,-161.4,-9.89,False,False,True,,,,
doublehead_n<->rocky_branch_knoll,9.93,line_of_sight,-161.2,-161.4,-10.52,False,False,True,,,,
bondcliff<->hancock_th,4.36,line_of_sight,-161.3,-161.4,-15.98,False,False,True,,,,
mizpah_hut<->zeacliff,10.22,line_of_sight,-161.3,-161.4,-8.62,False,False,True,,,,
lion_head<->south_carter,10.11,line_of_sight,-161.4,-161.5,-5.74,False,False,True,,,,
ammo_relay<->carter_dome,11.51,line_of_sight,-160.7,-161.5,-25.97,False,False,True,,,,
signal_ridge<->mt_hale,11.83,line_of_sight,-161.4,-161.5,-7.37,False,False,True,,,,
liberty_summit<->guyot_summit,10.16,line_of_sight,-160.8,-161.5,-7.3,False,False,True,,,,
zealand_hut<->owls_head_slide,11.83,line_of_sight,-160.8,-161.6,-20.82,False,False,True,,,,
wildcat_d<->middle_carter,6.5,line_of_sight,-161.5,-161.6,-16.01,False,False,True,,,,
liberty_summit<->kanc_pass,11.8,line_of_sight,-161.4,-161.6,-4.5,False,False,True,,,,
little_haystack<->thirteen_falls,4.42,line_of_sight,-161.6,-161.7,-19.62,False,False,True,,,,
glen_ellis<->durand_ridge,11.87,line_of_sight,-160.9,-161.7,-20.49,False,False,True,,,,
wild_river_blue_brook<->north_baldface,5.38,line_of_sight,-161.7,-161.8,-16.69,False,False,True,,,,
willey_summit<->tremont_summit,9.83,line_of_sight,-161.3,-161.8,-8.84,False,False,True,,,,
grayknob_cabin<->ammo_relay,5.13,line_of_sight,-161.7,-161.8,-16.35,False,False,True,,,,
garfield_summit<->guyot_summit,6.68,line_of_sight,-161.8,-161.8,-9.1,False,False,True,,,,
gateway_marshfield<->grayknob_cabin,6.15,line_of_sight,-161.8,-161.9,-17.65,False,False,True,,,,
wildcat_d<->isolation_davis,8.29,line_of_sight,-161.8,-161.9,-13.44,False,False,True,,,,
eisenhower_relay<->wildcat_d,10.09,line_of_sight,-161.9,-161.9,-13.19,False,False,True,,,,
boott_spur<->cog_skyline,3.89,line_of_sight,-161.8,-161.9,-17.75,False,False,True,,,,
osceola_summit<->dickey_ledges,8.68,line_of_sight,-161.8,-162.0,-16.66,False,False,True,,,,
smarts_mtn<->cube_s_ledge,8.44,line_of_sight,-162.0,-162.1,-13.76,False,False,True,,,,
grayknob_cabin<->isolation_davis,10.01,line_of_sight,-161.8,-162.1,-13.04,False,False,True,,,,
gorham_info<->imp_shelter,9.87,line_of_sight,-162.0,-162.2,-10.79,False,False,True,,,,
carter_notch_hut<->glen_house,3.95,line_of_sight,-162.2,-162.2,-17.65,False,False,True,,,,
hancock_th<->kanc_pass,7.68,line_of_sight,-162.0,-162.2,-20.01,False,False,True,,,,
pierce_relay<->willey_summit,8.57,line_of_sight,-162.1,-162.2,-13.98,False,False,True,,,,
wildcat_a<->zeta_pass,4.82,line_of_sight,-162.2,-162.2,-19.5,False,False,True,,,,
gateway_marshfield<->mizpah_hut,5.43,line_of_sight,-162.0,-162.2,-12.49,False,False,True,,,,
nelson_crag<->webster_cliff,11.32,line_of_sight,-162.1,-162.3,-10.74,False,False,True,,,,
wildcat_a<->middle_carter,5.7,line_of_sight,-162.2,-162.3,-18.31,False,False,True,,,,
carter_notch_hut<->moriah_summit,10.53,line_of_sight,-162.1,-162.4,-11.03,False,False,True,,,,
wildcat_a<->mt_hight,3.69,line_of_sight,-162.4,-162.4,-21.76,False,False,True,,,,
crag_camp<->jewell_relay,4.15,line_of_sight,-162.4,-162.4,-16.83,False,False,True,,,,
smarts_mtn<->mt_cube,7.78,line_of_sight,-162.3,-162.4,-11.46,False,False,True,,,,
grayknob_cabin<->hermit_lake,6.12,line_of_sight,-162.4,-162.5,-21.85,False,False,True,,,,
little_haystack<->galehead_hut,7.75,line_of_sight,-162.3,-162.5,-10.29,False,False,True,,,,
wild_river_cg<->north_baldface,7.08,line_of_sight,-162.4,-162.5,-15.85,False,False,True,,,,
pinkham_notch_vc<->south_carter,7.29,line_of_sight,-162.3,-162.5,-12.58,False,False,True,,,,
garfield_summit<->sugarloaf_middle,10.74,line_of_sight,-162.5,-162.6,-18.11,False,False,True,,,,
durand_ridge<->middle_carter,11.99,line_of_sight,-162.2,-162.6,-18.62,False,False,True,,,,
hancock_th<->greeley_ponds,9.59,line_of_sight,-162.5,-162.6,-15.38,False,False,True,,,,
zealand_hut<->sugarloaf_middle,4.86,line_of_sight,-162.7,-162.7,-20.65,False,False,True,,,,
zealand_hut<->hancock_th,10.2,line_of_sight,-162.6,-162.7,-18.71,False,False,True,,,,
boott_spur<->isolation_davis,4.27,line_of_sight,-162.7,-162.7,-18.79,False,False,True,,,,
lakes_hut<->wildcat_d,7.38,line_of_sight,-162.6,-162.7,-12.57,False,False,True,,,,
sandwich_dome<->tecumseh_ski_top,9.95,line_of_sight,-162.6,-162.7,-12.1,False,False,True,,,,
jefferson_lawn<->appalachia_th,7.94,line_of_sight,-162.7,-162.8,-10.7,False,False,True,,,,
cabot_summit<->victor_head,9.56,line_of_sight,-162.3,-162.8,-10.15,False,False,True,,,,
durand_ridge<->north_carter,11.91,line_of_sight,-162.5,-162.8,-19.62,False,False,True,,,,
moriah_summit<->pulpit_rock,10.38,line_of_sight,-162.7,-162.9,-7.11,False,False,True,,,,
welch_dickey_th<->noon_peak,7.57,line_of_sight,-162.6,-162.9,-11.69,False,False,True,,,,
highland_center<->guyot_summit,11.55,line_of_sight,-162.8,-162.9,-14.43,False,False,True,,,,
lakes_hut<->glen_ellis,5.56,line_of_sight,-162.8,-162.9,-23.73,False,False,True,,,,
lion_head<->jefferson_lawn,4.56,line_of_sight,-163.0,-163.0,-15.73,False,False,True,,,,
highland_center<->clay_relay,10.92,line_of_sight,-162.9,-163.0,-10.65,False,False,True,,,,
caps_ridge_th<->madison_summit,6.99,line_of_sight,-162.9,-163.0,-13.72,False,False,True,,,,
sawyer_river_th<->kanc_pass,9.79,line_of_sight,-162.7,-163.0,-19.19,False,False,True,,,,
little_haystack<->garfield_summit,5.44,line_of_sight,-163.0,-163.0,-9.78,False,False,True,,,,
waterville_valley<->passaconaway,9.78,line_of_sight,-163.0,-163.1,-11.64,False,False,True,,,,
glen_house<->zeta_pass,4.74,line_of_sight,-163.1,-163.1,-28.32,False,False,True,,,,
lafayette_place<->south_twin,11.35,line_of_sight,-162.7,-163.2,-24.43,False,False,True,,,,
sunapee_summit<->pillsbury_sp,10.73,line_of_sight,-163.0,-163.2,-10.52,False,False,True,,,,
mizpah_hut<->grayknob_cabin,11.2,line_of_sight,-162.8,-163.3,-15.81,False,False,True,,,,
guyot_summit<->hancock_th,6.38,line_of_sight,-163.3,-163.3,-15.64,False,False,True,,,,
appalachia_th<->caps_ridge_th,9.71,line_of_sight,-163.2,-163.3,-14.4,False,False,True,,,,
cabot_summit<->stark_village,10.64,line_of_sight,-162.9,-163.3,-10.06,False,False,True,,,,
little_haystack<->guyot_summit,9.09,line_of_sight,-162.8,-163.3,-10.67,False,False,True,,,,
winslow_hq<->ragged_ski_base,10.21,line_of_sight,-163.2,-163.3,-11.37,False,False,True,,,,
rumney_cliff_top<->stinson_lake_gw,6.92,line_of_sight,-163.3,-163.3,-18.42,False,False,True,,,,
victor_head<->kilkenny_lookout,11.59,line_of_sight,-162.7,-163.3,-14.0,False,False,True,,,,
mizpah_hut<->crag_camp,11.7,line_of_sight,-163.2,-163.4,-8.05,False,False,True,,,,
zeacliff<->owls_head_slide,11.51,line_of_sight,-162.6,-163.4,-22.5,False,False,True,,,,
garfield_summit<->mt_hale,7.36,line_of_sight,-163.4,-163.5,-8.84,False,False,True,,,,
jennings_peak<->welch_ledges,7.95,line_of_sight,-163.4,-163.5,-14.65,False,False,True,,,,
clay_relay<->glen_house,7.49,line_of_sight,-163.4,-163.6,-11.04,False,False,True,,,,
whiteface_summit<->champney_th,11.48,line_of_sight,-163.5,-163.7,-9.22,False,False,True,,,,
webster_cliff<->zealand_hut,8.38,line_of_sight,-163.7,-163.7,-13.24,False,False,True,,,,
pinkham_notch_vc<->pulpit_rock,4.35,line_of_sight,-163.7,-163.8,-20.51,False,False,True,,,,
wildcat_d<->zeta_pass,5.62,line_of_sight,-163.7,-163.8,-18.16,False,False,True,,,,
durand_ridge<->pulpit_rock,11.73,line_of_sight,-163.5,-163.8,-19.5,False,False,True,,,,
gateway_marshfield<->cherry_mtn,10.94,line_of_sight,-163.7,-163.9,-15.31,False,False,True,,,,
madison_hut<->south_carter,10.69,line_of_sight,-163.8,-163.9,-5.67,False,False,True,,,,
hancock_th<->signal_ridge,5.54,line_of_sight,-163.8,-163.9,-16.64,False,False,True,,,,
wildcat_a<->moriah_summit,11.13,line_of_sight,-163.4,-163.9,-12.3,False,False,True,,,,
flume_vc<->kinsman_notch,11.0,line_of_sight,-163.8,-164.0,-15.52,False,False,True,,,,
pinkham_notch_vc<->monroe_flank,5.4,line_of_sight,-164.1,-164.1,-18.78,False,False,True,,,,
victor_head<->the_bulge,9.0,line_of_sight,-163.6,-164.1,-13.26,False,False,True,,,,
tripyramid_n<->jennings_peak,8.36,line_of_sight,-164.0,-164.1,-13.75,False,False,True,,,,
smarts_ranger_ledge<->mt_cube_farm,10.37,line_of_sight,-163.9,-164.1,-14.3,False,False,True,,,,
rattlesnake_rumney<->stinson_lake_gw,6.54,line_of_sight,-164.0,-164.1,-21.41,False,False,True,,,,
blue_ridge_ledge<->black_mtn_benton,7.26,line_of_sight,-164.1,-164.2,-11.47,False,False,True,,,,
dolly_copp<->lion_head,8.47,line_of_sight,-164.2,-164.3,-12.0,False,False,True,,,,
signal_ridge<->notchland_inn,4.78,line_of_sight,-164.3,-164.3,-12.69,False,False,True,,,,
noon_peak<->welch_ledges,6.9,line_of_sight,-164.2,-164.3,-12.14,False,False,True,,,,
zeacliff<->sugarloaf_middle,5.64,line_of_sight,-164.3,-164.4,-19.8,False,False,True,,,,
jefferson_lawn<->pulpit_rock,10.44,line_of_sight,-164.2,-164.4,-9.5,False,False,True,,,,
lakes_hut<->wildcat_a,8.01,line_of_sight,-164.3,-164.4,-12.99,False,False,True,,,,
carter_notch_hut<->grayknob_cabin,10.96,line_of_sight,-164.1,-164.5,-18.92,False,False,True,,,,
madison_hut<->imp_shelter,10.43,line_of_sight,-164.1,-164.5,-11.79,False,False,True,,,,
hermit_lake<->pierce_relay,8.6,line_of_sight,-164.4,-164.5,-27.9,False,False,True,,,,
carter_notch_hut<->wildcat_d,2.41,line_of_sight,-164.6,-164.6,-29.1,False,False,True,,,,
stark_village<->the_bulge,10.01,line_of_sight,-164.3,-164.6,-13.1,False,False,True,,,,
buffalo_rd_lot<->stinson_lake_gw,7.22,line_of_sight,-164.5,-164.6,-18.25,False,False,True,,,,
little_haystack<->lincoln_woods_th,10.09,line_of_sight,-164.3,-164.6,-9.84,False,False,True,,,,
glen_ellis<->isolation_davis,5.46,line_of_sight,-164.6,-164.6,-21.06,False,False,True,,,,
cranmore_top<->iron_s_ledge,11.54,line_of_sight,-164.2,-164.8,-6.9,False,False,True,,,,
carter_notch_hut<->zeta_pass,3.74,line_of_sight,-164.7,-164.8,-22.05,False,False,True,,,,
sandwich_dome<->piper_th,9.61,line_of_sight,-164.7,-164.9,-14.2,False,False,True,,,,
cabot_summit<->nash_stream_th,9.41,line_of_sight,-164.6,-164.9,-10.11,False,False,True,,,,
cherry_mtn<->twin_mountain_village,11.94,line_of_sight,-164.8,-165.0,-14.78,False,False,True,,,,
highland_center<->willey_summit,6.6,line_of_sight,-165.0,-165.0,-23.07,False,False,True,,,,
welch_dickey_th<->tecumseh_ski_top,7.53,line_of_sight,-164.8,-165.0,-15.45,False,False,True,,,,
smarts_ranger_ledge<->cube_s_ledge,9.39,line_of_sight,-164.7,-165.0,-18.82,False,False,True,,,,
hermit_lake<->south_carter,9.6,line_of_sight,-165.0,-165.0,-8.15,False,False,True,,,,
south_carter<->north_baldface,8.04,line_of_sight,-164.9,-165.1,-20.02,False,False,True,,,,
highland_center<->mt_hale,9.3,line_of_sight,-165.0,-165.1,-15.91,False,False,True,,,,
crag_camp<->appalachia_th,6.52,line_of_sight,-165.0,-165.1,-13.87,False,False,True,,,,
kearsarge_summit<->ragged_ski_base,11.03,line_of_sight,-165.0,-165.1,-9.48,False,False,True,,,,
thirteen_falls<->mt_hale,6.8,line_of_sight,-165.0,-165.1,-14.97,False,False,True,,,,
hermit_lake<->thunderstorm_jct,6.65,line_of_sight,-165.2,-165.2,-16.35,False,False,True,,,,
moriah_summit<->north_baldface,11.43,line_of_sight,-164.9,-165.2,-13.93,False,False,True,,,,
webster_cliff<->zeacliff,8.18,line_of_sight,-165.3,-165.3,-12.79,False,False,True,,,,
boott_spur<->caps_ridge_th,6.64,line_of_sight,-165.2,-165.3,-17.67,False,False,True,,,,
pinkham_notch_vc<->ammo_relay,5.68,line_of_sight,-165.2,-165.3,-34.2,False,False,True,,,,
madison_hut<->gorham_info,11.04,line_of_sight,-164.9,-165.3,-9.26,False,False,True,,,,
zeacliff<->hancock_th,9.5,line_of_sight,-165.3,-165.4,-16.06,False,False,True,,,,
dartmouth_skiway<->moose_mtn_at,7.45,line_of_sight,-165.4,-165.4,-12.55,False,False,True,,,,
gateway_marshfield<->crag_camp,6.71,line_of_sight,-165.4,-165.4,-17.43,False,False,True,,,,
lincoln_woods_th<->bondcliff,9.33,line_of_sight,-165.2,-165.4,-7.5,False,False,True,,,,
ravine_lodge<->kinsman_notch,4.88,line_of_sight,-165.4,-165.4,-25.8,False,False,True,,,,
hancock_th<->carrigain_summit,5.86,line_of_sight,-165.5,-165.5,-14.25,False,False,True,,,,
ferncroft_th<->noon_peak,10.91,line_of_sight,-165.4,-165.5,-14.21,False,False,True,,,,
north_baldface<->doublehead_n,11.15,line_of_sight,-165.3,-165.5,-17.01,False,False,True,,,,
galehead_hut<->zeacliff,6.22,line_of_sight,-165.4,-165.5,-22.91,False,False,True,,,,
waterville_valley<->greeley_ponds,7.81,line_of_sight,-165.5,-165.6,-18.16,False,False,True,,,,
glen_house<->mt_hight,4.59,line_of_sight,-165.5,-165.6,-19.79,False,False,True,,,,
bondcliff<->zealand_hut,7.32,line_of_sight,-165.5,-165.6,-16.05,False,False,True,,,,
waterville_valley<->white_ledge_cg,11.57,line_of_sight,-165.3,-165.6,-23.51,False,False,True,,,,
highland_center<->isolation_davis,7.61,line_of_sight,-165.7,-165.7,-16.64,False,False,True,,,,
clay_relay<->durand_ridge,6.5,line_of_sight,-165.6,-165.7,-17.04,False,False,True,,,,
gateway_marshfield<->madison_summit,9.4,line_of_sight,-165.6,-165.7,-15.22,False,False,True,,,,
highland_center<->twin_mountain_village,11.47,line_of_sight,-165.4,-165.7,-13.71,False,False,True,,,,
clay_relay<->pulpit_rock,10.04,line_of_sight,-165.1,-165.7,-12.15,False,False,True,,,,
madison_hut<->caps_ridge_th,6.53,line_of_sight,-165.7,-165.7,-17.4,False,False,True,,,,
boott_spur<->eisenhower_relay,4.82,line_of_sight,-165.6,-165.7,-15.54,False,False,True,,,,
nash_stream_th<->the_bulge,8.98,line_of_sight,-165.5,-165.7,-12.5,False,False,True,,,,
waterville_valley<->sandwich_dome,7.61,line_of_sight,-165.6,-165.7,-18.58,False,False,True,,,,
tripyramid_n<->piper_th,6.49,line_of_sight,-165.8,-165.9,-23.78,False,False,True,,,,
lafayette_summit<->thirteen_falls,4.39,line_of_sight,-165.9,-165.9,-18.96,False,False,True,,,,
north_carter<->north_baldface,8.66,line_of_sight,-165.8,-166.0,-16.7,False,False,True,,,,
dolly_copp<->boott_spur,9.5,line_of_sight,-165.9,-166.0,-11.24,False,False,True,,,,
lion_head<->cog_skyline,3.52,line_of_sight,-166.0,-166.1,-27.8,False,False,True,,,,
highland_center<->zeacliff,7.07,line_of_sight,-166.1,-166.1,-19.85,False,False,True,,,,
hermit_lake<->madison_summit,7.6,line_of_sight,-166.1,-166.1,-14.67,False,False,True,,,,
boott_spur<->south_carter,10.39,line_of_sight,-166.3,-166.3,-7.39,False,False,True,,,,
wildcat_a<->north_carter,6.65,line_of_sight,-166.2,-166.3,-16.08,False,False,True,,,,
caps_ridge_th<->durand_ridge,7.31,line_of_sight,-166.3,-166.4,-15.97,False,False,True,,,,
garfield_summit<->owls_head_slide,7.14,line_of_sight,-166.4,-166.4,-16.47,False,False,True,,,,
wildcat_d<->mt_hight,4.4,line_of_sight,-166.3,-166.4,-20.1,False,False,True,,,,
eisenhower_relay<->wildcat_a,10.8,line_of_sight,-166.5,-166.5,-15.54,False,False,True,,,,
madison_hut<->carter_notch_hut,10.32,line_of_sight,-166.2,-166.6,-14.28,False,False,True,,,,
madison_hut<->cog_skyline,7.16,line_of_sight,-166.6,-166.7,-17.98,False,False,True,,,,
waterville_valley<->chocorua_summit,8.46,line_of_sight,-166.7,-166.8,-16.81,False,False,True,,,,
guyot_summit<->sugarloaf_middle,9.08,line_of_sight,-166.7,-166.8,-16.24,False,False,True,,,,
crag_camp<->cherry_mtn,11.81,line_of_sight,-166.4,-166.8,-6.15,False,False,True,,,,
jewell_relay<->great_gulf_th,7.2,line_of_sight,-166.7,-166.8,-20.06,False,False,True,,,,
guyot_summit<->twin_mountain_village,10.74,line_of_sight,-166.6,-166.9,-13.12,False,False,True,,,,
pinkham_notch_vc<->isolation_davis,6.39,line_of_sight,-166.9,-166.9,-25.98,False,False,True,,,,
unknown_pond<->victor_head,9.23,line_of_sight,-166.4,-166.9,-13.28,False,False,True,,,,
durand_ridge<->zeta_pass,11.99,line_of_sight,-166.5,-166.9,-22.35,False,False,True,,,,
tripyramid_n<->white_ledge_cg,8.5,line_of_sight,-166.5,-166.9,-11.56,False,False,True,,,,
highland_center<->nelson_crag,11.24,line_of_sight,-166.5,-166.9,-11.04,False,False,True,,,,
noon_peak<->flat_mtn_pond,10.36,line_of_sight,-166.9,-167.0,-15.76,False,False,True,,,,
gateway_marshfield<->lion_head,5.35,line_of_sight,-167.0,-167.0,-21.75,False,False,True,,,,
monroe_flank<->durand_ridge,10.26,line_of_sight,-166.9,-167.0,-17.87,False,False,True,,,,
greeley_ponds<->tecumseh_ski_top,6.83,line_of_sight,-167.0,-167.1,-24.61,False,False,True,,,,
hermit_lake<->clay_relay,4.3,line_of_sight,-167.1,-167.1,-28.53,False,False,True,,,,
willey_summit<->sawyer_river_th,10.68,line_of_sight,-166.7,-167.1,-14.3,False,False,True,,,,
lincoln_woods_th<->signal_ridge,11.21,line_of_sight,-167.0,-167.1,-12.88,False,False,True,,,,
lafayette_summit<->guyot_summit,8.82,line_of_sight,-167.1,-167.1,-8.51,False,False,True,,,,
madison_hut<->mt_hight,10.89,line_of_sight,-166.5,-167.1,-14.07,False,False,True,,,,
pinkham_notch_vc<->middle_carter,8.46,line_of_sight,-167.1,-167.2,-19.62,False,False,True,,,,
ammo_relay<->thunderstorm_jct,6.5,line_of_sight,-167.2,-167.2,-15.25,False,False,True,,,,
boott_spur<->pierce_relay,7.78,line_of_sight,-166.9,-167.2,-16.89,False,False,True,,,,
glen_house<->north_carter,5.86,line_of_sight,-167.2,-167.2,-23.51,False,False,True,,,,
holts_ledge<->moose_mtn_at,9.63,line_of_sight,-167.1,-167.2,-12.26,False,False,True,,,,
ferncroft_th<->champney_th,10.95,line_of_sight,-167.0,-167.3,-18.29,False,False,True,,,,
ammo_relay<->pulpit_rock,9.92,line_of_sight,-166.8,-167.3,-27.44,False,False,True,,,,
lincoln_woods_th<->carrigain_summit,11.86,line_of_sight,-167.3,-167.4,-12.05,False,False,True,,,,
wildcat_d<->north_carter,7.46,line_of_sight,-167.3,-167.4,-14.13,False,False,True,,,,
greenleaf_hut<->bondcliff,9.56,line_of_sight,-167.3,-167.4,-13.32,False,False,True,,,,
ragged_mtn<->winslow_hq,10.48,line_of_sight,-167.3,-167.4,-14.67,False,False,True,,,,
gateway_marshfield<->boott_spur,5.42,line_of_sight,-167.4,-167.5,-17.87,False,False,True,,,,
madison_hut<->jewell_relay,6.44,line_of_sight,-167.5,-167.5,-18.67,False,False,True,,,,
galehead_hut<->hancock_th,9.93,line_of_sight,-167.5,-167.5,-15.09,False,False,True,,,,
holts_ledge<->mt_cube,11.17,line_of_sight,-167.1,-167.6,-12.08,False,False,True,,,,
thunderstorm_jct<->isolation_davis,11.11,line_of_sight,-167.6,-167.7,-17.86,False,False,True,,,,
osceola_summit<->welch_ledges,9.79,line_of_sight,-167.6,-167.7,-17.25,False,False,True,,,,
piper_th<->flat_mtn_pond,8.28,line_of_sight,-167.6,-167.8,-18.92,False,False,True,,,,
caps_ridge_th<->glen_ellis,10.15,line_of_sight,-167.7,-167.8,-39.82,False,False,True,,,,
madison_summit<->imp_shelter,10.0,line_of_sight,-167.8,-167.9,-11.2,False,False,True,,,,
summit_shermanadams<->durand_ridge,8.34,line_of_sight,-168.0,-168.0,-14.63,False,False,True,,,,
bondcliff<->willey_summit,8.3,line_of_sight,-167.9,-168.0,-11.96,False,False,True,,,,
glen_house<->isolation_davis,10.37,line_of_sight,-167.8,-168.0,-21.66,False,False,True,,,,
lakes_hut<->pulpit_rock,9.54,line_of_sight,-167.7,-168.1,-15.14,False,False,True,,,,
lonesome_lake_hut<->owls_head_slide,8.31,line_of_sight,-168.0,-168.1,-18.6,False,False,True,,,,
mt_hayes<->north_carter,11.65,line_of_sight,-168.0,-168.1,-12.74,False,False,True,,,,
lafayette_summit<->mt_hale,10.4,line_of_sight,-168.2,-168.3,-8.74,False,False,True,,,,
glen_house<->moriah_summit,9.6,line_of_sight,-167.9,-168.3,-12.64,False,False,True,,,,
hermit_lake<->isolation_davis,4.98,line_of_sight,-168.3,-168.3,-28.05,False,False,True,,,,
madison_hut<->eisenhower_relay,10.99,line_of_sight,-168.1,-168.3,-12.6,False,False,True,,,,
glen_ellis<->pulpit_rock,4.89,line_of_sight,-168.3,-168.3,-22.64,False,False,True,,,,
thunderstorm_jct<->imp_shelter,10.83,line_of_sight,-168.3,-168.3,-9.62,False,False,True,,,,
glencliff_th<->blue_ridge_ledge,7.72,line_of_sight,-168.3,-168.4,-19.2,False,False,True,,,,
pinkham_notch_vc<->zeta_pass,7.64,line_of_sight,-168.3,-168.4,-20.66,False,False,True,,,,
grayknob_cabin<->eisenhower_relay,8.38,line_of_sight,-168.3,-168.4,-14.93,False,False,True,,,,
gorham_info<->north_carter,9.75,line_of_sight,-168.4,-168.5,-16.75,False,False,True,,,,
wildcat_d<->moriah_summit,11.93,line_of_sight,-168.5,-168.7,-9.96,False,False,True,,,,
kinsman_n<->thirteen_falls,11.99,line_of_sight,-168.0,-168.7,-21.85,False,False,True,,,,
dolly_copp<->jewell_relay,8.84,line_of_sight,-168.5,-168.7,-22.72,False,False,True,,,,
crag_camp<->imp_shelter,11.9,line_of_sight,-168.7,-168.8,-10.31,False,False,True,,,,
lafayette_place<->galehead_hut,10.32,line_of_sight,-168.6,-168.9,-27.3,False,False,True,,,,
jewell_relay<->pulpit_rock,11.16,line_of_sight,-168.2,-168.9,-22.59,False,False,True,,,,
hermit_lake<->dolly_copp,8.88,line_of_sight,-168.9,-169.0,-14.02,False,False,True,,,,
madison_hut<->middle_carter,10.67,line_of_sight,-168.7,-169.0,-14.85,False,False,True,,,,
sandwich_dome<->chocorua_summit,8.38,line_of_sight,-168.8,-169.0,-15.72,False,False,True,,,,
galehead_hut<->willey_summit,10.3,line_of_sight,-168.9,-169.0,-16.89,False,False,True,,,,
appalachia_th<->waumbek_summit,11.23,line_of_sight,-168.8,-169.0,-14.6,False,False,True,,,,
tripyramid_n<->ferncroft_th,9.49,line_of_sight,-168.9,-169.1,-14.5,False,False,True,,,,
nelson_crag<->durand_ridge,7.69,line_of_sight,-169.0,-169.1,-17.12,False,False,True,,,,
baldface_s<->zeta_pass,9.49,line_of_sight,-169.0,-169.1,-15.36,False,False,True,,,,
hancock_th<->sawyer_river_th,8.55,line_of_sight,-168.9,-169.1,-22.55,False,False,True,,,,
lambert_ridge<->cube_s_ledge,10.22,line_of_sight,-168.9,-169.1,-19.8,False,False,True,,,,
champney_th<->attitash_base,10.72,line_of_sight,-168.8,-169.1,-17.43,False,False,True,,,,
greeley_ponds<->noon_peak,10.48,line_of_sight,-169.0,-169.2,-16.23,False,False,True,,,,
greenleaf_hut<->guyot_summit,10.07,line_of_sight,-168.9,-169.2,-16.76,False,False,True,,,,
cannon_tram_top<->owls_head_slide,8.61,line_of_sight,-169.2,-169.2,-17.43,False,False,True,,,,
nash_stream_th<->kilkenny_lookout,11.63,line_of_sight,-168.9,-169.2,-14.91,False,False,True,,,,
great_gulf_th<->durand_ridge,4.45,line_of_sight,-169.2,-169.3,-29.52,False,False,True,,,,
clay_relay<->appalachia_th,9.37,line_of_sight,-169.3,-169.5,-18.75,False,False,True,,,,
great_gulf_th<->imp_shelter,7.9,line_of_sight,-169.5,-169.5,-14.56,False,False,True,,,,
highland_center<->zealand_hut,7.0,line_of_sight,-169.5,-169.6,-22.61,False,False,True,,,,
pinkham_notch_vc<->crag_camp,7.63,line_of_sight,-169.6,-169.6,-17.34,False,False,True,,,,
gentian_pond<->berlin_gateway,9.38,line_of_sight,-169.5,-169.6,-20.95,False,False,True,,,,
glen_ellis<->south_carter,8.07,line_of_sight,-169.5,-169.6,-16.91,False,False,True,,,,
madison_hut<->ammo_relay,7.56,line_of_sight,-169.5,-169.6,-18.56,False,False,True,,,,
highland_center<->south_twin,11.86,line_of_sight,-169.6,-169.7,-16.29,False,False,True,,,,
glen_house<->middle_carter,5.27,line_of_sight,-169.8,-169.8,-27.49,False,False,True,,,,
pulpit_rock<->doublehead_n,11.95,line_of_sight,-169.6,-169.8,-8.51,False,False,True,,,,
nelson_crag<->pulpit_rock,7.88,line_of_sight,-169.8,-169.9,-11.87,False,False,True,,,,
little_haystack<->mt_hale,11.04,line_of_sight,-169.6,-170.1,-10.52,False,False,True,,,,
tripyramid_n<->sandwich_dome,9.6,line_of_sight,-169.9,-170.1,-19.38,False,False,True,,,,
galehead_hut<->owls_head_slide,7.67,line_of_sight,-170.0,-170.1,-17.37,False,False,True,,,,
pulpit_rock<->wild_river_blue_brook,8.14,line_of_sight,-170.0,-170.1,-21.48,False,False,True,,,,
liberty_summit<->hancock_th,10.03,line_of_sight,-170.0,-170.1,-7.27,False,False,True,,,,
magalloway_tower<->first_lake_dam,11.05,line_of_sight,-169.9,-170.1,-19.11,False,False,True,,,,
bondcliff<->zeacliff,6.84,line_of_sight,-170.1,-170.2,-21.02,False,False,True,,,,
lakes_hut<->durand_ridge,9.84,line_of_sight,-170.1,-170.2,-18.71,False,False,True,,,,
lincoln_woods_th<->guyot_summit,11.84,line_of_sight,-170.0,-170.2,-13.43,False,False,True,,,,
liberty_summit<->bondcliff,8.44,line_of_sight,-170.3,-170.3,-7.23,False,False,True,,,,
pinkham_notch_vc<->clay_relay,6.38,line_of_sight,-170.3,-170.4,-25.68,False,False,True,,,,
zeacliff<->twin_mountain_village,8.78,line_of_sight,-170.3,-170.4,-20.58,False,False,True,,,,
ragged_mtn<->kearsarge_summit,11.37,line_of_sight,-170.4,-170.5,-12.67,False,False,True,,,,
pinkham_notch_vc<->jewell_relay,7.21,line_of_sight,-170.3,-170.5,-37.94,False,False,True,,,,
clay_relay<->wildcat_a,8.52,line_of_sight,-170.4,-170.5,-15.87,False,False,True,,,,
piper_th<->jennings_peak,10.1,line_of_sight,-170.5,-170.6,-13.74,False,False,True,,,,
middle_carter<->north_baldface,8.28,line_of_sight,-170.5,-170.6,-18.57,False,False,True,,,,
bondcliff<->kanc_pass,11.33,line_of_sight,-170.3,-170.7,-10.96,False,False,True,,,,
unknown_pond<->nash_stream_th,9.9,line_of_sight,-170.5,-170.7,-13.34,False,False,True,,,,
lion_head<->durand_ridge,8.78,line_of_sight,-170.5,-170.7,-20.53,False,False,True,,,,
garfield_summit<->zeacliff,9.55,line_of_sight,-170.7,-170.8,-14.41,False,False,True,,,,
ammo_relay<->wildcat_d,7.8,line_of_sight,-170.8,-170.8,-28.91,False,False,True,,,,
hermit_lake<->crag_camp,6.27,line_of_sight,-170.9,-170.9,-20.55,False,False,True,,,,
clay_relay<->wildcat_d,8.16,line_of_sight,-170.8,-170.9,-15.77,False,False,True,,,,
jewell_relay<->glen_house,8.87,line_of_sight,-170.9,-171.1,-28.82,False,False,True,,,,
boott_spur<->middle_carter,11.44,line_of_sight,-171.0,-171.1,-13.38,False,False,True,,,,
hancock_th<->notchland_inn,9.59,line_of_sight,-171.1,-171.2,-20.88,False,False,True,,,,
ammo_relay<->wildcat_a,8.38,line_of_sight,-171.2,-171.3,-30.66,False,False,True,,,,
monroe_flank<->pulpit_rock,9.74,line_of_sight,-171.2,-171.3,-15.24,False,False,True,,,,
eisenhower_relay<->glen_house,11.27,line_of_sight,-171.1,-171.3,-19.75,False,False,True,,,,
crag_camp<->glen_ellis,9.14,line_of_sight,-171.4,-171.4,-19.5,False,False,True,,,,
greenleaf_hut<->thirteen_falls,5.62,line_of_sight,-171.3,-171.4,-22.41,False,False,True,,,,
hancock_th<->tremont_summit,8.09,line_of_sight,-171.2,-171.4,-20.53,False,False,True,,,,
mizpah_hut<->boott_spur,7.32,line_of_sight,-171.3,-171.4,-16.84,False,False,True,,,,
pinkham_notch_vc<->carter_notch_hut,4.58,line_of_sight,-171.5,-171.5,-30.03,False,False,True,,,,
hermit_lake<->cog_skyline,4.33,line_of_sight,-171.5,-171.5,-32.9,False,False,True,,,,
hermit_lake<->middle_carter,10.63,line_of_sight,-171.5,-171.6,-15.44,False,False,True,,,,
flume_vc<->lincoln_woods_th,8.28,line_of_sight,-171.5,-171.6,-20.93,False,False,True,,,,
great_gulf_th<->moriah_summit,10.5,line_of_sight,-171.5,-171.6,-9.19,False,False,True,,,,
hermit_lake<->pulpit_rock,6.82,line_of_sight,-171.5,-171.6,-16.15,False,False,True,,,,
noon_peak<->mt_israel,11.51,line_of_sight,-171.4,-171.6,-19.97,False,False,True,,,,
thunderstorm_jct<->middle_carter,10.99,line_of_sight,-171.6,-171.6,-12.71,False,False,True,,,,
waterville_valley<->ferncroft_th,11.87,line_of_sight,-171.4,-171.7,-19.05,False,False,True,,,,
pinkham_notch_vc<->north_carter,9.34,line_of_sight,-171.6,-171.8,-17.96,False,False,True,,,,
hermit_lake<->durand_ridge,9.43,line_of_sight,-171.5,-171.8,-23.49,False,False,True,,,,
noon_peak<->white_ledge_cg,10.97,line_of_sight,-171.7,-171.8,-15.0,False,False,True,,,,
jewell_relay<->wildcat_d,9.17,line_of_sight,-171.7,-171.8,-28.21,False,False,True,,,,
pinkham_notch_vc<->durand_ridge,10.18,line_of_sight,-171.6,-171.8,-21.51,False,False,True,,,,
hermit_lake<->eisenhower_relay,5.64,line_of_sight,-171.8,-171.8,-24.33,False,False,True,,,,
little_haystack<->hancock_th,11.01,line_of_sight,-171.8,-171.9,-11.79,False,False,True,,,,
piper_th<->noon_peak,10.73,line_of_sight,-171.8,-171.9,-17.32,False,False,True,,,,
summit_shermanadams<->appalachia_th,11.32,line_of_sight,-171.8,-171.9,-17.22,False,False,True,,,,
appalachia_th<->great_gulf_th,7.03,line_of_sight,-171.9,-172.0,-27.63,False,False,True,,,,
hermit_lake<->jefferson_lawn,5.42,line_of_sight,-171.9,-172.0,-21.66,False,False,True,,,,
lion_head<->caps_ridge_th,6.01,line_of_sight,-172.0,-172.0,-27.27,False,False,True,,,,
lion_head<->middle_carter,11.04,line_of_sight,-171.9,-172.0,-14.16,False,False,True,,,,
waumbek_summit<->kilkenny_lookout,7.28,line_of_sight,-172.0,-172.0,-21.71,False,False,True,,,,
carter_notch_hut<->wild_river_blue_brook,8.04,line_of_sight,-172.2,-172.2,-24.46,False,False,True,,,,
carter_notch_hut<->dolly_copp,9.78,line_of_sight,-172.2,-172.3,-11.04,False,False,True,,,,
unknown_pond<->waumbek_summit,10.95,line_of_sight,-172.2,-172.3,-20.87,False,False,True,,,,
pulpit_rock<->isolation_davis,10.35,line_of_sight,-171.9,-172.4,-19.15,False,False,True,,,,
madison_hut<->north_carter,10.74,line_of_sight,-172.2,-172.5,-17.85,False,False,True,,,,
madison_hut<->zeta_pass,10.54,line_of_sight,-172.2,-172.5,-20.82,False,False,True,,,,
glen_ellis<->middle_carter,9.4,line_of_sight,-172.5,-172.6,-17.24,False,False,True,,,,
lion_head<->pulpit_rock,7.47,line_of_sight,-172.7,-172.7,-13.78,False,False,True,,,,
dolly_copp<->moriah_summit,9.87,line_of_sight,-172.6,-172.7,-9.04,False,False,True,,,,
crag_camp<->middle_carter,12.0,line_of_sight,-172.6,-172.7,-13.54,False,False,True,,,,
osceola_summit<->welch_dickey_th,9.9,line_of_sight,-172.6,-172.7,-19.18,False,False,True,,,,
little_haystack<->bondcliff,8.12,line_of_sight,-172.6,-172.7,-11.13,False,False,True,,,,
bondcliff<->signal_ridge,9.26,line_of_sight,-172.6,-172.7,-12.66,False,False,True,,,,
great_gulf_th<->middle_carter,8.06,line_of_sight,-172.8,-172.8,-18.53,False,False,True,,,,
madison_summit<->middle_carter,10.26,line_of_sight,-172.7,-172.8,-14.15,False,False,True,,,,
eisenhower_relay<->glen_ellis,7.72,line_of_sight,-172.8,-172.8,-22.41,False,False,True,,,,
flume_vc<->garfield_summit,11.43,line_of_sight,-172.8,-172.9,-18.13,False,False,True,,,,
greenleaf_hut<->mt_hale,11.62,line_of_sight,-172.6,-172.9,-15.42,False,False,True,,,,
nelson_crag<->middle_carter,11.08,line_of_sight,-172.9,-173.0,-14.3,False,False,True,,,,
ammo_relay<->madison_summit,7.84,line_of_sight,-172.9,-173.0,-17.95,False,False,True,,,,
willey_summit<->thirteen_falls,11.75,line_of_sight,-172.9,-173.0,-19.83,False,False,True,,,,
summit_shermanadams<->pulpit_rock,8.36,line_of_sight,-172.9,-173.0,-12.16,False,False,True,,,,
pinkham_notch_vc<->jefferson_lawn,7.19,line_of_sight,-173.0,-173.1,-21.79,False,False,True,,,,
lincoln_woods_th<->osceola_summit,9.88,line_of_sight,-173.0,-173.2,-23.01,False,False,True,,,,
jewell_relay<->wildcat_a,9.62,line_of_sight,-173.3,-173.3,-27.52,False,False,True,,,,
pinkham_notch_vc<->grayknob_cabin,7.65,line_of_sight,-173.2,-173.3,-22.66,False,False,True,,,,
dolly_copp<->caps_ridge_th,9.11,line_of_sight,-173.2,-173.4,-30.09,False,False,True,,,,
holts_ledge<->cube_s_ledge,11.95,line_of_sight,-173.1,-173.4,-23.33,False,False,True,,,,
zeacliff<->thirteen_falls,8.98,line_of_sight,-173.3,-173.4,-20.65,False,False,True,,,,
wildcat_d<->wild_river_blue_brook,10.27,line_of_sight,-173.4,-173.5,-21.06,False,False,True,,,,
gateway_marshfield<->madison_hut,9.02,line_of_sight,-173.4,-173.5,-20.11,False,False,True,,,,
nelson_crag<->appalachia_th,10.68,line_of_sight,-173.4,-173.5,-20.29,False,False,True,,,,
bondcliff<->sugarloaf_middle,11.59,line_of_sight,-173.3,-173.5,-17.78,False,False,True,,,,
summit_shermanadams<->middle_carter,11.76,line_of_sight,-173.4,-173.5,-13.12,False,False,True,,,,
clay_relay<->mt_hight,11.84,line_of_sight,-172.8,-173.6,-15.92,False,False,True,,,,
pinkham_notch_vc<->mt_hight,6.55,line_of_sight,-173.5,-173.6,-20.8,False,False,True,,,,
nelson_crag<->north_carter,11.7,line_of_sight,-173.5,-173.6,-10.91,False,False,True,,,,
dolly_copp<->imp_shelter,8.62,line_of_sight,-173.5,-173.6,-16.25,False,False,True,,,,
eisenhower_relay<->great_gulf_th,11.01,line_of_sight,-173.7,-173.7,-20.37,False,False,True,,,,
boott_spur<->pulpit_rock,7.55,line_of_sight,-173.8,-173.8,-15.31,False,False,True,,,,
glen_ellis<->mt_hight,7.14,line_of_sight,-173.7,-173.8,-20.33,False,False,True,,,,
glen_ellis<->jackson_summit,10.58,line_of_sight,-173.7,-173.8,-20.55,False,False,True,,,,
highland_center<->boott_spur,10.33,line_of_sight,-173.4,-173.8,-17.4,False,False,True,,,,
cog_skyline<->durand_ridge,8.57,line_of_sight,-173.8,-173.9,-23.8,False,False,True,,,,
ravine_lodge<->black_mtn_benton,8.55,line_of_sight,-173.8,-173.9,-23.07,False,False,True,,,,
glen_ellis<->webster_cliff,11.8,line_of_sight,-173.8,-174.0,-21.69,False,False,True,,,,
monroe_flank<->great_gulf_th,8.3,line_of_sight,-174.2,-174.2,-20.91,False,False,True,,,,
glen_ellis<->north_carter,10.37,line_of_sight,-174.2,-174.4,-16.56,False,False,True,,,,
great_gulf_th<->isolation_davis,11.3,line_of_sight,-174.3,-174.5,-23.74,False,False,True,,,,
cabot_summit<->waumbek_summit,9.0,line_of_sight,-174.4,-174.5,-19.16,False,False,True,,,,
gorham_info<->middle_carter,10.71,line_of_sight,-174.4,-174.5,-19.36,False,False,True,,,,
waterville_valley<->kanc_pass,10.29,line_of_sight,-174.5,-174.6,-24.43,False,False,True,,,,
hermit_lake<->north_carter,11.4,line_of_sight,-174.7,-174.8,-13.02,False,False,True,,,,
gorham_info<->zeta_pass,11.5,line_of_sight,-174.6,-174.8,-23.9,False,False,True,,,,
waumbek_summit<->the_bulge,9.62,line_of_sight,-174.6,-174.8,-19.79,False,False,True,,,,
dolly_copp<->monroe_flank,10.55,line_of_sight,-174.7,-174.8,-15.13,False,False,True,,,,
flume_vc<->owls_head_slide,6.97,line_of_sight,-174.8,-174.9,-25.63,False,False,True,,,,
wildcat_a<->wild_river_blue_brook,9.53,line_of_sight,-174.8,-174.9,-24.15,False,False,True,,,,
boott_spur<->durand_ridge,9.84,line_of_sight,-174.8,-174.9,-21.4,False,False,True,,,,
zeta_pass<->north_baldface,8.21,line_of_sight,-174.8,-175.0,-20.23,False,False,True,,,,
pinkham_notch_vc<->pierce_relay,10.78,line_of_sight,-174.8,-175.1,-28.66,False,False,True,,,,
carter_notch_hut<->great_gulf_th,7.69,line_of_sight,-175.1,-175.1,-14.78,False,False,True,,,,
lion_head<->north_carter,11.76,line_of_sight,-175.1,-175.2,-11.55,False,False,True,,,,
lafayette_place<->owls_head_slide,6.7,line_of_sight,-175.1,-175.2,-28.62,False,False,True,,,,
glen_ellis<->zeta_pass,8.5,line_of_sight,-175.2,-175.3,-20.48,False,False,True,,,,
lafayette_place<->garfield_summit,7.54,line_of_sight,-175.3,-175.3,-23.42,False,False,True,,,,
bondcliff<->tremont_summit,11.85,line_of_sight,-174.6,-175.4,-16.15,False,False,True,,,,
boott_spur<->jackson_summit,8.75,line_of_sight,-175.3,-175.4,-16.36,False,False,True,,,,
jewell_relay<->appalachia_th,10.47,line_of_sight,-175.2,-175.4,-21.36,False,False,True,,,,
gateway_marshfield<->dolly_copp,11.43,line_of_sight,-175.2,-175.5,-25.49,False,False,True,,,,
kanc_pass<->osceola_summit,6.14,line_of_sight,-175.4,-175.5,-32.78,False,False,True,,,,
carter_notch_hut<->glen_ellis,4.98,line_of_sight,-175.7,-175.7,-28.9,False,False,True,,,,
boott_spur<->webster_cliff,9.94,line_of_sight,-175.5,-175.7,-16.62,False,False,True,,,,
dolly_copp<->mt_hight,9.83,line_of_sight,-175.6,-175.7,-13.86,False,False,True,,,,
gateway_marshfield<->hermit_lake,6.04,line_of_sight,-175.7,-175.8,-31.01,False,False,True,,,,
lafayette_place<->guyot_summit,11.96,line_of_sight,-175.3,-175.8,-27.65,False,False,True,,,,
lakes_hut<->great_gulf_th,7.88,line_of_sight,-175.9,-175.9,-23.69,False,False,True,,,,
jewell_relay<->durand_ridge,7.72,line_of_sight,-176.0,-176.1,-20.64,False,False,True,,,,
lakes_hut<->mt_hight,11.68,line_of_sight,-175.6,-176.1,-17.04,False,False,True,,,,
tripyramid_n<->flat_mtn_pond,11.79,line_of_sight,-175.8,-176.1,-17.7,False,False,True,,,,
pinkham_notch_vc<->eisenhower_relay,7.93,line_of_sight,-176.1,-176.1,-26.4,False,False,True,,,,
carter_notch_hut<->ammo_relay,10.2,line_of_sight,-175.8,-176.2,-27.7,False,False,True,,,,
pinkham_notch_vc<->mizpah_hut,10.18,line_of_sight,-176.1,-176.2,-24.68,False,False,True,,,,
bondcliff<->carrigain_summit,9.32,line_of_sight,-176.2,-176.3,-12.3,False,False,True,,,,
appalachia_th<->glen_house,10.66,line_of_sight,-176.2,-176.3,-26.63,False,False,True,,,,
lakes_hut<->dolly_copp,10.12,line_of_sight,-176.2,-176.3,-18.33,False,False,True,,,,
great_gulf_th<->mt_hight,8.18,line_of_sight,-176.3,-176.4,-15.82,False,False,True,,,,
lion_head<->appalachia_th,11.77,line_of_sight,-176.2,-176.5,-25.49,False,False,True,,,,
mizpah_hut<->hermit_lake,8.14,line_of_sight,-176.5,-176.5,-27.72,False,False,True,,,,
madison_summit<->moriah_summit,11.85,line_of_sight,-176.4,-176.5,-7.96,False,False,True,,,,
carter_notch_hut<->north_baldface,9.48,line_of_sight,-176.4,-176.6,-21.94,False,False,True,,,,
dolly_copp<->middle_carter,9.02,line_of_sight,-176.6,-176.6,-20.37,False,False,True,,,,
pinkham_notch_vc<->jackson_summit,11.39,line_of_sight,-176.6,-176.7,-23.15,False,False,True,,,,
glen_house<->wild_river_blue_brook,9.58,line_of_sight,-176.8,-176.9,-28.11,False,False,True,,,,
kanc_pass<->tecumseh_ski_top,8.81,line_of_sight,-176.9,-176.9,-26.18,False,False,True,,,,
lakes_hut<->carter_notch_hut,9.79,line_of_sight,-176.7,-177.0,-23.96,False,False,True,,,,
sandwich_dome<->welch_ledges,9.92,line_of_sight,-176.9,-177.0,-22.1,False,False,True,,,,
pierce_relay<->glen_ellis,10.34,line_of_sight,-177.1,-177.2,-27.8,False,False,True,,,,
sandwich_dome<->welch_dickey_th,10.75,line_of_sight,-177.0,-177.2,-22.2,False,False,True,,,,
carter_notch_hut<->clay_relay,10.38,line_of_sight,-176.8,-177.2,-22.54,False,False,True,,,,
great_gulf_th<->cog_skyline,7.64,line_of_sight,-177.2,-177.2,-27.72,False,False,True,,,,
pulpit_rock<->north_baldface,9.79,line_of_sight,-177.4,-177.5,-21.47,False,False,True,,,,
sandwich_dome<->dickey_ledges,9.87,line_of_sight,-177.4,-177.5,-23.21,False,False,True,,,,
highland_center<->hermit_lake,11.15,line_of_sight,-177.3,-177.5,-29.41,False,False,True,,,,
mt_hight<->north_baldface,8.02,line_of_sight,-177.5,-177.6,-20.39,False,False,True,,,,
gateway_marshfield<->durand_ridge,10.21,line_of_sight,-177.5,-177.6,-20.78,False,False,True,,,,
appalachia_th<->cog_skyline,11.37,line_of_sight,-177.8,-177.9,-25.58,False,False,True,,,,
great_gulf_th<->north_carter,8.24,line_of_sight,-178.0,-178.0,-22.65,False,False,True,,,,
wildcat_d<->durand_ridge,10.83,line_of_sight,-178.0,-178.1,-23.57,False,False,True,,,,
carter_notch_hut<->jewell_relay,11.48,line_of_sight,-177.6,-178.1,-24.45,False,False,True,,,,
carter_notch_hut<->isolation_davis,10.44,line_of_sight,-177.8,-178.1,-24.8,False,False,True,,,,
mizpah_hut<->glen_ellis,9.58,line_of_sight,-178.1,-178.2,-25.02,False,False,True,,,,
waterville_valley<->piper_th,10.67,line_of_sight,-178.1,-178.3,-22.24,False,False,True,,,,
dolly_copp<->north_carter,8.88,line_of_sight,-178.4,-178.4,-21.03,False,False,True,,,,
ammo_relay<->durand_ridge,9.16,line_of_sight,-178.3,-178.4,-22.71,False,False,True,,,,
caps_ridge_th<->glen_house,10.34,line_of_sight,-178.2,-178.4,-28.91,False,False,True,,,,
cog_skyline<->pulpit_rock,10.92,line_of_sight,-178.1,-178.5,-29.99,False,False,True,,,,
flume_vc<->thirteen_falls,9.44,line_of_sight,-178.3,-178.5,-25.93,False,False,True,,,,
madison_summit<->north_carter,10.31,line_of_sight,-178.6,-178.7,-16.68,False,False,True,,,,
hermit_lake<->zeta_pass,9.88,line_of_sight,-178.7,-178.7,-18.81,False,False,True,,,,
thunderstorm_jct<->north_carter,11.17,line_of_sight,-178.8,-178.9,-17.1,False,False,True,,,,
carter_dome<->north_baldface,8.38,line_of_sight,-179.0,-179.0,-19.94,False,False,True,,,,
boott_spur<->zeta_pass,10.68,line_of_sight,-179.1,-179.1,-17.1,False,False,True,,,,
wildcat_a<->durand_ridge,10.69,line_of_sight,-179.0,-179.1,-24.48,False,False,True,,,,
dolly_copp<->cog_skyline,9.47,line_of_sight,-179.0,-179.1,-22.26,False,False,True,,,,
dolly_copp<->zeta_pass,9.1,line_of_sight,-179.4,-179.4,-22.49,False,False,True,,,,
kinsman_notch<->black_mtn_benton,9.0,line_of_sight,-179.3,-179.4,-27.21,False,False,True,,,,
lafayette_place<->thirteen_falls,7.3,line_of_sight,-179.3,-179.5,-33.18,False,False,True,,,,
lafayette_place<->lincoln_woods_th,11.4,line_of_sight,-179.4,-179.6,-23.79,False,False,True,,,,
glen_house<->durand_ridge,8.2,line_of_sight,-179.6,-179.6,-26.86,False,False,True,,,,
monroe_flank<->mt_hight,11.91,line_of_sight,-179.4,-179.7,-16.95,False,False,True,,,,
pinkham_notch_vc<->cog_skyline,6.8,line_of_sight,-179.7,-179.8,-40.18,False,False,True,,,,
ammo_relay<->great_gulf_th,7.55,line_of_sight,-179.7,-179.8,-30.57,False,False,True,,,,
hermit_lake<->webster_cliff,10.75,line_of_sight,-180.0,-180.1,-28.17,False,False,True,,,,
caps_ridge_th<->great_gulf_th,8.02,line_of_sight,-180.1,-180.2,-32.74,False,False,True,,,,
madison_summit<->mt_hight,10.56,line_of_sight,-180.2,-180.3,-13.37,False,False,True,,,,
gateway_marshfield<->pinkham_notch_vc,8.56,line_of_sight,-180.2,-180.3,-37.22,False,False,True,,,,
wildcat_a<->north_baldface,11.34,line_of_sight,-180.2,-180.6,-25.06,False,False,True,,,,
lion_head<->zeta_pass,10.35,line_of_sight,-180.5,-180.6,-17.77,False,False,True,,,,
dolly_copp<->ammo_relay,9.65,line_of_sight,-180.5,-180.7,-25.85,False,False,True,,,,
hermit_lake<->mt_hight,8.96,line_of_sight,-181.0,-181.0,-18.04,False,False,True,,,,
hermit_lake<->caps_ridge_th,6.9,line_of_sight,-181.0,-181.1,-38.52,False,False,True,,,,
great_gulf_th<->zeta_pass,7.87,line_of_sight,-181.0,-181.1,-24.1,False,False,True,,,,
nelson_crag<->zeta_pass,10.46,line_of_sight,-181.1,-181.2,-17.54,False,False,True,,,,
carter_notch_hut<->monroe_flank,9.98,line_of_sight,-181.1,-181.2,-23.88,False,False,True,,,,
carter_notch_hut<->madison_summit,10.07,line_of_sight,-181.3,-181.3,-13.12,False,False,True,,,,
gateway_marshfield<->great_gulf_th,9.72,line_of_sight,-181.3,-181.3,-30.13,False,False,True,,,,
lonesome_lake_hut<->thirteen_falls,9.11,line_of_sight,-181.3,-181.4,-23.87,False,False,True,,,,
kinsman_pond<->thirteen_falls,10.95,line_of_sight,-181.3,-181.4,-21.83,False,False,True,,,,
hermit_lake<->jackson_summit,9.56,line_of_sight,-181.6,-181.6,-27.81,False,False,True,,,,
lafayette_place<->bondcliff,10.97,line_of_sight,-181.9,-181.9,-27.09,False,False,True,,,,
crag_camp<->mt_hight,11.72,line_of_sight,-181.9,-182.0,-14.69,False,False,True,,,,
carter_notch_hut<->hermit_lake,7.07,line_of_sight,-182.0,-182.1,-25.19,False,False,True,,,,
ammo_relay<->glen_house,8.24,line_of_sight,-182.1,-182.2,-40.89,False,False,True,,,,
nelson_crag<->mt_hight,9.83,line_of_sight,-182.7,-182.8,-15.83,False,False,True,,,,
thunderstorm_jct<->mt_hight,10.95,line_of_sight,-182.7,-182.8,-13.99,False,False,True,,,,
lion_head<->mt_hight,9.55,line_of_sight,-182.7,-182.8,-16.75,False,False,True,,,,
gateway_marshfield<->glen_ellis,8.97,line_of_sight,-182.7,-182.8,-37.82,False,False,True,,,,
summit_shermanadams<->zeta_pass,11.1,line_of_sight,-182.8,-182.9,-16.93,False,False,True,,,,
wildcat_d<->north_baldface,11.86,line_of_sight,-182.9,-183.1,-22.45,False,False,True,,,,
boott_spur<->mt_hight,9.72,line_of_sight,-183.2,-183.2,-17.18,False,False,True,,,,
gateway_marshfield<->wildcat_d,10.69,line_of_sight,-183.6,-183.7,-29.63,False,False,True,,,,
cannon_tram_top<->thirteen_falls,8.61,line_of_sight,-184.0,-184.0,-23.68,False,False,True,,,,
glen_house<->cog_skyline,8.91,line_of_sight,-184.2,-184.2,-32.05,False,False,True,,,,
carter_notch_hut<->nelson_crag,8.2,line_of_sight,-184.2,-184.2,-21.71,False,False,True,,,,
madison_summit<->zeta_pass,10.16,line_of_sight,-184.2,-184.3,-19.67,False,False,True,,,,
cog_skyline<->wildcat_a,9.38,line_of_sight,-184.4,-184.5,-34.12,False,False,True,,,,
carter_notch_hut<->boott_spur,7.79,line_of_sight,-184.5,-184.5,-23.85,False,False,True,,,,
carter_notch_hut<->thunderstorm_jct,10.17,line_of_sight,-184.5,-184.6,-15.39,False,False,True,,,,
wildcat_d<->cog_skyline,8.86,line_of_sight,-184.5,-184.6,-34.33,False,False,True,,,,
wildcat_d<->caps_ridge_th,11.05,line_of_sight,-184.6,-184.7,-27.24,False,False,True,,,,
summit_shermanadams<->mt_hight,10.39,line_of_sight,-184.7,-184.8,-15.84,False,False,True,,,,
carter_notch_hut<->lion_head,7.75,line_of_sight,-185.1,-185.1,-23.13,False,False,True,,,,
caps_ridge_th<->wildcat_a,11.43,line_of_sight,-185.0,-185.1,-27.5,False,False,True,,,,
carter_notch_hut<->jefferson_lawn,10.82,line_of_sight,-185.1,-185.2,-19.99,False,False,True,,,,
kinsman_notch<->glencliff_th,9.65,line_of_sight,-185.8,-185.9,-33.76,False,False,True,,,,
summit_shermanadams<->carter_notch_hut,8.66,line_of_sight,-185.9,-186.0,-21.63,False,False,True,,,,
gateway_marshfield<->wildcat_a,11.27,line_of_sight,-186.1,-186.2,-32.7,False,False,True,,,,
carter_notch_hut<->crag_camp,10.73,line_of_sight,-186.1,-186.2,-17.88,False,False,True,,,,
thunderstorm_jct<->zeta_pass,10.78,line_of_sight,-186.8,-186.9,-20.49,False,False,True,,,,
crag_camp<->zeta_pass,11.7,line_of_sight,-187.0,-187.1,-21.68,False,False,True,,,,
pinkham_notch_vc<->caps_ridge_th,9.18,line_of_sight,-187.2,-187.2,-39.97,False,False,True,,,,
carter_notch_hut<->cog_skyline,11.22,line_of_sight,-187.5,-187.7,-31.56,False,False,True,,,,
gateway_marshfield<->glen_house,10.99,line_of_sight,-189.1,-189.2,-39.04,False,False,True,,,,
welch_dickey_th<->welch_ledges,0.84,line_of_sight,-105.9,-105.9,,True,False,,,,,
chocorua_summit<->passaconaway,1.32,line_of_sight,-122.8,-122.8,,True,False,,,,,
piper_th<->passaconaway,0.94,line_of_sight,-124.6,-124.6,,True,False,,,,,
ragged_mtn<->ragged_ski_base,1.24,line_of_sight,-102.1,-102.1,,True,False,,,,,
pack_monadnock<->miller_hq,0.99,line_of_sight,-100.8,-100.8,,True,False,,,,,
kearsarge_summit<->winslow_hq,1.02,line_of_sight,-119.8,-119.8,,True,False,,,,,
table_rock<->balsams_gateway,0.97,line_of_sight,-115.4,-115.4,,True,False,,,,,
mt_hight<->carter_dome,0.57,line_of_sight,-128.9,-128.9,,True,False,,,,,
crotched_summit<->crotched_base,0.77,line_of_sight,-120.0,-120.0,,True,False,,,,,
pillsbury_sp<->bryant_ledge,1.32,line_of_sight,-127.6,-127.6,,True,False,,,,,
kilburn_th<->kilburn_ridge,0.73,line_of_sight,-121.2,-121.2,,True,False,,,,,
champney_th<->passaconaway,8.4,line_of_sight,-121.1,-121.2,,True,False,,,,,
moose_mtn_at<->moose_s_ledge,0.91,line_of_sight,-110.9,-110.9,,True,False,,,,,
moose_s_ledge<->moose_mtn_lodge,0.91,line_of_sight,-124.4,-124.4,,True,False,,,,,
